solid CATIA STL
  facet normal  0.000000e+00  0.000000e+00  1.000000e+00
    outer loop
      vertex -2.060000e+01  3.850000e+01  2.300000e+00
      vertex -2.170000e+01  3.750000e+01  2.300000e+00
      vertex -2.060000e+01  3.750000e+01  2.300000e+00
    endloop
  endfacet
  facet normal  0.000000e+00  0.000000e+00  1.000000e+00
    outer loop
      vertex -2.170000e+01  3.300000e+01  2.300000e+00
      vertex -2.170000e+01  2.840000e+01  2.300000e+00
      vertex -1.726668e+01  3.179776e+01  2.300000e+00
    endloop
  endfacet
  facet normal  0.000000e+00  -0.000000e+00  1.000000e+00
    outer loop
      vertex -2.170000e+01  3.300000e+01  2.300000e+00
      vertex -1.726668e+01  3.179776e+01  2.300000e+00
      vertex -1.705922e+01  3.190866e+01  2.300000e+00
    endloop
  endfacet
  facet normal  0.000000e+00  -0.000000e+00  1.000000e+00
    outer loop
      vertex -2.170000e+01  3.300000e+01  2.300000e+00
      vertex -1.705922e+01  3.190866e+01  2.300000e+00
      vertex -1.683411e+01  3.197694e+01  2.300000e+00
    endloop
  endfacet
  facet normal  0.000000e+00  -0.000000e+00  1.000000e+00
    outer loop
      vertex -2.170000e+01  3.300000e+01  2.300000e+00
      vertex -1.683411e+01  3.197694e+01  2.300000e+00
      vertex -1.660000e+01  3.200000e+01  2.300000e+00
    endloop
  endfacet
  facet normal  0.000000e+00  -0.000000e+00  1.000000e+00
    outer loop
      vertex -2.170000e+01  3.300000e+01  2.300000e+00
      vertex -1.660000e+01  3.200000e+01  2.300000e+00
      vertex -1.370000e+01  3.300000e+01  2.300000e+00
    endloop
  endfacet
  facet normal  0.000000e+00  -0.000000e+00  1.000000e+00
    outer loop
      vertex -2.170000e+01  2.840000e+01  2.300000e+00
      vertex -2.090000e+01  2.840000e+01  2.300000e+00
      vertex -2.090000e+01  2.860000e+01  2.300000e+00
    endloop
  endfacet
  facet normal  0.000000e+00  -0.000000e+00  1.000000e+00
    outer loop
      vertex -2.170000e+01  2.840000e+01  2.300000e+00
      vertex -2.090000e+01  2.860000e+01  2.300000e+00
      vertex -1.683411e+01  2.962306e+01  2.300000e+00
    endloop
  endfacet
  facet normal  0.000000e+00  0.000000e+00  1.000000e+00
    outer loop
      vertex -2.170000e+01  2.840000e+01  2.300000e+00
      vertex -1.683411e+01  2.962306e+01  2.300000e+00
      vertex -1.705922e+01  2.969135e+01  2.300000e+00
    endloop
  endfacet
  facet normal  0.000000e+00  0.000000e+00  1.000000e+00
    outer loop
      vertex -2.170000e+01  2.840000e+01  2.300000e+00
      vertex -1.705922e+01  2.969135e+01  2.300000e+00
      vertex -1.726668e+01  2.980224e+01  2.300000e+00
    endloop
  endfacet
  facet normal  0.000000e+00  0.000000e+00  1.000000e+00
    outer loop
      vertex -2.170000e+01  2.840000e+01  2.300000e+00
      vertex -1.726668e+01  2.980224e+01  2.300000e+00
      vertex -1.744853e+01  2.995147e+01  2.300000e+00
    endloop
  endfacet
  facet normal  0.000000e+00  0.000000e+00  1.000000e+00
    outer loop
      vertex -2.170000e+01  2.840000e+01  2.300000e+00
      vertex -1.744853e+01  2.995147e+01  2.300000e+00
      vertex -1.759776e+01  3.013332e+01  2.300000e+00
    endloop
  endfacet
  facet normal  0.000000e+00  0.000000e+00  9.999999e-01
    outer loop
      vertex -2.170000e+01  2.840000e+01  2.300000e+00
      vertex -1.759776e+01  3.013332e+01  2.300000e+00
      vertex -1.770866e+01  3.034078e+01  2.300000e+00
    endloop
  endfacet
  facet normal  0.000000e+00  0.000000e+00  1.000000e+00
    outer loop
      vertex -2.170000e+01  2.840000e+01  2.300000e+00
      vertex -1.770866e+01  3.034078e+01  2.300000e+00
      vertex -1.777694e+01  3.056589e+01  2.300000e+00
    endloop
  endfacet
  facet normal  0.000000e+00  0.000000e+00  1.000000e+00
    outer loop
      vertex -2.170000e+01  2.840000e+01  2.300000e+00
      vertex -1.777694e+01  3.056589e+01  2.300000e+00
      vertex -1.780000e+01  3.080000e+01  2.300000e+00
    endloop
  endfacet
  facet normal  0.000000e+00  -0.000000e+00  9.999999e-01
    outer loop
      vertex -2.170000e+01  2.840000e+01  2.300000e+00
      vertex -1.780000e+01  3.080000e+01  2.300000e+00
      vertex -1.777694e+01  3.103411e+01  2.300000e+00
    endloop
  endfacet
  facet normal  0.000000e+00  -0.000000e+00  1.000000e+00
    outer loop
      vertex -2.170000e+01  2.840000e+01  2.300000e+00
      vertex -1.777694e+01  3.103411e+01  2.300000e+00
      vertex -1.770866e+01  3.125922e+01  2.300000e+00
    endloop
  endfacet
  facet normal  0.000000e+00  -0.000000e+00  1.000000e+00
    outer loop
      vertex -2.170000e+01  2.840000e+01  2.300000e+00
      vertex -1.770866e+01  3.125922e+01  2.300000e+00
      vertex -1.759776e+01  3.146668e+01  2.300000e+00
    endloop
  endfacet
  facet normal  0.000000e+00  -0.000000e+00  1.000000e+00
    outer loop
      vertex -2.170000e+01  2.840000e+01  2.300000e+00
      vertex -1.759776e+01  3.146668e+01  2.300000e+00
      vertex -1.744853e+01  3.164853e+01  2.300000e+00
    endloop
  endfacet
  facet normal  0.000000e+00  -0.000000e+00  9.999999e-01
    outer loop
      vertex -2.170000e+01  2.840000e+01  2.300000e+00
      vertex -1.744853e+01  3.164853e+01  2.300000e+00
      vertex -1.726668e+01  3.179776e+01  2.300000e+00
    endloop
  endfacet
  facet normal  -0.000000e+00  0.000000e+00  1.000000e+00
    outer loop
      vertex -2.250000e+01  3.850000e+01  2.300000e+00
      vertex -2.250000e+01  2.450000e+01  2.300000e+00
      vertex -2.170000e+01  2.370000e+01  2.300000e+00
    endloop
  endfacet
  facet normal  0.000000e+00  -0.000000e+00  1.000000e+00
    outer loop
      vertex -2.250000e+01  3.850000e+01  2.300000e+00
      vertex -2.170000e+01  2.370000e+01  2.300000e+00
      vertex -2.170000e+01  2.840000e+01  2.300000e+00
    endloop
  endfacet
  facet normal  0.000000e+00  -0.000000e+00  9.999999e-01
    outer loop
      vertex -2.250000e+01  3.850000e+01  2.300000e+00
      vertex -2.170000e+01  2.840000e+01  2.300000e+00
      vertex -2.170000e+01  3.300000e+01  2.300000e+00
    endloop
  endfacet
  facet normal  0.000000e+00  -0.000000e+00  9.999999e-01
    outer loop
      vertex -2.250000e+01  3.850000e+01  2.300000e+00
      vertex -2.170000e+01  3.300000e+01  2.300000e+00
      vertex -2.170000e+01  3.750000e+01  2.300000e+00
    endloop
  endfacet
  facet normal  0.000000e+00  -0.000000e+00  9.999999e-01
    outer loop
      vertex -2.250000e+01  3.850000e+01  2.300000e+00
      vertex -2.170000e+01  3.750000e+01  2.300000e+00
      vertex -2.060000e+01  3.850000e+01  2.300000e+00
    endloop
  endfacet
  facet normal  -0.000000e+00  0.000000e+00  1.000000e+00
    outer loop
      vertex -2.250000e+01  2.450000e+01  2.300000e+00
      vertex -4.250000e+01  2.450000e+01  2.300000e+00
      vertex -4.170000e+01  2.370000e+01  2.300000e+00
    endloop
  endfacet
  facet normal  0.000000e+00  0.000000e+00  9.999999e-01
    outer loop
      vertex -2.250000e+01  2.450000e+01  2.300000e+00
      vertex -4.170000e+01  2.370000e+01  2.300000e+00
      vertex -3.330000e+01  2.370000e+01  2.300000e+00
    endloop
  endfacet
  facet normal  0.000000e+00  0.000000e+00  1.000000e+00
    outer loop
      vertex -2.250000e+01  2.450000e+01  2.300000e+00
      vertex -3.330000e+01  2.370000e+01  2.300000e+00
      vertex -2.830000e+01  2.370000e+01  2.300000e+00
    endloop
  endfacet
  facet normal  0.000000e+00  0.000000e+00  1.000000e+00
    outer loop
      vertex -2.250000e+01  2.450000e+01  2.300000e+00
      vertex -2.830000e+01  2.370000e+01  2.300000e+00
      vertex -2.170000e+01  2.370000e+01  2.300000e+00
    endloop
  endfacet
  facet normal  0.000000e+00  0.000000e+00  1.000000e+00
    outer loop
      vertex -1.370000e+01  2.860000e+01  2.300000e+00
      vertex -1.560224e+01  3.146668e+01  2.300000e+00
      vertex -1.549134e+01  3.125922e+01  2.300000e+00
    endloop
  endfacet
  facet normal  0.000000e+00  0.000000e+00  9.999999e-01
    outer loop
      vertex -1.370000e+01  2.860000e+01  2.300000e+00
      vertex -1.549134e+01  3.125922e+01  2.300000e+00
      vertex -1.542306e+01  3.103411e+01  2.300000e+00
    endloop
  endfacet
  facet normal  0.000000e+00  0.000000e+00  1.000000e+00
    outer loop
      vertex -1.370000e+01  2.860000e+01  2.300000e+00
      vertex -1.542306e+01  3.103411e+01  2.300000e+00
      vertex -1.540000e+01  3.080000e+01  2.300000e+00
    endloop
  endfacet
  facet normal  0.000000e+00  0.000000e+00  1.000000e+00
    outer loop
      vertex -1.370000e+01  2.860000e+01  2.300000e+00
      vertex -1.540000e+01  3.080000e+01  2.300000e+00
      vertex -1.542306e+01  3.056589e+01  2.300000e+00
    endloop
  endfacet
  facet normal  0.000000e+00  0.000000e+00  9.999999e-01
    outer loop
      vertex -1.370000e+01  2.860000e+01  2.300000e+00
      vertex -1.542306e+01  3.056589e+01  2.300000e+00
      vertex -1.549134e+01  3.034078e+01  2.300000e+00
    endloop
  endfacet
  facet normal  0.000000e+00  0.000000e+00  1.000000e+00
    outer loop
      vertex -1.370000e+01  2.860000e+01  2.300000e+00
      vertex -1.549134e+01  3.034078e+01  2.300000e+00
      vertex -1.560224e+01  3.013332e+01  2.300000e+00
    endloop
  endfacet
  facet normal  0.000000e+00  0.000000e+00  1.000000e+00
    outer loop
      vertex -1.370000e+01  2.860000e+01  2.300000e+00
      vertex -1.560224e+01  3.013332e+01  2.300000e+00
      vertex -1.575147e+01  2.995147e+01  2.300000e+00
    endloop
  endfacet
  facet normal  0.000000e+00  0.000000e+00  1.000000e+00
    outer loop
      vertex -1.370000e+01  2.860000e+01  2.300000e+00
      vertex -1.575147e+01  2.995147e+01  2.300000e+00
      vertex -1.593332e+01  2.980224e+01  2.300000e+00
    endloop
  endfacet
  facet normal  0.000000e+00  0.000000e+00  1.000000e+00
    outer loop
      vertex -1.370000e+01  2.860000e+01  2.300000e+00
      vertex -1.593332e+01  2.980224e+01  2.300000e+00
      vertex -1.614078e+01  2.969135e+01  2.300000e+00
    endloop
  endfacet
  facet normal  0.000000e+00  0.000000e+00  1.000000e+00
    outer loop
      vertex -1.370000e+01  2.860000e+01  2.300000e+00
      vertex -1.614078e+01  2.969135e+01  2.300000e+00
      vertex -1.636589e+01  2.962306e+01  2.300000e+00
    endloop
  endfacet
  facet normal  0.000000e+00  0.000000e+00  1.000000e+00
    outer loop
      vertex -1.370000e+01  2.860000e+01  2.300000e+00
      vertex -1.636589e+01  2.962306e+01  2.300000e+00
      vertex -1.660000e+01  2.960000e+01  2.300000e+00
    endloop
  endfacet
  facet normal  0.000000e+00  0.000000e+00  1.000000e+00
    outer loop
      vertex -1.370000e+01  2.860000e+01  2.300000e+00
      vertex -1.660000e+01  2.960000e+01  2.300000e+00
      vertex -1.683411e+01  2.962306e+01  2.300000e+00
    endloop
  endfacet
  facet normal  0.000000e+00  0.000000e+00  1.000000e+00
    outer loop
      vertex -1.370000e+01  2.860000e+01  2.300000e+00
      vertex -1.683411e+01  2.962306e+01  2.300000e+00
      vertex -2.090000e+01  2.860000e+01  2.300000e+00
    endloop
  endfacet
  facet normal  -0.000000e+00  0.000000e+00  1.000000e+00
    outer loop
      vertex -1.370000e+01  3.300000e+01  2.300000e+00
      vertex -1.660000e+01  3.200000e+01  2.300000e+00
      vertex -1.636589e+01  3.197694e+01  2.300000e+00
    endloop
  endfacet
  facet normal  -0.000000e+00  0.000000e+00  1.000000e+00
    outer loop
      vertex -1.370000e+01  3.300000e+01  2.300000e+00
      vertex -1.636589e+01  3.197694e+01  2.300000e+00
      vertex -1.614078e+01  3.190866e+01  2.300000e+00
    endloop
  endfacet
  facet normal  -0.000000e+00  0.000000e+00  1.000000e+00
    outer loop
      vertex -1.370000e+01  3.300000e+01  2.300000e+00
      vertex -1.614078e+01  3.190866e+01  2.300000e+00
      vertex -1.593332e+01  3.179776e+01  2.300000e+00
    endloop
  endfacet
  facet normal  -0.000000e+00  0.000000e+00  1.000000e+00
    outer loop
      vertex -1.370000e+01  3.300000e+01  2.300000e+00
      vertex -1.593332e+01  3.179776e+01  2.300000e+00
      vertex -1.575147e+01  3.164853e+01  2.300000e+00
    endloop
  endfacet
  facet normal  -0.000000e+00  0.000000e+00  1.000000e+00
    outer loop
      vertex -1.370000e+01  3.300000e+01  2.300000e+00
      vertex -1.575147e+01  3.164853e+01  2.300000e+00
      vertex -1.560224e+01  3.146668e+01  2.300000e+00
    endloop
  endfacet
  facet normal  -0.000000e+00  0.000000e+00  1.000000e+00
    outer loop
      vertex -1.370000e+01  3.300000e+01  2.300000e+00
      vertex -1.560224e+01  3.146668e+01  2.300000e+00
      vertex -1.370000e+01  2.860000e+01  2.300000e+00
    endloop
  endfacet
  facet normal  0.000000e+00  0.000000e+00  1.000000e+00
    outer loop
      vertex -4.250000e+01  1.835000e+01  2.300000e+00
      vertex -4.170000e+01  1.835000e+01  2.300000e+00
      vertex -4.250000e+01  2.450000e+01  2.300000e+00
    endloop
  endfacet
  facet normal  0.000000e+00  0.000000e+00  1.000000e+00
    outer loop
      vertex -4.250000e+01  2.450000e+01  2.300000e+00
      vertex -4.170000e+01  1.835000e+01  2.300000e+00
      vertex -4.170000e+01  2.370000e+01  2.300000e+00
    endloop
  endfacet
  facet normal  0.000000e+00 -1.000000e+00  -0.000000e+00
    outer loop
      vertex -2.060000e+01  3.690000e+01  8.000000e-01
      vertex -2.060000e+01  3.690000e+01  1.000000e+00
      vertex -2.170000e+01  3.690000e+01  8.000000e-01
    endloop
  endfacet
  facet normal  0.000000e+00 -1.000000e+00  0.000000e+00
    outer loop
      vertex -2.170000e+01  3.690000e+01  8.000000e-01
      vertex -2.060000e+01  3.690000e+01  1.000000e+00
      vertex -2.170000e+01  3.690000e+01  1.000000e+00
    endloop
  endfacet
  facet normal  0.000000e+00 -1.000000e+00  -0.000000e+00
    outer loop
      vertex  2.170000e+01  3.690000e+01  8.000000e-01
      vertex  2.170000e+01  3.690000e+01  1.000000e+00
      vertex  2.060000e+01  3.690000e+01  8.000000e-01
    endloop
  endfacet
  facet normal  0.000000e+00 -1.000000e+00  0.000000e+00
    outer loop
      vertex  2.060000e+01  3.690000e+01  8.000000e-01
      vertex  2.170000e+01  3.690000e+01  1.000000e+00
      vertex  2.060000e+01  3.690000e+01  1.000000e+00
    endloop
  endfacet
  facet normal  0.000000e+00  0.000000e+00  1.000000e+00
    outer loop
      vertex  4.170000e+01  4.650000e+00  2.300000e+00
      vertex  4.170000e+01  9.850000e+00  2.300000e+00
      vertex  4.090000e+01  9.850000e+00  2.300000e+00
    endloop
  endfacet
  facet normal  0.000000e+00  0.000000e+00  1.000000e+00
    outer loop
      vertex  4.170000e+01  1.165000e+01  2.300000e+00
      vertex  4.250000e+01  1.190000e+01  2.300000e+00
      vertex  4.170000e+01  1.190000e+01  2.300000e+00
    endloop
  endfacet
  facet normal  0.000000e+00  -0.000000e+00  1.000000e+00
    outer loop
      vertex -4.170000e+01  4.650000e+00  2.300000e+00
      vertex -4.090000e+01  4.650000e+00  2.300000e+00
      vertex -4.090000e+01  4.850000e+00  2.300000e+00
    endloop
  endfacet
  facet normal  0.000000e+00  -0.000000e+00  1.000000e+00
    outer loop
      vertex -4.170000e+01  4.650000e+00  2.300000e+00
      vertex -4.090000e+01  4.850000e+00  2.300000e+00
      vertex -4.090000e+01  9.850000e+00  2.300000e+00
    endloop
  endfacet
  facet normal  0.000000e+00  0.000000e+00  1.000000e+00
    outer loop
      vertex -4.170000e+01  4.650000e+00  2.300000e+00
      vertex -4.090000e+01  9.850000e+00  2.300000e+00
      vertex -4.170000e+01  9.850000e+00  2.300000e+00
    endloop
  endfacet
  facet normal  0.000000e+00  0.000000e+00  1.000000e+00
    outer loop
      vertex -4.170000e+01  4.650000e+00  2.300000e+00
      vertex -4.170000e+01  9.850000e+00  2.300000e+00
      vertex -4.250000e+01 -2.450000e+01  2.300000e+00
    endloop
  endfacet
  facet normal  0.000000e+00  0.000000e+00  1.000000e+00
    outer loop
      vertex  3.610000e+01 -1.810000e+01  2.300000e+00
      vertex  3.610000e+01 -2.290000e+01  2.300000e+00
      vertex  3.749134e+01 -2.014078e+01  2.300000e+00
    endloop
  endfacet
  facet normal  0.000000e+00  -0.000000e+00  1.000000e+00
    outer loop
      vertex  3.610000e+01 -1.810000e+01  2.300000e+00
      vertex  3.749134e+01 -2.014078e+01  2.300000e+00
      vertex  3.760224e+01 -1.993332e+01  2.300000e+00
    endloop
  endfacet
  facet normal  0.000000e+00  -0.000000e+00  1.000000e+00
    outer loop
      vertex  3.610000e+01 -1.810000e+01  2.300000e+00
      vertex  3.760224e+01 -1.993332e+01  2.300000e+00
      vertex  3.775147e+01 -1.975147e+01  2.300000e+00
    endloop
  endfacet
  facet normal  0.000000e+00  -0.000000e+00  1.000000e+00
    outer loop
      vertex  3.610000e+01 -1.810000e+01  2.300000e+00
      vertex  3.775147e+01 -1.975147e+01  2.300000e+00
      vertex  3.793332e+01 -1.960224e+01  2.300000e+00
    endloop
  endfacet
  facet normal  0.000000e+00  -0.000000e+00  1.000000e+00
    outer loop
      vertex  3.610000e+01 -1.810000e+01  2.300000e+00
      vertex  3.793332e+01 -1.960224e+01  2.300000e+00
      vertex  3.814078e+01 -1.949134e+01  2.300000e+00
    endloop
  endfacet
  facet normal  0.000000e+00  -0.000000e+00  1.000000e+00
    outer loop
      vertex  3.610000e+01 -1.810000e+01  2.300000e+00
      vertex  3.814078e+01 -1.949134e+01  2.300000e+00
      vertex  3.836589e+01 -1.942306e+01  2.300000e+00
    endloop
  endfacet
  facet normal  0.000000e+00  -0.000000e+00  9.999999e-01
    outer loop
      vertex  3.610000e+01 -1.810000e+01  2.300000e+00
      vertex  3.836589e+01 -1.942306e+01  2.300000e+00
      vertex  3.860000e+01 -1.940000e+01  2.300000e+00
    endloop
  endfacet
  facet normal  -0.000000e+00  -0.000000e+00  1.000000e+00
    outer loop
      vertex  3.610000e+01 -1.810000e+01  2.300000e+00
      vertex  3.860000e+01 -1.940000e+01  2.300000e+00
      vertex  3.883411e+01 -1.942306e+01  2.300000e+00
    endloop
  endfacet
  facet normal  -0.000000e+00  -0.000000e+00  1.000000e+00
    outer loop
      vertex  3.610000e+01 -1.810000e+01  2.300000e+00
      vertex  3.883411e+01 -1.942306e+01  2.300000e+00
      vertex  3.905922e+01 -1.949134e+01  2.300000e+00
    endloop
  endfacet
  facet normal  0.000000e+00  0.000000e+00  1.000000e+00
    outer loop
      vertex  4.090000e+01  4.850000e+00  2.300000e+00
      vertex  4.090000e+01  4.650000e+00  2.300000e+00
      vertex  4.170000e+01  4.650000e+00  2.300000e+00
    endloop
  endfacet
  facet normal  0.000000e+00  0.000000e+00  1.000000e+00
    outer loop
      vertex  4.090000e+01  4.850000e+00  2.300000e+00
      vertex  4.170000e+01  4.650000e+00  2.300000e+00
      vertex  4.090000e+01  9.850000e+00  2.300000e+00
    endloop
  endfacet
  facet normal  0.000000e+00  0.000000e+00  1.000000e+00
    outer loop
      vertex  4.090000e+01  4.850000e+00  2.300000e+00
      vertex  4.090000e+01  9.850000e+00  2.300000e+00
      vertex  3.710000e+01  9.850000e+00  2.300000e+00
    endloop
  endfacet
  facet normal  0.000000e+00  0.000000e+00  1.000000e+00
    outer loop
      vertex  4.090000e+01  4.850000e+00  2.300000e+00
      vertex  3.710000e+01  9.850000e+00  2.300000e+00
      vertex  3.710000e+01  4.850000e+00  2.300000e+00
    endloop
  endfacet
  facet normal  0.000000e+00  0.000000e+00  1.000000e+00
    outer loop
      vertex  2.060000e+01 -2.450000e+01  2.300000e+00
      vertex  4.250000e+01 -2.450000e+01  2.300000e+00
      vertex  3.610000e+01 -2.290000e+01  2.300000e+00
    endloop
  endfacet
  facet normal  0.000000e+00  0.000000e+00  1.000000e+00
    outer loop
      vertex  2.060000e+01 -2.450000e+01  2.300000e+00
      vertex  3.610000e+01 -2.290000e+01  2.300000e+00
      vertex  2.220000e+01 -2.290000e+01  2.300000e+00
    endloop
  endfacet
  facet normal  0.000000e+00  -0.000000e+00  9.999999e-01
    outer loop
      vertex  2.060000e+01 -2.450000e+01  2.300000e+00
      vertex  2.220000e+01 -2.290000e+01  2.300000e+00
      vertex  2.220000e+01 -1.910000e+01  2.300000e+00
    endloop
  endfacet
  facet normal  0.000000e+00  0.000000e+00  1.000000e+00
    outer loop
      vertex  2.060000e+01 -2.450000e+01  2.300000e+00
      vertex  2.220000e+01 -1.910000e+01  2.300000e+00
      vertex  2.060000e+01 -1.950000e+01  2.300000e+00
    endloop
  endfacet
  facet normal  -0.000000e+00  0.000000e+00  1.000000e+00
    outer loop
      vertex  4.090000e+01 -1.810000e+01  2.300000e+00
      vertex  3.610000e+01 -1.810000e+01  2.300000e+00
      vertex  3.905922e+01 -1.949134e+01  2.300000e+00
    endloop
  endfacet
  facet normal  -0.000000e+00  0.000000e+00  9.999999e-01
    outer loop
      vertex  4.090000e+01 -1.810000e+01  2.300000e+00
      vertex  3.905922e+01 -1.949134e+01  2.300000e+00
      vertex  3.926669e+01 -1.960224e+01  2.300000e+00
    endloop
  endfacet
  facet normal  -0.000000e+00  0.000000e+00  1.000000e+00
    outer loop
      vertex  4.090000e+01 -1.810000e+01  2.300000e+00
      vertex  3.926669e+01 -1.960224e+01  2.300000e+00
      vertex  3.944853e+01 -1.975147e+01  2.300000e+00
    endloop
  endfacet
  facet normal  -0.000000e+00  0.000000e+00  1.000000e+00
    outer loop
      vertex  4.090000e+01 -1.810000e+01  2.300000e+00
      vertex  3.944853e+01 -1.975147e+01  2.300000e+00
      vertex  3.959776e+01 -1.993332e+01  2.300000e+00
    endloop
  endfacet
  facet normal  -0.000000e+00  0.000000e+00  1.000000e+00
    outer loop
      vertex  4.090000e+01 -1.810000e+01  2.300000e+00
      vertex  3.959776e+01 -1.993332e+01  2.300000e+00
      vertex  4.250000e+01 -2.450000e+01  2.300000e+00
    endloop
  endfacet
  facet normal  0.000000e+00  0.000000e+00  1.000000e+00
    outer loop
      vertex -4.250000e+01 -2.450000e+01  2.300000e+00
      vertex -1.780000e+01 -2.450000e+01  2.300000e+00
      vertex -1.900000e+01 -2.330000e+01  2.300000e+00
    endloop
  endfacet
  facet normal  0.000000e+00  0.000000e+00  1.000000e+00
    outer loop
      vertex -4.250000e+01 -2.450000e+01  2.300000e+00
      vertex -1.900000e+01 -2.330000e+01  2.300000e+00
      vertex -3.550000e+01 -2.330000e+01  2.300000e+00
    endloop
  endfacet
  facet normal  0.000000e+00  -0.000000e+00  1.000000e+00
    outer loop
      vertex -4.250000e+01 -2.450000e+01  2.300000e+00
      vertex -3.550000e+01 -2.330000e+01  2.300000e+00
      vertex -3.550000e+01 -2.290000e+01  2.300000e+00
    endloop
  endfacet
  facet normal  0.000000e+00  0.000000e+00  1.000000e+00
    outer loop
      vertex -4.250000e+01 -2.450000e+01  2.300000e+00
      vertex -3.550000e+01 -2.290000e+01  2.300000e+00
      vertex -3.610000e+01 -2.290000e+01  2.300000e+00
    endloop
  endfacet
  facet normal  0.000000e+00  0.000000e+00  1.000000e+00
    outer loop
      vertex -4.250000e+01 -2.450000e+01  2.300000e+00
      vertex -3.610000e+01 -2.290000e+01  2.300000e+00
      vertex -3.860000e+01 -2.180000e+01  2.300000e+00
    endloop
  endfacet
  facet normal  0.000000e+00  0.000000e+00  1.000000e+00
    outer loop
      vertex -4.250000e+01 -2.450000e+01  2.300000e+00
      vertex -3.860000e+01 -2.180000e+01  2.300000e+00
      vertex -3.883411e+01 -2.177694e+01  2.300000e+00
    endloop
  endfacet
  facet normal  0.000000e+00  0.000000e+00  9.999999e-01
    outer loop
      vertex -4.250000e+01 -2.450000e+01  2.300000e+00
      vertex -3.883411e+01 -2.177694e+01  2.300000e+00
      vertex -3.905922e+01 -2.170866e+01  2.300000e+00
    endloop
  endfacet
  facet normal  0.000000e+00  0.000000e+00  1.000000e+00
    outer loop
      vertex -4.250000e+01 -2.450000e+01  2.300000e+00
      vertex -3.905922e+01 -2.170866e+01  2.300000e+00
      vertex -3.926669e+01 -2.159776e+01  2.300000e+00
    endloop
  endfacet
  facet normal  0.000000e+00  0.000000e+00  1.000000e+00
    outer loop
      vertex -4.250000e+01 -2.450000e+01  2.300000e+00
      vertex -3.926669e+01 -2.159776e+01  2.300000e+00
      vertex -3.944853e+01 -2.144853e+01  2.300000e+00
    endloop
  endfacet
  facet normal  0.000000e+00  0.000000e+00  1.000000e+00
    outer loop
      vertex -4.250000e+01 -2.450000e+01  2.300000e+00
      vertex -3.944853e+01 -2.144853e+01  2.300000e+00
      vertex -3.959776e+01 -2.126668e+01  2.300000e+00
    endloop
  endfacet
  facet normal  0.000000e+00  0.000000e+00  1.000000e+00
    outer loop
      vertex -4.250000e+01 -2.450000e+01  2.300000e+00
      vertex -3.959776e+01 -2.126668e+01  2.300000e+00
      vertex -3.970866e+01 -2.105922e+01  2.300000e+00
    endloop
  endfacet
  facet normal  0.000000e+00  0.000000e+00  1.000000e+00
    outer loop
      vertex -4.250000e+01 -2.450000e+01  2.300000e+00
      vertex -3.970866e+01 -2.105922e+01  2.300000e+00
      vertex -3.977694e+01 -2.083411e+01  2.300000e+00
    endloop
  endfacet
  facet normal  0.000000e+00  0.000000e+00  1.000000e+00
    outer loop
      vertex -4.250000e+01 -2.450000e+01  2.300000e+00
      vertex -3.977694e+01 -2.083411e+01  2.300000e+00
      vertex -3.980000e+01 -2.060000e+01  2.300000e+00
    endloop
  endfacet
  facet normal  0.000000e+00  -0.000000e+00  1.000000e+00
    outer loop
      vertex -4.250000e+01 -2.450000e+01  2.300000e+00
      vertex -3.980000e+01 -2.060000e+01  2.300000e+00
      vertex -3.977694e+01 -2.036589e+01  2.300000e+00
    endloop
  endfacet
  facet normal  0.000000e+00  -0.000000e+00  1.000000e+00
    outer loop
      vertex -4.250000e+01 -2.450000e+01  2.300000e+00
      vertex -3.977694e+01 -2.036589e+01  2.300000e+00
      vertex -3.970866e+01 -2.014078e+01  2.300000e+00
    endloop
  endfacet
  facet normal  0.000000e+00  -0.000000e+00  1.000000e+00
    outer loop
      vertex -4.250000e+01 -2.450000e+01  2.300000e+00
      vertex -3.970866e+01 -2.014078e+01  2.300000e+00
      vertex -3.959776e+01 -1.993332e+01  2.300000e+00
    endloop
  endfacet
  facet normal  0.000000e+00  0.000000e+00  1.000000e+00
    outer loop
      vertex -4.250000e+01 -2.450000e+01  2.300000e+00
      vertex -3.959776e+01 -1.993332e+01  2.300000e+00
      vertex -4.090000e+01 -1.810000e+01  2.300000e+00
    endloop
  endfacet
  facet normal  0.000000e+00  -0.000000e+00  1.000000e+00
    outer loop
      vertex -4.250000e+01 -2.450000e+01  2.300000e+00
      vertex -4.090000e+01 -1.810000e+01  2.300000e+00
      vertex -4.090000e+01 -1.750000e+01  2.300000e+00
    endloop
  endfacet
  facet normal  0.000000e+00  0.000000e+00  1.000000e+00
    outer loop
      vertex -4.250000e+01 -2.450000e+01  2.300000e+00
      vertex -4.090000e+01 -1.750000e+01  2.300000e+00
      vertex -4.170000e+01 -1.750000e+01  2.300000e+00
    endloop
  endfacet
  facet normal  0.000000e+00  -0.000000e+00  1.000000e+00
    outer loop
      vertex -4.250000e+01 -2.450000e+01  2.300000e+00
      vertex -4.170000e+01 -1.750000e+01  2.300000e+00
      vertex -4.170000e+01  4.650000e+00  2.300000e+00
    endloop
  endfacet
  facet normal  0.000000e+00  -0.000000e+00  1.000000e+00
    outer loop
      vertex -4.090000e+01 -1.810000e+01  2.300000e+00
      vertex -3.959776e+01 -1.993332e+01  2.300000e+00
      vertex -3.944853e+01 -1.975147e+01  2.300000e+00
    endloop
  endfacet
  facet normal  0.000000e+00  -0.000000e+00  1.000000e+00
    outer loop
      vertex -4.090000e+01 -1.810000e+01  2.300000e+00
      vertex -3.944853e+01 -1.975147e+01  2.300000e+00
      vertex -3.926669e+01 -1.960224e+01  2.300000e+00
    endloop
  endfacet
  facet normal  0.000000e+00  -0.000000e+00  9.999999e-01
    outer loop
      vertex -4.090000e+01 -1.810000e+01  2.300000e+00
      vertex -3.926669e+01 -1.960224e+01  2.300000e+00
      vertex -3.905922e+01 -1.949134e+01  2.300000e+00
    endloop
  endfacet
  facet normal  0.000000e+00  -0.000000e+00  1.000000e+00
    outer loop
      vertex -4.090000e+01 -1.810000e+01  2.300000e+00
      vertex -3.905922e+01 -1.949134e+01  2.300000e+00
      vertex -3.883411e+01 -1.942306e+01  2.300000e+00
    endloop
  endfacet
  facet normal  0.000000e+00  -0.000000e+00  1.000000e+00
    outer loop
      vertex -4.090000e+01 -1.810000e+01  2.300000e+00
      vertex -3.883411e+01 -1.942306e+01  2.300000e+00
      vertex -3.860000e+01 -1.940000e+01  2.300000e+00
    endloop
  endfacet
  facet normal  0.000000e+00  -0.000000e+00  1.000000e+00
    outer loop
      vertex -4.090000e+01 -1.810000e+01  2.300000e+00
      vertex -3.860000e+01 -1.940000e+01  2.300000e+00
      vertex -3.610000e+01 -1.810000e+01  2.300000e+00
    endloop
  endfacet
  facet normal  0.000000e+00  -0.000000e+00  1.000000e+00
    outer loop
      vertex -1.780000e+01 -1.950000e+01  2.300000e+00
      vertex  2.060000e+01 -1.950000e+01  2.300000e+00
      vertex  2.220000e+01 -1.910000e+01  2.300000e+00
    endloop
  endfacet
  facet normal  0.000000e+00  0.000000e+00  9.999999e-01
    outer loop
      vertex -1.780000e+01 -1.950000e+01  2.300000e+00
      vertex  2.220000e+01 -1.910000e+01  2.300000e+00
      vertex  2.180000e+01 -1.910000e+01  2.300000e+00
    endloop
  endfacet
  facet normal  0.000000e+00  -0.000000e+00  1.000000e+00
    outer loop
      vertex -1.780000e+01 -1.950000e+01  2.300000e+00
      vertex  2.180000e+01 -1.910000e+01  2.300000e+00
      vertex  2.180000e+01 -1.830000e+01  2.300000e+00
    endloop
  endfacet
  facet normal  0.000000e+00  0.000000e+00  1.000000e+00
    outer loop
      vertex -1.780000e+01 -1.950000e+01  2.300000e+00
      vertex  2.180000e+01 -1.830000e+01  2.300000e+00
      vertex -1.900000e+01 -1.830000e+01  2.300000e+00
    endloop
  endfacet
  facet normal  0.000000e+00  0.000000e+00  1.000000e+00
    outer loop
      vertex -1.780000e+01 -1.950000e+01  2.300000e+00
      vertex -1.900000e+01 -1.830000e+01  2.300000e+00
      vertex -1.900000e+01 -2.330000e+01  2.300000e+00
    endloop
  endfacet
  facet normal  -0.000000e+00  0.000000e+00  1.000000e+00
    outer loop
      vertex -1.780000e+01 -1.950000e+01  2.300000e+00
      vertex -1.900000e+01 -2.330000e+01  2.300000e+00
      vertex -1.780000e+01 -2.450000e+01  2.300000e+00
    endloop
  endfacet
  facet normal  0.000000e+00  0.000000e+00  9.999999e-01
    outer loop
      vertex -3.610000e+01 -2.290000e+01  2.300000e+00
      vertex -3.749134e+01 -2.014078e+01  2.300000e+00
      vertex -3.742306e+01 -2.036589e+01  2.300000e+00
    endloop
  endfacet
  facet normal  0.000000e+00  0.000000e+00  1.000000e+00
    outer loop
      vertex -3.610000e+01 -2.290000e+01  2.300000e+00
      vertex -3.742306e+01 -2.036589e+01  2.300000e+00
      vertex -3.740000e+01 -2.060000e+01  2.300000e+00
    endloop
  endfacet
  facet normal  0.000000e+00  0.000000e+00  1.000000e+00
    outer loop
      vertex -3.610000e+01 -2.290000e+01  2.300000e+00
      vertex -3.740000e+01 -2.060000e+01  2.300000e+00
      vertex -3.742306e+01 -2.083411e+01  2.300000e+00
    endloop
  endfacet
  facet normal  0.000000e+00  0.000000e+00  1.000000e+00
    outer loop
      vertex -3.610000e+01 -2.290000e+01  2.300000e+00
      vertex -3.742306e+01 -2.083411e+01  2.300000e+00
      vertex -3.749134e+01 -2.105922e+01  2.300000e+00
    endloop
  endfacet
  facet normal  0.000000e+00  0.000000e+00  9.999999e-01
    outer loop
      vertex -3.610000e+01 -2.290000e+01  2.300000e+00
      vertex -3.749134e+01 -2.105922e+01  2.300000e+00
      vertex -3.760224e+01 -2.126668e+01  2.300000e+00
    endloop
  endfacet
  facet normal  0.000000e+00  0.000000e+00  1.000000e+00
    outer loop
      vertex -3.610000e+01 -2.290000e+01  2.300000e+00
      vertex -3.760224e+01 -2.126668e+01  2.300000e+00
      vertex -3.775147e+01 -2.144853e+01  2.300000e+00
    endloop
  endfacet
  facet normal  0.000000e+00  0.000000e+00  1.000000e+00
    outer loop
      vertex -3.610000e+01 -2.290000e+01  2.300000e+00
      vertex -3.775147e+01 -2.144853e+01  2.300000e+00
      vertex -3.793332e+01 -2.159776e+01  2.300000e+00
    endloop
  endfacet
  facet normal  0.000000e+00  0.000000e+00  1.000000e+00
    outer loop
      vertex -3.610000e+01 -2.290000e+01  2.300000e+00
      vertex -3.793332e+01 -2.159776e+01  2.300000e+00
      vertex -3.814078e+01 -2.170866e+01  2.300000e+00
    endloop
  endfacet
  facet normal  0.000000e+00  0.000000e+00  9.999999e-01
    outer loop
      vertex -3.610000e+01 -2.290000e+01  2.300000e+00
      vertex -3.814078e+01 -2.170866e+01  2.300000e+00
      vertex -3.836589e+01 -2.177694e+01  2.300000e+00
    endloop
  endfacet
  facet normal  0.000000e+00  0.000000e+00  1.000000e+00
    outer loop
      vertex -3.610000e+01 -2.290000e+01  2.300000e+00
      vertex -3.836589e+01 -2.177694e+01  2.300000e+00
      vertex -3.860000e+01 -2.180000e+01  2.300000e+00
    endloop
  endfacet
  facet normal  -0.000000e+00  0.000000e+00  9.999999e-01
    outer loop
      vertex -3.610000e+01 -1.810000e+01  2.300000e+00
      vertex -3.860000e+01 -1.940000e+01  2.300000e+00
      vertex -3.836589e+01 -1.942306e+01  2.300000e+00
    endloop
  endfacet
  facet normal  -0.000000e+00  0.000000e+00  1.000000e+00
    outer loop
      vertex -3.610000e+01 -1.810000e+01  2.300000e+00
      vertex -3.836589e+01 -1.942306e+01  2.300000e+00
      vertex -3.814078e+01 -1.949134e+01  2.300000e+00
    endloop
  endfacet
  facet normal  -0.000000e+00  0.000000e+00  1.000000e+00
    outer loop
      vertex -3.610000e+01 -1.810000e+01  2.300000e+00
      vertex -3.814078e+01 -1.949134e+01  2.300000e+00
      vertex -3.793332e+01 -1.960224e+01  2.300000e+00
    endloop
  endfacet
  facet normal  -0.000000e+00  0.000000e+00  1.000000e+00
    outer loop
      vertex -3.610000e+01 -1.810000e+01  2.300000e+00
      vertex -3.793332e+01 -1.960224e+01  2.300000e+00
      vertex -3.775147e+01 -1.975147e+01  2.300000e+00
    endloop
  endfacet
  facet normal  -0.000000e+00  0.000000e+00  1.000000e+00
    outer loop
      vertex -3.610000e+01 -1.810000e+01  2.300000e+00
      vertex -3.775147e+01 -1.975147e+01  2.300000e+00
      vertex -3.760224e+01 -1.993332e+01  2.300000e+00
    endloop
  endfacet
  facet normal  -0.000000e+00  0.000000e+00  1.000000e+00
    outer loop
      vertex -3.610000e+01 -1.810000e+01  2.300000e+00
      vertex -3.760224e+01 -1.993332e+01  2.300000e+00
      vertex -3.749134e+01 -2.014078e+01  2.300000e+00
    endloop
  endfacet
  facet normal  -0.000000e+00  0.000000e+00  1.000000e+00
    outer loop
      vertex -3.610000e+01 -1.810000e+01  2.300000e+00
      vertex -3.749134e+01 -2.014078e+01  2.300000e+00
      vertex -3.610000e+01 -2.290000e+01  2.300000e+00
    endloop
  endfacet
  facet normal  0.000000e+00  0.000000e+00  1.000000e+00
    outer loop
      vertex  3.610000e+01 -2.290000e+01  2.300000e+00
      vertex  4.250000e+01 -2.450000e+01  2.300000e+00
      vertex  3.860000e+01 -2.180000e+01  2.300000e+00
    endloop
  endfacet
  facet normal  0.000000e+00  0.000000e+00  1.000000e+00
    outer loop
      vertex  3.610000e+01 -2.290000e+01  2.300000e+00
      vertex  3.860000e+01 -2.180000e+01  2.300000e+00
      vertex  3.836589e+01 -2.177694e+01  2.300000e+00
    endloop
  endfacet
  facet normal  0.000000e+00  0.000000e+00  9.999999e-01
    outer loop
      vertex  3.610000e+01 -2.290000e+01  2.300000e+00
      vertex  3.836589e+01 -2.177694e+01  2.300000e+00
      vertex  3.814078e+01 -2.170866e+01  2.300000e+00
    endloop
  endfacet
  facet normal  0.000000e+00  0.000000e+00  1.000000e+00
    outer loop
      vertex  3.610000e+01 -2.290000e+01  2.300000e+00
      vertex  3.814078e+01 -2.170866e+01  2.300000e+00
      vertex  3.793332e+01 -2.159776e+01  2.300000e+00
    endloop
  endfacet
  facet normal  0.000000e+00  0.000000e+00  1.000000e+00
    outer loop
      vertex  3.610000e+01 -2.290000e+01  2.300000e+00
      vertex  3.793332e+01 -2.159776e+01  2.300000e+00
      vertex  3.775147e+01 -2.144853e+01  2.300000e+00
    endloop
  endfacet
  facet normal  0.000000e+00  0.000000e+00  1.000000e+00
    outer loop
      vertex  3.610000e+01 -2.290000e+01  2.300000e+00
      vertex  3.775147e+01 -2.144853e+01  2.300000e+00
      vertex  3.760224e+01 -2.126668e+01  2.300000e+00
    endloop
  endfacet
  facet normal  0.000000e+00  0.000000e+00  9.999999e-01
    outer loop
      vertex  3.610000e+01 -2.290000e+01  2.300000e+00
      vertex  3.760224e+01 -2.126668e+01  2.300000e+00
      vertex  3.749134e+01 -2.105922e+01  2.300000e+00
    endloop
  endfacet
  facet normal  0.000000e+00  0.000000e+00  1.000000e+00
    outer loop
      vertex  3.610000e+01 -2.290000e+01  2.300000e+00
      vertex  3.749134e+01 -2.105922e+01  2.300000e+00
      vertex  3.742306e+01 -2.083411e+01  2.300000e+00
    endloop
  endfacet
  facet normal  0.000000e+00  0.000000e+00  1.000000e+00
    outer loop
      vertex  3.610000e+01 -2.290000e+01  2.300000e+00
      vertex  3.742306e+01 -2.083411e+01  2.300000e+00
      vertex  3.740000e+01 -2.060000e+01  2.300000e+00
    endloop
  endfacet
  facet normal  0.000000e+00  -0.000000e+00  1.000000e+00
    outer loop
      vertex  3.610000e+01 -2.290000e+01  2.300000e+00
      vertex  3.740000e+01 -2.060000e+01  2.300000e+00
      vertex  3.742306e+01 -2.036589e+01  2.300000e+00
    endloop
  endfacet
  facet normal  0.000000e+00  -0.000000e+00  9.999999e-01
    outer loop
      vertex  3.610000e+01 -2.290000e+01  2.300000e+00
      vertex  3.742306e+01 -2.036589e+01  2.300000e+00
      vertex  3.749134e+01 -2.014078e+01  2.300000e+00
    endloop
  endfacet
  facet normal  0.000000e+00  0.000000e+00  9.999999e-01
    outer loop
      vertex -4.250000e+01  1.085000e+01  2.300000e+00
      vertex -4.250000e+01 -2.450000e+01  2.300000e+00
      vertex -4.170000e+01  9.850000e+00  2.300000e+00
    endloop
  endfacet
  facet normal  0.000000e+00  -0.000000e+00  1.000000e+00
    outer loop
      vertex -4.250000e+01  1.085000e+01  2.300000e+00
      vertex -4.170000e+01  9.850000e+00  2.300000e+00
      vertex -4.170000e+01  1.005000e+01  2.300000e+00
    endloop
  endfacet
  facet normal  0.000000e+00  -0.000000e+00  1.000000e+00
    outer loop
      vertex -4.250000e+01  1.085000e+01  2.300000e+00
      vertex -4.170000e+01  1.005000e+01  2.300000e+00
      vertex -4.170000e+01  1.085000e+01  2.300000e+00
    endloop
  endfacet
  facet normal  0.000000e+00  0.000000e+00  1.000000e+00
    outer loop
      vertex  4.250000e+01 -2.450000e+01  2.300000e+00
      vertex  3.959776e+01 -1.993332e+01  2.300000e+00
      vertex  3.970866e+01 -2.014078e+01  2.300000e+00
    endloop
  endfacet
  facet normal  0.000000e+00  0.000000e+00  1.000000e+00
    outer loop
      vertex  4.250000e+01 -2.450000e+01  2.300000e+00
      vertex  3.970866e+01 -2.014078e+01  2.300000e+00
      vertex  3.977694e+01 -2.036589e+01  2.300000e+00
    endloop
  endfacet
  facet normal  0.000000e+00  0.000000e+00  1.000000e+00
    outer loop
      vertex  4.250000e+01 -2.450000e+01  2.300000e+00
      vertex  3.977694e+01 -2.036589e+01  2.300000e+00
      vertex  3.980000e+01 -2.060000e+01  2.300000e+00
    endloop
  endfacet
  facet normal  0.000000e+00  0.000000e+00  1.000000e+00
    outer loop
      vertex  4.250000e+01 -2.450000e+01  2.300000e+00
      vertex  3.980000e+01 -2.060000e+01  2.300000e+00
      vertex  3.977694e+01 -2.083411e+01  2.300000e+00
    endloop
  endfacet
  facet normal  0.000000e+00  0.000000e+00  1.000000e+00
    outer loop
      vertex  4.250000e+01 -2.450000e+01  2.300000e+00
      vertex  3.977694e+01 -2.083411e+01  2.300000e+00
      vertex  3.970866e+01 -2.105922e+01  2.300000e+00
    endloop
  endfacet
  facet normal  0.000000e+00  0.000000e+00  1.000000e+00
    outer loop
      vertex  4.250000e+01 -2.450000e+01  2.300000e+00
      vertex  3.970866e+01 -2.105922e+01  2.300000e+00
      vertex  3.959776e+01 -2.126668e+01  2.300000e+00
    endloop
  endfacet
  facet normal  0.000000e+00  0.000000e+00  1.000000e+00
    outer loop
      vertex  4.250000e+01 -2.450000e+01  2.300000e+00
      vertex  3.959776e+01 -2.126668e+01  2.300000e+00
      vertex  3.944853e+01 -2.144853e+01  2.300000e+00
    endloop
  endfacet
  facet normal  0.000000e+00  0.000000e+00  1.000000e+00
    outer loop
      vertex  4.250000e+01 -2.450000e+01  2.300000e+00
      vertex  3.944853e+01 -2.144853e+01  2.300000e+00
      vertex  3.926669e+01 -2.159776e+01  2.300000e+00
    endloop
  endfacet
  facet normal  0.000000e+00  0.000000e+00  1.000000e+00
    outer loop
      vertex  4.250000e+01 -2.450000e+01  2.300000e+00
      vertex  3.926669e+01 -2.159776e+01  2.300000e+00
      vertex  3.905922e+01 -2.170866e+01  2.300000e+00
    endloop
  endfacet
  facet normal  0.000000e+00  0.000000e+00  1.000000e+00
    outer loop
      vertex  4.250000e+01 -2.450000e+01  2.300000e+00
      vertex  3.905922e+01 -2.170866e+01  2.300000e+00
      vertex  3.883411e+01 -2.177694e+01  2.300000e+00
    endloop
  endfacet
  facet normal  0.000000e+00  0.000000e+00  1.000000e+00
    outer loop
      vertex  4.250000e+01 -2.450000e+01  2.300000e+00
      vertex  3.883411e+01 -2.177694e+01  2.300000e+00
      vertex  3.860000e+01 -2.180000e+01  2.300000e+00
    endloop
  endfacet
  facet normal  0.000000e+00  0.000000e+00  1.000000e+00
    outer loop
      vertex  4.250000e+01 -2.450000e+01  2.300000e+00
      vertex  4.250000e+01  1.190000e+01  2.300000e+00
      vertex  4.170000e+01  1.165000e+01  2.300000e+00
    endloop
  endfacet
  facet normal  0.000000e+00  0.000000e+00  9.999999e-01
    outer loop
      vertex  4.250000e+01 -2.450000e+01  2.300000e+00
      vertex  4.170000e+01  1.165000e+01  2.300000e+00
      vertex  4.170000e+01  9.850000e+00  2.300000e+00
    endloop
  endfacet
  facet normal  0.000000e+00  0.000000e+00  1.000000e+00
    outer loop
      vertex  4.250000e+01 -2.450000e+01  2.300000e+00
      vertex  4.170000e+01  9.850000e+00  2.300000e+00
      vertex  4.170000e+01  4.650000e+00  2.300000e+00
    endloop
  endfacet
  facet normal  0.000000e+00  0.000000e+00  1.000000e+00
    outer loop
      vertex  4.250000e+01 -2.450000e+01  2.300000e+00
      vertex  4.170000e+01  4.650000e+00  2.300000e+00
      vertex  4.170000e+01 -1.750000e+01  2.300000e+00
    endloop
  endfacet
  facet normal  0.000000e+00  0.000000e+00  1.000000e+00
    outer loop
      vertex  4.250000e+01 -2.450000e+01  2.300000e+00
      vertex  4.170000e+01 -1.750000e+01  2.300000e+00
      vertex  4.090000e+01 -1.750000e+01  2.300000e+00
    endloop
  endfacet
  facet normal  0.000000e+00  0.000000e+00  1.000000e+00
    outer loop
      vertex  4.250000e+01 -2.450000e+01  2.300000e+00
      vertex  4.090000e+01 -1.750000e+01  2.300000e+00
      vertex  4.090000e+01 -1.810000e+01  2.300000e+00
    endloop
  endfacet
  facet normal  0.000000e+00  0.000000e+00  1.000000e+00
    outer loop
      vertex -4.090000e+01  9.850000e+00  2.300000e+00
      vertex -4.090000e+01  4.850000e+00  2.300000e+00
      vertex -3.710000e+01  9.850000e+00  2.300000e+00
    endloop
  endfacet
  facet normal  0.000000e+00  0.000000e+00  1.000000e+00
    outer loop
      vertex -3.710000e+01  9.850000e+00  2.300000e+00
      vertex -4.090000e+01  4.850000e+00  2.300000e+00
      vertex -3.710000e+01  4.850000e+00  2.300000e+00
    endloop
  endfacet
  facet normal  0.000000e+00  0.000000e+00  1.000000e+00
    outer loop
      vertex  3.790000e+01  2.450000e+01  3.200000e+00
      vertex  3.790000e+01  1.190000e+01  3.200000e+00
      vertex  4.250000e+01  2.450000e+01  3.200000e+00
    endloop
  endfacet
  facet normal  0.000000e+00  0.000000e+00  1.000000e+00
    outer loop
      vertex  4.250000e+01  2.450000e+01  3.200000e+00
      vertex  3.790000e+01  1.190000e+01  3.200000e+00
      vertex  4.250000e+01  1.190000e+01  3.200000e+00
    endloop
  endfacet
  facet normal  0.000000e+00  0.000000e+00  1.000000e+00
    outer loop
      vertex  2.090000e+01  2.860000e+01  2.300000e+00
      vertex  1.681460e+01  2.952114e+01  2.300000e+00
      vertex  1.660000e+01  2.950000e+01  2.300000e+00
    endloop
  endfacet
  facet normal  0.000000e+00  0.000000e+00  1.000000e+00
    outer loop
      vertex  2.090000e+01  2.860000e+01  2.300000e+00
      vertex  1.702095e+01  2.958373e+01  2.300000e+00
      vertex  1.681460e+01  2.952114e+01  2.300000e+00
    endloop
  endfacet
  facet normal  0.000000e+00  0.000000e+00  1.000000e+00
    outer loop
      vertex  3.270000e+01  2.450000e+01  2.300000e+00
      vertex  3.150000e+01  2.370000e+01  2.300000e+00
      vertex  3.270000e+01  2.370000e+01  2.300000e+00
    endloop
  endfacet
  facet normal  0.000000e+00  0.000000e+00  1.000000e+00
    outer loop
      vertex  2.250000e+01  2.450000e+01  2.300000e+00
      vertex  2.250000e+01  3.850000e+01  2.300000e+00
      vertex  2.170000e+01  3.750000e+01  2.300000e+00
    endloop
  endfacet
  facet normal  0.000000e+00  0.000000e+00  9.999999e-01
    outer loop
      vertex  2.250000e+01  2.450000e+01  2.300000e+00
      vertex  2.170000e+01  3.750000e+01  2.300000e+00
      vertex  2.170000e+01  3.300000e+01  2.300000e+00
    endloop
  endfacet
  facet normal  0.000000e+00  0.000000e+00  9.999999e-01
    outer loop
      vertex  2.250000e+01  2.450000e+01  2.300000e+00
      vertex  2.170000e+01  3.300000e+01  2.300000e+00
      vertex  2.170000e+01  2.840000e+01  2.300000e+00
    endloop
  endfacet
  facet normal  0.000000e+00  0.000000e+00  1.000000e+00
    outer loop
      vertex  2.250000e+01  2.450000e+01  2.300000e+00
      vertex  2.170000e+01  2.840000e+01  2.300000e+00
      vertex  2.170000e+01  2.370000e+01  2.300000e+00
    endloop
  endfacet
  facet normal  0.000000e+00  0.000000e+00  1.000000e+00
    outer loop
      vertex  2.250000e+01  2.450000e+01  2.300000e+00
      vertex  2.170000e+01  2.370000e+01  2.300000e+00
      vertex  3.150000e+01  2.370000e+01  2.300000e+00
    endloop
  endfacet
  facet normal  0.000000e+00  -0.000000e+00  1.000000e+00
    outer loop
      vertex  2.250000e+01  2.450000e+01  2.300000e+00
      vertex  3.150000e+01  2.370000e+01  2.300000e+00
      vertex  3.270000e+01  2.450000e+01  2.300000e+00
    endloop
  endfacet
  facet normal  0.000000e+00  0.000000e+00  1.000000e+00
    outer loop
      vertex  1.370000e+01  3.300000e+01  2.300000e+00
      vertex  1.370000e+01  2.860000e+01  2.300000e+00
      vertex  1.568538e+01  3.121113e+01  2.300000e+00
    endloop
  endfacet
  facet normal  0.000000e+00  -0.000000e+00  1.000000e+00
    outer loop
      vertex  1.370000e+01  3.300000e+01  2.300000e+00
      vertex  1.568538e+01  3.121113e+01  2.300000e+00
      vertex  1.582218e+01  3.137782e+01  2.300000e+00
    endloop
  endfacet
  facet normal  0.000000e+00  -0.000000e+00  1.000000e+00
    outer loop
      vertex  1.370000e+01  3.300000e+01  2.300000e+00
      vertex  1.582218e+01  3.137782e+01  2.300000e+00
      vertex  1.598887e+01  3.151462e+01  2.300000e+00
    endloop
  endfacet
  facet normal  0.000000e+00  -0.000000e+00  1.000000e+00
    outer loop
      vertex  1.370000e+01  3.300000e+01  2.300000e+00
      vertex  1.598887e+01  3.151462e+01  2.300000e+00
      vertex  1.617905e+01  3.161627e+01  2.300000e+00
    endloop
  endfacet
  facet normal  0.000000e+00  -0.000000e+00  1.000000e+00
    outer loop
      vertex  1.370000e+01  3.300000e+01  2.300000e+00
      vertex  1.617905e+01  3.161627e+01  2.300000e+00
      vertex  1.638540e+01  3.167886e+01  2.300000e+00
    endloop
  endfacet
  facet normal  0.000000e+00  -0.000000e+00  1.000000e+00
    outer loop
      vertex  1.370000e+01  3.300000e+01  2.300000e+00
      vertex  1.638540e+01  3.167886e+01  2.300000e+00
      vertex  1.660000e+01  3.170000e+01  2.300000e+00
    endloop
  endfacet
  facet normal  -0.000000e+00  -0.000000e+00  1.000000e+00
    outer loop
      vertex  1.370000e+01  3.300000e+01  2.300000e+00
      vertex  1.660000e+01  3.170000e+01  2.300000e+00
      vertex  1.681460e+01  3.167886e+01  2.300000e+00
    endloop
  endfacet
  facet normal  -0.000000e+00  -0.000000e+00  9.999999e-01
    outer loop
      vertex  1.370000e+01  3.300000e+01  2.300000e+00
      vertex  1.681460e+01  3.167886e+01  2.300000e+00
      vertex  1.702095e+01  3.161627e+01  2.300000e+00
    endloop
  endfacet
  facet normal  -0.000000e+00  0.000000e+00  1.000000e+00
    outer loop
      vertex  2.170000e+01  3.300000e+01  2.300000e+00
      vertex  1.370000e+01  3.300000e+01  2.300000e+00
      vertex  1.702095e+01  3.161627e+01  2.300000e+00
    endloop
  endfacet
  facet normal  -0.000000e+00  0.000000e+00  1.000000e+00
    outer loop
      vertex  2.170000e+01  3.300000e+01  2.300000e+00
      vertex  1.702095e+01  3.161627e+01  2.300000e+00
      vertex  1.721113e+01  3.151462e+01  2.300000e+00
    endloop
  endfacet
  facet normal  -0.000000e+00  0.000000e+00  1.000000e+00
    outer loop
      vertex  2.170000e+01  3.300000e+01  2.300000e+00
      vertex  1.721113e+01  3.151462e+01  2.300000e+00
      vertex  2.170000e+01  2.840000e+01  2.300000e+00
    endloop
  endfacet
  facet normal  0.000000e+00  0.000000e+00  1.000000e+00
    outer loop
      vertex  1.370000e+01  2.860000e+01  2.300000e+00
      vertex  2.090000e+01  2.860000e+01  2.300000e+00
      vertex  1.660000e+01  2.950000e+01  2.300000e+00
    endloop
  endfacet
  facet normal  0.000000e+00  0.000000e+00  1.000000e+00
    outer loop
      vertex  1.370000e+01  2.860000e+01  2.300000e+00
      vertex  1.660000e+01  2.950000e+01  2.300000e+00
      vertex  1.638540e+01  2.952114e+01  2.300000e+00
    endloop
  endfacet
  facet normal  0.000000e+00  0.000000e+00  1.000000e+00
    outer loop
      vertex  1.370000e+01  2.860000e+01  2.300000e+00
      vertex  1.638540e+01  2.952114e+01  2.300000e+00
      vertex  1.617905e+01  2.958373e+01  2.300000e+00
    endloop
  endfacet
  facet normal  0.000000e+00  0.000000e+00  1.000000e+00
    outer loop
      vertex  1.370000e+01  2.860000e+01  2.300000e+00
      vertex  1.617905e+01  2.958373e+01  2.300000e+00
      vertex  1.598887e+01  2.968538e+01  2.300000e+00
    endloop
  endfacet
  facet normal  0.000000e+00  0.000000e+00  9.999999e-01
    outer loop
      vertex  1.370000e+01  2.860000e+01  2.300000e+00
      vertex  1.598887e+01  2.968538e+01  2.300000e+00
      vertex  1.582218e+01  2.982218e+01  2.300000e+00
    endloop
  endfacet
  facet normal  0.000000e+00  0.000000e+00  1.000000e+00
    outer loop
      vertex  1.370000e+01  2.860000e+01  2.300000e+00
      vertex  1.582218e+01  2.982218e+01  2.300000e+00
      vertex  1.568538e+01  2.998887e+01  2.300000e+00
    endloop
  endfacet
  facet normal  0.000000e+00  0.000000e+00  1.000000e+00
    outer loop
      vertex  1.370000e+01  2.860000e+01  2.300000e+00
      vertex  1.568538e+01  2.998887e+01  2.300000e+00
      vertex  1.558373e+01  3.017905e+01  2.300000e+00
    endloop
  endfacet
  facet normal  0.000000e+00  0.000000e+00  9.999999e-01
    outer loop
      vertex  1.370000e+01  2.860000e+01  2.300000e+00
      vertex  1.558373e+01  3.017905e+01  2.300000e+00
      vertex  1.552114e+01  3.038540e+01  2.300000e+00
    endloop
  endfacet
  facet normal  0.000000e+00  0.000000e+00  1.000000e+00
    outer loop
      vertex  1.370000e+01  2.860000e+01  2.300000e+00
      vertex  1.552114e+01  3.038540e+01  2.300000e+00
      vertex  1.550000e+01  3.060000e+01  2.300000e+00
    endloop
  endfacet
  facet normal  0.000000e+00  -0.000000e+00  1.000000e+00
    outer loop
      vertex  1.370000e+01  2.860000e+01  2.300000e+00
      vertex  1.550000e+01  3.060000e+01  2.300000e+00
      vertex  1.552114e+01  3.081460e+01  2.300000e+00
    endloop
  endfacet
  facet normal  0.000000e+00  -0.000000e+00  1.000000e+00
    outer loop
      vertex  1.370000e+01  2.860000e+01  2.300000e+00
      vertex  1.552114e+01  3.081460e+01  2.300000e+00
      vertex  1.558373e+01  3.102095e+01  2.300000e+00
    endloop
  endfacet
  facet normal  0.000000e+00  -0.000000e+00  9.999999e-01
    outer loop
      vertex  1.370000e+01  2.860000e+01  2.300000e+00
      vertex  1.558373e+01  3.102095e+01  2.300000e+00
      vertex  1.568538e+01  3.121113e+01  2.300000e+00
    endloop
  endfacet
  facet normal  0.000000e+00  0.000000e+00  9.999999e-01
    outer loop
      vertex  2.170000e+01  2.840000e+01  2.300000e+00
      vertex  1.721113e+01  3.151462e+01  2.300000e+00
      vertex  1.737782e+01  3.137782e+01  2.300000e+00
    endloop
  endfacet
  facet normal  0.000000e+00  0.000000e+00  1.000000e+00
    outer loop
      vertex  2.170000e+01  2.840000e+01  2.300000e+00
      vertex  1.737782e+01  3.137782e+01  2.300000e+00
      vertex  1.751462e+01  3.121113e+01  2.300000e+00
    endloop
  endfacet
  facet normal  0.000000e+00  0.000000e+00  1.000000e+00
    outer loop
      vertex  2.170000e+01  2.840000e+01  2.300000e+00
      vertex  1.751462e+01  3.121113e+01  2.300000e+00
      vertex  1.761627e+01  3.102095e+01  2.300000e+00
    endloop
  endfacet
  facet normal  0.000000e+00  0.000000e+00  9.999999e-01
    outer loop
      vertex  2.170000e+01  2.840000e+01  2.300000e+00
      vertex  1.761627e+01  3.102095e+01  2.300000e+00
      vertex  1.767886e+01  3.081460e+01  2.300000e+00
    endloop
  endfacet
  facet normal  0.000000e+00  0.000000e+00  1.000000e+00
    outer loop
      vertex  2.170000e+01  2.840000e+01  2.300000e+00
      vertex  1.767886e+01  3.081460e+01  2.300000e+00
      vertex  1.770000e+01  3.060000e+01  2.300000e+00
    endloop
  endfacet
  facet normal  0.000000e+00  0.000000e+00  1.000000e+00
    outer loop
      vertex  2.170000e+01  2.840000e+01  2.300000e+00
      vertex  1.770000e+01  3.060000e+01  2.300000e+00
      vertex  1.767886e+01  3.038540e+01  2.300000e+00
    endloop
  endfacet
  facet normal  0.000000e+00  0.000000e+00  1.000000e+00
    outer loop
      vertex  2.170000e+01  2.840000e+01  2.300000e+00
      vertex  1.767886e+01  3.038540e+01  2.300000e+00
      vertex  1.761627e+01  3.017905e+01  2.300000e+00
    endloop
  endfacet
  facet normal  0.000000e+00  0.000000e+00  1.000000e+00
    outer loop
      vertex  2.170000e+01  2.840000e+01  2.300000e+00
      vertex  1.761627e+01  3.017905e+01  2.300000e+00
      vertex  1.751462e+01  2.998887e+01  2.300000e+00
    endloop
  endfacet
  facet normal  0.000000e+00  0.000000e+00  9.999999e-01
    outer loop
      vertex  2.170000e+01  2.840000e+01  2.300000e+00
      vertex  1.751462e+01  2.998887e+01  2.300000e+00
      vertex  1.737782e+01  2.982218e+01  2.300000e+00
    endloop
  endfacet
  facet normal  0.000000e+00  0.000000e+00  1.000000e+00
    outer loop
      vertex  2.170000e+01  2.840000e+01  2.300000e+00
      vertex  1.737782e+01  2.982218e+01  2.300000e+00
      vertex  1.721113e+01  2.968538e+01  2.300000e+00
    endloop
  endfacet
  facet normal  0.000000e+00  0.000000e+00  9.999999e-01
    outer loop
      vertex  2.170000e+01  2.840000e+01  2.300000e+00
      vertex  1.721113e+01  2.968538e+01  2.300000e+00
      vertex  1.702095e+01  2.958373e+01  2.300000e+00
    endloop
  endfacet
  facet normal  0.000000e+00  0.000000e+00  1.000000e+00
    outer loop
      vertex  2.170000e+01  2.840000e+01  2.300000e+00
      vertex  1.702095e+01  2.958373e+01  2.300000e+00
      vertex  2.090000e+01  2.860000e+01  2.300000e+00
    endloop
  endfacet
  facet normal  0.000000e+00  0.000000e+00  1.000000e+00
    outer loop
      vertex  2.170000e+01  2.840000e+01  2.300000e+00
      vertex  2.090000e+01  2.860000e+01  2.300000e+00
      vertex  2.090000e+01  2.840000e+01  2.300000e+00
    endloop
  endfacet
  facet normal  0.000000e+00  0.000000e+00  1.000000e+00
    outer loop
      vertex  2.060000e+01  3.750000e+01  2.300000e+00
      vertex  2.170000e+01  3.750000e+01  2.300000e+00
      vertex  2.060000e+01  3.850000e+01  2.300000e+00
    endloop
  endfacet
  facet normal  -0.000000e+00  0.000000e+00  9.999999e-01
    outer loop
      vertex  2.060000e+01  3.850000e+01  2.300000e+00
      vertex  2.170000e+01  3.750000e+01  2.300000e+00
      vertex  2.250000e+01  3.850000e+01  2.300000e+00
    endloop
  endfacet
  facet normal  0.000000e+00  0.000000e+00  1.000000e+00
    outer loop
      vertex -4.090000e+01  1.835000e+01  8.000000e-01
      vertex -3.330000e+01  2.290000e+01  8.000000e-01
      vertex -4.090000e+01  2.290000e+01  8.000000e-01
    endloop
  endfacet
  facet normal  0.000000e+00  0.000000e+00  1.000000e+00
    outer loop
      vertex -2.830000e+01  2.290000e+01  8.000000e-01
      vertex -2.830000e+01  2.370000e+01  8.000000e-01
      vertex -3.330000e+01  2.370000e+01  8.000000e-01
    endloop
  endfacet
  facet normal  0.000000e+00  0.000000e+00  1.000000e+00
    outer loop
      vertex -2.830000e+01  2.290000e+01  8.000000e-01
      vertex -3.330000e+01  2.370000e+01  8.000000e-01
      vertex -3.330000e+01  2.290000e+01  8.000000e-01
    endloop
  endfacet
  facet normal  -0.000000e+00  0.000000e+00  1.000000e+00
    outer loop
      vertex -2.830000e+01  2.290000e+01  8.000000e-01
      vertex -3.330000e+01  2.290000e+01  8.000000e-01
      vertex -4.090000e+01  1.835000e+01  8.000000e-01
    endloop
  endfacet
  facet normal  0.000000e+00  0.000000e+00  1.000000e+00
    outer loop
      vertex -2.830000e+01  2.290000e+01  8.000000e-01
      vertex -4.090000e+01  1.835000e+01  8.000000e-01
      vertex -2.090000e+01  2.290000e+01  8.000000e-01
    endloop
  endfacet
  facet normal  0.000000e+00  0.000000e+00  1.000000e+00
    outer loop
      vertex  2.170000e+01  3.690000e+01  8.000000e-01
      vertex -2.170000e+01  3.300000e+01  8.000000e-01
      vertex -1.370000e+01  3.300000e+01  8.000000e-01
    endloop
  endfacet
  facet normal  0.000000e+00  0.000000e+00  1.000000e+00
    outer loop
      vertex  2.170000e+01  3.690000e+01  8.000000e-01
      vertex -1.370000e+01  3.300000e+01  8.000000e-01
      vertex  1.370000e+01  3.300000e+01  8.000000e-01
    endloop
  endfacet
  facet normal  0.000000e+00  0.000000e+00  1.000000e+00
    outer loop
      vertex  2.170000e+01  3.690000e+01  8.000000e-01
      vertex  1.370000e+01  3.300000e+01  8.000000e-01
      vertex  2.170000e+01  3.300000e+01  8.000000e-01
    endloop
  endfacet
  facet normal  0.000000e+00  0.000000e+00  1.000000e+00
    outer loop
      vertex -2.170000e+01  3.300000e+01  8.000000e-01
      vertex  2.170000e+01  3.690000e+01  8.000000e-01
      vertex  2.060000e+01  3.690000e+01  8.000000e-01
    endloop
  endfacet
  facet normal  0.000000e+00  0.000000e+00  1.000000e+00
    outer loop
      vertex -2.170000e+01  3.300000e+01  8.000000e-01
      vertex  2.060000e+01  3.690000e+01  8.000000e-01
      vertex -2.060000e+01  3.690000e+01  8.000000e-01
    endloop
  endfacet
  facet normal  0.000000e+00  0.000000e+00  1.000000e+00
    outer loop
      vertex -2.170000e+01  3.300000e+01  8.000000e-01
      vertex -2.060000e+01  3.690000e+01  8.000000e-01
      vertex -2.170000e+01  3.690000e+01  8.000000e-01
    endloop
  endfacet
  facet normal  0.000000e+00  -0.000000e+00  1.000000e+00
    outer loop
      vertex -2.090000e+01  2.290000e+01  8.000000e-01
      vertex  2.090000e+01  2.290000e+01  8.000000e-01
      vertex  2.090000e+01  2.860000e+01  8.000000e-01
    endloop
  endfacet
  facet normal  0.000000e+00  0.000000e+00  9.999999e-01
    outer loop
      vertex -2.090000e+01  2.290000e+01  8.000000e-01
      vertex  2.090000e+01  2.860000e+01  8.000000e-01
      vertex  1.370000e+01  2.860000e+01  8.000000e-01
    endloop
  endfacet
  facet normal  0.000000e+00  0.000000e+00  1.000000e+00
    outer loop
      vertex -2.090000e+01  2.290000e+01  8.000000e-01
      vertex  1.370000e+01  2.860000e+01  8.000000e-01
      vertex -1.370000e+01  2.860000e+01  8.000000e-01
    endloop
  endfacet
  facet normal  0.000000e+00  0.000000e+00  9.999999e-01
    outer loop
      vertex -2.090000e+01  2.290000e+01  8.000000e-01
      vertex -1.370000e+01  2.860000e+01  8.000000e-01
      vertex -2.090000e+01  2.860000e+01  8.000000e-01
    endloop
  endfacet
  facet normal  0.000000e+00  0.000000e+00  1.000000e+00
    outer loop
      vertex -4.170000e+01  9.850000e+00  8.000000e-01
      vertex  4.170000e+01  9.850000e+00  8.000000e-01
      vertex -4.170000e+01  1.085000e+01  8.000000e-01
    endloop
  endfacet
  facet normal  -0.000000e+00  0.000000e+00  1.000000e+00
    outer loop
      vertex -4.170000e+01  1.085000e+01  8.000000e-01
      vertex  4.170000e+01  9.850000e+00  8.000000e-01
      vertex  4.170000e+01  1.190000e+01  8.000000e-01
    endloop
  endfacet
  facet normal  0.000000e+00  0.000000e+00  1.000000e+00
    outer loop
      vertex -4.170000e+01  1.085000e+01  8.000000e-01
      vertex  4.170000e+01  1.190000e+01  8.000000e-01
      vertex -4.250000e+01  1.085000e+01  8.000000e-01
    endloop
  endfacet
  facet normal  0.000000e+00  0.000000e+00  1.000000e+00
    outer loop
      vertex -4.250000e+01  1.085000e+01  8.000000e-01
      vertex  4.170000e+01  1.190000e+01  8.000000e-01
      vertex  3.270000e+01  1.190000e+01  8.000000e-01
    endloop
  endfacet
  facet normal  -0.000000e+00  0.000000e+00  1.000000e+00
    outer loop
      vertex  3.270000e+01  2.370000e+01  8.000000e-01
      vertex  3.150000e+01  2.370000e+01  8.000000e-01
      vertex  3.270000e+01  1.190000e+01  8.000000e-01
    endloop
  endfacet
  facet normal  0.000000e+00  0.000000e+00  1.000000e+00
    outer loop
      vertex  3.270000e+01  1.190000e+01  8.000000e-01
      vertex  3.150000e+01  2.370000e+01  8.000000e-01
      vertex  3.150000e+01  2.290000e+01  8.000000e-01
    endloop
  endfacet
  facet normal  0.000000e+00  0.000000e+00  1.000000e+00
    outer loop
      vertex  3.270000e+01  1.190000e+01  8.000000e-01
      vertex  3.150000e+01  2.290000e+01  8.000000e-01
      vertex  2.090000e+01  2.290000e+01  8.000000e-01
    endloop
  endfacet
  facet normal  0.000000e+00  0.000000e+00  1.000000e+00
    outer loop
      vertex -1.370000e+01  2.860000e+01  8.000000e-01
      vertex  1.370000e+01  2.860000e+01  8.000000e-01
      vertex -1.370000e+01  3.300000e+01  8.000000e-01
    endloop
  endfacet
  facet normal  -0.000000e+00  0.000000e+00  1.000000e+00
    outer loop
      vertex -1.370000e+01  3.300000e+01  8.000000e-01
      vertex  1.370000e+01  2.860000e+01  8.000000e-01
      vertex  1.370000e+01  3.300000e+01  8.000000e-01
    endloop
  endfacet
  facet normal  -0.000000e+00  0.000000e+00  1.000000e+00
    outer loop
      vertex  2.090000e+01  2.290000e+01  8.000000e-01
      vertex -2.090000e+01  2.290000e+01  8.000000e-01
      vertex  3.270000e+01  1.190000e+01  8.000000e-01
    endloop
  endfacet
  facet normal  0.000000e+00  0.000000e+00  1.000000e+00
    outer loop
      vertex  3.270000e+01  1.190000e+01  8.000000e-01
      vertex -2.090000e+01  2.290000e+01  8.000000e-01
      vertex -4.090000e+01  1.835000e+01  8.000000e-01
    endloop
  endfacet
  facet normal  0.000000e+00  0.000000e+00  1.000000e+00
    outer loop
      vertex  3.270000e+01  1.190000e+01  8.000000e-01
      vertex -4.090000e+01  1.835000e+01  8.000000e-01
      vertex -4.250000e+01  1.085000e+01  8.000000e-01
    endloop
  endfacet
  facet normal  0.000000e+00  0.000000e+00  9.999999e-01
    outer loop
      vertex -4.250000e+01  1.085000e+01  8.000000e-01
      vertex -4.090000e+01  1.835000e+01  8.000000e-01
      vertex -4.250000e+01  1.835000e+01  8.000000e-01
    endloop
  endfacet
  facet normal  0.000000e+00  0.000000e+00 -1.000000e+00
    outer loop
      vertex -1.780000e+01 -2.450000e+01 -2.000000e-01
      vertex -4.250000e+01 -2.450000e+01 -2.000000e-01
      vertex -3.883075e+01 -2.338474e+01 -2.000000e-01
    endloop
  endfacet
  facet normal  0.000000e+00  0.000000e+00 -1.000000e+00
    outer loop
      vertex -1.780000e+01 -2.450000e+01 -2.000000e-01
      vertex -3.883075e+01 -2.338474e+01 -2.000000e-01
      vertex -3.836925e+01 -2.338474e+01 -2.000000e-01
    endloop
  endfacet
  facet normal  0.000000e+00  0.000000e+00 -1.000000e+00
    outer loop
      vertex -1.780000e+01 -2.450000e+01 -2.000000e-01
      vertex -3.836925e+01 -2.338474e+01 -2.000000e-01
      vertex -3.791404e+01 -2.330878e+01 -2.000000e-01
    endloop
  endfacet
  facet normal  0.000000e+00  0.000000e+00 -9.999999e-01
    outer loop
      vertex -1.780000e+01 -2.450000e+01 -2.000000e-01
      vertex -3.791404e+01 -2.330878e+01 -2.000000e-01
      vertex -1.780000e+01 -1.950000e+01 -2.000000e-01
    endloop
  endfacet
  facet normal  0.000000e+00  0.000000e+00 -9.999999e-01
    outer loop
      vertex  2.060000e+01 -2.450000e+01 -2.000000e-01
      vertex  2.060000e+01 -1.950000e+01 -2.000000e-01
      vertex  3.791404e+01 -2.330878e+01 -2.000000e-01
    endloop
  endfacet
  facet normal  0.000000e+00  -0.000000e+00 -9.999999e-01
    outer loop
      vertex  2.060000e+01 -2.450000e+01 -2.000000e-01
      vertex  3.791404e+01 -2.330878e+01 -2.000000e-01
      vertex  3.836925e+01 -2.338474e+01 -2.000000e-01
    endloop
  endfacet
  facet normal  0.000000e+00  -0.000000e+00 -1.000000e+00
    outer loop
      vertex  2.060000e+01 -2.450000e+01 -2.000000e-01
      vertex  3.836925e+01 -2.338474e+01 -2.000000e-01
      vertex  3.883075e+01 -2.338474e+01 -2.000000e-01
    endloop
  endfacet
  facet normal  0.000000e+00  -0.000000e+00 -1.000000e+00
    outer loop
      vertex  2.060000e+01 -2.450000e+01 -2.000000e-01
      vertex  3.883075e+01 -2.338474e+01 -2.000000e-01
      vertex  4.250000e+01 -2.450000e+01 -2.000000e-01
    endloop
  endfacet
  facet normal  -0.000000e+00  0.000000e+00 -1.000000e+00
    outer loop
      vertex  2.250000e+01  2.450000e+01 -2.000000e-01
      vertex  4.250000e+01  2.450000e+01 -2.000000e-01
      vertex  3.883075e+01 -1.781525e+01 -2.000000e-01
    endloop
  endfacet
  facet normal  0.000000e+00  0.000000e+00 -1.000000e+00
    outer loop
      vertex  2.250000e+01  2.450000e+01 -2.000000e-01
      vertex  3.883075e+01 -1.781525e+01 -2.000000e-01
      vertex  3.836925e+01 -1.781525e+01 -2.000000e-01
    endloop
  endfacet
  facet normal  -0.000000e+00  0.000000e+00 -1.000000e+00
    outer loop
      vertex  2.250000e+01  2.450000e+01 -2.000000e-01
      vertex  3.836925e+01 -1.781525e+01 -2.000000e-01
      vertex  3.791404e+01 -1.789121e+01 -2.000000e-01
    endloop
  endfacet
  facet normal  -0.000000e+00  0.000000e+00 -1.000000e+00
    outer loop
      vertex  2.250000e+01  2.450000e+01 -2.000000e-01
      vertex  3.791404e+01 -1.789121e+01 -2.000000e-01
      vertex  3.747755e+01 -1.804107e+01 -2.000000e-01
    endloop
  endfacet
  facet normal  -0.000000e+00  0.000000e+00 -1.000000e+00
    outer loop
      vertex  2.250000e+01  2.450000e+01 -2.000000e-01
      vertex  3.747755e+01 -1.804107e+01 -2.000000e-01
      vertex  3.707167e+01 -1.826072e+01 -2.000000e-01
    endloop
  endfacet
  facet normal  -0.000000e+00  0.000000e+00 -1.000000e+00
    outer loop
      vertex  2.250000e+01  2.450000e+01 -2.000000e-01
      vertex  3.707167e+01 -1.826072e+01 -2.000000e-01
      vertex  3.670748e+01 -1.854417e+01 -2.000000e-01
    endloop
  endfacet
  facet normal  -0.000000e+00  0.000000e+00 -1.000000e+00
    outer loop
      vertex  2.250000e+01  2.450000e+01 -2.000000e-01
      vertex  3.670748e+01 -1.854417e+01 -2.000000e-01
      vertex  3.639491e+01 -1.888371e+01 -2.000000e-01
    endloop
  endfacet
  facet normal  -0.000000e+00  0.000000e+00 -1.000000e+00
    outer loop
      vertex  2.250000e+01  2.450000e+01 -2.000000e-01
      vertex  3.639491e+01 -1.888371e+01 -2.000000e-01
      vertex  3.614249e+01 -1.927007e+01 -2.000000e-01
    endloop
  endfacet
  facet normal  0.000000e+00  0.000000e+00 -1.000000e+00
    outer loop
      vertex -4.250000e+01 -2.450000e+01 -2.000000e-01
      vertex -4.250000e+01  2.450000e+01 -2.000000e-01
      vertex -4.139429e+01 -2.060000e+01 -2.000000e-01
    endloop
  endfacet
  facet normal  0.000000e+00  -0.000000e+00 -1.000000e+00
    outer loop
      vertex -4.250000e+01 -2.450000e+01 -2.000000e-01
      vertex -4.139429e+01 -2.060000e+01 -2.000000e-01
      vertex -4.135618e+01 -2.105993e+01 -2.000000e-01
    endloop
  endfacet
  facet normal  0.000000e+00  -0.000000e+00 -1.000000e+00
    outer loop
      vertex -4.250000e+01 -2.450000e+01 -2.000000e-01
      vertex -4.135618e+01 -2.105993e+01 -2.000000e-01
      vertex -4.124289e+01 -2.150731e+01 -2.000000e-01
    endloop
  endfacet
  facet normal  0.000000e+00  -0.000000e+00 -1.000000e+00
    outer loop
      vertex -4.250000e+01 -2.450000e+01 -2.000000e-01
      vertex -4.124289e+01 -2.150731e+01 -2.000000e-01
      vertex -4.105750e+01 -2.192994e+01 -2.000000e-01
    endloop
  endfacet
  facet normal  0.000000e+00  -0.000000e+00 -1.000000e+00
    outer loop
      vertex -4.250000e+01 -2.450000e+01 -2.000000e-01
      vertex -4.105750e+01 -2.192994e+01 -2.000000e-01
      vertex -4.080509e+01 -2.231629e+01 -2.000000e-01
    endloop
  endfacet
  facet normal  0.000000e+00  -0.000000e+00 -1.000000e+00
    outer loop
      vertex -4.250000e+01 -2.450000e+01 -2.000000e-01
      vertex -4.080509e+01 -2.231629e+01 -2.000000e-01
      vertex -4.049252e+01 -2.265582e+01 -2.000000e-01
    endloop
  endfacet
  facet normal  0.000000e+00  -0.000000e+00 -1.000000e+00
    outer loop
      vertex -4.250000e+01 -2.450000e+01 -2.000000e-01
      vertex -4.049252e+01 -2.265582e+01 -2.000000e-01
      vertex -4.012833e+01 -2.293929e+01 -2.000000e-01
    endloop
  endfacet
  facet normal  0.000000e+00  -0.000000e+00 -1.000000e+00
    outer loop
      vertex -4.250000e+01 -2.450000e+01 -2.000000e-01
      vertex -4.012833e+01 -2.293929e+01 -2.000000e-01
      vertex -3.972245e+01 -2.315894e+01 -2.000000e-01
    endloop
  endfacet
  facet normal  0.000000e+00  -0.000000e+00 -1.000000e+00
    outer loop
      vertex -4.250000e+01 -2.450000e+01 -2.000000e-01
      vertex -3.972245e+01 -2.315894e+01 -2.000000e-01
      vertex -3.928596e+01 -2.330878e+01 -2.000000e-01
    endloop
  endfacet
  facet normal  0.000000e+00  -0.000000e+00 -1.000000e+00
    outer loop
      vertex -4.250000e+01 -2.450000e+01 -2.000000e-01
      vertex -3.928596e+01 -2.330878e+01 -2.000000e-01
      vertex -3.883075e+01 -2.338474e+01 -2.000000e-01
    endloop
  endfacet
  facet normal  -0.000000e+00  0.000000e+00 -1.000000e+00
    outer loop
      vertex -2.060000e+01  3.690000e+01 -2.000000e-01
      vertex  2.060000e+01  3.690000e+01 -2.000000e-01
      vertex  1.682249e+01  3.328509e+01 -2.000000e-01
    endloop
  endfacet
  facet normal  0.000000e+00  0.000000e+00 -1.000000e+00
    outer loop
      vertex -2.060000e+01  3.690000e+01 -2.000000e-01
      vertex  1.682249e+01  3.328509e+01 -2.000000e-01
      vertex  1.637751e+01  3.328509e+01 -2.000000e-01
    endloop
  endfacet
  facet normal  0.000000e+00  0.000000e+00 -1.000000e+00
    outer loop
      vertex -2.060000e+01  3.690000e+01 -2.000000e-01
      vertex  1.637751e+01  3.328509e+01 -2.000000e-01
      vertex -1.547755e+01  3.335894e+01 -2.000000e-01
    endloop
  endfacet
  facet normal  0.000000e+00  0.000000e+00 -1.000000e+00
    outer loop
      vertex -2.060000e+01  3.690000e+01 -2.000000e-01
      vertex -1.547755e+01  3.335894e+01 -2.000000e-01
      vertex -1.591404e+01  3.350879e+01 -2.000000e-01
    endloop
  endfacet
  facet normal  0.000000e+00  0.000000e+00 -1.000000e+00
    outer loop
      vertex -2.060000e+01  3.690000e+01 -2.000000e-01
      vertex -1.591404e+01  3.350879e+01 -2.000000e-01
      vertex -1.636925e+01  3.358474e+01 -2.000000e-01
    endloop
  endfacet
  facet normal  0.000000e+00  0.000000e+00 -1.000000e+00
    outer loop
      vertex -2.060000e+01  3.690000e+01 -2.000000e-01
      vertex -1.636925e+01  3.358474e+01 -2.000000e-01
      vertex -1.683075e+01  3.358474e+01 -2.000000e-01
    endloop
  endfacet
  facet normal  -0.000000e+00  0.000000e+00 -1.000000e+00
    outer loop
      vertex -2.060000e+01  3.690000e+01 -2.000000e-01
      vertex -1.683075e+01  3.358474e+01 -2.000000e-01
      vertex -1.728596e+01  3.350879e+01 -2.000000e-01
    endloop
  endfacet
  facet normal  -0.000000e+00  0.000000e+00 -1.000000e+00
    outer loop
      vertex -2.060000e+01  3.690000e+01 -2.000000e-01
      vertex -1.728596e+01  3.350879e+01 -2.000000e-01
      vertex -1.772245e+01  3.335894e+01 -2.000000e-01
    endloop
  endfacet
  facet normal  -0.000000e+00  0.000000e+00 -1.000000e+00
    outer loop
      vertex -2.060000e+01  3.690000e+01 -2.000000e-01
      vertex -1.772245e+01  3.335894e+01 -2.000000e-01
      vertex -1.812833e+01  3.313929e+01 -2.000000e-01
    endloop
  endfacet
  facet normal  -0.000000e+00  0.000000e+00 -1.000000e+00
    outer loop
      vertex -2.060000e+01  3.690000e+01 -2.000000e-01
      vertex -1.812833e+01  3.313929e+01 -2.000000e-01
      vertex -1.849252e+01  3.285583e+01 -2.000000e-01
    endloop
  endfacet
  facet normal  -0.000000e+00  0.000000e+00 -1.000000e+00
    outer loop
      vertex -2.060000e+01  3.690000e+01 -2.000000e-01
      vertex -1.849252e+01  3.285583e+01 -2.000000e-01
      vertex -1.880509e+01  3.251629e+01 -2.000000e-01
    endloop
  endfacet
  facet normal  -0.000000e+00  0.000000e+00 -1.000000e+00
    outer loop
      vertex -2.060000e+01  3.690000e+01 -2.000000e-01
      vertex -1.880509e+01  3.251629e+01 -2.000000e-01
      vertex -1.905750e+01  3.212994e+01 -2.000000e-01
    endloop
  endfacet
  facet normal  -0.000000e+00  0.000000e+00 -1.000000e+00
    outer loop
      vertex -2.060000e+01  3.690000e+01 -2.000000e-01
      vertex -1.905750e+01  3.212994e+01 -2.000000e-01
      vertex -1.924289e+01  3.170730e+01 -2.000000e-01
    endloop
  endfacet
  facet normal  -0.000000e+00  0.000000e+00 -1.000000e+00
    outer loop
      vertex -2.060000e+01  3.690000e+01 -2.000000e-01
      vertex -1.924289e+01  3.170730e+01 -2.000000e-01
      vertex -1.935618e+01  3.125993e+01 -2.000000e-01
    endloop
  endfacet
  facet normal  -0.000000e+00  0.000000e+00 -9.999999e-01
    outer loop
      vertex -2.060000e+01  3.690000e+01 -2.000000e-01
      vertex -1.935618e+01  3.125993e+01 -2.000000e-01
      vertex -1.939429e+01  3.080000e+01 -2.000000e-01
    endloop
  endfacet
  facet normal  -0.000000e+00  -0.000000e+00 -9.999999e-01
    outer loop
      vertex -2.060000e+01  3.690000e+01 -2.000000e-01
      vertex -1.939429e+01  3.080000e+01 -2.000000e-01
      vertex -1.935618e+01  3.034007e+01 -2.000000e-01
    endloop
  endfacet
  facet normal  0.000000e+00  0.000000e+00 -1.000000e+00
    outer loop
      vertex -2.250000e+01  2.450000e+01 -2.000000e-01
      vertex -2.250000e+01  3.850000e+01 -2.000000e-01
      vertex -2.060000e+01  3.850000e+01 -2.000000e-01
    endloop
  endfacet
  facet normal  0.000000e+00  -0.000000e+00 -1.000000e+00
    outer loop
      vertex -2.250000e+01  2.450000e+01 -2.000000e-01
      vertex -2.060000e+01  3.850000e+01 -2.000000e-01
      vertex -2.060000e+01  3.690000e+01 -2.000000e-01
    endloop
  endfacet
  facet normal  0.000000e+00  -0.000000e+00 -1.000000e+00
    outer loop
      vertex -2.250000e+01  2.450000e+01 -2.000000e-01
      vertex -2.060000e+01  3.690000e+01 -2.000000e-01
      vertex -1.935618e+01  3.034007e+01 -2.000000e-01
    endloop
  endfacet
  facet normal  0.000000e+00  -0.000000e+00 -1.000000e+00
    outer loop
      vertex -2.250000e+01  2.450000e+01 -2.000000e-01
      vertex -1.935618e+01  3.034007e+01 -2.000000e-01
      vertex -1.924289e+01  2.989270e+01 -2.000000e-01
    endloop
  endfacet
  facet normal  0.000000e+00  -0.000000e+00 -9.999999e-01
    outer loop
      vertex -2.250000e+01  2.450000e+01 -2.000000e-01
      vertex -1.924289e+01  2.989270e+01 -2.000000e-01
      vertex -1.905750e+01  2.947007e+01 -2.000000e-01
    endloop
  endfacet
  facet normal  0.000000e+00  -0.000000e+00 -1.000000e+00
    outer loop
      vertex -2.250000e+01  2.450000e+01 -2.000000e-01
      vertex -1.905750e+01  2.947007e+01 -2.000000e-01
      vertex -1.880509e+01  2.908371e+01 -2.000000e-01
    endloop
  endfacet
  facet normal  0.000000e+00  -0.000000e+00 -1.000000e+00
    outer loop
      vertex -2.250000e+01  2.450000e+01 -2.000000e-01
      vertex -1.880509e+01  2.908371e+01 -2.000000e-01
      vertex -1.849252e+01  2.874417e+01 -2.000000e-01
    endloop
  endfacet
  facet normal  0.000000e+00  -0.000000e+00 -1.000000e+00
    outer loop
      vertex -2.250000e+01  2.450000e+01 -2.000000e-01
      vertex -1.849252e+01  2.874417e+01 -2.000000e-01
      vertex -1.812833e+01  2.846071e+01 -2.000000e-01
    endloop
  endfacet
  facet normal  0.000000e+00  -0.000000e+00 -1.000000e+00
    outer loop
      vertex -2.250000e+01  2.450000e+01 -2.000000e-01
      vertex -1.812833e+01  2.846071e+01 -2.000000e-01
      vertex -1.772245e+01  2.824106e+01 -2.000000e-01
    endloop
  endfacet
  facet normal  0.000000e+00  -0.000000e+00 -1.000000e+00
    outer loop
      vertex -2.250000e+01  2.450000e+01 -2.000000e-01
      vertex -1.772245e+01  2.824106e+01 -2.000000e-01
      vertex -1.728596e+01  2.809122e+01 -2.000000e-01
    endloop
  endfacet
  facet normal  0.000000e+00  -0.000000e+00 -1.000000e+00
    outer loop
      vertex -2.250000e+01  2.450000e+01 -2.000000e-01
      vertex -1.728596e+01  2.809122e+01 -2.000000e-01
      vertex -1.683075e+01  2.801525e+01 -2.000000e-01
    endloop
  endfacet
  facet normal  0.000000e+00  0.000000e+00 -1.000000e+00
    outer loop
      vertex -2.250000e+01  2.450000e+01 -2.000000e-01
      vertex -1.683075e+01  2.801525e+01 -2.000000e-01
      vertex -1.780000e+01 -1.950000e+01 -2.000000e-01
    endloop
  endfacet
  facet normal  0.000000e+00  0.000000e+00 -1.000000e+00
    outer loop
      vertex -2.250000e+01  2.450000e+01 -2.000000e-01
      vertex -1.780000e+01 -1.950000e+01 -2.000000e-01
      vertex -3.614249e+01 -1.927007e+01 -2.000000e-01
    endloop
  endfacet
  facet normal  0.000000e+00  0.000000e+00 -1.000000e+00
    outer loop
      vertex -2.250000e+01  2.450000e+01 -2.000000e-01
      vertex -3.614249e+01 -1.927007e+01 -2.000000e-01
      vertex -3.639491e+01 -1.888371e+01 -2.000000e-01
    endloop
  endfacet
  facet normal  0.000000e+00  0.000000e+00 -1.000000e+00
    outer loop
      vertex -2.250000e+01  2.450000e+01 -2.000000e-01
      vertex -3.639491e+01 -1.888371e+01 -2.000000e-01
      vertex -3.670748e+01 -1.854417e+01 -2.000000e-01
    endloop
  endfacet
  facet normal  0.000000e+00  0.000000e+00 -1.000000e+00
    outer loop
      vertex -2.250000e+01  2.450000e+01 -2.000000e-01
      vertex -3.670748e+01 -1.854417e+01 -2.000000e-01
      vertex -3.707167e+01 -1.826072e+01 -2.000000e-01
    endloop
  endfacet
  facet normal  0.000000e+00  0.000000e+00 -1.000000e+00
    outer loop
      vertex -2.250000e+01  2.450000e+01 -2.000000e-01
      vertex -3.707167e+01 -1.826072e+01 -2.000000e-01
      vertex -3.747755e+01 -1.804107e+01 -2.000000e-01
    endloop
  endfacet
  facet normal  0.000000e+00  0.000000e+00 -1.000000e+00
    outer loop
      vertex -2.250000e+01  2.450000e+01 -2.000000e-01
      vertex -3.747755e+01 -1.804107e+01 -2.000000e-01
      vertex -3.791404e+01 -1.789121e+01 -2.000000e-01
    endloop
  endfacet
  facet normal  0.000000e+00  0.000000e+00 -1.000000e+00
    outer loop
      vertex -2.250000e+01  2.450000e+01 -2.000000e-01
      vertex -3.791404e+01 -1.789121e+01 -2.000000e-01
      vertex -3.836925e+01 -1.781525e+01 -2.000000e-01
    endloop
  endfacet
  facet normal  0.000000e+00  0.000000e+00 -1.000000e+00
    outer loop
      vertex -2.250000e+01  2.450000e+01 -2.000000e-01
      vertex -3.836925e+01 -1.781525e+01 -2.000000e-01
      vertex -3.883075e+01 -1.781525e+01 -2.000000e-01
    endloop
  endfacet
  facet normal  0.000000e+00  0.000000e+00 -1.000000e+00
    outer loop
      vertex -2.250000e+01  2.450000e+01 -2.000000e-01
      vertex -3.883075e+01 -1.781525e+01 -2.000000e-01
      vertex -4.250000e+01  2.450000e+01 -2.000000e-01
    endloop
  endfacet
  facet normal  0.000000e+00  -0.000000e+00 -1.000000e+00
    outer loop
      vertex -1.780000e+01 -1.950000e+01 -2.000000e-01
      vertex -1.683075e+01  2.801525e+01 -2.000000e-01
      vertex -1.636925e+01  2.801525e+01 -2.000000e-01
    endloop
  endfacet
  facet normal  0.000000e+00  -0.000000e+00 -1.000000e+00
    outer loop
      vertex -1.780000e+01 -1.950000e+01 -2.000000e-01
      vertex -1.636925e+01  2.801525e+01 -2.000000e-01
      vertex  1.593859e+01  2.798816e+01 -2.000000e-01
    endloop
  endfacet
  facet normal  0.000000e+00  -0.000000e+00 -1.000000e+00
    outer loop
      vertex -1.780000e+01 -1.950000e+01 -2.000000e-01
      vertex  1.593859e+01  2.798816e+01 -2.000000e-01
      vertex  1.637751e+01  2.791491e+01 -2.000000e-01
    endloop
  endfacet
  facet normal  -0.000000e+00  0.000000e+00 -1.000000e+00
    outer loop
      vertex -4.250000e+01  2.450000e+01 -2.000000e-01
      vertex -3.883075e+01 -1.781525e+01 -2.000000e-01
      vertex -3.928596e+01 -1.789121e+01 -2.000000e-01
    endloop
  endfacet
  facet normal  -0.000000e+00  0.000000e+00 -1.000000e+00
    outer loop
      vertex -4.250000e+01  2.450000e+01 -2.000000e-01
      vertex -3.928596e+01 -1.789121e+01 -2.000000e-01
      vertex -3.972245e+01 -1.804107e+01 -2.000000e-01
    endloop
  endfacet
  facet normal  -0.000000e+00  0.000000e+00 -1.000000e+00
    outer loop
      vertex -4.250000e+01  2.450000e+01 -2.000000e-01
      vertex -3.972245e+01 -1.804107e+01 -2.000000e-01
      vertex -4.012833e+01 -1.826072e+01 -2.000000e-01
    endloop
  endfacet
  facet normal  -0.000000e+00  0.000000e+00 -1.000000e+00
    outer loop
      vertex -4.250000e+01  2.450000e+01 -2.000000e-01
      vertex -4.012833e+01 -1.826072e+01 -2.000000e-01
      vertex -4.049252e+01 -1.854417e+01 -2.000000e-01
    endloop
  endfacet
  facet normal  -0.000000e+00  0.000000e+00 -1.000000e+00
    outer loop
      vertex -4.250000e+01  2.450000e+01 -2.000000e-01
      vertex -4.049252e+01 -1.854417e+01 -2.000000e-01
      vertex -4.080509e+01 -1.888371e+01 -2.000000e-01
    endloop
  endfacet
  facet normal  -0.000000e+00  0.000000e+00 -1.000000e+00
    outer loop
      vertex -4.250000e+01  2.450000e+01 -2.000000e-01
      vertex -4.080509e+01 -1.888371e+01 -2.000000e-01
      vertex -4.105750e+01 -1.927007e+01 -2.000000e-01
    endloop
  endfacet
  facet normal  -0.000000e+00  0.000000e+00 -1.000000e+00
    outer loop
      vertex -4.250000e+01  2.450000e+01 -2.000000e-01
      vertex -4.105750e+01 -1.927007e+01 -2.000000e-01
      vertex -4.124289e+01 -1.969270e+01 -2.000000e-01
    endloop
  endfacet
  facet normal  -0.000000e+00  0.000000e+00 -1.000000e+00
    outer loop
      vertex -4.250000e+01  2.450000e+01 -2.000000e-01
      vertex -4.124289e+01 -1.969270e+01 -2.000000e-01
      vertex -4.135618e+01 -2.014008e+01 -2.000000e-01
    endloop
  endfacet
  facet normal  -0.000000e+00  0.000000e+00 -1.000000e+00
    outer loop
      vertex -4.250000e+01  2.450000e+01 -2.000000e-01
      vertex -4.135618e+01 -2.014008e+01 -2.000000e-01
      vertex -4.139429e+01 -2.060000e+01 -2.000000e-01
    endloop
  endfacet
  facet normal  0.000000e+00  0.000000e+00 -1.000000e+00
    outer loop
      vertex -1.780000e+01 -1.950000e+01 -2.000000e-01
      vertex -3.791404e+01 -2.330878e+01 -2.000000e-01
      vertex -3.747755e+01 -2.315894e+01 -2.000000e-01
    endloop
  endfacet
  facet normal  0.000000e+00  0.000000e+00 -1.000000e+00
    outer loop
      vertex -1.780000e+01 -1.950000e+01 -2.000000e-01
      vertex -3.747755e+01 -2.315894e+01 -2.000000e-01
      vertex -3.707167e+01 -2.293929e+01 -2.000000e-01
    endloop
  endfacet
  facet normal  0.000000e+00  0.000000e+00 -1.000000e+00
    outer loop
      vertex -1.780000e+01 -1.950000e+01 -2.000000e-01
      vertex -3.707167e+01 -2.293929e+01 -2.000000e-01
      vertex -3.670748e+01 -2.265582e+01 -2.000000e-01
    endloop
  endfacet
  facet normal  0.000000e+00  0.000000e+00 -1.000000e+00
    outer loop
      vertex -1.780000e+01 -1.950000e+01 -2.000000e-01
      vertex -3.670748e+01 -2.265582e+01 -2.000000e-01
      vertex -3.639491e+01 -2.231629e+01 -2.000000e-01
    endloop
  endfacet
  facet normal  0.000000e+00  0.000000e+00 -1.000000e+00
    outer loop
      vertex -1.780000e+01 -1.950000e+01 -2.000000e-01
      vertex -3.639491e+01 -2.231629e+01 -2.000000e-01
      vertex -3.614249e+01 -2.192994e+01 -2.000000e-01
    endloop
  endfacet
  facet normal  0.000000e+00  0.000000e+00 -1.000000e+00
    outer loop
      vertex -1.780000e+01 -1.950000e+01 -2.000000e-01
      vertex -3.614249e+01 -2.192994e+01 -2.000000e-01
      vertex -3.595711e+01 -2.150731e+01 -2.000000e-01
    endloop
  endfacet
  facet normal  0.000000e+00  0.000000e+00 -1.000000e+00
    outer loop
      vertex -1.780000e+01 -1.950000e+01 -2.000000e-01
      vertex -3.595711e+01 -2.150731e+01 -2.000000e-01
      vertex -3.584382e+01 -2.105993e+01 -2.000000e-01
    endloop
  endfacet
  facet normal  0.000000e+00  0.000000e+00 -1.000000e+00
    outer loop
      vertex -1.780000e+01 -1.950000e+01 -2.000000e-01
      vertex -3.584382e+01 -2.105993e+01 -2.000000e-01
      vertex -3.580571e+01 -2.060000e+01 -2.000000e-01
    endloop
  endfacet
  facet normal  0.000000e+00  0.000000e+00 -1.000000e+00
    outer loop
      vertex -1.780000e+01 -1.950000e+01 -2.000000e-01
      vertex -3.580571e+01 -2.060000e+01 -2.000000e-01
      vertex -3.584382e+01 -2.014008e+01 -2.000000e-01
    endloop
  endfacet
  facet normal  0.000000e+00  0.000000e+00 -1.000000e+00
    outer loop
      vertex -1.780000e+01 -1.950000e+01 -2.000000e-01
      vertex -3.584382e+01 -2.014008e+01 -2.000000e-01
      vertex -3.595711e+01 -1.969270e+01 -2.000000e-01
    endloop
  endfacet
  facet normal  0.000000e+00  0.000000e+00 -1.000000e+00
    outer loop
      vertex -1.780000e+01 -1.950000e+01 -2.000000e-01
      vertex -3.595711e+01 -1.969270e+01 -2.000000e-01
      vertex -3.614249e+01 -1.927007e+01 -2.000000e-01
    endloop
  endfacet
  facet normal  0.000000e+00  0.000000e+00 -1.000000e+00
    outer loop
      vertex  2.060000e+01 -1.950000e+01 -2.000000e-01
      vertex  3.614249e+01 -1.927007e+01 -2.000000e-01
      vertex  3.595711e+01 -1.969270e+01 -2.000000e-01
    endloop
  endfacet
  facet normal  -0.000000e+00  0.000000e+00 -1.000000e+00
    outer loop
      vertex  2.060000e+01 -1.950000e+01 -2.000000e-01
      vertex  3.595711e+01 -1.969270e+01 -2.000000e-01
      vertex  3.584382e+01 -2.014008e+01 -2.000000e-01
    endloop
  endfacet
  facet normal  -0.000000e+00  0.000000e+00 -1.000000e+00
    outer loop
      vertex  2.060000e+01 -1.950000e+01 -2.000000e-01
      vertex  3.584382e+01 -2.014008e+01 -2.000000e-01
      vertex  3.580571e+01 -2.060000e+01 -2.000000e-01
    endloop
  endfacet
  facet normal  -0.000000e+00  -0.000000e+00 -1.000000e+00
    outer loop
      vertex  2.060000e+01 -1.950000e+01 -2.000000e-01
      vertex  3.580571e+01 -2.060000e+01 -2.000000e-01
      vertex  3.584382e+01 -2.105993e+01 -2.000000e-01
    endloop
  endfacet
  facet normal  -0.000000e+00  -0.000000e+00 -1.000000e+00
    outer loop
      vertex  2.060000e+01 -1.950000e+01 -2.000000e-01
      vertex  3.584382e+01 -2.105993e+01 -2.000000e-01
      vertex  3.595711e+01 -2.150731e+01 -2.000000e-01
    endloop
  endfacet
  facet normal  -0.000000e+00  -0.000000e+00 -1.000000e+00
    outer loop
      vertex  2.060000e+01 -1.950000e+01 -2.000000e-01
      vertex  3.595711e+01 -2.150731e+01 -2.000000e-01
      vertex  3.614249e+01 -2.192994e+01 -2.000000e-01
    endloop
  endfacet
  facet normal  -0.000000e+00  -0.000000e+00 -1.000000e+00
    outer loop
      vertex  2.060000e+01 -1.950000e+01 -2.000000e-01
      vertex  3.614249e+01 -2.192994e+01 -2.000000e-01
      vertex  3.639491e+01 -2.231629e+01 -2.000000e-01
    endloop
  endfacet
  facet normal  -0.000000e+00  -0.000000e+00 -1.000000e+00
    outer loop
      vertex  2.060000e+01 -1.950000e+01 -2.000000e-01
      vertex  3.639491e+01 -2.231629e+01 -2.000000e-01
      vertex  3.670748e+01 -2.265582e+01 -2.000000e-01
    endloop
  endfacet
  facet normal  -0.000000e+00  -0.000000e+00 -1.000000e+00
    outer loop
      vertex  2.060000e+01 -1.950000e+01 -2.000000e-01
      vertex  3.670748e+01 -2.265582e+01 -2.000000e-01
      vertex  3.707167e+01 -2.293929e+01 -2.000000e-01
    endloop
  endfacet
  facet normal  -0.000000e+00  -0.000000e+00 -1.000000e+00
    outer loop
      vertex  2.060000e+01 -1.950000e+01 -2.000000e-01
      vertex  3.707167e+01 -2.293929e+01 -2.000000e-01
      vertex  3.747755e+01 -2.315894e+01 -2.000000e-01
    endloop
  endfacet
  facet normal  -0.000000e+00  -0.000000e+00 -9.999999e-01
    outer loop
      vertex  2.060000e+01 -1.950000e+01 -2.000000e-01
      vertex  3.747755e+01 -2.315894e+01 -2.000000e-01
      vertex  3.791404e+01 -2.330878e+01 -2.000000e-01
    endloop
  endfacet
  facet normal  0.000000e+00  0.000000e+00 -1.000000e+00
    outer loop
      vertex  2.060000e+01  3.690000e+01 -2.000000e-01
      vertex  1.925754e+01  3.015653e+01 -2.000000e-01
      vertex  1.929429e+01  3.060000e+01 -2.000000e-01
    endloop
  endfacet
  facet normal  0.000000e+00  0.000000e+00 -9.999999e-01
    outer loop
      vertex  2.060000e+01  3.690000e+01 -2.000000e-01
      vertex  1.929429e+01  3.060000e+01 -2.000000e-01
      vertex  1.925754e+01  3.104346e+01 -2.000000e-01
    endloop
  endfacet
  facet normal  0.000000e+00  0.000000e+00 -1.000000e+00
    outer loop
      vertex  2.060000e+01  3.690000e+01 -2.000000e-01
      vertex  1.925754e+01  3.104346e+01 -2.000000e-01
      vertex  1.914831e+01  3.147483e+01 -2.000000e-01
    endloop
  endfacet
  facet normal  0.000000e+00  0.000000e+00 -9.999999e-01
    outer loop
      vertex  2.060000e+01  3.690000e+01 -2.000000e-01
      vertex  1.914831e+01  3.147483e+01 -2.000000e-01
      vertex  1.896956e+01  3.188234e+01 -2.000000e-01
    endloop
  endfacet
  facet normal  0.000000e+00  0.000000e+00 -1.000000e+00
    outer loop
      vertex  2.060000e+01  3.690000e+01 -2.000000e-01
      vertex  1.896956e+01  3.188234e+01 -2.000000e-01
      vertex  1.872617e+01  3.225487e+01 -2.000000e-01
    endloop
  endfacet
  facet normal  0.000000e+00  0.000000e+00 -1.000000e+00
    outer loop
      vertex  2.060000e+01  3.690000e+01 -2.000000e-01
      vertex  1.872617e+01  3.225487e+01 -2.000000e-01
      vertex  1.842479e+01  3.258225e+01 -2.000000e-01
    endloop
  endfacet
  facet normal  0.000000e+00  0.000000e+00 -1.000000e+00
    outer loop
      vertex  2.060000e+01  3.690000e+01 -2.000000e-01
      vertex  1.842479e+01  3.258225e+01 -2.000000e-01
      vertex  1.807364e+01  3.285557e+01 -2.000000e-01
    endloop
  endfacet
  facet normal  0.000000e+00  0.000000e+00 -1.000000e+00
    outer loop
      vertex  2.060000e+01  3.690000e+01 -2.000000e-01
      vertex  1.807364e+01  3.285557e+01 -2.000000e-01
      vertex  1.768228e+01  3.306736e+01 -2.000000e-01
    endloop
  endfacet
  facet normal  0.000000e+00  0.000000e+00 -1.000000e+00
    outer loop
      vertex  2.060000e+01  3.690000e+01 -2.000000e-01
      vertex  1.768228e+01  3.306736e+01 -2.000000e-01
      vertex  1.726141e+01  3.321185e+01 -2.000000e-01
    endloop
  endfacet
  facet normal  0.000000e+00  0.000000e+00 -1.000000e+00
    outer loop
      vertex  2.060000e+01  3.690000e+01 -2.000000e-01
      vertex  1.726141e+01  3.321185e+01 -2.000000e-01
      vertex  1.682249e+01  3.328509e+01 -2.000000e-01
    endloop
  endfacet
  facet normal  0.000000e+00  0.000000e+00 -1.000000e+00
    outer loop
      vertex  2.250000e+01  2.450000e+01 -2.000000e-01
      vertex  1.682249e+01  2.791491e+01 -2.000000e-01
      vertex  1.726141e+01  2.798816e+01 -2.000000e-01
    endloop
  endfacet
  facet normal  0.000000e+00  0.000000e+00 -9.999999e-01
    outer loop
      vertex  2.250000e+01  2.450000e+01 -2.000000e-01
      vertex  1.726141e+01  2.798816e+01 -2.000000e-01
      vertex  1.768228e+01  2.813264e+01 -2.000000e-01
    endloop
  endfacet
  facet normal  0.000000e+00  0.000000e+00 -1.000000e+00
    outer loop
      vertex  2.250000e+01  2.450000e+01 -2.000000e-01
      vertex  1.768228e+01  2.813264e+01 -2.000000e-01
      vertex  1.807364e+01  2.834443e+01 -2.000000e-01
    endloop
  endfacet
  facet normal  0.000000e+00  0.000000e+00 -9.999999e-01
    outer loop
      vertex  2.250000e+01  2.450000e+01 -2.000000e-01
      vertex  1.807364e+01  2.834443e+01 -2.000000e-01
      vertex  1.842479e+01  2.861775e+01 -2.000000e-01
    endloop
  endfacet
  facet normal  0.000000e+00  0.000000e+00 -1.000000e+00
    outer loop
      vertex  2.250000e+01  2.450000e+01 -2.000000e-01
      vertex  1.842479e+01  2.861775e+01 -2.000000e-01
      vertex  1.872617e+01  2.894513e+01 -2.000000e-01
    endloop
  endfacet
  facet normal  0.000000e+00  0.000000e+00 -1.000000e+00
    outer loop
      vertex  2.250000e+01  2.450000e+01 -2.000000e-01
      vertex  1.872617e+01  2.894513e+01 -2.000000e-01
      vertex  1.896956e+01  2.931766e+01 -2.000000e-01
    endloop
  endfacet
  facet normal  0.000000e+00  0.000000e+00 -1.000000e+00
    outer loop
      vertex  2.250000e+01  2.450000e+01 -2.000000e-01
      vertex  1.896956e+01  2.931766e+01 -2.000000e-01
      vertex  1.914831e+01  2.972517e+01 -2.000000e-01
    endloop
  endfacet
  facet normal  0.000000e+00  0.000000e+00 -1.000000e+00
    outer loop
      vertex  2.250000e+01  2.450000e+01 -2.000000e-01
      vertex  1.914831e+01  2.972517e+01 -2.000000e-01
      vertex  1.925754e+01  3.015653e+01 -2.000000e-01
    endloop
  endfacet
  facet normal  0.000000e+00  0.000000e+00 -1.000000e+00
    outer loop
      vertex  2.250000e+01  2.450000e+01 -2.000000e-01
      vertex  1.925754e+01  3.015653e+01 -2.000000e-01
      vertex  2.060000e+01  3.690000e+01 -2.000000e-01
    endloop
  endfacet
  facet normal  0.000000e+00  0.000000e+00 -1.000000e+00
    outer loop
      vertex  2.250000e+01  2.450000e+01 -2.000000e-01
      vertex  2.060000e+01  3.690000e+01 -2.000000e-01
      vertex  2.060000e+01  3.850000e+01 -2.000000e-01
    endloop
  endfacet
  facet normal  0.000000e+00  0.000000e+00 -1.000000e+00
    outer loop
      vertex  2.250000e+01  2.450000e+01 -2.000000e-01
      vertex  2.060000e+01  3.850000e+01 -2.000000e-01
      vertex  2.250000e+01  3.850000e+01 -2.000000e-01
    endloop
  endfacet
  facet normal  0.000000e+00  0.000000e+00 -1.000000e+00
    outer loop
      vertex  4.250000e+01  2.450000e+01 -2.000000e-01
      vertex  4.139429e+01 -2.060000e+01 -2.000000e-01
      vertex  4.135618e+01 -2.014008e+01 -2.000000e-01
    endloop
  endfacet
  facet normal  0.000000e+00  0.000000e+00 -1.000000e+00
    outer loop
      vertex  4.250000e+01  2.450000e+01 -2.000000e-01
      vertex  4.135618e+01 -2.014008e+01 -2.000000e-01
      vertex  4.124289e+01 -1.969270e+01 -2.000000e-01
    endloop
  endfacet
  facet normal  0.000000e+00  0.000000e+00 -1.000000e+00
    outer loop
      vertex  4.250000e+01  2.450000e+01 -2.000000e-01
      vertex  4.124289e+01 -1.969270e+01 -2.000000e-01
      vertex  4.105750e+01 -1.927007e+01 -2.000000e-01
    endloop
  endfacet
  facet normal  0.000000e+00  0.000000e+00 -1.000000e+00
    outer loop
      vertex  4.250000e+01  2.450000e+01 -2.000000e-01
      vertex  4.105750e+01 -1.927007e+01 -2.000000e-01
      vertex  4.080509e+01 -1.888371e+01 -2.000000e-01
    endloop
  endfacet
  facet normal  0.000000e+00  0.000000e+00 -1.000000e+00
    outer loop
      vertex  4.250000e+01  2.450000e+01 -2.000000e-01
      vertex  4.080509e+01 -1.888371e+01 -2.000000e-01
      vertex  4.049252e+01 -1.854417e+01 -2.000000e-01
    endloop
  endfacet
  facet normal  0.000000e+00  0.000000e+00 -1.000000e+00
    outer loop
      vertex  4.250000e+01  2.450000e+01 -2.000000e-01
      vertex  4.049252e+01 -1.854417e+01 -2.000000e-01
      vertex  4.012833e+01 -1.826072e+01 -2.000000e-01
    endloop
  endfacet
  facet normal  0.000000e+00  0.000000e+00 -1.000000e+00
    outer loop
      vertex  4.250000e+01  2.450000e+01 -2.000000e-01
      vertex  4.012833e+01 -1.826072e+01 -2.000000e-01
      vertex  3.972245e+01 -1.804107e+01 -2.000000e-01
    endloop
  endfacet
  facet normal  0.000000e+00  0.000000e+00 -1.000000e+00
    outer loop
      vertex  4.250000e+01  2.450000e+01 -2.000000e-01
      vertex  3.972245e+01 -1.804107e+01 -2.000000e-01
      vertex  3.928596e+01 -1.789121e+01 -2.000000e-01
    endloop
  endfacet
  facet normal  0.000000e+00  0.000000e+00 -9.999999e-01
    outer loop
      vertex  4.250000e+01  2.450000e+01 -2.000000e-01
      vertex  3.928596e+01 -1.789121e+01 -2.000000e-01
      vertex  3.883075e+01 -1.781525e+01 -2.000000e-01
    endloop
  endfacet
  facet normal  0.000000e+00  0.000000e+00 -1.000000e+00
    outer loop
      vertex  4.250000e+01 -2.450000e+01 -2.000000e-01
      vertex  3.883075e+01 -2.338474e+01 -2.000000e-01
      vertex  3.928596e+01 -2.330878e+01 -2.000000e-01
    endloop
  endfacet
  facet normal  0.000000e+00  0.000000e+00 -1.000000e+00
    outer loop
      vertex  4.250000e+01 -2.450000e+01 -2.000000e-01
      vertex  3.928596e+01 -2.330878e+01 -2.000000e-01
      vertex  3.972245e+01 -2.315894e+01 -2.000000e-01
    endloop
  endfacet
  facet normal  0.000000e+00  0.000000e+00 -1.000000e+00
    outer loop
      vertex  4.250000e+01 -2.450000e+01 -2.000000e-01
      vertex  3.972245e+01 -2.315894e+01 -2.000000e-01
      vertex  4.012833e+01 -2.293929e+01 -2.000000e-01
    endloop
  endfacet
  facet normal  0.000000e+00  0.000000e+00 -1.000000e+00
    outer loop
      vertex  4.250000e+01 -2.450000e+01 -2.000000e-01
      vertex  4.012833e+01 -2.293929e+01 -2.000000e-01
      vertex  4.049252e+01 -2.265582e+01 -2.000000e-01
    endloop
  endfacet
  facet normal  0.000000e+00  0.000000e+00 -1.000000e+00
    outer loop
      vertex  4.250000e+01 -2.450000e+01 -2.000000e-01
      vertex  4.049252e+01 -2.265582e+01 -2.000000e-01
      vertex  4.080509e+01 -2.231629e+01 -2.000000e-01
    endloop
  endfacet
  facet normal  0.000000e+00  0.000000e+00 -1.000000e+00
    outer loop
      vertex  4.250000e+01 -2.450000e+01 -2.000000e-01
      vertex  4.080509e+01 -2.231629e+01 -2.000000e-01
      vertex  4.105750e+01 -2.192994e+01 -2.000000e-01
    endloop
  endfacet
  facet normal  0.000000e+00  0.000000e+00 -1.000000e+00
    outer loop
      vertex  4.250000e+01 -2.450000e+01 -2.000000e-01
      vertex  4.105750e+01 -2.192994e+01 -2.000000e-01
      vertex  4.124289e+01 -2.150731e+01 -2.000000e-01
    endloop
  endfacet
  facet normal  0.000000e+00  0.000000e+00 -1.000000e+00
    outer loop
      vertex  4.250000e+01 -2.450000e+01 -2.000000e-01
      vertex  4.124289e+01 -2.150731e+01 -2.000000e-01
      vertex  4.135618e+01 -2.105993e+01 -2.000000e-01
    endloop
  endfacet
  facet normal  0.000000e+00  0.000000e+00 -1.000000e+00
    outer loop
      vertex  4.250000e+01 -2.450000e+01 -2.000000e-01
      vertex  4.135618e+01 -2.105993e+01 -2.000000e-01
      vertex  4.139429e+01 -2.060000e+01 -2.000000e-01
    endloop
  endfacet
  facet normal  0.000000e+00  0.000000e+00 -1.000000e+00
    outer loop
      vertex  4.250000e+01 -2.450000e+01 -2.000000e-01
      vertex  4.139429e+01 -2.060000e+01 -2.000000e-01
      vertex  4.250000e+01  2.450000e+01 -2.000000e-01
    endloop
  endfacet
  facet normal  0.000000e+00  0.000000e+00 -1.000000e+00
    outer loop
      vertex  2.250000e+01  2.450000e+01 -2.000000e-01
      vertex  3.614249e+01 -1.927007e+01 -2.000000e-01
      vertex  1.682249e+01  2.791491e+01 -2.000000e-01
    endloop
  endfacet
  facet normal  0.000000e+00  0.000000e+00 -1.000000e+00
    outer loop
      vertex  1.682249e+01  2.791491e+01 -2.000000e-01
      vertex  3.614249e+01 -1.927007e+01 -2.000000e-01
      vertex  2.060000e+01 -1.950000e+01 -2.000000e-01
    endloop
  endfacet
  facet normal  0.000000e+00  0.000000e+00 -1.000000e+00
    outer loop
      vertex  1.682249e+01  2.791491e+01 -2.000000e-01
      vertex  2.060000e+01 -1.950000e+01 -2.000000e-01
      vertex  1.637751e+01  2.791491e+01 -2.000000e-01
    endloop
  endfacet
  facet normal  0.000000e+00  -0.000000e+00 -1.000000e+00
    outer loop
      vertex  1.637751e+01  2.791491e+01 -2.000000e-01
      vertex  2.060000e+01 -1.950000e+01 -2.000000e-01
      vertex -1.780000e+01 -1.950000e+01 -2.000000e-01
    endloop
  endfacet
  facet normal  0.000000e+00  0.000000e+00 -1.000000e+00
    outer loop
      vertex  1.593859e+01  2.798816e+01 -2.000000e-01
      vertex -1.636925e+01  2.801525e+01 -2.000000e-01
      vertex  1.551772e+01  2.813264e+01 -2.000000e-01
    endloop
  endfacet
  facet normal  0.000000e+00  0.000000e+00 -1.000000e+00
    outer loop
      vertex  1.551772e+01  2.813264e+01 -2.000000e-01
      vertex -1.636925e+01  2.801525e+01 -2.000000e-01
      vertex -1.591404e+01  2.809122e+01 -2.000000e-01
    endloop
  endfacet
  facet normal  0.000000e+00  0.000000e+00 -1.000000e+00
    outer loop
      vertex  1.551772e+01  2.813264e+01 -2.000000e-01
      vertex -1.591404e+01  2.809122e+01 -2.000000e-01
      vertex  1.512636e+01  2.834443e+01 -2.000000e-01
    endloop
  endfacet
  facet normal  0.000000e+00  0.000000e+00 -1.000000e+00
    outer loop
      vertex  1.512636e+01  2.834443e+01 -2.000000e-01
      vertex -1.591404e+01  2.809122e+01 -2.000000e-01
      vertex -1.547755e+01  2.824106e+01 -2.000000e-01
    endloop
  endfacet
  facet normal  0.000000e+00  0.000000e+00 -1.000000e+00
    outer loop
      vertex  1.512636e+01  2.834443e+01 -2.000000e-01
      vertex -1.547755e+01  2.824106e+01 -2.000000e-01
      vertex  1.477521e+01  2.861775e+01 -2.000000e-01
    endloop
  endfacet
  facet normal  0.000000e+00  0.000000e+00 -1.000000e+00
    outer loop
      vertex  1.477521e+01  2.861775e+01 -2.000000e-01
      vertex -1.547755e+01  2.824106e+01 -2.000000e-01
      vertex -1.507167e+01  2.846071e+01 -2.000000e-01
    endloop
  endfacet
  facet normal  0.000000e+00  0.000000e+00 -1.000000e+00
    outer loop
      vertex  1.477521e+01  2.861775e+01 -2.000000e-01
      vertex -1.507167e+01  2.846071e+01 -2.000000e-01
      vertex -1.470748e+01  2.874417e+01 -2.000000e-01
    endloop
  endfacet
  facet normal  0.000000e+00  0.000000e+00 -1.000000e+00
    outer loop
      vertex  1.477521e+01  2.861775e+01 -2.000000e-01
      vertex -1.470748e+01  2.874417e+01 -2.000000e-01
      vertex  1.447383e+01  2.894513e+01 -2.000000e-01
    endloop
  endfacet
  facet normal  -0.000000e+00  0.000000e+00 -1.000000e+00
    outer loop
      vertex  1.447383e+01  2.894513e+01 -2.000000e-01
      vertex -1.470748e+01  2.874417e+01 -2.000000e-01
      vertex -1.439491e+01  2.908371e+01 -2.000000e-01
    endloop
  endfacet
  facet normal  0.000000e+00  0.000000e+00 -1.000000e+00
    outer loop
      vertex  1.447383e+01  2.894513e+01 -2.000000e-01
      vertex -1.439491e+01  2.908371e+01 -2.000000e-01
      vertex  1.423044e+01  2.931766e+01 -2.000000e-01
    endloop
  endfacet
  facet normal  -0.000000e+00  0.000000e+00 -1.000000e+00
    outer loop
      vertex  1.423044e+01  2.931766e+01 -2.000000e-01
      vertex -1.439491e+01  2.908371e+01 -2.000000e-01
      vertex -1.414250e+01  2.947007e+01 -2.000000e-01
    endloop
  endfacet
  facet normal  0.000000e+00  0.000000e+00 -1.000000e+00
    outer loop
      vertex  1.423044e+01  2.931766e+01 -2.000000e-01
      vertex -1.414250e+01  2.947007e+01 -2.000000e-01
      vertex  1.405169e+01  2.972517e+01 -2.000000e-01
    endloop
  endfacet
  facet normal  -0.000000e+00  0.000000e+00 -1.000000e+00
    outer loop
      vertex  1.405169e+01  2.972517e+01 -2.000000e-01
      vertex -1.414250e+01  2.947007e+01 -2.000000e-01
      vertex -1.395711e+01  2.989270e+01 -2.000000e-01
    endloop
  endfacet
  facet normal  0.000000e+00  0.000000e+00 -1.000000e+00
    outer loop
      vertex  1.405169e+01  2.972517e+01 -2.000000e-01
      vertex -1.395711e+01  2.989270e+01 -2.000000e-01
      vertex  1.394246e+01  3.015653e+01 -2.000000e-01
    endloop
  endfacet
  facet normal  -0.000000e+00  0.000000e+00 -1.000000e+00
    outer loop
      vertex  1.394246e+01  3.015653e+01 -2.000000e-01
      vertex -1.395711e+01  2.989270e+01 -2.000000e-01
      vertex -1.384382e+01  3.034007e+01 -2.000000e-01
    endloop
  endfacet
  facet normal  0.000000e+00  0.000000e+00 -1.000000e+00
    outer loop
      vertex  1.394246e+01  3.015653e+01 -2.000000e-01
      vertex -1.384382e+01  3.034007e+01 -2.000000e-01
      vertex  1.390571e+01  3.060000e+01 -2.000000e-01
    endloop
  endfacet
  facet normal  -0.000000e+00  0.000000e+00 -1.000000e+00
    outer loop
      vertex  1.390571e+01  3.060000e+01 -2.000000e-01
      vertex -1.384382e+01  3.034007e+01 -2.000000e-01
      vertex -1.380571e+01  3.080000e+01 -2.000000e-01
    endloop
  endfacet
  facet normal  0.000000e+00  0.000000e+00 -1.000000e+00
    outer loop
      vertex  1.390571e+01  3.060000e+01 -2.000000e-01
      vertex -1.380571e+01  3.080000e+01 -2.000000e-01
      vertex  1.394246e+01  3.104346e+01 -2.000000e-01
    endloop
  endfacet
  facet normal  -0.000000e+00  0.000000e+00 -1.000000e+00
    outer loop
      vertex  1.394246e+01  3.104346e+01 -2.000000e-01
      vertex -1.380571e+01  3.080000e+01 -2.000000e-01
      vertex -1.384382e+01  3.125993e+01 -2.000000e-01
    endloop
  endfacet
  facet normal  0.000000e+00  0.000000e+00 -1.000000e+00
    outer loop
      vertex  1.394246e+01  3.104346e+01 -2.000000e-01
      vertex -1.384382e+01  3.125993e+01 -2.000000e-01
      vertex  1.405169e+01  3.147483e+01 -2.000000e-01
    endloop
  endfacet
  facet normal  0.000000e+00  0.000000e+00 -9.999999e-01
    outer loop
      vertex  1.405169e+01  3.147483e+01 -2.000000e-01
      vertex -1.384382e+01  3.125993e+01 -2.000000e-01
      vertex  1.423044e+01  3.188234e+01 -2.000000e-01
    endloop
  endfacet
  facet normal  0.000000e+00  0.000000e+00 -1.000000e+00
    outer loop
      vertex  1.423044e+01  3.188234e+01 -2.000000e-01
      vertex -1.384382e+01  3.125993e+01 -2.000000e-01
      vertex -1.395711e+01  3.170730e+01 -2.000000e-01
    endloop
  endfacet
  facet normal  0.000000e+00  0.000000e+00 -1.000000e+00
    outer loop
      vertex  1.423044e+01  3.188234e+01 -2.000000e-01
      vertex -1.395711e+01  3.170730e+01 -2.000000e-01
      vertex  1.447383e+01  3.225487e+01 -2.000000e-01
    endloop
  endfacet
  facet normal  0.000000e+00  0.000000e+00 -1.000000e+00
    outer loop
      vertex  1.447383e+01  3.225487e+01 -2.000000e-01
      vertex -1.395711e+01  3.170730e+01 -2.000000e-01
      vertex -1.414250e+01  3.212994e+01 -2.000000e-01
    endloop
  endfacet
  facet normal  0.000000e+00  0.000000e+00 -1.000000e+00
    outer loop
      vertex  1.447383e+01  3.225487e+01 -2.000000e-01
      vertex -1.414250e+01  3.212994e+01 -2.000000e-01
      vertex  1.477521e+01  3.258225e+01 -2.000000e-01
    endloop
  endfacet
  facet normal  0.000000e+00  0.000000e+00 -1.000000e+00
    outer loop
      vertex  1.477521e+01  3.258225e+01 -2.000000e-01
      vertex -1.414250e+01  3.212994e+01 -2.000000e-01
      vertex -1.439491e+01  3.251629e+01 -2.000000e-01
    endloop
  endfacet
  facet normal  0.000000e+00  0.000000e+00 -1.000000e+00
    outer loop
      vertex  1.477521e+01  3.258225e+01 -2.000000e-01
      vertex -1.439491e+01  3.251629e+01 -2.000000e-01
      vertex  1.512636e+01  3.285557e+01 -2.000000e-01
    endloop
  endfacet
  facet normal  -0.000000e+00  0.000000e+00 -1.000000e+00
    outer loop
      vertex  1.512636e+01  3.285557e+01 -2.000000e-01
      vertex -1.439491e+01  3.251629e+01 -2.000000e-01
      vertex -1.470748e+01  3.285583e+01 -2.000000e-01
    endloop
  endfacet
  facet normal  0.000000e+00  0.000000e+00 -1.000000e+00
    outer loop
      vertex  1.512636e+01  3.285557e+01 -2.000000e-01
      vertex -1.470748e+01  3.285583e+01 -2.000000e-01
      vertex  1.551772e+01  3.306736e+01 -2.000000e-01
    endloop
  endfacet
  facet normal  -0.000000e+00  0.000000e+00 -1.000000e+00
    outer loop
      vertex  1.551772e+01  3.306736e+01 -2.000000e-01
      vertex -1.470748e+01  3.285583e+01 -2.000000e-01
      vertex -1.507167e+01  3.313929e+01 -2.000000e-01
    endloop
  endfacet
  facet normal  0.000000e+00  0.000000e+00 -1.000000e+00
    outer loop
      vertex  1.551772e+01  3.306736e+01 -2.000000e-01
      vertex -1.507167e+01  3.313929e+01 -2.000000e-01
      vertex  1.593859e+01  3.321185e+01 -2.000000e-01
    endloop
  endfacet
  facet normal  -0.000000e+00  0.000000e+00 -1.000000e+00
    outer loop
      vertex  1.593859e+01  3.321185e+01 -2.000000e-01
      vertex -1.507167e+01  3.313929e+01 -2.000000e-01
      vertex -1.547755e+01  3.335894e+01 -2.000000e-01
    endloop
  endfacet
  facet normal  0.000000e+00  0.000000e+00 -1.000000e+00
    outer loop
      vertex  1.593859e+01  3.321185e+01 -2.000000e-01
      vertex -1.547755e+01  3.335894e+01 -2.000000e-01
      vertex  1.637751e+01  3.328509e+01 -2.000000e-01
    endloop
  endfacet
  facet normal  9.999999e-01  0.000000e+00  0.000000e+00
    outer loop
      vertex -2.060000e+01  3.690000e+01  8.000000e-01
      vertex -2.060000e+01  3.750000e+01  1.000000e+00
      vertex -2.060000e+01  3.690000e+01  1.000000e+00
    endloop
  endfacet
  facet normal  1.000000e+00  -0.000000e+00  0.000000e+00
    outer loop
      vertex -2.060000e+01  3.850000e+01  2.300000e+00
      vertex -2.060000e+01  3.750000e+01  2.300000e+00
      vertex -2.060000e+01  3.850000e+01 -2.000000e-01
    endloop
  endfacet
  facet normal  1.000000e+00  0.000000e+00  0.000000e+00
    outer loop
      vertex -2.060000e+01  3.850000e+01 -2.000000e-01
      vertex -2.060000e+01  3.750000e+01  2.300000e+00
      vertex -2.060000e+01  3.750000e+01  1.000000e+00
    endloop
  endfacet
  facet normal  1.000000e+00  0.000000e+00  0.000000e+00
    outer loop
      vertex -2.060000e+01  3.850000e+01 -2.000000e-01
      vertex -2.060000e+01  3.750000e+01  1.000000e+00
      vertex -2.060000e+01  3.690000e+01 -2.000000e-01
    endloop
  endfacet
  facet normal  1.000000e+00  0.000000e+00  0.000000e+00
    outer loop
      vertex -2.060000e+01  3.690000e+01 -2.000000e-01
      vertex -2.060000e+01  3.750000e+01  1.000000e+00
      vertex -2.060000e+01  3.690000e+01  8.000000e-01
    endloop
  endfacet
  facet normal  0.000000e+00  1.000000e+00  0.000000e+00
    outer loop
      vertex  2.060000e+01  3.690000e+01 -2.000000e-01
      vertex -2.060000e+01  3.690000e+01 -2.000000e-01
      vertex  2.060000e+01  3.690000e+01  8.000000e-01
    endloop
  endfacet
  facet normal  0.000000e+00  1.000000e+00  0.000000e+00
    outer loop
      vertex  2.060000e+01  3.690000e+01  8.000000e-01
      vertex -2.060000e+01  3.690000e+01 -2.000000e-01
      vertex -2.060000e+01  3.690000e+01  8.000000e-01
    endloop
  endfacet
  facet normal  0.000000e+00  1.000000e+00  0.000000e+00
    outer loop
      vertex -2.250000e+01  3.850000e+01  2.300000e+00
      vertex -2.060000e+01  3.850000e+01  2.300000e+00
      vertex -2.250000e+01  3.850000e+01 -2.000000e-01
    endloop
  endfacet
  facet normal  0.000000e+00  1.000000e+00  0.000000e+00
    outer loop
      vertex -2.250000e+01  3.850000e+01 -2.000000e-01
      vertex -2.060000e+01  3.850000e+01  2.300000e+00
      vertex -2.060000e+01  3.850000e+01 -2.000000e-01
    endloop
  endfacet
  facet normal -9.999999e-01  0.000000e+00  0.000000e+00
    outer loop
      vertex  2.060000e+01  3.750000e+01  1.000000e+00
      vertex  2.060000e+01  3.690000e+01  8.000000e-01
      vertex  2.060000e+01  3.690000e+01  1.000000e+00
    endloop
  endfacet
  facet normal -1.000000e+00  0.000000e+00  0.000000e+00
    outer loop
      vertex  2.060000e+01  3.690000e+01 -2.000000e-01
      vertex  2.060000e+01  3.690000e+01  8.000000e-01
      vertex  2.060000e+01  3.850000e+01 -2.000000e-01
    endloop
  endfacet
  facet normal -1.000000e+00  0.000000e+00  0.000000e+00
    outer loop
      vertex  2.060000e+01  3.850000e+01 -2.000000e-01
      vertex  2.060000e+01  3.690000e+01  8.000000e-01
      vertex  2.060000e+01  3.750000e+01  1.000000e+00
    endloop
  endfacet
  facet normal -1.000000e+00  0.000000e+00  0.000000e+00
    outer loop
      vertex  2.060000e+01  3.850000e+01 -2.000000e-01
      vertex  2.060000e+01  3.750000e+01  1.000000e+00
      vertex  2.060000e+01  3.850000e+01  2.300000e+00
    endloop
  endfacet
  facet normal -1.000000e+00  -0.000000e+00  0.000000e+00
    outer loop
      vertex  2.060000e+01  3.850000e+01  2.300000e+00
      vertex  2.060000e+01  3.750000e+01  1.000000e+00
      vertex  2.060000e+01  3.750000e+01  2.300000e+00
    endloop
  endfacet
  facet normal  0.000000e+00  1.000000e+00  0.000000e+00
    outer loop
      vertex  2.060000e+01  3.850000e+01  2.300000e+00
      vertex  2.250000e+01  3.850000e+01  2.300000e+00
      vertex  2.060000e+01  3.850000e+01 -2.000000e-01
    endloop
  endfacet
  facet normal  0.000000e+00  1.000000e+00  0.000000e+00
    outer loop
      vertex  2.060000e+01  3.850000e+01 -2.000000e-01
      vertex  2.250000e+01  3.850000e+01  2.300000e+00
      vertex  2.250000e+01  3.850000e+01 -2.000000e-01
    endloop
  endfacet
  facet normal  1.000000e+00  0.000000e+00  0.000000e+00
    outer loop
      vertex  2.250000e+01  2.450000e+01  2.300000e+00
      vertex  2.250000e+01  2.450000e+01 -2.000000e-01
      vertex  2.250000e+01  3.850000e+01  2.300000e+00
    endloop
  endfacet
  facet normal  1.000000e+00  0.000000e+00  0.000000e+00
    outer loop
      vertex  2.250000e+01  3.850000e+01  2.300000e+00
      vertex  2.250000e+01  2.450000e+01 -2.000000e-01
      vertex  2.250000e+01  3.850000e+01 -2.000000e-01
    endloop
  endfacet
  facet normal  0.000000e+00  1.000000e+00  0.000000e+00
    outer loop
      vertex  4.250000e+01  2.450000e+01 -2.000000e-01
      vertex  2.250000e+01  2.450000e+01 -2.000000e-01
      vertex  2.250000e+01  2.450000e+01  2.300000e+00
    endloop
  endfacet
  facet normal  -0.000000e+00  1.000000e+00  0.000000e+00
    outer loop
      vertex  4.250000e+01  2.450000e+01 -2.000000e-01
      vertex  2.250000e+01  2.450000e+01  2.300000e+00
      vertex  3.270000e+01  2.450000e+01  2.300000e+00
    endloop
  endfacet
  facet normal  -0.000000e+00  1.000000e+00  0.000000e+00
    outer loop
      vertex  4.250000e+01  2.450000e+01 -2.000000e-01
      vertex  3.270000e+01  2.450000e+01  2.300000e+00
      vertex  3.410000e+01  2.450000e+01  2.300000e+00
    endloop
  endfacet
  facet normal  -0.000000e+00  1.000000e+00  0.000000e+00
    outer loop
      vertex  4.250000e+01  2.450000e+01 -2.000000e-01
      vertex  3.410000e+01  2.450000e+01  2.300000e+00
      vertex  3.790000e+01  2.450000e+01  2.300000e+00
    endloop
  endfacet
  facet normal  -0.000000e+00  1.000000e+00  0.000000e+00
    outer loop
      vertex  4.250000e+01  2.450000e+01 -2.000000e-01
      vertex  3.790000e+01  2.450000e+01  2.300000e+00
      vertex  3.790000e+01  2.450000e+01  3.200000e+00
    endloop
  endfacet
  facet normal  -0.000000e+00  1.000000e+00  0.000000e+00
    outer loop
      vertex  4.250000e+01  2.450000e+01 -2.000000e-01
      vertex  3.790000e+01  2.450000e+01  3.200000e+00
      vertex  4.250000e+01  2.450000e+01  3.200000e+00
    endloop
  endfacet
  facet normal  0.000000e+00  1.000000e+00  -0.000000e+00
    outer loop
      vertex  3.410000e+01  2.450000e+01  3.200000e+00
      vertex  3.410000e+01  2.450000e+01  2.300000e+00
      vertex  3.270000e+01  2.450000e+01  3.200000e+00
    endloop
  endfacet
  facet normal  0.000000e+00  1.000000e+00  0.000000e+00
    outer loop
      vertex  3.270000e+01  2.450000e+01  3.200000e+00
      vertex  3.410000e+01  2.450000e+01  2.300000e+00
      vertex  3.270000e+01  2.450000e+01  2.300000e+00
    endloop
  endfacet
  facet normal  9.999999e-01  0.000000e+00  0.000000e+00
    outer loop
      vertex  4.250000e+01 -2.450000e+01 -2.000000e-01
      vertex  4.250000e+01  2.450000e+01 -2.000000e-01
      vertex  4.250000e+01 -2.450000e+01  2.300000e+00
    endloop
  endfacet
  facet normal  1.000000e+00  -0.000000e+00  0.000000e+00
    outer loop
      vertex  4.250000e+01 -2.450000e+01  2.300000e+00
      vertex  4.250000e+01  2.450000e+01 -2.000000e-01
      vertex  4.250000e+01  1.190000e+01  2.300000e+00
    endloop
  endfacet
  facet normal  1.000000e+00  0.000000e+00  0.000000e+00
    outer loop
      vertex  4.250000e+01  2.450000e+01 -2.000000e-01
      vertex  4.250000e+01  2.450000e+01  3.200000e+00
      vertex  4.250000e+01  1.190000e+01  2.300000e+00
    endloop
  endfacet
  facet normal  1.000000e+00  0.000000e+00  0.000000e+00
    outer loop
      vertex  4.250000e+01  1.190000e+01  2.300000e+00
      vertex  4.250000e+01  2.450000e+01  3.200000e+00
      vertex  4.250000e+01  1.190000e+01  3.200000e+00
    endloop
  endfacet
  facet normal  0.000000e+00 -9.999999e-01  0.000000e+00
    outer loop
      vertex  2.060000e+01 -2.450000e+01  2.300000e+00
      vertex  2.060000e+01 -2.450000e+01 -2.000000e-01
      vertex  4.250000e+01 -2.450000e+01  2.300000e+00
    endloop
  endfacet
  facet normal  0.000000e+00 -9.999999e-01  -0.000000e+00
    outer loop
      vertex  4.250000e+01 -2.450000e+01  2.300000e+00
      vertex  2.060000e+01 -2.450000e+01 -2.000000e-01
      vertex  4.250000e+01 -2.450000e+01 -2.000000e-01
    endloop
  endfacet
  facet normal -1.000000e+00  0.000000e+00  0.000000e+00
    outer loop
      vertex  2.060000e+01 -1.950000e+01  2.300000e+00
      vertex  2.060000e+01 -1.950000e+01 -2.000000e-01
      vertex  2.060000e+01 -2.450000e+01  2.300000e+00
    endloop
  endfacet
  facet normal -1.000000e+00  0.000000e+00  0.000000e+00
    outer loop
      vertex  2.060000e+01 -2.450000e+01  2.300000e+00
      vertex  2.060000e+01 -1.950000e+01 -2.000000e-01
      vertex  2.060000e+01 -2.450000e+01 -2.000000e-01
    endloop
  endfacet
  facet normal  0.000000e+00 -1.000000e+00  0.000000e+00
    outer loop
      vertex -1.780000e+01 -1.950000e+01  2.300000e+00
      vertex -1.780000e+01 -1.950000e+01 -2.000000e-01
      vertex  2.060000e+01 -1.950000e+01  2.300000e+00
    endloop
  endfacet
  facet normal  0.000000e+00 -1.000000e+00  -0.000000e+00
    outer loop
      vertex  2.060000e+01 -1.950000e+01  2.300000e+00
      vertex -1.780000e+01 -1.950000e+01 -2.000000e-01
      vertex  2.060000e+01 -1.950000e+01 -2.000000e-01
    endloop
  endfacet
  facet normal  1.000000e+00  0.000000e+00  0.000000e+00
    outer loop
      vertex -1.780000e+01 -2.450000e+01  2.300000e+00
      vertex -1.780000e+01 -2.450000e+01 -2.000000e-01
      vertex -1.780000e+01 -1.950000e+01  2.300000e+00
    endloop
  endfacet
  facet normal  1.000000e+00  0.000000e+00  0.000000e+00
    outer loop
      vertex -1.780000e+01 -1.950000e+01  2.300000e+00
      vertex -1.780000e+01 -2.450000e+01 -2.000000e-01
      vertex -1.780000e+01 -1.950000e+01 -2.000000e-01
    endloop
  endfacet
  facet normal  0.000000e+00 -1.000000e+00  0.000000e+00
    outer loop
      vertex -4.250000e+01 -2.450000e+01  2.300000e+00
      vertex -4.250000e+01 -2.450000e+01 -2.000000e-01
      vertex -1.780000e+01 -2.450000e+01  2.300000e+00
    endloop
  endfacet
  facet normal  0.000000e+00 -1.000000e+00  -0.000000e+00
    outer loop
      vertex -1.780000e+01 -2.450000e+01  2.300000e+00
      vertex -4.250000e+01 -2.450000e+01 -2.000000e-01
      vertex -1.780000e+01 -2.450000e+01 -2.000000e-01
    endloop
  endfacet
  facet normal -1.000000e+00  0.000000e+00  0.000000e+00
    outer loop
      vertex -4.250000e+01 -2.450000e+01 -2.000000e-01
      vertex -4.250000e+01 -2.450000e+01  2.300000e+00
      vertex -4.250000e+01  1.085000e+01  2.300000e+00
    endloop
  endfacet
  facet normal -9.999999e-01  0.000000e+00  -0.000000e+00
    outer loop
      vertex -4.250000e+01 -2.450000e+01 -2.000000e-01
      vertex -4.250000e+01  1.085000e+01  2.300000e+00
      vertex -4.250000e+01  1.085000e+01  8.000000e-01
    endloop
  endfacet
  facet normal -1.000000e+00  0.000000e+00  -0.000000e+00
    outer loop
      vertex -4.250000e+01 -2.450000e+01 -2.000000e-01
      vertex -4.250000e+01  1.085000e+01  8.000000e-01
      vertex -4.250000e+01  1.835000e+01  8.000000e-01
    endloop
  endfacet
  facet normal -1.000000e+00  0.000000e+00  -0.000000e+00
    outer loop
      vertex -4.250000e+01 -2.450000e+01 -2.000000e-01
      vertex -4.250000e+01  1.835000e+01  8.000000e-01
      vertex -4.250000e+01  2.450000e+01 -2.000000e-01
    endloop
  endfacet
  facet normal -1.000000e+00  -0.000000e+00  0.000000e+00
    outer loop
      vertex -4.250000e+01  1.835000e+01  2.300000e+00
      vertex -4.250000e+01  2.450000e+01  2.300000e+00
      vertex -4.250000e+01  1.835000e+01  8.000000e-01
    endloop
  endfacet
  facet normal -1.000000e+00  0.000000e+00  0.000000e+00
    outer loop
      vertex -4.250000e+01  1.835000e+01  8.000000e-01
      vertex -4.250000e+01  2.450000e+01  2.300000e+00
      vertex -4.250000e+01  2.450000e+01 -2.000000e-01
    endloop
  endfacet
  facet normal  0.000000e+00  1.000000e+00  0.000000e+00
    outer loop
      vertex -4.250000e+01  2.450000e+01  2.300000e+00
      vertex -2.250000e+01  2.450000e+01  2.300000e+00
      vertex -4.250000e+01  2.450000e+01 -2.000000e-01
    endloop
  endfacet
  facet normal  0.000000e+00  1.000000e+00  0.000000e+00
    outer loop
      vertex -4.250000e+01  2.450000e+01 -2.000000e-01
      vertex -2.250000e+01  2.450000e+01  2.300000e+00
      vertex -2.250000e+01  2.450000e+01 -2.000000e-01
    endloop
  endfacet
  facet normal -1.000000e+00  0.000000e+00  0.000000e+00
    outer loop
      vertex -2.250000e+01  3.850000e+01  2.300000e+00
      vertex -2.250000e+01  3.850000e+01 -2.000000e-01
      vertex -2.250000e+01  2.450000e+01  2.300000e+00
    endloop
  endfacet
  facet normal -1.000000e+00  0.000000e+00  0.000000e+00
    outer loop
      vertex -2.250000e+01  2.450000e+01  2.300000e+00
      vertex -2.250000e+01  3.850000e+01 -2.000000e-01
      vertex -2.250000e+01  2.450000e+01 -2.000000e-01
    endloop
  endfacet
  facet normal  1.645934e-01  9.863616e-01  -0.000000e+00
    outer loop
      vertex  3.836925e+01 -2.338474e+01  0.000000e+00
      vertex  3.791404e+01 -2.330878e+01 -2.000000e-01
      vertex  3.791404e+01 -2.330878e+01  0.000000e+00
    endloop
  endfacet
  facet normal  3.246984e-01  9.458176e-01  0.000000e+00
    outer loop
      vertex  3.791404e+01 -2.330878e+01  0.000000e+00
      vertex  3.791404e+01 -2.330878e+01 -2.000000e-01
      vertex  3.747755e+01 -2.315894e+01 -2.000000e-01
    endloop
  endfacet
  facet normal  3.246984e-01  9.458176e-01  -0.000000e+00
    outer loop
      vertex  3.791404e+01 -2.330878e+01  0.000000e+00
      vertex  3.747755e+01 -2.315894e+01 -2.000000e-01
      vertex  3.747755e+01 -2.315894e+01  0.000000e+00
    endloop
  endfacet
  facet normal  4.759457e-01  8.794746e-01  0.000000e+00
    outer loop
      vertex  3.747755e+01 -2.315894e+01  0.000000e+00
      vertex  3.747755e+01 -2.315894e+01 -2.000000e-01
      vertex  3.707167e+01 -2.293929e+01 -2.000000e-01
    endloop
  endfacet
  facet normal  4.759457e-01  8.794746e-01  -0.000000e+00
    outer loop
      vertex  3.747755e+01 -2.315894e+01  0.000000e+00
      vertex  3.707167e+01 -2.293929e+01 -2.000000e-01
      vertex  3.707167e+01 -2.293929e+01  0.000000e+00
    endloop
  endfacet
  facet normal  6.142138e-01  7.891397e-01  0.000000e+00
    outer loop
      vertex  3.707167e+01 -2.293929e+01  0.000000e+00
      vertex  3.707167e+01 -2.293929e+01 -2.000000e-01
      vertex  3.670748e+01 -2.265582e+01 -2.000000e-01
    endloop
  endfacet
  facet normal  6.142138e-01  7.891397e-01  -0.000000e+00
    outer loop
      vertex  3.707167e+01 -2.293929e+01  0.000000e+00
      vertex  3.670748e+01 -2.265582e+01 -2.000000e-01
      vertex  3.670748e+01 -2.265582e+01  0.000000e+00
    endloop
  endfacet
  facet normal  7.357247e-01  6.772808e-01  0.000000e+00
    outer loop
      vertex  3.670748e+01 -2.265582e+01  0.000000e+00
      vertex  3.670748e+01 -2.265582e+01 -2.000000e-01
      vertex  3.639491e+01 -2.231629e+01 -2.000000e-01
    endloop
  endfacet
  facet normal  7.357247e-01  6.772808e-01  -0.000000e+00
    outer loop
      vertex  3.670748e+01 -2.265582e+01  0.000000e+00
      vertex  3.639491e+01 -2.231629e+01 -2.000000e-01
      vertex  3.639491e+01 -2.231629e+01  0.000000e+00
    endloop
  endfacet
  facet normal  8.371647e-01  5.469509e-01  0.000000e+00
    outer loop
      vertex  3.639491e+01 -2.231629e+01  0.000000e+00
      vertex  3.639491e+01 -2.231629e+01 -2.000000e-01
      vertex  3.614249e+01 -2.192994e+01 -2.000000e-01
    endloop
  endfacet
  facet normal  8.371647e-01  5.469509e-01  -0.000000e+00
    outer loop
      vertex  3.639491e+01 -2.231629e+01  0.000000e+00
      vertex  3.614249e+01 -2.192994e+01 -2.000000e-01
      vertex  3.614249e+01 -2.192994e+01  0.000000e+00
    endloop
  endfacet
  facet normal  9.157734e-01  4.016955e-01  0.000000e+00
    outer loop
      vertex  3.614249e+01 -2.192994e+01  0.000000e+00
      vertex  3.614249e+01 -2.192994e+01 -2.000000e-01
      vertex  3.595711e+01 -2.150731e+01 -2.000000e-01
    endloop
  endfacet
  facet normal  9.157734e-01  4.016955e-01  -0.000000e+00
    outer loop
      vertex  3.614249e+01 -2.192994e+01  0.000000e+00
      vertex  3.595711e+01 -2.150731e+01 -2.000000e-01
      vertex  3.595711e+01 -2.150731e+01  0.000000e+00
    endloop
  endfacet
  facet normal  9.694018e-01  2.454791e-01  0.000000e+00
    outer loop
      vertex  3.595711e+01 -2.150731e+01  0.000000e+00
      vertex  3.595711e+01 -2.150731e+01 -2.000000e-01
      vertex  3.584382e+01 -2.105993e+01 -2.000000e-01
    endloop
  endfacet
  facet normal  9.694018e-01  2.454791e-01  -0.000000e+00
    outer loop
      vertex  3.595711e+01 -2.150731e+01  0.000000e+00
      vertex  3.584382e+01 -2.105993e+01 -2.000000e-01
      vertex  3.584382e+01 -2.105993e+01  0.000000e+00
    endloop
  endfacet
  facet normal  9.965841e-01  8.258407e-02  0.000000e+00
    outer loop
      vertex  3.584382e+01 -2.105993e+01  0.000000e+00
      vertex  3.584382e+01 -2.105993e+01 -2.000000e-01
      vertex  3.580571e+01 -2.060000e+01 -2.000000e-01
    endloop
  endfacet
  facet normal  9.965841e-01  8.258407e-02  -0.000000e+00
    outer loop
      vertex  3.584382e+01 -2.105993e+01  0.000000e+00
      vertex  3.580571e+01 -2.060000e+01 -2.000000e-01
      vertex  3.580571e+01 -2.060000e+01  6.794565e-14
    endloop
  endfacet
  facet normal  1.645934e-01  9.863616e-01  0.000000e+00
    outer loop
      vertex  3.791404e+01 -2.330878e+01 -2.000000e-01
      vertex  3.836925e+01 -2.338474e+01  0.000000e+00
      vertex  3.836925e+01 -2.338474e+01 -2.000000e-01
    endloop
  endfacet
  facet normal  0.000000e+00  9.999999e-01  0.000000e+00
    outer loop
      vertex  3.836925e+01 -2.338474e+01 -2.000000e-01
      vertex  3.836925e+01 -2.338474e+01  0.000000e+00
      vertex  3.883075e+01 -2.338474e+01  0.000000e+00
    endloop
  endfacet
  facet normal  0.000000e+00  9.999999e-01  0.000000e+00
    outer loop
      vertex  3.836925e+01 -2.338474e+01 -2.000000e-01
      vertex  3.883075e+01 -2.338474e+01  0.000000e+00
      vertex  3.883075e+01 -2.338474e+01 -2.000000e-01
    endloop
  endfacet
  facet normal -1.645934e-01  9.863616e-01  0.000000e+00
    outer loop
      vertex  3.883075e+01 -2.338474e+01 -2.000000e-01
      vertex  3.883075e+01 -2.338474e+01  0.000000e+00
      vertex  3.928596e+01 -2.330878e+01  0.000000e+00
    endloop
  endfacet
  facet normal -1.645934e-01  9.863616e-01  0.000000e+00
    outer loop
      vertex  3.883075e+01 -2.338474e+01 -2.000000e-01
      vertex  3.928596e+01 -2.330878e+01  0.000000e+00
      vertex  3.928596e+01 -2.330878e+01 -2.000000e-01
    endloop
  endfacet
  facet normal -3.246984e-01  9.458176e-01  0.000000e+00
    outer loop
      vertex  3.928596e+01 -2.330878e+01 -2.000000e-01
      vertex  3.928596e+01 -2.330878e+01  0.000000e+00
      vertex  3.972245e+01 -2.315894e+01  0.000000e+00
    endloop
  endfacet
  facet normal -3.246984e-01  9.458176e-01  0.000000e+00
    outer loop
      vertex  3.928596e+01 -2.330878e+01 -2.000000e-01
      vertex  3.972245e+01 -2.315894e+01  0.000000e+00
      vertex  3.972245e+01 -2.315894e+01 -2.000000e-01
    endloop
  endfacet
  facet normal -4.759492e-01  8.794728e-01  0.000000e+00
    outer loop
      vertex  3.972245e+01 -2.315894e+01 -2.000000e-01
      vertex  3.972245e+01 -2.315894e+01  0.000000e+00
      vertex  4.012833e+01 -2.293929e+01  0.000000e+00
    endloop
  endfacet
  facet normal -4.759492e-01  8.794728e-01  0.000000e+00
    outer loop
      vertex  3.972245e+01 -2.315894e+01 -2.000000e-01
      vertex  4.012833e+01 -2.293929e+01  0.000000e+00
      vertex  4.012833e+01 -2.293929e+01 -2.000000e-01
    endloop
  endfacet
  facet normal -6.142138e-01  7.891397e-01  0.000000e+00
    outer loop
      vertex  4.012833e+01 -2.293929e+01 -2.000000e-01
      vertex  4.012833e+01 -2.293929e+01  0.000000e+00
      vertex  4.049252e+01 -2.265582e+01  0.000000e+00
    endloop
  endfacet
  facet normal -6.142138e-01  7.891397e-01  0.000000e+00
    outer loop
      vertex  4.012833e+01 -2.293929e+01 -2.000000e-01
      vertex  4.049252e+01 -2.265582e+01  0.000000e+00
      vertex  4.049252e+01 -2.265582e+01 -2.000000e-01
    endloop
  endfacet
  facet normal -7.357205e-01  6.772853e-01  0.000000e+00
    outer loop
      vertex  4.049252e+01 -2.265582e+01 -2.000000e-01
      vertex  4.049252e+01 -2.265582e+01  0.000000e+00
      vertex  4.080509e+01 -2.231629e+01  0.000000e+00
    endloop
  endfacet
  facet normal -7.357205e-01  6.772853e-01  0.000000e+00
    outer loop
      vertex  4.049252e+01 -2.265582e+01 -2.000000e-01
      vertex  4.080509e+01 -2.231629e+01  0.000000e+00
      vertex  4.080509e+01 -2.231629e+01 -2.000000e-01
    endloop
  endfacet
  facet normal -8.371685e-01  5.469451e-01  0.000000e+00
    outer loop
      vertex  4.080509e+01 -2.231629e+01 -2.000000e-01
      vertex  4.080509e+01 -2.231629e+01  0.000000e+00
      vertex  4.105750e+01 -2.192994e+01  0.000000e+00
    endloop
  endfacet
  facet normal -8.371685e-01  5.469451e-01  0.000000e+00
    outer loop
      vertex  4.080509e+01 -2.231629e+01 -2.000000e-01
      vertex  4.105750e+01 -2.192994e+01  0.000000e+00
      vertex  4.105750e+01 -2.192994e+01 -2.000000e-01
    endloop
  endfacet
  facet normal -9.157734e-01  4.016955e-01  0.000000e+00
    outer loop
      vertex  4.105750e+01 -2.192994e+01 -2.000000e-01
      vertex  4.105750e+01 -2.192994e+01  0.000000e+00
      vertex  4.124289e+01 -2.150731e+01  0.000000e+00
    endloop
  endfacet
  facet normal -9.157734e-01  4.016955e-01  0.000000e+00
    outer loop
      vertex  4.105750e+01 -2.192994e+01 -2.000000e-01
      vertex  4.124289e+01 -2.150731e+01  0.000000e+00
      vertex  4.124289e+01 -2.150731e+01 -2.000000e-01
    endloop
  endfacet
  facet normal -9.693999e-01  2.454869e-01  0.000000e+00
    outer loop
      vertex  4.124289e+01 -2.150731e+01 -2.000000e-01
      vertex  4.124289e+01 -2.150731e+01  0.000000e+00
      vertex  4.135618e+01 -2.105993e+01  0.000000e+00
    endloop
  endfacet
  facet normal -9.693999e-01  2.454869e-01  0.000000e+00
    outer loop
      vertex  4.124289e+01 -2.150731e+01 -2.000000e-01
      vertex  4.135618e+01 -2.105993e+01  0.000000e+00
      vertex  4.135618e+01 -2.105993e+01 -2.000000e-01
    endloop
  endfacet
  facet normal -9.965841e-01  8.258407e-02  0.000000e+00
    outer loop
      vertex  4.135618e+01 -2.105993e+01 -2.000000e-01
      vertex  4.135618e+01 -2.105993e+01  0.000000e+00
      vertex  4.139429e+01 -2.060000e+01  6.794565e-14
    endloop
  endfacet
  facet normal -9.965841e-01  8.258407e-02  0.000000e+00
    outer loop
      vertex  4.135618e+01 -2.105993e+01 -2.000000e-01
      vertex  4.139429e+01 -2.060000e+01  6.794565e-14
      vertex  4.139429e+01 -2.060000e+01 -2.000000e-01
    endloop
  endfacet
  facet normal -1.645934e-01 -9.863616e-01  0.000000e+00
    outer loop
      vertex  3.883075e+01 -1.781525e+01  0.000000e+00
      vertex  3.928596e+01 -1.789121e+01 -2.000000e-01
      vertex  3.928596e+01 -1.789121e+01  0.000000e+00
    endloop
  endfacet
  facet normal -3.247020e-01 -9.458163e-01  -0.000000e+00
    outer loop
      vertex  3.928596e+01 -1.789121e+01  0.000000e+00
      vertex  3.928596e+01 -1.789121e+01 -2.000000e-01
      vertex  3.972245e+01 -1.804107e+01 -2.000000e-01
    endloop
  endfacet
  facet normal -3.247020e-01 -9.458163e-01  0.000000e+00
    outer loop
      vertex  3.928596e+01 -1.789121e+01  0.000000e+00
      vertex  3.972245e+01 -1.804107e+01 -2.000000e-01
      vertex  3.972245e+01 -1.804107e+01  0.000000e+00
    endloop
  endfacet
  facet normal -4.759492e-01 -8.794728e-01  -0.000000e+00
    outer loop
      vertex  3.972245e+01 -1.804107e+01  0.000000e+00
      vertex  3.972245e+01 -1.804107e+01 -2.000000e-01
      vertex  4.012833e+01 -1.826072e+01 -2.000000e-01
    endloop
  endfacet
  facet normal -4.759492e-01 -8.794728e-01  0.000000e+00
    outer loop
      vertex  3.972245e+01 -1.804107e+01  0.000000e+00
      vertex  4.012833e+01 -1.826072e+01 -2.000000e-01
      vertex  4.012833e+01 -1.826072e+01  0.000000e+00
    endloop
  endfacet
  facet normal -6.142113e-01 -7.891416e-01  -0.000000e+00
    outer loop
      vertex  4.012833e+01 -1.826072e+01  0.000000e+00
      vertex  4.012833e+01 -1.826072e+01 -2.000000e-01
      vertex  4.049252e+01 -1.854417e+01 -2.000000e-01
    endloop
  endfacet
  facet normal -6.142113e-01 -7.891416e-01  0.000000e+00
    outer loop
      vertex  4.012833e+01 -1.826072e+01  0.000000e+00
      vertex  4.049252e+01 -1.854417e+01 -2.000000e-01
      vertex  4.049252e+01 -1.854417e+01  0.000000e+00
    endloop
  endfacet
  facet normal -7.357224e-01 -6.772832e-01  -0.000000e+00
    outer loop
      vertex  4.049252e+01 -1.854417e+01  0.000000e+00
      vertex  4.049252e+01 -1.854417e+01 -2.000000e-01
      vertex  4.080509e+01 -1.888371e+01 -2.000000e-01
    endloop
  endfacet
  facet normal -7.357224e-01 -6.772832e-01  0.000000e+00
    outer loop
      vertex  4.049252e+01 -1.854417e+01  0.000000e+00
      vertex  4.080509e+01 -1.888371e+01 -2.000000e-01
      vertex  4.080509e+01 -1.888371e+01  0.000000e+00
    endloop
  endfacet
  facet normal -8.371685e-01 -5.469451e-01  -0.000000e+00
    outer loop
      vertex  4.080509e+01 -1.888371e+01  0.000000e+00
      vertex  4.080509e+01 -1.888371e+01 -2.000000e-01
      vertex  4.105750e+01 -1.927007e+01 -2.000000e-01
    endloop
  endfacet
  facet normal -8.371685e-01 -5.469451e-01  0.000000e+00
    outer loop
      vertex  4.080509e+01 -1.888371e+01  0.000000e+00
      vertex  4.105750e+01 -1.927007e+01 -2.000000e-01
      vertex  4.105750e+01 -1.927007e+01  0.000000e+00
    endloop
  endfacet
  facet normal -9.157734e-01 -4.016955e-01  -0.000000e+00
    outer loop
      vertex  4.105750e+01 -1.927007e+01  0.000000e+00
      vertex  4.105750e+01 -1.927007e+01 -2.000000e-01
      vertex  4.124289e+01 -1.969270e+01 -2.000000e-01
    endloop
  endfacet
  facet normal -9.157734e-01 -4.016955e-01  0.000000e+00
    outer loop
      vertex  4.105750e+01 -1.927007e+01  0.000000e+00
      vertex  4.124289e+01 -1.969270e+01 -2.000000e-01
      vertex  4.124289e+01 -1.969270e+01  0.000000e+00
    endloop
  endfacet
  facet normal -9.693999e-01 -2.454869e-01  -0.000000e+00
    outer loop
      vertex  4.124289e+01 -1.969270e+01  0.000000e+00
      vertex  4.124289e+01 -1.969270e+01 -2.000000e-01
      vertex  4.135618e+01 -2.014008e+01 -2.000000e-01
    endloop
  endfacet
  facet normal -9.693999e-01 -2.454869e-01  0.000000e+00
    outer loop
      vertex  4.124289e+01 -1.969270e+01  0.000000e+00
      vertex  4.135618e+01 -2.014008e+01 -2.000000e-01
      vertex  4.135618e+01 -2.014008e+01  0.000000e+00
    endloop
  endfacet
  facet normal -9.965841e-01 -8.258407e-02  -0.000000e+00
    outer loop
      vertex  4.135618e+01 -2.014008e+01  0.000000e+00
      vertex  4.135618e+01 -2.014008e+01 -2.000000e-01
      vertex  4.139429e+01 -2.060000e+01 -2.000000e-01
    endloop
  endfacet
  facet normal -9.965841e-01 -8.258407e-02  0.000000e+00
    outer loop
      vertex  4.135618e+01 -2.014008e+01  0.000000e+00
      vertex  4.139429e+01 -2.060000e+01 -2.000000e-01
      vertex  4.139429e+01 -2.060000e+01  6.794565e-14
    endloop
  endfacet
  facet normal -1.645934e-01 -9.863616e-01  -0.000000e+00
    outer loop
      vertex  3.928596e+01 -1.789121e+01 -2.000000e-01
      vertex  3.883075e+01 -1.781525e+01  0.000000e+00
      vertex  3.883075e+01 -1.781525e+01 -2.000000e-01
    endloop
  endfacet
  facet normal  0.000000e+00 -9.999999e-01  0.000000e+00
    outer loop
      vertex  3.883075e+01 -1.781525e+01 -2.000000e-01
      vertex  3.883075e+01 -1.781525e+01  0.000000e+00
      vertex  3.836925e+01 -1.781525e+01  0.000000e+00
    endloop
  endfacet
  facet normal  0.000000e+00 -9.999999e-01  0.000000e+00
    outer loop
      vertex  3.883075e+01 -1.781525e+01 -2.000000e-01
      vertex  3.836925e+01 -1.781525e+01  0.000000e+00
      vertex  3.836925e+01 -1.781525e+01 -2.000000e-01
    endloop
  endfacet
  facet normal  1.645934e-01 -9.863616e-01  0.000000e+00
    outer loop
      vertex  3.836925e+01 -1.781525e+01 -2.000000e-01
      vertex  3.836925e+01 -1.781525e+01  0.000000e+00
      vertex  3.791404e+01 -1.789121e+01  0.000000e+00
    endloop
  endfacet
  facet normal  1.645934e-01 -9.863616e-01  0.000000e+00
    outer loop
      vertex  3.836925e+01 -1.781525e+01 -2.000000e-01
      vertex  3.791404e+01 -1.789121e+01  0.000000e+00
      vertex  3.791404e+01 -1.789121e+01 -2.000000e-01
    endloop
  endfacet
  facet normal  3.247020e-01 -9.458163e-01  0.000000e+00
    outer loop
      vertex  3.791404e+01 -1.789121e+01 -2.000000e-01
      vertex  3.791404e+01 -1.789121e+01  0.000000e+00
      vertex  3.747755e+01 -1.804107e+01  0.000000e+00
    endloop
  endfacet
  facet normal  3.247020e-01 -9.458163e-01  0.000000e+00
    outer loop
      vertex  3.791404e+01 -1.789121e+01 -2.000000e-01
      vertex  3.747755e+01 -1.804107e+01  0.000000e+00
      vertex  3.747755e+01 -1.804107e+01 -2.000000e-01
    endloop
  endfacet
  facet normal  4.759457e-01 -8.794746e-01  0.000000e+00
    outer loop
      vertex  3.747755e+01 -1.804107e+01 -2.000000e-01
      vertex  3.747755e+01 -1.804107e+01  0.000000e+00
      vertex  3.707167e+01 -1.826072e+01  0.000000e+00
    endloop
  endfacet
  facet normal  4.759457e-01 -8.794746e-01  0.000000e+00
    outer loop
      vertex  3.747755e+01 -1.804107e+01 -2.000000e-01
      vertex  3.707167e+01 -1.826072e+01  0.000000e+00
      vertex  3.707167e+01 -1.826072e+01 -2.000000e-01
    endloop
  endfacet
  facet normal  6.142113e-01 -7.891416e-01  0.000000e+00
    outer loop
      vertex  3.707167e+01 -1.826072e+01 -2.000000e-01
      vertex  3.707167e+01 -1.826072e+01  0.000000e+00
      vertex  3.670748e+01 -1.854417e+01  0.000000e+00
    endloop
  endfacet
  facet normal  6.142113e-01 -7.891416e-01  0.000000e+00
    outer loop
      vertex  3.707167e+01 -1.826072e+01 -2.000000e-01
      vertex  3.670748e+01 -1.854417e+01  0.000000e+00
      vertex  3.670748e+01 -1.854417e+01 -2.000000e-01
    endloop
  endfacet
  facet normal  7.357265e-01 -6.772788e-01  0.000000e+00
    outer loop
      vertex  3.670748e+01 -1.854417e+01 -2.000000e-01
      vertex  3.670748e+01 -1.854417e+01  0.000000e+00
      vertex  3.639491e+01 -1.888371e+01  0.000000e+00
    endloop
  endfacet
  facet normal  7.357265e-01 -6.772788e-01  0.000000e+00
    outer loop
      vertex  3.670748e+01 -1.854417e+01 -2.000000e-01
      vertex  3.639491e+01 -1.888371e+01  0.000000e+00
      vertex  3.639491e+01 -1.888371e+01 -2.000000e-01
    endloop
  endfacet
  facet normal  8.371647e-01 -5.469509e-01  0.000000e+00
    outer loop
      vertex  3.639491e+01 -1.888371e+01 -2.000000e-01
      vertex  3.639491e+01 -1.888371e+01  0.000000e+00
      vertex  3.614249e+01 -1.927007e+01  0.000000e+00
    endloop
  endfacet
  facet normal  8.371647e-01 -5.469509e-01  0.000000e+00
    outer loop
      vertex  3.639491e+01 -1.888371e+01 -2.000000e-01
      vertex  3.614249e+01 -1.927007e+01  0.000000e+00
      vertex  3.614249e+01 -1.927007e+01 -2.000000e-01
    endloop
  endfacet
  facet normal  9.157734e-01 -4.016955e-01  0.000000e+00
    outer loop
      vertex  3.614249e+01 -1.927007e+01 -2.000000e-01
      vertex  3.614249e+01 -1.927007e+01  0.000000e+00
      vertex  3.595711e+01 -1.969270e+01  0.000000e+00
    endloop
  endfacet
  facet normal  9.157734e-01 -4.016955e-01  0.000000e+00
    outer loop
      vertex  3.614249e+01 -1.927007e+01 -2.000000e-01
      vertex  3.595711e+01 -1.969270e+01  0.000000e+00
      vertex  3.595711e+01 -1.969270e+01 -2.000000e-01
    endloop
  endfacet
  facet normal  9.694018e-01 -2.454791e-01  0.000000e+00
    outer loop
      vertex  3.595711e+01 -1.969270e+01 -2.000000e-01
      vertex  3.595711e+01 -1.969270e+01  0.000000e+00
      vertex  3.584382e+01 -2.014008e+01  0.000000e+00
    endloop
  endfacet
  facet normal  9.694018e-01 -2.454791e-01  0.000000e+00
    outer loop
      vertex  3.595711e+01 -1.969270e+01 -2.000000e-01
      vertex  3.584382e+01 -2.014008e+01  0.000000e+00
      vertex  3.584382e+01 -2.014008e+01 -2.000000e-01
    endloop
  endfacet
  facet normal  9.965841e-01 -8.258407e-02  0.000000e+00
    outer loop
      vertex  3.584382e+01 -2.014008e+01 -2.000000e-01
      vertex  3.584382e+01 -2.014008e+01  0.000000e+00
      vertex  3.580571e+01 -2.060000e+01  6.794565e-14
    endloop
  endfacet
  facet normal  9.965841e-01 -8.258407e-02  0.000000e+00
    outer loop
      vertex  3.584382e+01 -2.014008e+01 -2.000000e-01
      vertex  3.580571e+01 -2.060000e+01  6.794565e-14
      vertex  3.580571e+01 -2.060000e+01 -2.000000e-01
    endloop
  endfacet
  facet normal  1.645934e-01  9.863616e-01  -0.000000e+00
    outer loop
      vertex -3.883075e+01 -2.338474e+01  0.000000e+00
      vertex -3.928596e+01 -2.330878e+01 -2.000000e-01
      vertex -3.928596e+01 -2.330878e+01  0.000000e+00
    endloop
  endfacet
  facet normal  3.246984e-01  9.458176e-01  0.000000e+00
    outer loop
      vertex -3.928596e+01 -2.330878e+01  0.000000e+00
      vertex -3.928596e+01 -2.330878e+01 -2.000000e-01
      vertex -3.972245e+01 -2.315894e+01 -2.000000e-01
    endloop
  endfacet
  facet normal  3.246984e-01  9.458176e-01  -0.000000e+00
    outer loop
      vertex -3.928596e+01 -2.330878e+01  0.000000e+00
      vertex -3.972245e+01 -2.315894e+01 -2.000000e-01
      vertex -3.972245e+01 -2.315894e+01  0.000000e+00
    endloop
  endfacet
  facet normal  4.759492e-01  8.794728e-01  0.000000e+00
    outer loop
      vertex -3.972245e+01 -2.315894e+01  0.000000e+00
      vertex -3.972245e+01 -2.315894e+01 -2.000000e-01
      vertex -4.012833e+01 -2.293929e+01 -2.000000e-01
    endloop
  endfacet
  facet normal  4.759492e-01  8.794728e-01  -0.000000e+00
    outer loop
      vertex -3.972245e+01 -2.315894e+01  0.000000e+00
      vertex -4.012833e+01 -2.293929e+01 -2.000000e-01
      vertex -4.012833e+01 -2.293929e+01  0.000000e+00
    endloop
  endfacet
  facet normal  6.142138e-01  7.891397e-01  0.000000e+00
    outer loop
      vertex -4.012833e+01 -2.293929e+01  0.000000e+00
      vertex -4.012833e+01 -2.293929e+01 -2.000000e-01
      vertex -4.049252e+01 -2.265582e+01 -2.000000e-01
    endloop
  endfacet
  facet normal  6.142138e-01  7.891397e-01  -0.000000e+00
    outer loop
      vertex -4.012833e+01 -2.293929e+01  0.000000e+00
      vertex -4.049252e+01 -2.265582e+01 -2.000000e-01
      vertex -4.049252e+01 -2.265582e+01  0.000000e+00
    endloop
  endfacet
  facet normal  7.357205e-01  6.772853e-01  0.000000e+00
    outer loop
      vertex -4.049252e+01 -2.265582e+01  0.000000e+00
      vertex -4.049252e+01 -2.265582e+01 -2.000000e-01
      vertex -4.080509e+01 -2.231629e+01 -2.000000e-01
    endloop
  endfacet
  facet normal  7.357205e-01  6.772853e-01  -0.000000e+00
    outer loop
      vertex -4.049252e+01 -2.265582e+01  0.000000e+00
      vertex -4.080509e+01 -2.231629e+01 -2.000000e-01
      vertex -4.080509e+01 -2.231629e+01  0.000000e+00
    endloop
  endfacet
  facet normal  8.371685e-01  5.469451e-01  0.000000e+00
    outer loop
      vertex -4.080509e+01 -2.231629e+01  0.000000e+00
      vertex -4.080509e+01 -2.231629e+01 -2.000000e-01
      vertex -4.105750e+01 -2.192994e+01 -2.000000e-01
    endloop
  endfacet
  facet normal  8.371685e-01  5.469451e-01  -0.000000e+00
    outer loop
      vertex -4.080509e+01 -2.231629e+01  0.000000e+00
      vertex -4.105750e+01 -2.192994e+01 -2.000000e-01
      vertex -4.105750e+01 -2.192994e+01  0.000000e+00
    endloop
  endfacet
  facet normal  9.157734e-01  4.016955e-01  0.000000e+00
    outer loop
      vertex -4.105750e+01 -2.192994e+01  0.000000e+00
      vertex -4.105750e+01 -2.192994e+01 -2.000000e-01
      vertex -4.124289e+01 -2.150731e+01 -2.000000e-01
    endloop
  endfacet
  facet normal  9.157734e-01  4.016955e-01  -0.000000e+00
    outer loop
      vertex -4.105750e+01 -2.192994e+01  0.000000e+00
      vertex -4.124289e+01 -2.150731e+01 -2.000000e-01
      vertex -4.124289e+01 -2.150731e+01  0.000000e+00
    endloop
  endfacet
  facet normal  9.693999e-01  2.454869e-01  0.000000e+00
    outer loop
      vertex -4.124289e+01 -2.150731e+01  0.000000e+00
      vertex -4.124289e+01 -2.150731e+01 -2.000000e-01
      vertex -4.135618e+01 -2.105993e+01 -2.000000e-01
    endloop
  endfacet
  facet normal  9.693999e-01  2.454869e-01  -0.000000e+00
    outer loop
      vertex -4.124289e+01 -2.150731e+01  0.000000e+00
      vertex -4.135618e+01 -2.105993e+01 -2.000000e-01
      vertex -4.135618e+01 -2.105993e+01  0.000000e+00
    endloop
  endfacet
  facet normal  9.965841e-01  8.258407e-02  0.000000e+00
    outer loop
      vertex -4.135618e+01 -2.105993e+01  0.000000e+00
      vertex -4.135618e+01 -2.105993e+01 -2.000000e-01
      vertex -4.139429e+01 -2.060000e+01 -2.000000e-01
    endloop
  endfacet
  facet normal  9.965841e-01  8.258407e-02  -0.000000e+00
    outer loop
      vertex -4.135618e+01 -2.105993e+01  0.000000e+00
      vertex -4.139429e+01 -2.060000e+01 -2.000000e-01
      vertex -4.139429e+01 -2.060000e+01  6.750156e-14
    endloop
  endfacet
  facet normal  1.645934e-01  9.863616e-01  0.000000e+00
    outer loop
      vertex -3.928596e+01 -2.330878e+01 -2.000000e-01
      vertex -3.883075e+01 -2.338474e+01  0.000000e+00
      vertex -3.883075e+01 -2.338474e+01 -2.000000e-01
    endloop
  endfacet
  facet normal  0.000000e+00  9.999999e-01  0.000000e+00
    outer loop
      vertex -3.883075e+01 -2.338474e+01 -2.000000e-01
      vertex -3.883075e+01 -2.338474e+01  0.000000e+00
      vertex -3.836925e+01 -2.338474e+01  0.000000e+00
    endloop
  endfacet
  facet normal  0.000000e+00  9.999999e-01  0.000000e+00
    outer loop
      vertex -3.883075e+01 -2.338474e+01 -2.000000e-01
      vertex -3.836925e+01 -2.338474e+01  0.000000e+00
      vertex -3.836925e+01 -2.338474e+01 -2.000000e-01
    endloop
  endfacet
  facet normal -1.645934e-01  9.863616e-01  0.000000e+00
    outer loop
      vertex -3.836925e+01 -2.338474e+01 -2.000000e-01
      vertex -3.836925e+01 -2.338474e+01  0.000000e+00
      vertex -3.791404e+01 -2.330878e+01  0.000000e+00
    endloop
  endfacet
  facet normal -1.645934e-01  9.863616e-01  0.000000e+00
    outer loop
      vertex -3.836925e+01 -2.338474e+01 -2.000000e-01
      vertex -3.791404e+01 -2.330878e+01  0.000000e+00
      vertex -3.791404e+01 -2.330878e+01 -2.000000e-01
    endloop
  endfacet
  facet normal -3.246984e-01  9.458176e-01  0.000000e+00
    outer loop
      vertex -3.791404e+01 -2.330878e+01 -2.000000e-01
      vertex -3.791404e+01 -2.330878e+01  0.000000e+00
      vertex -3.747755e+01 -2.315894e+01  0.000000e+00
    endloop
  endfacet
  facet normal -3.246984e-01  9.458176e-01  0.000000e+00
    outer loop
      vertex -3.791404e+01 -2.330878e+01 -2.000000e-01
      vertex -3.747755e+01 -2.315894e+01  0.000000e+00
      vertex -3.747755e+01 -2.315894e+01 -2.000000e-01
    endloop
  endfacet
  facet normal -4.759457e-01  8.794746e-01  0.000000e+00
    outer loop
      vertex -3.747755e+01 -2.315894e+01 -2.000000e-01
      vertex -3.747755e+01 -2.315894e+01  0.000000e+00
      vertex -3.707167e+01 -2.293929e+01  0.000000e+00
    endloop
  endfacet
  facet normal -4.759457e-01  8.794746e-01  0.000000e+00
    outer loop
      vertex -3.747755e+01 -2.315894e+01 -2.000000e-01
      vertex -3.707167e+01 -2.293929e+01  0.000000e+00
      vertex -3.707167e+01 -2.293929e+01 -2.000000e-01
    endloop
  endfacet
  facet normal -6.142138e-01  7.891397e-01  0.000000e+00
    outer loop
      vertex -3.707167e+01 -2.293929e+01 -2.000000e-01
      vertex -3.707167e+01 -2.293929e+01  0.000000e+00
      vertex -3.670748e+01 -2.265582e+01  0.000000e+00
    endloop
  endfacet
  facet normal -6.142138e-01  7.891397e-01  0.000000e+00
    outer loop
      vertex -3.707167e+01 -2.293929e+01 -2.000000e-01
      vertex -3.670748e+01 -2.265582e+01  0.000000e+00
      vertex -3.670748e+01 -2.265582e+01 -2.000000e-01
    endloop
  endfacet
  facet normal -7.357247e-01  6.772808e-01  0.000000e+00
    outer loop
      vertex -3.670748e+01 -2.265582e+01 -2.000000e-01
      vertex -3.670748e+01 -2.265582e+01  0.000000e+00
      vertex -3.639491e+01 -2.231629e+01  0.000000e+00
    endloop
  endfacet
  facet normal -7.357247e-01  6.772808e-01  0.000000e+00
    outer loop
      vertex -3.670748e+01 -2.265582e+01 -2.000000e-01
      vertex -3.639491e+01 -2.231629e+01  0.000000e+00
      vertex -3.639491e+01 -2.231629e+01 -2.000000e-01
    endloop
  endfacet
  facet normal -8.371647e-01  5.469509e-01  0.000000e+00
    outer loop
      vertex -3.639491e+01 -2.231629e+01 -2.000000e-01
      vertex -3.639491e+01 -2.231629e+01  0.000000e+00
      vertex -3.614249e+01 -2.192994e+01  0.000000e+00
    endloop
  endfacet
  facet normal -8.371647e-01  5.469509e-01  0.000000e+00
    outer loop
      vertex -3.639491e+01 -2.231629e+01 -2.000000e-01
      vertex -3.614249e+01 -2.192994e+01  0.000000e+00
      vertex -3.614249e+01 -2.192994e+01 -2.000000e-01
    endloop
  endfacet
  facet normal -9.157734e-01  4.016955e-01  0.000000e+00
    outer loop
      vertex -3.614249e+01 -2.192994e+01 -2.000000e-01
      vertex -3.614249e+01 -2.192994e+01  0.000000e+00
      vertex -3.595711e+01 -2.150731e+01  0.000000e+00
    endloop
  endfacet
  facet normal -9.157734e-01  4.016955e-01  0.000000e+00
    outer loop
      vertex -3.614249e+01 -2.192994e+01 -2.000000e-01
      vertex -3.595711e+01 -2.150731e+01  0.000000e+00
      vertex -3.595711e+01 -2.150731e+01 -2.000000e-01
    endloop
  endfacet
  facet normal -9.694018e-01  2.454791e-01  0.000000e+00
    outer loop
      vertex -3.595711e+01 -2.150731e+01 -2.000000e-01
      vertex -3.595711e+01 -2.150731e+01  0.000000e+00
      vertex -3.584382e+01 -2.105993e+01  0.000000e+00
    endloop
  endfacet
  facet normal -9.694018e-01  2.454791e-01  0.000000e+00
    outer loop
      vertex -3.595711e+01 -2.150731e+01 -2.000000e-01
      vertex -3.584382e+01 -2.105993e+01  0.000000e+00
      vertex -3.584382e+01 -2.105993e+01 -2.000000e-01
    endloop
  endfacet
  facet normal -9.965841e-01  8.258407e-02  0.000000e+00
    outer loop
      vertex -3.584382e+01 -2.105993e+01 -2.000000e-01
      vertex -3.584382e+01 -2.105993e+01  0.000000e+00
      vertex -3.580571e+01 -2.060000e+01  6.750156e-14
    endloop
  endfacet
  facet normal -9.965841e-01  8.258407e-02  0.000000e+00
    outer loop
      vertex -3.584382e+01 -2.105993e+01 -2.000000e-01
      vertex -3.580571e+01 -2.060000e+01  6.750156e-14
      vertex -3.580571e+01 -2.060000e+01 -2.000000e-01
    endloop
  endfacet
  facet normal -1.645934e-01 -9.863616e-01  0.000000e+00
    outer loop
      vertex -3.836925e+01 -1.781525e+01  0.000000e+00
      vertex -3.791404e+01 -1.789121e+01 -2.000000e-01
      vertex -3.791404e+01 -1.789121e+01  0.000000e+00
    endloop
  endfacet
  facet normal -3.247020e-01 -9.458163e-01  -0.000000e+00
    outer loop
      vertex -3.791404e+01 -1.789121e+01  0.000000e+00
      vertex -3.791404e+01 -1.789121e+01 -2.000000e-01
      vertex -3.747755e+01 -1.804107e+01 -2.000000e-01
    endloop
  endfacet
  facet normal -3.247020e-01 -9.458163e-01  0.000000e+00
    outer loop
      vertex -3.791404e+01 -1.789121e+01  0.000000e+00
      vertex -3.747755e+01 -1.804107e+01 -2.000000e-01
      vertex -3.747755e+01 -1.804107e+01  0.000000e+00
    endloop
  endfacet
  facet normal -4.759457e-01 -8.794746e-01  -0.000000e+00
    outer loop
      vertex -3.747755e+01 -1.804107e+01  0.000000e+00
      vertex -3.747755e+01 -1.804107e+01 -2.000000e-01
      vertex -3.707167e+01 -1.826072e+01 -2.000000e-01
    endloop
  endfacet
  facet normal -4.759457e-01 -8.794746e-01  0.000000e+00
    outer loop
      vertex -3.747755e+01 -1.804107e+01  0.000000e+00
      vertex -3.707167e+01 -1.826072e+01 -2.000000e-01
      vertex -3.707167e+01 -1.826072e+01  0.000000e+00
    endloop
  endfacet
  facet normal -6.142113e-01 -7.891416e-01  -0.000000e+00
    outer loop
      vertex -3.707167e+01 -1.826072e+01  0.000000e+00
      vertex -3.707167e+01 -1.826072e+01 -2.000000e-01
      vertex -3.670748e+01 -1.854417e+01 -2.000000e-01
    endloop
  endfacet
  facet normal -6.142113e-01 -7.891416e-01  0.000000e+00
    outer loop
      vertex -3.707167e+01 -1.826072e+01  0.000000e+00
      vertex -3.670748e+01 -1.854417e+01 -2.000000e-01
      vertex -3.670748e+01 -1.854417e+01  0.000000e+00
    endloop
  endfacet
  facet normal -7.357265e-01 -6.772788e-01  -0.000000e+00
    outer loop
      vertex -3.670748e+01 -1.854417e+01  0.000000e+00
      vertex -3.670748e+01 -1.854417e+01 -2.000000e-01
      vertex -3.639491e+01 -1.888371e+01 -2.000000e-01
    endloop
  endfacet
  facet normal -7.357265e-01 -6.772788e-01  0.000000e+00
    outer loop
      vertex -3.670748e+01 -1.854417e+01  0.000000e+00
      vertex -3.639491e+01 -1.888371e+01 -2.000000e-01
      vertex -3.639491e+01 -1.888371e+01  0.000000e+00
    endloop
  endfacet
  facet normal -8.371647e-01 -5.469509e-01  -0.000000e+00
    outer loop
      vertex -3.639491e+01 -1.888371e+01  0.000000e+00
      vertex -3.639491e+01 -1.888371e+01 -2.000000e-01
      vertex -3.614249e+01 -1.927007e+01 -2.000000e-01
    endloop
  endfacet
  facet normal -8.371647e-01 -5.469509e-01  0.000000e+00
    outer loop
      vertex -3.639491e+01 -1.888371e+01  0.000000e+00
      vertex -3.614249e+01 -1.927007e+01 -2.000000e-01
      vertex -3.614249e+01 -1.927007e+01  0.000000e+00
    endloop
  endfacet
  facet normal -9.157734e-01 -4.016955e-01  -0.000000e+00
    outer loop
      vertex -3.614249e+01 -1.927007e+01  0.000000e+00
      vertex -3.614249e+01 -1.927007e+01 -2.000000e-01
      vertex -3.595711e+01 -1.969270e+01 -2.000000e-01
    endloop
  endfacet
  facet normal -9.157734e-01 -4.016955e-01  0.000000e+00
    outer loop
      vertex -3.614249e+01 -1.927007e+01  0.000000e+00
      vertex -3.595711e+01 -1.969270e+01 -2.000000e-01
      vertex -3.595711e+01 -1.969270e+01  0.000000e+00
    endloop
  endfacet
  facet normal -9.694018e-01 -2.454791e-01  -0.000000e+00
    outer loop
      vertex -3.595711e+01 -1.969270e+01  0.000000e+00
      vertex -3.595711e+01 -1.969270e+01 -2.000000e-01
      vertex -3.584382e+01 -2.014008e+01 -2.000000e-01
    endloop
  endfacet
  facet normal -9.694018e-01 -2.454791e-01  0.000000e+00
    outer loop
      vertex -3.595711e+01 -1.969270e+01  0.000000e+00
      vertex -3.584382e+01 -2.014008e+01 -2.000000e-01
      vertex -3.584382e+01 -2.014008e+01  0.000000e+00
    endloop
  endfacet
  facet normal -9.965841e-01 -8.258407e-02  -0.000000e+00
    outer loop
      vertex -3.584382e+01 -2.014008e+01  0.000000e+00
      vertex -3.584382e+01 -2.014008e+01 -2.000000e-01
      vertex -3.580571e+01 -2.060000e+01 -2.000000e-01
    endloop
  endfacet
  facet normal -9.965841e-01 -8.258407e-02  0.000000e+00
    outer loop
      vertex -3.584382e+01 -2.014008e+01  0.000000e+00
      vertex -3.580571e+01 -2.060000e+01 -2.000000e-01
      vertex -3.580571e+01 -2.060000e+01  6.750156e-14
    endloop
  endfacet
  facet normal -1.645934e-01 -9.863616e-01  -0.000000e+00
    outer loop
      vertex -3.791404e+01 -1.789121e+01 -2.000000e-01
      vertex -3.836925e+01 -1.781525e+01  0.000000e+00
      vertex -3.836925e+01 -1.781525e+01 -2.000000e-01
    endloop
  endfacet
  facet normal  0.000000e+00 -9.999999e-01  0.000000e+00
    outer loop
      vertex -3.836925e+01 -1.781525e+01 -2.000000e-01
      vertex -3.836925e+01 -1.781525e+01  0.000000e+00
      vertex -3.883075e+01 -1.781525e+01  0.000000e+00
    endloop
  endfacet
  facet normal  0.000000e+00 -9.999999e-01  0.000000e+00
    outer loop
      vertex -3.836925e+01 -1.781525e+01 -2.000000e-01
      vertex -3.883075e+01 -1.781525e+01  0.000000e+00
      vertex -3.883075e+01 -1.781525e+01 -2.000000e-01
    endloop
  endfacet
  facet normal  1.645934e-01 -9.863616e-01  0.000000e+00
    outer loop
      vertex -3.883075e+01 -1.781525e+01 -2.000000e-01
      vertex -3.883075e+01 -1.781525e+01  0.000000e+00
      vertex -3.928596e+01 -1.789121e+01  0.000000e+00
    endloop
  endfacet
  facet normal  1.645934e-01 -9.863616e-01  0.000000e+00
    outer loop
      vertex -3.883075e+01 -1.781525e+01 -2.000000e-01
      vertex -3.928596e+01 -1.789121e+01  0.000000e+00
      vertex -3.928596e+01 -1.789121e+01 -2.000000e-01
    endloop
  endfacet
  facet normal  3.247020e-01 -9.458163e-01  0.000000e+00
    outer loop
      vertex -3.928596e+01 -1.789121e+01 -2.000000e-01
      vertex -3.928596e+01 -1.789121e+01  0.000000e+00
      vertex -3.972245e+01 -1.804107e+01  0.000000e+00
    endloop
  endfacet
  facet normal  3.247020e-01 -9.458163e-01  0.000000e+00
    outer loop
      vertex -3.928596e+01 -1.789121e+01 -2.000000e-01
      vertex -3.972245e+01 -1.804107e+01  0.000000e+00
      vertex -3.972245e+01 -1.804107e+01 -2.000000e-01
    endloop
  endfacet
  facet normal  4.759492e-01 -8.794728e-01  0.000000e+00
    outer loop
      vertex -3.972245e+01 -1.804107e+01 -2.000000e-01
      vertex -3.972245e+01 -1.804107e+01  0.000000e+00
      vertex -4.012833e+01 -1.826072e+01  0.000000e+00
    endloop
  endfacet
  facet normal  4.759492e-01 -8.794728e-01  0.000000e+00
    outer loop
      vertex -3.972245e+01 -1.804107e+01 -2.000000e-01
      vertex -4.012833e+01 -1.826072e+01  0.000000e+00
      vertex -4.012833e+01 -1.826072e+01 -2.000000e-01
    endloop
  endfacet
  facet normal  6.142113e-01 -7.891416e-01  0.000000e+00
    outer loop
      vertex -4.012833e+01 -1.826072e+01 -2.000000e-01
      vertex -4.012833e+01 -1.826072e+01  0.000000e+00
      vertex -4.049252e+01 -1.854417e+01  0.000000e+00
    endloop
  endfacet
  facet normal  6.142113e-01 -7.891416e-01  0.000000e+00
    outer loop
      vertex -4.012833e+01 -1.826072e+01 -2.000000e-01
      vertex -4.049252e+01 -1.854417e+01  0.000000e+00
      vertex -4.049252e+01 -1.854417e+01 -2.000000e-01
    endloop
  endfacet
  facet normal  7.357224e-01 -6.772832e-01  0.000000e+00
    outer loop
      vertex -4.049252e+01 -1.854417e+01 -2.000000e-01
      vertex -4.049252e+01 -1.854417e+01  0.000000e+00
      vertex -4.080509e+01 -1.888371e+01  0.000000e+00
    endloop
  endfacet
  facet normal  7.357224e-01 -6.772832e-01  0.000000e+00
    outer loop
      vertex -4.049252e+01 -1.854417e+01 -2.000000e-01
      vertex -4.080509e+01 -1.888371e+01  0.000000e+00
      vertex -4.080509e+01 -1.888371e+01 -2.000000e-01
    endloop
  endfacet
  facet normal  8.371685e-01 -5.469451e-01  0.000000e+00
    outer loop
      vertex -4.080509e+01 -1.888371e+01 -2.000000e-01
      vertex -4.080509e+01 -1.888371e+01  0.000000e+00
      vertex -4.105750e+01 -1.927007e+01  0.000000e+00
    endloop
  endfacet
  facet normal  8.371685e-01 -5.469451e-01  0.000000e+00
    outer loop
      vertex -4.080509e+01 -1.888371e+01 -2.000000e-01
      vertex -4.105750e+01 -1.927007e+01  0.000000e+00
      vertex -4.105750e+01 -1.927007e+01 -2.000000e-01
    endloop
  endfacet
  facet normal  9.157734e-01 -4.016955e-01  0.000000e+00
    outer loop
      vertex -4.105750e+01 -1.927007e+01 -2.000000e-01
      vertex -4.105750e+01 -1.927007e+01  0.000000e+00
      vertex -4.124289e+01 -1.969270e+01  0.000000e+00
    endloop
  endfacet
  facet normal  9.157734e-01 -4.016955e-01  0.000000e+00
    outer loop
      vertex -4.105750e+01 -1.927007e+01 -2.000000e-01
      vertex -4.124289e+01 -1.969270e+01  0.000000e+00
      vertex -4.124289e+01 -1.969270e+01 -2.000000e-01
    endloop
  endfacet
  facet normal  9.693999e-01 -2.454869e-01  0.000000e+00
    outer loop
      vertex -4.124289e+01 -1.969270e+01 -2.000000e-01
      vertex -4.124289e+01 -1.969270e+01  0.000000e+00
      vertex -4.135618e+01 -2.014008e+01  0.000000e+00
    endloop
  endfacet
  facet normal  9.693999e-01 -2.454869e-01  0.000000e+00
    outer loop
      vertex -4.124289e+01 -1.969270e+01 -2.000000e-01
      vertex -4.135618e+01 -2.014008e+01  0.000000e+00
      vertex -4.135618e+01 -2.014008e+01 -2.000000e-01
    endloop
  endfacet
  facet normal  9.965841e-01 -8.258407e-02  0.000000e+00
    outer loop
      vertex -4.135618e+01 -2.014008e+01 -2.000000e-01
      vertex -4.135618e+01 -2.014008e+01  0.000000e+00
      vertex -4.139429e+01 -2.060000e+01  6.750156e-14
    endloop
  endfacet
  facet normal  9.965841e-01 -8.258407e-02  0.000000e+00
    outer loop
      vertex -4.135618e+01 -2.014008e+01 -2.000000e-01
      vertex -4.139429e+01 -2.060000e+01  6.750156e-14
      vertex -4.139429e+01 -2.060000e+01 -2.000000e-01
    endloop
  endfacet
  facet normal  1.645940e-01  9.863614e-01  -0.000000e+00
    outer loop
      vertex -1.683075e+01  2.801525e+01  0.000000e+00
      vertex -1.728596e+01  2.809122e+01 -2.000000e-01
      vertex -1.728596e+01  2.809122e+01  0.000000e+00
    endloop
  endfacet
  facet normal  3.246984e-01  9.458176e-01  0.000000e+00
    outer loop
      vertex -1.728596e+01  2.809122e+01  0.000000e+00
      vertex -1.728596e+01  2.809122e+01 -2.000000e-01
      vertex -1.772245e+01  2.824106e+01 -2.000000e-01
    endloop
  endfacet
  facet normal  3.246984e-01  9.458176e-01  -0.000000e+00
    outer loop
      vertex -1.728596e+01  2.809122e+01  0.000000e+00
      vertex -1.772245e+01  2.824106e+01 -2.000000e-01
      vertex -1.772245e+01  2.824106e+01  0.000000e+00
    endloop
  endfacet
  facet normal  4.759474e-01  8.794737e-01  0.000000e+00
    outer loop
      vertex -1.772245e+01  2.824106e+01  0.000000e+00
      vertex -1.772245e+01  2.824106e+01 -2.000000e-01
      vertex -1.812833e+01  2.846071e+01 -2.000000e-01
    endloop
  endfacet
  facet normal  4.759474e-01  8.794737e-01  -0.000000e+00
    outer loop
      vertex -1.772245e+01  2.824106e+01  0.000000e+00
      vertex -1.812833e+01  2.846071e+01 -2.000000e-01
      vertex -1.812833e+01  2.846071e+01  0.000000e+00
    endloop
  endfacet
  facet normal  6.142138e-01  7.891397e-01  0.000000e+00
    outer loop
      vertex -1.812833e+01  2.846071e+01  0.000000e+00
      vertex -1.812833e+01  2.846071e+01 -2.000000e-01
      vertex -1.849252e+01  2.874417e+01 -2.000000e-01
    endloop
  endfacet
  facet normal  6.142138e-01  7.891397e-01  -0.000000e+00
    outer loop
      vertex -1.812833e+01  2.846071e+01  0.000000e+00
      vertex -1.849252e+01  2.874417e+01 -2.000000e-01
      vertex -1.849252e+01  2.874417e+01  0.000000e+00
    endloop
  endfacet
  facet normal  7.357247e-01  6.772808e-01  0.000000e+00
    outer loop
      vertex -1.849252e+01  2.874417e+01  0.000000e+00
      vertex -1.849252e+01  2.874417e+01 -2.000000e-01
      vertex -1.880509e+01  2.908371e+01 -2.000000e-01
    endloop
  endfacet
  facet normal  7.357247e-01  6.772808e-01  -0.000000e+00
    outer loop
      vertex -1.849252e+01  2.874417e+01  0.000000e+00
      vertex -1.880509e+01  2.908371e+01 -2.000000e-01
      vertex -1.880509e+01  2.908371e+01  0.000000e+00
    endloop
  endfacet
  facet normal  8.371660e-01  5.469490e-01  0.000000e+00
    outer loop
      vertex -1.880509e+01  2.908371e+01  0.000000e+00
      vertex -1.880509e+01  2.908371e+01 -2.000000e-01
      vertex -1.905750e+01  2.947007e+01 -2.000000e-01
    endloop
  endfacet
  facet normal  8.371660e-01  5.469490e-01  -0.000000e+00
    outer loop
      vertex -1.880509e+01  2.908371e+01  0.000000e+00
      vertex -1.905750e+01  2.947007e+01 -2.000000e-01
      vertex -1.905750e+01  2.947007e+01  0.000000e+00
    endloop
  endfacet
  facet normal  9.157734e-01  4.016955e-01  0.000000e+00
    outer loop
      vertex -1.905750e+01  2.947007e+01  0.000000e+00
      vertex -1.905750e+01  2.947007e+01 -2.000000e-01
      vertex -1.924289e+01  2.989270e+01 -2.000000e-01
    endloop
  endfacet
  facet normal  9.157734e-01  4.016955e-01  -0.000000e+00
    outer loop
      vertex -1.905750e+01  2.947007e+01  0.000000e+00
      vertex -1.924289e+01  2.989270e+01 -2.000000e-01
      vertex -1.924289e+01  2.989270e+01  0.000000e+00
    endloop
  endfacet
  facet normal  9.694006e-01  2.454840e-01  0.000000e+00
    outer loop
      vertex -1.924289e+01  2.989270e+01  0.000000e+00
      vertex -1.924289e+01  2.989270e+01 -2.000000e-01
      vertex -1.935618e+01  3.034007e+01 -2.000000e-01
    endloop
  endfacet
  facet normal  9.694006e-01  2.454840e-01  -0.000000e+00
    outer loop
      vertex -1.924289e+01  2.989270e+01  0.000000e+00
      vertex -1.935618e+01  3.034007e+01 -2.000000e-01
      vertex -1.935618e+01  3.034007e+01  0.000000e+00
    endloop
  endfacet
  facet normal  9.965845e-01  8.257996e-02  0.000000e+00
    outer loop
      vertex -1.935618e+01  3.034007e+01  0.000000e+00
      vertex -1.935618e+01  3.034007e+01 -2.000000e-01
      vertex -1.939429e+01  3.080000e+01 -2.000000e-01
    endloop
  endfacet
  facet normal  9.965845e-01  8.257996e-02  -0.000000e+00
    outer loop
      vertex -1.935618e+01  3.034007e+01  0.000000e+00
      vertex -1.939429e+01  3.080000e+01 -2.000000e-01
      vertex -1.939429e+01  3.080000e+01  7.505108e-14
    endloop
  endfacet
  facet normal  1.645940e-01  9.863614e-01  0.000000e+00
    outer loop
      vertex -1.728596e+01  2.809122e+01 -2.000000e-01
      vertex -1.683075e+01  2.801525e+01  0.000000e+00
      vertex -1.683075e+01  2.801525e+01 -2.000000e-01
    endloop
  endfacet
  facet normal  0.000000e+00  1.000000e+00  0.000000e+00
    outer loop
      vertex -1.683075e+01  2.801525e+01 -2.000000e-01
      vertex -1.683075e+01  2.801525e+01  0.000000e+00
      vertex -1.636925e+01  2.801525e+01  0.000000e+00
    endloop
  endfacet
  facet normal  0.000000e+00  1.000000e+00  0.000000e+00
    outer loop
      vertex -1.683075e+01  2.801525e+01 -2.000000e-01
      vertex -1.636925e+01  2.801525e+01  0.000000e+00
      vertex -1.636925e+01  2.801525e+01 -2.000000e-01
    endloop
  endfacet
  facet normal -1.645937e-01  9.863616e-01  0.000000e+00
    outer loop
      vertex -1.636925e+01  2.801525e+01 -2.000000e-01
      vertex -1.636925e+01  2.801525e+01  0.000000e+00
      vertex -1.591404e+01  2.809122e+01  0.000000e+00
    endloop
  endfacet
  facet normal -1.645937e-01  9.863616e-01  0.000000e+00
    outer loop
      vertex -1.636925e+01  2.801525e+01 -2.000000e-01
      vertex -1.591404e+01  2.809122e+01  0.000000e+00
      vertex -1.591404e+01  2.809122e+01 -2.000000e-01
    endloop
  endfacet
  facet normal -3.246990e-01  9.458174e-01  0.000000e+00
    outer loop
      vertex -1.591404e+01  2.809122e+01 -2.000000e-01
      vertex -1.591404e+01  2.809122e+01  0.000000e+00
      vertex -1.547755e+01  2.824106e+01  0.000000e+00
    endloop
  endfacet
  facet normal -3.246990e-01  9.458174e-01  0.000000e+00
    outer loop
      vertex -1.591404e+01  2.809122e+01 -2.000000e-01
      vertex -1.547755e+01  2.824106e+01  0.000000e+00
      vertex -1.547755e+01  2.824106e+01 -2.000000e-01
    endloop
  endfacet
  facet normal -4.759474e-01  8.794737e-01  0.000000e+00
    outer loop
      vertex -1.547755e+01  2.824106e+01 -2.000000e-01
      vertex -1.547755e+01  2.824106e+01  0.000000e+00
      vertex -1.507167e+01  2.846071e+01  0.000000e+00
    endloop
  endfacet
  facet normal -4.759474e-01  8.794737e-01  0.000000e+00
    outer loop
      vertex -1.547755e+01  2.824106e+01 -2.000000e-01
      vertex -1.507167e+01  2.846071e+01  0.000000e+00
      vertex -1.507167e+01  2.846071e+01 -2.000000e-01
    endloop
  endfacet
  facet normal -6.142138e-01  7.891397e-01  0.000000e+00
    outer loop
      vertex -1.507167e+01  2.846071e+01 -2.000000e-01
      vertex -1.507167e+01  2.846071e+01  0.000000e+00
      vertex -1.470748e+01  2.874417e+01  0.000000e+00
    endloop
  endfacet
  facet normal -6.142138e-01  7.891397e-01  0.000000e+00
    outer loop
      vertex -1.507167e+01  2.846071e+01 -2.000000e-01
      vertex -1.470748e+01  2.874417e+01  0.000000e+00
      vertex -1.470748e+01  2.874417e+01 -2.000000e-01
    endloop
  endfacet
  facet normal -7.357225e-01  6.772830e-01  0.000000e+00
    outer loop
      vertex -1.470748e+01  2.874417e+01 -2.000000e-01
      vertex -1.470748e+01  2.874417e+01  0.000000e+00
      vertex -1.439491e+01  2.908371e+01  0.000000e+00
    endloop
  endfacet
  facet normal -7.357225e-01  6.772830e-01  0.000000e+00
    outer loop
      vertex -1.470748e+01  2.874417e+01 -2.000000e-01
      vertex -1.439491e+01  2.908371e+01  0.000000e+00
      vertex -1.439491e+01  2.908371e+01 -2.000000e-01
    endloop
  endfacet
  facet normal -8.371678e-01  5.469461e-01  0.000000e+00
    outer loop
      vertex -1.439491e+01  2.908371e+01 -2.000000e-01
      vertex -1.439491e+01  2.908371e+01  0.000000e+00
      vertex -1.414250e+01  2.947007e+01  0.000000e+00
    endloop
  endfacet
  facet normal -8.371678e-01  5.469461e-01  0.000000e+00
    outer loop
      vertex -1.439491e+01  2.908371e+01 -2.000000e-01
      vertex -1.414250e+01  2.947007e+01  0.000000e+00
      vertex -1.414250e+01  2.947007e+01 -2.000000e-01
    endloop
  endfacet
  facet normal -9.157734e-01  4.016955e-01  0.000000e+00
    outer loop
      vertex -1.414250e+01  2.947007e+01 -2.000000e-01
      vertex -1.414250e+01  2.947007e+01  0.000000e+00
      vertex -1.395711e+01  2.989270e+01  0.000000e+00
    endloop
  endfacet
  facet normal -9.157734e-01  4.016955e-01  0.000000e+00
    outer loop
      vertex -1.414250e+01  2.947007e+01 -2.000000e-01
      vertex -1.395711e+01  2.989270e+01  0.000000e+00
      vertex -1.395711e+01  2.989270e+01 -2.000000e-01
    endloop
  endfacet
  facet normal -9.694001e-01  2.454859e-01  0.000000e+00
    outer loop
      vertex -1.395711e+01  2.989270e+01 -2.000000e-01
      vertex -1.395711e+01  2.989270e+01  0.000000e+00
      vertex -1.384382e+01  3.034007e+01  0.000000e+00
    endloop
  endfacet
  facet normal -9.694001e-01  2.454859e-01  0.000000e+00
    outer loop
      vertex -1.395711e+01  2.989270e+01 -2.000000e-01
      vertex -1.384382e+01  3.034007e+01  0.000000e+00
      vertex -1.384382e+01  3.034007e+01 -2.000000e-01
    endloop
  endfacet
  facet normal -9.965845e-01  8.257996e-02  0.000000e+00
    outer loop
      vertex -1.384382e+01  3.034007e+01 -2.000000e-01
      vertex -1.384382e+01  3.034007e+01  0.000000e+00
      vertex -1.380571e+01  3.080000e+01  7.505108e-14
    endloop
  endfacet
  facet normal -9.965845e-01  8.257996e-02  0.000000e+00
    outer loop
      vertex -1.384382e+01  3.034007e+01 -2.000000e-01
      vertex -1.380571e+01  3.080000e+01  7.505108e-14
      vertex -1.380571e+01  3.080000e+01 -2.000000e-01
    endloop
  endfacet
  facet normal -1.645897e-01 -9.863622e-01  0.000000e+00
    outer loop
      vertex -1.636925e+01  3.358474e+01  0.000000e+00
      vertex -1.591404e+01  3.350879e+01 -2.000000e-01
      vertex -1.591404e+01  3.350879e+01  0.000000e+00
    endloop
  endfacet
  facet normal -3.246990e-01 -9.458174e-01  -0.000000e+00
    outer loop
      vertex -1.591404e+01  3.350879e+01  0.000000e+00
      vertex -1.591404e+01  3.350879e+01 -2.000000e-01
      vertex -1.547755e+01  3.335894e+01 -2.000000e-01
    endloop
  endfacet
  facet normal -3.246990e-01 -9.458174e-01  0.000000e+00
    outer loop
      vertex -1.591404e+01  3.350879e+01  0.000000e+00
      vertex -1.547755e+01  3.335894e+01 -2.000000e-01
      vertex -1.547755e+01  3.335894e+01  0.000000e+00
    endloop
  endfacet
  facet normal -4.759474e-01 -8.794737e-01  -0.000000e+00
    outer loop
      vertex -1.547755e+01  3.335894e+01  0.000000e+00
      vertex -1.547755e+01  3.335894e+01 -2.000000e-01
      vertex -1.507167e+01  3.313929e+01 -2.000000e-01
    endloop
  endfacet
  facet normal -4.759474e-01 -8.794737e-01  0.000000e+00
    outer loop
      vertex -1.547755e+01  3.335894e+01  0.000000e+00
      vertex -1.507167e+01  3.313929e+01 -2.000000e-01
      vertex -1.507167e+01  3.313929e+01  0.000000e+00
    endloop
  endfacet
  facet normal -6.142113e-01 -7.891416e-01  -0.000000e+00
    outer loop
      vertex -1.507167e+01  3.313929e+01  0.000000e+00
      vertex -1.507167e+01  3.313929e+01 -2.000000e-01
      vertex -1.470748e+01  3.285583e+01 -2.000000e-01
    endloop
  endfacet
  facet normal -6.142113e-01 -7.891416e-01  0.000000e+00
    outer loop
      vertex -1.507167e+01  3.313929e+01  0.000000e+00
      vertex -1.470748e+01  3.285583e+01 -2.000000e-01
      vertex -1.470748e+01  3.285583e+01  0.000000e+00
    endloop
  endfacet
  facet normal -7.357245e-01 -6.772810e-01  -0.000000e+00
    outer loop
      vertex -1.470748e+01  3.285583e+01  0.000000e+00
      vertex -1.470748e+01  3.285583e+01 -2.000000e-01
      vertex -1.439491e+01  3.251629e+01 -2.000000e-01
    endloop
  endfacet
  facet normal -7.357245e-01 -6.772810e-01  0.000000e+00
    outer loop
      vertex -1.470748e+01  3.285583e+01  0.000000e+00
      vertex -1.439491e+01  3.251629e+01 -2.000000e-01
      vertex -1.439491e+01  3.251629e+01  0.000000e+00
    endloop
  endfacet
  facet normal -8.371665e-01 -5.469480e-01  -0.000000e+00
    outer loop
      vertex -1.439491e+01  3.251629e+01  0.000000e+00
      vertex -1.439491e+01  3.251629e+01 -2.000000e-01
      vertex -1.414250e+01  3.212994e+01 -2.000000e-01
    endloop
  endfacet
  facet normal -8.371665e-01 -5.469480e-01  0.000000e+00
    outer loop
      vertex -1.439491e+01  3.251629e+01  0.000000e+00
      vertex -1.414250e+01  3.212994e+01 -2.000000e-01
      vertex -1.414250e+01  3.212994e+01  0.000000e+00
    endloop
  endfacet
  facet normal -9.157739e-01 -4.016939e-01  -0.000000e+00
    outer loop
      vertex -1.414250e+01  3.212994e+01  0.000000e+00
      vertex -1.414250e+01  3.212994e+01 -2.000000e-01
      vertex -1.395711e+01  3.170730e+01 -2.000000e-01
    endloop
  endfacet
  facet normal -9.157739e-01 -4.016939e-01  0.000000e+00
    outer loop
      vertex -1.414250e+01  3.212994e+01  0.000000e+00
      vertex -1.395711e+01  3.170730e+01 -2.000000e-01
      vertex -1.395711e+01  3.170730e+01  0.000000e+00
    endloop
  endfacet
  facet normal -9.694001e-01 -2.454859e-01  -0.000000e+00
    outer loop
      vertex -1.395711e+01  3.170730e+01  0.000000e+00
      vertex -1.395711e+01  3.170730e+01 -2.000000e-01
      vertex -1.384382e+01  3.125993e+01 -2.000000e-01
    endloop
  endfacet
  facet normal -9.694001e-01 -2.454859e-01  0.000000e+00
    outer loop
      vertex -1.395711e+01  3.170730e+01  0.000000e+00
      vertex -1.384382e+01  3.125993e+01 -2.000000e-01
      vertex -1.384382e+01  3.125993e+01  0.000000e+00
    endloop
  endfacet
  facet normal -9.965846e-01 -8.257963e-02  -0.000000e+00
    outer loop
      vertex -1.384382e+01  3.125993e+01  0.000000e+00
      vertex -1.384382e+01  3.125993e+01 -2.000000e-01
      vertex -1.380571e+01  3.080000e+01 -2.000000e-01
    endloop
  endfacet
  facet normal -9.965846e-01 -8.257963e-02  0.000000e+00
    outer loop
      vertex -1.384382e+01  3.125993e+01  0.000000e+00
      vertex -1.380571e+01  3.080000e+01 -2.000000e-01
      vertex -1.380571e+01  3.080000e+01  7.505108e-14
    endloop
  endfacet
  facet normal -1.645897e-01 -9.863622e-01  -0.000000e+00
    outer loop
      vertex -1.591404e+01  3.350879e+01 -2.000000e-01
      vertex -1.636925e+01  3.358474e+01  0.000000e+00
      vertex -1.636925e+01  3.358474e+01 -2.000000e-01
    endloop
  endfacet
  facet normal  0.000000e+00 -1.000000e+00  0.000000e+00
    outer loop
      vertex -1.636925e+01  3.358474e+01 -2.000000e-01
      vertex -1.636925e+01  3.358474e+01  0.000000e+00
      vertex -1.683075e+01  3.358474e+01  0.000000e+00
    endloop
  endfacet
  facet normal  0.000000e+00 -1.000000e+00  0.000000e+00
    outer loop
      vertex -1.636925e+01  3.358474e+01 -2.000000e-01
      vertex -1.683075e+01  3.358474e+01  0.000000e+00
      vertex -1.683075e+01  3.358474e+01 -2.000000e-01
    endloop
  endfacet
  facet normal  1.645900e-01 -9.863620e-01  0.000000e+00
    outer loop
      vertex -1.683075e+01  3.358474e+01 -2.000000e-01
      vertex -1.683075e+01  3.358474e+01  0.000000e+00
      vertex -1.728596e+01  3.350879e+01  0.000000e+00
    endloop
  endfacet
  facet normal  1.645900e-01 -9.863620e-01  0.000000e+00
    outer loop
      vertex -1.683075e+01  3.358474e+01 -2.000000e-01
      vertex -1.728596e+01  3.350879e+01  0.000000e+00
      vertex -1.728596e+01  3.350879e+01 -2.000000e-01
    endloop
  endfacet
  facet normal  3.246984e-01 -9.458176e-01  0.000000e+00
    outer loop
      vertex -1.728596e+01  3.350879e+01 -2.000000e-01
      vertex -1.728596e+01  3.350879e+01  0.000000e+00
      vertex -1.772245e+01  3.335894e+01  0.000000e+00
    endloop
  endfacet
  facet normal  3.246984e-01 -9.458176e-01  0.000000e+00
    outer loop
      vertex -1.728596e+01  3.350879e+01 -2.000000e-01
      vertex -1.772245e+01  3.335894e+01  0.000000e+00
      vertex -1.772245e+01  3.335894e+01 -2.000000e-01
    endloop
  endfacet
  facet normal  4.759474e-01 -8.794737e-01  0.000000e+00
    outer loop
      vertex -1.772245e+01  3.335894e+01 -2.000000e-01
      vertex -1.772245e+01  3.335894e+01  0.000000e+00
      vertex -1.812833e+01  3.313929e+01  0.000000e+00
    endloop
  endfacet
  facet normal  4.759474e-01 -8.794737e-01  0.000000e+00
    outer loop
      vertex -1.772245e+01  3.335894e+01 -2.000000e-01
      vertex -1.812833e+01  3.313929e+01  0.000000e+00
      vertex -1.812833e+01  3.313929e+01 -2.000000e-01
    endloop
  endfacet
  facet normal  6.142113e-01 -7.891416e-01  0.000000e+00
    outer loop
      vertex -1.812833e+01  3.313929e+01 -2.000000e-01
      vertex -1.812833e+01  3.313929e+01  0.000000e+00
      vertex -1.849252e+01  3.285583e+01  0.000000e+00
    endloop
  endfacet
  facet normal  6.142113e-01 -7.891416e-01  0.000000e+00
    outer loop
      vertex -1.812833e+01  3.313929e+01 -2.000000e-01
      vertex -1.849252e+01  3.285583e+01  0.000000e+00
      vertex -1.849252e+01  3.285583e+01 -2.000000e-01
    endloop
  endfacet
  facet normal  7.357265e-01 -6.772788e-01  0.000000e+00
    outer loop
      vertex -1.849252e+01  3.285583e+01 -2.000000e-01
      vertex -1.849252e+01  3.285583e+01  0.000000e+00
      vertex -1.880509e+01  3.251629e+01  0.000000e+00
    endloop
  endfacet
  facet normal  7.357265e-01 -6.772788e-01  0.000000e+00
    outer loop
      vertex -1.849252e+01  3.285583e+01 -2.000000e-01
      vertex -1.880509e+01  3.251629e+01  0.000000e+00
      vertex -1.880509e+01  3.251629e+01 -2.000000e-01
    endloop
  endfacet
  facet normal  8.371647e-01 -5.469509e-01  0.000000e+00
    outer loop
      vertex -1.880509e+01  3.251629e+01 -2.000000e-01
      vertex -1.880509e+01  3.251629e+01  0.000000e+00
      vertex -1.905750e+01  3.212994e+01  0.000000e+00
    endloop
  endfacet
  facet normal  8.371647e-01 -5.469509e-01  0.000000e+00
    outer loop
      vertex -1.880509e+01  3.251629e+01 -2.000000e-01
      vertex -1.905750e+01  3.212994e+01  0.000000e+00
      vertex -1.905750e+01  3.212994e+01 -2.000000e-01
    endloop
  endfacet
  facet normal  9.157739e-01 -4.016939e-01  0.000000e+00
    outer loop
      vertex -1.905750e+01  3.212994e+01 -2.000000e-01
      vertex -1.905750e+01  3.212994e+01  0.000000e+00
      vertex -1.924289e+01  3.170730e+01  0.000000e+00
    endloop
  endfacet
  facet normal  9.157739e-01 -4.016939e-01  0.000000e+00
    outer loop
      vertex -1.905750e+01  3.212994e+01 -2.000000e-01
      vertex -1.924289e+01  3.170730e+01  0.000000e+00
      vertex -1.924289e+01  3.170730e+01 -2.000000e-01
    endloop
  endfacet
  facet normal  9.694006e-01 -2.454840e-01  0.000000e+00
    outer loop
      vertex -1.924289e+01  3.170730e+01 -2.000000e-01
      vertex -1.924289e+01  3.170730e+01  0.000000e+00
      vertex -1.935618e+01  3.125993e+01  0.000000e+00
    endloop
  endfacet
  facet normal  9.694006e-01 -2.454840e-01  0.000000e+00
    outer loop
      vertex -1.924289e+01  3.170730e+01 -2.000000e-01
      vertex -1.935618e+01  3.125993e+01  0.000000e+00
      vertex -1.935618e+01  3.125993e+01 -2.000000e-01
    endloop
  endfacet
  facet normal  9.965846e-01 -8.257963e-02  0.000000e+00
    outer loop
      vertex -1.935618e+01  3.125993e+01 -2.000000e-01
      vertex -1.935618e+01  3.125993e+01  0.000000e+00
      vertex -1.939429e+01  3.080000e+01  7.505108e-14
    endloop
  endfacet
  facet normal  9.965846e-01 -8.257963e-02  0.000000e+00
    outer loop
      vertex -1.935618e+01  3.125993e+01 -2.000000e-01
      vertex -1.939429e+01  3.080000e+01  7.505108e-14
      vertex -1.939429e+01  3.080000e+01 -2.000000e-01
    endloop
  endfacet
  facet normal  1.645943e-01  9.863614e-01  -0.000000e+00
    outer loop
      vertex  1.637751e+01  2.791491e+01  0.000000e+00
      vertex  1.593859e+01  2.798816e+01 -2.000000e-01
      vertex  1.593859e+01  2.798816e+01  0.000000e+00
    endloop
  endfacet
  facet normal  3.246976e-01  9.458179e-01  0.000000e+00
    outer loop
      vertex  1.593859e+01  2.798816e+01  0.000000e+00
      vertex  1.593859e+01  2.798816e+01 -2.000000e-01
      vertex  1.551772e+01  2.813264e+01 -2.000000e-01
    endloop
  endfacet
  facet normal  3.246976e-01  9.458179e-01  -0.000000e+00
    outer loop
      vertex  1.593859e+01  2.798816e+01  0.000000e+00
      vertex  1.551772e+01  2.813264e+01 -2.000000e-01
      vertex  1.551772e+01  2.813264e+01  0.000000e+00
    endloop
  endfacet
  facet normal  4.759485e-01  8.794731e-01  0.000000e+00
    outer loop
      vertex  1.551772e+01  2.813264e+01  0.000000e+00
      vertex  1.551772e+01  2.813264e+01 -2.000000e-01
      vertex  1.512636e+01  2.834443e+01 -2.000000e-01
    endloop
  endfacet
  facet normal  4.759485e-01  8.794731e-01  -0.000000e+00
    outer loop
      vertex  1.551772e+01  2.813264e+01  0.000000e+00
      vertex  1.512636e+01  2.834443e+01 -2.000000e-01
      vertex  1.512636e+01  2.834443e+01  0.000000e+00
    endloop
  endfacet
  facet normal  6.142121e-01  7.891410e-01  0.000000e+00
    outer loop
      vertex  1.512636e+01  2.834443e+01  0.000000e+00
      vertex  1.512636e+01  2.834443e+01 -2.000000e-01
      vertex  1.477521e+01  2.861775e+01 -2.000000e-01
    endloop
  endfacet
  facet normal  6.142121e-01  7.891410e-01  -0.000000e+00
    outer loop
      vertex  1.512636e+01  2.834443e+01  0.000000e+00
      vertex  1.477521e+01  2.861775e+01 -2.000000e-01
      vertex  1.477521e+01  2.861775e+01  0.000000e+00
    endloop
  endfacet
  facet normal  7.357247e-01  6.772807e-01  0.000000e+00
    outer loop
      vertex  1.477521e+01  2.861775e+01  0.000000e+00
      vertex  1.477521e+01  2.861775e+01 -2.000000e-01
      vertex  1.447383e+01  2.894513e+01 -2.000000e-01
    endloop
  endfacet
  facet normal  7.357247e-01  6.772807e-01  -0.000000e+00
    outer loop
      vertex  1.477521e+01  2.861775e+01  0.000000e+00
      vertex  1.447383e+01  2.894513e+01 -2.000000e-01
      vertex  1.447383e+01  2.894513e+01  0.000000e+00
    endloop
  endfacet
  facet normal  8.371656e-01  5.469496e-01  0.000000e+00
    outer loop
      vertex  1.447383e+01  2.894513e+01  0.000000e+00
      vertex  1.447383e+01  2.894513e+01 -2.000000e-01
      vertex  1.423044e+01  2.931766e+01 -2.000000e-01
    endloop
  endfacet
  facet normal  8.371656e-01  5.469496e-01  -0.000000e+00
    outer loop
      vertex  1.447383e+01  2.894513e+01  0.000000e+00
      vertex  1.423044e+01  2.931766e+01 -2.000000e-01
      vertex  1.423044e+01  2.931766e+01  0.000000e+00
    endloop
  endfacet
  facet normal  9.157742e-01  4.016936e-01  0.000000e+00
    outer loop
      vertex  1.423044e+01  2.931766e+01  0.000000e+00
      vertex  1.423044e+01  2.931766e+01 -2.000000e-01
      vertex  1.405169e+01  2.972517e+01 -2.000000e-01
    endloop
  endfacet
  facet normal  9.157742e-01  4.016936e-01  -0.000000e+00
    outer loop
      vertex  1.423044e+01  2.931766e+01  0.000000e+00
      vertex  1.405169e+01  2.972517e+01 -2.000000e-01
      vertex  1.405169e+01  2.972517e+01  0.000000e+00
    endloop
  endfacet
  facet normal  9.694000e-01  2.454865e-01  0.000000e+00
    outer loop
      vertex  1.405169e+01  2.972517e+01  0.000000e+00
      vertex  1.405169e+01  2.972517e+01 -2.000000e-01
      vertex  1.394246e+01  3.015653e+01 -2.000000e-01
    endloop
  endfacet
  facet normal  9.694000e-01  2.454865e-01  -0.000000e+00
    outer loop
      vertex  1.405169e+01  2.972517e+01  0.000000e+00
      vertex  1.394246e+01  3.015653e+01 -2.000000e-01
      vertex  1.394246e+01  3.015653e+01  0.000000e+00
    endloop
  endfacet
  facet normal  9.965845e-01  8.257794e-02  0.000000e+00
    outer loop
      vertex  1.394246e+01  3.015653e+01  0.000000e+00
      vertex  1.394246e+01  3.015653e+01 -2.000000e-01
      vertex  1.390571e+01  3.060000e+01 -2.000000e-01
    endloop
  endfacet
  facet normal  9.965845e-01  8.257794e-02  -0.000000e+00
    outer loop
      vertex  1.394246e+01  3.015653e+01  0.000000e+00
      vertex  1.390571e+01  3.060000e+01 -2.000000e-01
      vertex  1.390571e+01  3.060000e+01  1.083578e-13
    endloop
  endfacet
  facet normal  1.645943e-01  9.863614e-01  0.000000e+00
    outer loop
      vertex  1.593859e+01  2.798816e+01 -2.000000e-01
      vertex  1.637751e+01  2.791491e+01  0.000000e+00
      vertex  1.637751e+01  2.791491e+01 -2.000000e-01
    endloop
  endfacet
  facet normal  0.000000e+00  1.000000e+00  0.000000e+00
    outer loop
      vertex  1.637751e+01  2.791491e+01 -2.000000e-01
      vertex  1.637751e+01  2.791491e+01  0.000000e+00
      vertex  1.682249e+01  2.791491e+01  0.000000e+00
    endloop
  endfacet
  facet normal  0.000000e+00  1.000000e+00  0.000000e+00
    outer loop
      vertex  1.637751e+01  2.791491e+01 -2.000000e-01
      vertex  1.682249e+01  2.791491e+01  0.000000e+00
      vertex  1.682249e+01  2.791491e+01 -2.000000e-01
    endloop
  endfacet
  facet normal -1.645943e-01  9.863614e-01  0.000000e+00
    outer loop
      vertex  1.682249e+01  2.791491e+01 -2.000000e-01
      vertex  1.682249e+01  2.791491e+01  0.000000e+00
      vertex  1.726141e+01  2.798816e+01  0.000000e+00
    endloop
  endfacet
  facet normal -1.645943e-01  9.863614e-01  0.000000e+00
    outer loop
      vertex  1.682249e+01  2.791491e+01 -2.000000e-01
      vertex  1.726141e+01  2.798816e+01  0.000000e+00
      vertex  1.726141e+01  2.798816e+01 -2.000000e-01
    endloop
  endfacet
  facet normal -3.246982e-01  9.458177e-01  0.000000e+00
    outer loop
      vertex  1.726141e+01  2.798816e+01 -2.000000e-01
      vertex  1.726141e+01  2.798816e+01  0.000000e+00
      vertex  1.768228e+01  2.813264e+01  0.000000e+00
    endloop
  endfacet
  facet normal -3.246982e-01  9.458177e-01  0.000000e+00
    outer loop
      vertex  1.726141e+01  2.798816e+01 -2.000000e-01
      vertex  1.768228e+01  2.813264e+01  0.000000e+00
      vertex  1.768228e+01  2.813264e+01 -2.000000e-01
    endloop
  endfacet
  facet normal -4.759476e-01  8.794737e-01  0.000000e+00
    outer loop
      vertex  1.768228e+01  2.813264e+01 -2.000000e-01
      vertex  1.768228e+01  2.813264e+01  0.000000e+00
      vertex  1.807364e+01  2.834443e+01  0.000000e+00
    endloop
  endfacet
  facet normal -4.759476e-01  8.794737e-01  0.000000e+00
    outer loop
      vertex  1.768228e+01  2.813264e+01 -2.000000e-01
      vertex  1.807364e+01  2.834443e+01  0.000000e+00
      vertex  1.807364e+01  2.834443e+01 -2.000000e-01
    endloop
  endfacet
  facet normal -6.142121e-01  7.891410e-01  0.000000e+00
    outer loop
      vertex  1.807364e+01  2.834443e+01 -2.000000e-01
      vertex  1.807364e+01  2.834443e+01  0.000000e+00
      vertex  1.842479e+01  2.861775e+01  0.000000e+00
    endloop
  endfacet
  facet normal -6.142121e-01  7.891410e-01  0.000000e+00
    outer loop
      vertex  1.807364e+01  2.834443e+01 -2.000000e-01
      vertex  1.842479e+01  2.861775e+01  0.000000e+00
      vertex  1.842479e+01  2.861775e+01 -2.000000e-01
    endloop
  endfacet
  facet normal -7.357247e-01  6.772807e-01  0.000000e+00
    outer loop
      vertex  1.842479e+01  2.861775e+01 -2.000000e-01
      vertex  1.842479e+01  2.861775e+01  0.000000e+00
      vertex  1.872617e+01  2.894513e+01  0.000000e+00
    endloop
  endfacet
  facet normal -7.357247e-01  6.772807e-01  0.000000e+00
    outer loop
      vertex  1.842479e+01  2.861775e+01 -2.000000e-01
      vertex  1.872617e+01  2.894513e+01  0.000000e+00
      vertex  1.872617e+01  2.894513e+01 -2.000000e-01
    endloop
  endfacet
  facet normal -8.371666e-01  5.469480e-01  0.000000e+00
    outer loop
      vertex  1.872617e+01  2.894513e+01 -2.000000e-01
      vertex  1.872617e+01  2.894513e+01  0.000000e+00
      vertex  1.896956e+01  2.931766e+01  0.000000e+00
    endloop
  endfacet
  facet normal -8.371666e-01  5.469480e-01  0.000000e+00
    outer loop
      vertex  1.872617e+01  2.894513e+01 -2.000000e-01
      vertex  1.896956e+01  2.931766e+01  0.000000e+00
      vertex  1.896956e+01  2.931766e+01 -2.000000e-01
    endloop
  endfacet
  facet normal -9.157734e-01  4.016954e-01  0.000000e+00
    outer loop
      vertex  1.896956e+01  2.931766e+01 -2.000000e-01
      vertex  1.896956e+01  2.931766e+01  0.000000e+00
      vertex  1.914831e+01  2.972517e+01  0.000000e+00
    endloop
  endfacet
  facet normal -9.157734e-01  4.016954e-01  0.000000e+00
    outer loop
      vertex  1.896956e+01  2.931766e+01 -2.000000e-01
      vertex  1.914831e+01  2.972517e+01  0.000000e+00
      vertex  1.914831e+01  2.972517e+01 -2.000000e-01
    endloop
  endfacet
  facet normal -9.694000e-01  2.454865e-01  0.000000e+00
    outer loop
      vertex  1.914831e+01  2.972517e+01 -2.000000e-01
      vertex  1.914831e+01  2.972517e+01  0.000000e+00
      vertex  1.925754e+01  3.015653e+01  0.000000e+00
    endloop
  endfacet
  facet normal -9.694000e-01  2.454865e-01  0.000000e+00
    outer loop
      vertex  1.914831e+01  2.972517e+01 -2.000000e-01
      vertex  1.925754e+01  3.015653e+01  0.000000e+00
      vertex  1.925754e+01  3.015653e+01 -2.000000e-01
    endloop
  endfacet
  facet normal -9.965847e-01  8.257581e-02  0.000000e+00
    outer loop
      vertex  1.925754e+01  3.015653e+01 -2.000000e-01
      vertex  1.925754e+01  3.015653e+01  0.000000e+00
      vertex  1.929429e+01  3.060000e+01  1.083578e-13
    endloop
  endfacet
  facet normal -9.965847e-01  8.257581e-02  0.000000e+00
    outer loop
      vertex  1.925754e+01  3.015653e+01 -2.000000e-01
      vertex  1.929429e+01  3.060000e+01  1.083578e-13
      vertex  1.929429e+01  3.060000e+01 -2.000000e-01
    endloop
  endfacet
  facet normal -1.645943e-01 -9.863614e-01  0.000000e+00
    outer loop
      vertex  1.682249e+01  3.328509e+01  0.000000e+00
      vertex  1.726141e+01  3.321185e+01 -2.000000e-01
      vertex  1.726141e+01  3.321185e+01  0.000000e+00
    endloop
  endfacet
  facet normal -3.246982e-01 -9.458177e-01  -0.000000e+00
    outer loop
      vertex  1.726141e+01  3.321185e+01  0.000000e+00
      vertex  1.726141e+01  3.321185e+01 -2.000000e-01
      vertex  1.768228e+01  3.306736e+01 -2.000000e-01
    endloop
  endfacet
  facet normal -3.246982e-01 -9.458177e-01  0.000000e+00
    outer loop
      vertex  1.726141e+01  3.321185e+01  0.000000e+00
      vertex  1.768228e+01  3.306736e+01 -2.000000e-01
      vertex  1.768228e+01  3.306736e+01  0.000000e+00
    endloop
  endfacet
  facet normal -4.759508e-01 -8.794718e-01  -0.000000e+00
    outer loop
      vertex  1.768228e+01  3.306736e+01  0.000000e+00
      vertex  1.768228e+01  3.306736e+01 -2.000000e-01
      vertex  1.807364e+01  3.285557e+01 -2.000000e-01
    endloop
  endfacet
  facet normal -4.759508e-01 -8.794718e-01  0.000000e+00
    outer loop
      vertex  1.768228e+01  3.306736e+01  0.000000e+00
      vertex  1.807364e+01  3.285557e+01 -2.000000e-01
      vertex  1.807364e+01  3.285557e+01  0.000000e+00
    endloop
  endfacet
  facet normal -6.142121e-01 -7.891410e-01  -0.000000e+00
    outer loop
      vertex  1.807364e+01  3.285557e+01  0.000000e+00
      vertex  1.807364e+01  3.285557e+01 -2.000000e-01
      vertex  1.842479e+01  3.258225e+01 -2.000000e-01
    endloop
  endfacet
  facet normal -6.142121e-01 -7.891410e-01  0.000000e+00
    outer loop
      vertex  1.807364e+01  3.285557e+01  0.000000e+00
      vertex  1.842479e+01  3.258225e+01 -2.000000e-01
      vertex  1.842479e+01  3.258225e+01  0.000000e+00
    endloop
  endfacet
  facet normal -7.357227e-01 -6.772829e-01  -0.000000e+00
    outer loop
      vertex  1.842479e+01  3.258225e+01  0.000000e+00
      vertex  1.842479e+01  3.258225e+01 -2.000000e-01
      vertex  1.872617e+01  3.225487e+01 -2.000000e-01
    endloop
  endfacet
  facet normal -7.357227e-01 -6.772829e-01  0.000000e+00
    outer loop
      vertex  1.842479e+01  3.258225e+01  0.000000e+00
      vertex  1.872617e+01  3.225487e+01 -2.000000e-01
      vertex  1.872617e+01  3.225487e+01  0.000000e+00
    endloop
  endfacet
  facet normal -8.371679e-01 -5.469460e-01  -0.000000e+00
    outer loop
      vertex  1.872617e+01  3.225487e+01  0.000000e+00
      vertex  1.872617e+01  3.225487e+01 -2.000000e-01
      vertex  1.896956e+01  3.188234e+01 -2.000000e-01
    endloop
  endfacet
  facet normal -8.371679e-01 -5.469460e-01  0.000000e+00
    outer loop
      vertex  1.872617e+01  3.225487e+01  0.000000e+00
      vertex  1.896956e+01  3.188234e+01 -2.000000e-01
      vertex  1.896956e+01  3.188234e+01  0.000000e+00
    endloop
  endfacet
  facet normal -9.157727e-01 -4.016970e-01  -0.000000e+00
    outer loop
      vertex  1.896956e+01  3.188234e+01  0.000000e+00
      vertex  1.896956e+01  3.188234e+01 -2.000000e-01
      vertex  1.914831e+01  3.147483e+01 -2.000000e-01
    endloop
  endfacet
  facet normal -9.157727e-01 -4.016970e-01  0.000000e+00
    outer loop
      vertex  1.896956e+01  3.188234e+01  0.000000e+00
      vertex  1.914831e+01  3.147483e+01 -2.000000e-01
      vertex  1.914831e+01  3.147483e+01  0.000000e+00
    endloop
  endfacet
  facet normal -9.694003e-01 -2.454855e-01  -0.000000e+00
    outer loop
      vertex  1.914831e+01  3.147483e+01  0.000000e+00
      vertex  1.914831e+01  3.147483e+01 -2.000000e-01
      vertex  1.925754e+01  3.104346e+01 -2.000000e-01
    endloop
  endfacet
  facet normal -9.694003e-01 -2.454855e-01  0.000000e+00
    outer loop
      vertex  1.914831e+01  3.147483e+01  0.000000e+00
      vertex  1.925754e+01  3.104346e+01 -2.000000e-01
      vertex  1.925754e+01  3.104346e+01  0.000000e+00
    endloop
  endfacet
  facet normal -9.965848e-01 -8.257616e-02  -0.000000e+00
    outer loop
      vertex  1.925754e+01  3.104346e+01  0.000000e+00
      vertex  1.925754e+01  3.104346e+01 -2.000000e-01
      vertex  1.929429e+01  3.060000e+01 -2.000000e-01
    endloop
  endfacet
  facet normal -9.965848e-01 -8.257616e-02  0.000000e+00
    outer loop
      vertex  1.925754e+01  3.104346e+01  0.000000e+00
      vertex  1.929429e+01  3.060000e+01 -2.000000e-01
      vertex  1.929429e+01  3.060000e+01  1.083578e-13
    endloop
  endfacet
  facet normal -1.645943e-01 -9.863614e-01  -0.000000e+00
    outer loop
      vertex  1.726141e+01  3.321185e+01 -2.000000e-01
      vertex  1.682249e+01  3.328509e+01  0.000000e+00
      vertex  1.682249e+01  3.328509e+01 -2.000000e-01
    endloop
  endfacet
  facet normal  0.000000e+00 -1.000000e+00  0.000000e+00
    outer loop
      vertex  1.682249e+01  3.328509e+01 -2.000000e-01
      vertex  1.682249e+01  3.328509e+01  0.000000e+00
      vertex  1.637751e+01  3.328509e+01  0.000000e+00
    endloop
  endfacet
  facet normal  0.000000e+00 -1.000000e+00  0.000000e+00
    outer loop
      vertex  1.682249e+01  3.328509e+01 -2.000000e-01
      vertex  1.637751e+01  3.328509e+01  0.000000e+00
      vertex  1.637751e+01  3.328509e+01 -2.000000e-01
    endloop
  endfacet
  facet normal  1.645943e-01 -9.863614e-01  0.000000e+00
    outer loop
      vertex  1.637751e+01  3.328509e+01 -2.000000e-01
      vertex  1.637751e+01  3.328509e+01  0.000000e+00
      vertex  1.593859e+01  3.321185e+01  0.000000e+00
    endloop
  endfacet
  facet normal  1.645943e-01 -9.863614e-01  0.000000e+00
    outer loop
      vertex  1.637751e+01  3.328509e+01 -2.000000e-01
      vertex  1.593859e+01  3.321185e+01  0.000000e+00
      vertex  1.593859e+01  3.321185e+01 -2.000000e-01
    endloop
  endfacet
  facet normal  3.246976e-01 -9.458179e-01  0.000000e+00
    outer loop
      vertex  1.593859e+01  3.321185e+01 -2.000000e-01
      vertex  1.593859e+01  3.321185e+01  0.000000e+00
      vertex  1.551772e+01  3.306736e+01  0.000000e+00
    endloop
  endfacet
  facet normal  3.246976e-01 -9.458179e-01  0.000000e+00
    outer loop
      vertex  1.593859e+01  3.321185e+01 -2.000000e-01
      vertex  1.551772e+01  3.306736e+01  0.000000e+00
      vertex  1.551772e+01  3.306736e+01 -2.000000e-01
    endloop
  endfacet
  facet normal  4.759518e-01 -8.794714e-01  0.000000e+00
    outer loop
      vertex  1.551772e+01  3.306736e+01 -2.000000e-01
      vertex  1.551772e+01  3.306736e+01  0.000000e+00
      vertex  1.512636e+01  3.285557e+01  0.000000e+00
    endloop
  endfacet
  facet normal  4.759518e-01 -8.794714e-01  0.000000e+00
    outer loop
      vertex  1.551772e+01  3.306736e+01 -2.000000e-01
      vertex  1.512636e+01  3.285557e+01  0.000000e+00
      vertex  1.512636e+01  3.285557e+01 -2.000000e-01
    endloop
  endfacet
  facet normal  6.142121e-01 -7.891410e-01  0.000000e+00
    outer loop
      vertex  1.512636e+01  3.285557e+01 -2.000000e-01
      vertex  1.512636e+01  3.285557e+01  0.000000e+00
      vertex  1.477521e+01  3.258225e+01  0.000000e+00
    endloop
  endfacet
  facet normal  6.142121e-01 -7.891410e-01  0.000000e+00
    outer loop
      vertex  1.512636e+01  3.285557e+01 -2.000000e-01
      vertex  1.477521e+01  3.258225e+01  0.000000e+00
      vertex  1.477521e+01  3.258225e+01 -2.000000e-01
    endloop
  endfacet
  facet normal  7.357227e-01 -6.772829e-01  0.000000e+00
    outer loop
      vertex  1.477521e+01  3.258225e+01 -2.000000e-01
      vertex  1.477521e+01  3.258225e+01  0.000000e+00
      vertex  1.447383e+01  3.225487e+01  0.000000e+00
    endloop
  endfacet
  facet normal  7.357227e-01 -6.772829e-01  0.000000e+00
    outer loop
      vertex  1.477521e+01  3.258225e+01 -2.000000e-01
      vertex  1.447383e+01  3.225487e+01  0.000000e+00
      vertex  1.447383e+01  3.225487e+01 -2.000000e-01
    endloop
  endfacet
  facet normal  8.371669e-01 -5.469476e-01  0.000000e+00
    outer loop
      vertex  1.447383e+01  3.225487e+01 -2.000000e-01
      vertex  1.447383e+01  3.225487e+01  0.000000e+00
      vertex  1.423044e+01  3.188234e+01  0.000000e+00
    endloop
  endfacet
  facet normal  8.371669e-01 -5.469476e-01  0.000000e+00
    outer loop
      vertex  1.447383e+01  3.225487e+01 -2.000000e-01
      vertex  1.423044e+01  3.188234e+01  0.000000e+00
      vertex  1.423044e+01  3.188234e+01 -2.000000e-01
    endloop
  endfacet
  facet normal  9.157735e-01 -4.016951e-01  0.000000e+00
    outer loop
      vertex  1.423044e+01  3.188234e+01 -2.000000e-01
      vertex  1.423044e+01  3.188234e+01  0.000000e+00
      vertex  1.405169e+01  3.147483e+01  0.000000e+00
    endloop
  endfacet
  facet normal  9.157735e-01 -4.016951e-01  0.000000e+00
    outer loop
      vertex  1.423044e+01  3.188234e+01 -2.000000e-01
      vertex  1.405169e+01  3.147483e+01  0.000000e+00
      vertex  1.405169e+01  3.147483e+01 -2.000000e-01
    endloop
  endfacet
  facet normal  9.694003e-01 -2.454855e-01  0.000000e+00
    outer loop
      vertex  1.405169e+01  3.147483e+01 -2.000000e-01
      vertex  1.405169e+01  3.147483e+01  0.000000e+00
      vertex  1.394246e+01  3.104346e+01  0.000000e+00
    endloop
  endfacet
  facet normal  9.694003e-01 -2.454855e-01  0.000000e+00
    outer loop
      vertex  1.405169e+01  3.147483e+01 -2.000000e-01
      vertex  1.394246e+01  3.104346e+01  0.000000e+00
      vertex  1.394246e+01  3.104346e+01 -2.000000e-01
    endloop
  endfacet
  facet normal  9.965845e-01 -8.257829e-02  0.000000e+00
    outer loop
      vertex  1.394246e+01  3.104346e+01 -2.000000e-01
      vertex  1.394246e+01  3.104346e+01  0.000000e+00
      vertex  1.390571e+01  3.060000e+01  1.083578e-13
    endloop
  endfacet
  facet normal  9.965845e-01 -8.257829e-02  0.000000e+00
    outer loop
      vertex  1.394246e+01  3.104346e+01 -2.000000e-01
      vertex  1.390571e+01  3.060000e+01  1.083578e-13
      vertex  1.390571e+01  3.060000e+01 -2.000000e-01
    endloop
  endfacet
  facet normal  7.645060e-01  6.334768e-02 -6.414965e-01
    outer loop
      vertex  1.550000e+01  3.060000e+01  1.900000e+00
      vertex  1.394246e+01  3.015653e+01  0.000000e+00
      vertex  1.390571e+01  3.060000e+01  1.083578e-13
    endloop
  endfacet
  facet normal  7.625096e-01  7.510088e-02 -6.426032e-01
    outer loop
      vertex  1.550000e+01  3.060000e+01  1.900000e+00
      vertex  1.552114e+01  3.038540e+01  1.900000e+00
      vertex  1.394246e+01  3.015653e+01  0.000000e+00
    endloop
  endfacet
  facet normal -7.625090e-01  7.510404e-02 -6.426036e-01
    outer loop
      vertex  1.770000e+01  3.060000e+01  1.900000e+00
      vertex  1.925754e+01  3.015653e+01  0.000000e+00
      vertex  1.767886e+01  3.038540e+01  1.900000e+00
    endloop
  endfacet
  facet normal -7.645062e-01  6.334606e-02 -6.414963e-01
    outer loop
      vertex  1.770000e+01  3.060000e+01  1.900000e+00
      vertex  1.929429e+01  3.060000e+01  1.083578e-13
      vertex  1.925754e+01  3.015653e+01  0.000000e+00
    endloop
  endfacet
  facet normal  7.440928e-01  1.884307e-01 -6.409522e-01
    outer loop
      vertex  1.552114e+01  3.038540e+01  1.900000e+00
      vertex  1.405169e+01  2.972517e+01  0.000000e+00
      vertex  1.394246e+01  3.015653e+01  0.000000e+00
    endloop
  endfacet
  facet normal  7.031550e-01  3.084307e-01 -6.406586e-01
    outer loop
      vertex  1.558373e+01  3.017905e+01  1.900000e+00
      vertex  1.423044e+01  2.931766e+01  0.000000e+00
      vertex  1.405169e+01  2.972517e+01  0.000000e+00
    endloop
  endfacet
  facet normal  7.323874e-01  2.221679e-01 -6.436226e-01
    outer loop
      vertex  1.558373e+01  3.017905e+01  1.900000e+00
      vertex  1.405169e+01  2.972517e+01  0.000000e+00
      vertex  1.552114e+01  3.038540e+01  1.900000e+00
    endloop
  endfacet
  facet normal  6.428267e-01  4.199811e-01 -6.406167e-01
    outer loop
      vertex  1.568538e+01  2.998887e+01  1.900000e+00
      vertex  1.447383e+01  2.894513e+01  0.000000e+00
      vertex  1.423044e+01  2.931766e+01  0.000000e+00
    endloop
  endfacet
  facet normal  6.746700e-01  3.606184e-01 -6.440300e-01
    outer loop
      vertex  1.568538e+01  2.998887e+01  1.900000e+00
      vertex  1.423044e+01  2.931766e+01  0.000000e+00
      vertex  1.558373e+01  3.017905e+01  1.900000e+00
    endloop
  endfacet
  facet normal  5.648054e-01  5.199389e-01 -6.408263e-01
    outer loop
      vertex  1.582218e+01  2.982218e+01  1.900000e+00
      vertex  1.477521e+01  2.861775e+01  0.000000e+00
      vertex  1.447383e+01  2.894513e+01  0.000000e+00
    endloop
  endfacet
  facet normal  5.914870e-01  4.854183e-01 -6.438263e-01
    outer loop
      vertex  1.582218e+01  2.982218e+01  1.900000e+00
      vertex  1.447383e+01  2.894513e+01  0.000000e+00
      vertex  1.568538e+01  2.998887e+01  1.900000e+00
    endloop
  endfacet
  facet normal  4.712855e-01  6.055086e-01 -6.412873e-01
    outer loop
      vertex  1.598887e+01  2.968538e+01  1.900000e+00
      vertex  1.512636e+01  2.834443e+01  0.000000e+00
      vertex  1.477521e+01  2.861775e+01  0.000000e+00
    endloop
  endfacet
  facet normal  4.858542e-01  5.920154e-01 -6.430113e-01
    outer loop
      vertex  1.598887e+01  2.968538e+01  1.900000e+00
      vertex  1.477521e+01  2.861775e+01  0.000000e+00
      vertex  1.582218e+01  2.982218e+01  1.900000e+00
    endloop
  endfacet
  facet normal  2.491899e-01  7.258702e-01 -6.411061e-01
    outer loop
      vertex  1.617905e+01  2.958373e+01  1.900000e+00
      vertex  1.593859e+01  2.798816e+01  0.000000e+00
      vertex  1.551772e+01  2.813264e+01  0.000000e+00
    endloop
  endfacet
  facet normal  3.613696e-01  6.760810e-01 -6.421266e-01
    outer loop
      vertex  1.617905e+01  2.958373e+01  1.900000e+00
      vertex  1.551772e+01  2.813264e+01  0.000000e+00
      vertex  1.598887e+01  2.968538e+01  1.900000e+00
    endloop
  endfacet
  facet normal  3.650181e-01  6.744925e-01 -6.417333e-01
    outer loop
      vertex  1.598887e+01  2.968538e+01  1.900000e+00
      vertex  1.551772e+01  2.813264e+01  0.000000e+00
      vertex  1.512636e+01  2.834443e+01  0.000000e+00
    endloop
  endfacet
  facet normal  1.263702e-01  7.572964e-01 -6.407282e-01
    outer loop
      vertex  1.638540e+01  2.952114e+01  1.900000e+00
      vertex  1.637751e+01  2.791491e+01  0.000000e+00
      vertex  1.593859e+01  2.798816e+01  0.000000e+00
    endloop
  endfacet
  facet normal  2.222370e-01  7.326051e-01 -6.433508e-01
    outer loop
      vertex  1.638540e+01  2.952114e+01  1.900000e+00
      vertex  1.593859e+01  2.798816e+01  0.000000e+00
      vertex  1.617905e+01  2.958373e+01  1.900000e+00
    endloop
  endfacet
  facet normal  0.000000e+00  7.678727e-01 -6.406026e-01
    outer loop
      vertex  1.660000e+01  2.950000e+01  1.900000e+00
      vertex  1.682249e+01  2.791491e+01  0.000000e+00
      vertex  1.637751e+01  2.791491e+01  0.000000e+00
    endloop
  endfacet
  facet normal  7.498556e-02  7.613739e-01 -6.439618e-01
    outer loop
      vertex  1.660000e+01  2.950000e+01  1.900000e+00
      vertex  1.637751e+01  2.791491e+01  0.000000e+00
      vertex  1.638540e+01  2.952114e+01  1.900000e+00
    endloop
  endfacet
  facet normal -1.263702e-01  7.572964e-01 -6.407282e-01
    outer loop
      vertex  1.681460e+01  2.952114e+01  1.900000e+00
      vertex  1.726141e+01  2.798816e+01  0.000000e+00
      vertex  1.682249e+01  2.791491e+01  0.000000e+00
    endloop
  endfacet
  facet normal -7.498556e-02  7.613739e-01 -6.439618e-01
    outer loop
      vertex  1.681460e+01  2.952114e+01  1.900000e+00
      vertex  1.682249e+01  2.791491e+01  0.000000e+00
      vertex  1.660000e+01  2.950000e+01  1.900000e+00
    endloop
  endfacet
  facet normal -2.491904e-01  7.258700e-01 -6.411060e-01
    outer loop
      vertex  1.702095e+01  2.958373e+01  1.900000e+00
      vertex  1.768228e+01  2.813264e+01  0.000000e+00
      vertex  1.726141e+01  2.798816e+01  0.000000e+00
    endloop
  endfacet
  facet normal -2.222370e-01  7.326051e-01 -6.433508e-01
    outer loop
      vertex  1.702095e+01  2.958373e+01  1.900000e+00
      vertex  1.726141e+01  2.798816e+01  0.000000e+00
      vertex  1.681460e+01  2.952114e+01  1.900000e+00
    endloop
  endfacet
  facet normal -4.712854e-01  6.055084e-01 -6.412876e-01
    outer loop
      vertex  1.721113e+01  2.968538e+01  1.900000e+00
      vertex  1.842479e+01  2.861775e+01  0.000000e+00
      vertex  1.807364e+01  2.834443e+01  0.000000e+00
    endloop
  endfacet
  facet normal -3.615877e-01  6.764825e-01 -6.415806e-01
    outer loop
      vertex  1.721113e+01  2.968538e+01  1.900000e+00
      vertex  1.807364e+01  2.834443e+01  0.000000e+00
      vertex  1.702095e+01  2.958373e+01  1.900000e+00
    endloop
  endfacet
  facet normal -3.649120e-01  6.742980e-01 -6.419979e-01
    outer loop
      vertex  1.702095e+01  2.958373e+01  1.900000e+00
      vertex  1.807364e+01  2.834443e+01  0.000000e+00
      vertex  1.768228e+01  2.813264e+01  0.000000e+00
    endloop
  endfacet
  facet normal -5.648053e-01  5.199388e-01 -6.408265e-01
    outer loop
      vertex  1.737782e+01  2.982218e+01  1.900000e+00
      vertex  1.872617e+01  2.894513e+01  0.000000e+00
      vertex  1.842479e+01  2.861775e+01  0.000000e+00
    endloop
  endfacet
  facet normal -4.858526e-01  5.920165e-01 -6.430115e-01
    outer loop
      vertex  1.737782e+01  2.982218e+01  1.900000e+00
      vertex  1.842479e+01  2.861775e+01  0.000000e+00
      vertex  1.721113e+01  2.968538e+01  1.900000e+00
    endloop
  endfacet
  facet normal -6.428274e-01  4.199799e-01 -6.406167e-01
    outer loop
      vertex  1.751462e+01  2.998887e+01  1.900000e+00
      vertex  1.896956e+01  2.931766e+01  0.000000e+00
      vertex  1.872617e+01  2.894513e+01  0.000000e+00
    endloop
  endfacet
  facet normal -5.914870e-01  4.854179e-01 -6.438265e-01
    outer loop
      vertex  1.751462e+01  2.998887e+01  1.900000e+00
      vertex  1.872617e+01  2.894513e+01  0.000000e+00
      vertex  1.737782e+01  2.982218e+01  1.900000e+00
    endloop
  endfacet
  facet normal -7.031546e-01  3.084321e-01 -6.406586e-01
    outer loop
      vertex  1.761627e+01  3.017905e+01  1.900000e+00
      vertex  1.914831e+01  2.972517e+01  0.000000e+00
      vertex  1.896956e+01  2.931766e+01  0.000000e+00
    endloop
  endfacet
  facet normal -6.746687e-01  3.606213e-01 -6.440299e-01
    outer loop
      vertex  1.761627e+01  3.017905e+01  1.900000e+00
      vertex  1.896956e+01  2.931766e+01  0.000000e+00
      vertex  1.751462e+01  2.998887e+01  1.900000e+00
    endloop
  endfacet
  facet normal -7.440926e-01  1.884307e-01 -6.409525e-01
    outer loop
      vertex  1.767886e+01  3.038540e+01  1.900000e+00
      vertex  1.925754e+01  3.015653e+01  0.000000e+00
      vertex  1.914831e+01  2.972517e+01  0.000000e+00
    endloop
  endfacet
  facet normal -7.323884e-01  2.221646e-01 -6.436227e-01
    outer loop
      vertex  1.767886e+01  3.038540e+01  1.900000e+00
      vertex  1.914831e+01  2.972517e+01  0.000000e+00
      vertex  1.761627e+01  3.017905e+01  1.900000e+00
    endloop
  endfacet
  facet normal -7.645061e-01 -6.334633e-02 -6.414962e-01
    outer loop
      vertex  1.770000e+01  3.060000e+01  1.900000e+00
      vertex  1.925754e+01  3.104346e+01  0.000000e+00
      vertex  1.929429e+01  3.060000e+01  1.083578e-13
    endloop
  endfacet
  facet normal -7.625090e-01 -7.510421e-02 -6.426035e-01
    outer loop
      vertex  1.770000e+01  3.060000e+01  1.900000e+00
      vertex  1.767886e+01  3.081460e+01  1.900000e+00
      vertex  1.925754e+01  3.104346e+01  0.000000e+00
    endloop
  endfacet
  facet normal  7.625096e-01 -7.510097e-02 -6.426031e-01
    outer loop
      vertex  1.550000e+01  3.060000e+01  1.900000e+00
      vertex  1.394246e+01  3.104346e+01  0.000000e+00
      vertex  1.552114e+01  3.081460e+01  1.900000e+00
    endloop
  endfacet
  facet normal  7.645059e-01 -6.334795e-02 -6.414964e-01
    outer loop
      vertex  1.550000e+01  3.060000e+01  1.900000e+00
      vertex  1.390571e+01  3.060000e+01  1.083578e-13
      vertex  1.394246e+01  3.104346e+01  0.000000e+00
    endloop
  endfacet
  facet normal -7.440929e-01 -1.884299e-01 -6.409524e-01
    outer loop
      vertex  1.767886e+01  3.081460e+01  1.900000e+00
      vertex  1.914831e+01  3.147483e+01  0.000000e+00
      vertex  1.925754e+01  3.104346e+01  0.000000e+00
    endloop
  endfacet
  facet normal -7.031541e-01 -3.084334e-01 -6.406584e-01
    outer loop
      vertex  1.761627e+01  3.102095e+01  1.900000e+00
      vertex  1.896956e+01  3.188234e+01  0.000000e+00
      vertex  1.914831e+01  3.147483e+01  0.000000e+00
    endloop
  endfacet
  facet normal -7.323884e-01 -2.221646e-01 -6.436227e-01
    outer loop
      vertex  1.761627e+01  3.102095e+01  1.900000e+00
      vertex  1.914831e+01  3.147483e+01  0.000000e+00
      vertex  1.767886e+01  3.081460e+01  1.900000e+00
    endloop
  endfacet
  facet normal -6.428282e-01 -4.199784e-01 -6.406169e-01
    outer loop
      vertex  1.751462e+01  3.121113e+01  1.900000e+00
      vertex  1.872617e+01  3.225487e+01  0.000000e+00
      vertex  1.896956e+01  3.188234e+01  0.000000e+00
    endloop
  endfacet
  facet normal -6.746674e-01 -3.606242e-01 -6.440297e-01
    outer loop
      vertex  1.751462e+01  3.121113e+01  1.900000e+00
      vertex  1.896956e+01  3.188234e+01  0.000000e+00
      vertex  1.761627e+01  3.102095e+01  1.900000e+00
    endloop
  endfacet
  facet normal -5.648038e-01 -5.199404e-01 -6.408266e-01
    outer loop
      vertex  1.737782e+01  3.137782e+01  1.900000e+00
      vertex  1.842479e+01  3.258225e+01  0.000000e+00
      vertex  1.872617e+01  3.225487e+01  0.000000e+00
    endloop
  endfacet
  facet normal -5.914867e-01 -4.854178e-01 -6.438268e-01
    outer loop
      vertex  1.737782e+01  3.137782e+01  1.900000e+00
      vertex  1.872617e+01  3.225487e+01  0.000000e+00
      vertex  1.751462e+01  3.121113e+01  1.900000e+00
    endloop
  endfacet
  facet normal -4.712853e-01 -6.055084e-01 -6.412875e-01
    outer loop
      vertex  1.721113e+01  3.151462e+01  1.900000e+00
      vertex  1.807364e+01  3.285557e+01  0.000000e+00
      vertex  1.842479e+01  3.258225e+01  0.000000e+00
    endloop
  endfacet
  facet normal -4.858526e-01 -5.920165e-01 -6.430115e-01
    outer loop
      vertex  1.721113e+01  3.151462e+01  1.900000e+00
      vertex  1.842479e+01  3.258225e+01  0.000000e+00
      vertex  1.737782e+01  3.137782e+01  1.900000e+00
    endloop
  endfacet
  facet normal -2.491904e-01 -7.258700e-01 -6.411059e-01
    outer loop
      vertex  1.702095e+01  3.161627e+01  1.900000e+00
      vertex  1.726141e+01  3.321185e+01  0.000000e+00
      vertex  1.768228e+01  3.306736e+01  0.000000e+00
    endloop
  endfacet
  facet normal -3.613776e-01 -6.760769e-01 -6.421263e-01
    outer loop
      vertex  1.702095e+01  3.161627e+01  1.900000e+00
      vertex  1.768228e+01  3.306736e+01  0.000000e+00
      vertex  1.721113e+01  3.151462e+01  1.900000e+00
    endloop
  endfacet
  facet normal -3.650199e-01 -6.744913e-01 -6.417336e-01
    outer loop
      vertex  1.721113e+01  3.151462e+01  1.900000e+00
      vertex  1.768228e+01  3.306736e+01  0.000000e+00
      vertex  1.807364e+01  3.285557e+01  0.000000e+00
    endloop
  endfacet
  facet normal -1.263701e-01 -7.572960e-01 -6.407287e-01
    outer loop
      vertex  1.681460e+01  3.167886e+01  1.900000e+00
      vertex  1.682249e+01  3.328509e+01  0.000000e+00
      vertex  1.726141e+01  3.321185e+01  0.000000e+00
    endloop
  endfacet
  facet normal -2.222304e-01 -7.326066e-01 -6.433514e-01
    outer loop
      vertex  1.681460e+01  3.167886e+01  1.900000e+00
      vertex  1.726141e+01  3.321185e+01  0.000000e+00
      vertex  1.702095e+01  3.161627e+01  1.900000e+00
    endloop
  endfacet
  facet normal  0.000000e+00 -7.678727e-01 -6.406026e-01
    outer loop
      vertex  1.660000e+01  3.170000e+01  1.900000e+00
      vertex  1.637751e+01  3.328509e+01  0.000000e+00
      vertex  1.682249e+01  3.328509e+01  0.000000e+00
    endloop
  endfacet
  facet normal -7.499260e-02 -7.613731e-01 -6.439619e-01
    outer loop
      vertex  1.660000e+01  3.170000e+01  1.900000e+00
      vertex  1.682249e+01  3.328509e+01  0.000000e+00
      vertex  1.681460e+01  3.167886e+01  1.900000e+00
    endloop
  endfacet
  facet normal  1.263701e-01 -7.572960e-01 -6.407287e-01
    outer loop
      vertex  1.638540e+01  3.167886e+01  1.900000e+00
      vertex  1.593859e+01  3.321185e+01  0.000000e+00
      vertex  1.637751e+01  3.328509e+01  0.000000e+00
    endloop
  endfacet
  facet normal  7.499260e-02 -7.613731e-01 -6.439619e-01
    outer loop
      vertex  1.638540e+01  3.167886e+01  1.900000e+00
      vertex  1.637751e+01  3.328509e+01  0.000000e+00
      vertex  1.660000e+01  3.170000e+01  1.900000e+00
    endloop
  endfacet
  facet normal  2.491899e-01 -7.258702e-01 -6.411061e-01
    outer loop
      vertex  1.617905e+01  3.161627e+01  1.900000e+00
      vertex  1.551772e+01  3.306736e+01  0.000000e+00
      vertex  1.593859e+01  3.321185e+01  0.000000e+00
    endloop
  endfacet
  facet normal  2.222304e-01 -7.326066e-01 -6.433514e-01
    outer loop
      vertex  1.617905e+01  3.161627e+01  1.900000e+00
      vertex  1.593859e+01  3.321185e+01  0.000000e+00
      vertex  1.638540e+01  3.167886e+01  1.900000e+00
    endloop
  endfacet
  facet normal  4.712855e-01 -6.055086e-01 -6.412873e-01
    outer loop
      vertex  1.598887e+01  3.151462e+01  1.900000e+00
      vertex  1.477521e+01  3.258225e+01  0.000000e+00
      vertex  1.512636e+01  3.285557e+01  0.000000e+00
    endloop
  endfacet
  facet normal  3.615901e-01 -6.764812e-01 -6.415806e-01
    outer loop
      vertex  1.598887e+01  3.151462e+01  1.900000e+00
      vertex  1.512636e+01  3.285557e+01  0.000000e+00
      vertex  1.617905e+01  3.161627e+01  1.900000e+00
    endloop
  endfacet
  facet normal  3.649153e-01 -6.742963e-01 -6.419979e-01
    outer loop
      vertex  1.617905e+01  3.161627e+01  1.900000e+00
      vertex  1.512636e+01  3.285557e+01  0.000000e+00
      vertex  1.551772e+01  3.306736e+01  0.000000e+00
    endloop
  endfacet
  facet normal  5.648039e-01 -5.199405e-01 -6.408265e-01
    outer loop
      vertex  1.582218e+01  3.137782e+01  1.900000e+00
      vertex  1.447383e+01  3.225487e+01  0.000000e+00
      vertex  1.477521e+01  3.258225e+01  0.000000e+00
    endloop
  endfacet
  facet normal  4.858542e-01 -5.920154e-01 -6.430113e-01
    outer loop
      vertex  1.582218e+01  3.137782e+01  1.900000e+00
      vertex  1.477521e+01  3.258225e+01  0.000000e+00
      vertex  1.598887e+01  3.151462e+01  1.900000e+00
    endloop
  endfacet
  facet normal  6.428276e-01 -4.199796e-01 -6.406168e-01
    outer loop
      vertex  1.568538e+01  3.121113e+01  1.900000e+00
      vertex  1.423044e+01  3.188234e+01  0.000000e+00
      vertex  1.447383e+01  3.225487e+01  0.000000e+00
    endloop
  endfacet
  facet normal  5.914868e-01 -4.854183e-01 -6.438265e-01
    outer loop
      vertex  1.568538e+01  3.121113e+01  1.900000e+00
      vertex  1.447383e+01  3.225487e+01  0.000000e+00
      vertex  1.582218e+01  3.137782e+01  1.900000e+00
    endloop
  endfacet
  facet normal  7.031546e-01 -3.084319e-01 -6.406585e-01
    outer loop
      vertex  1.558373e+01  3.102095e+01  1.900000e+00
      vertex  1.405169e+01  3.147483e+01  0.000000e+00
      vertex  1.423044e+01  3.188234e+01  0.000000e+00
    endloop
  endfacet
  facet normal  6.746687e-01 -3.606212e-01 -6.440297e-01
    outer loop
      vertex  1.558373e+01  3.102095e+01  1.900000e+00
      vertex  1.423044e+01  3.188234e+01  0.000000e+00
      vertex  1.568538e+01  3.121113e+01  1.900000e+00
    endloop
  endfacet
  facet normal  7.440931e-01 -1.884300e-01 -6.409522e-01
    outer loop
      vertex  1.552114e+01  3.081460e+01  1.900000e+00
      vertex  1.394246e+01  3.104346e+01  0.000000e+00
      vertex  1.405169e+01  3.147483e+01  0.000000e+00
    endloop
  endfacet
  facet normal  7.323874e-01 -2.221679e-01 -6.436226e-01
    outer loop
      vertex  1.552114e+01  3.081460e+01  1.900000e+00
      vertex  1.405169e+01  3.147483e+01  0.000000e+00
      vertex  1.558373e+01  3.102095e+01  1.900000e+00
    endloop
  endfacet
  facet normal  7.645057e-01  6.334922e-02 -6.414967e-01
    outer loop
      vertex -1.780000e+01  3.080000e+01  1.900000e+00
      vertex -1.935618e+01  3.034007e+01  0.000000e+00
      vertex -1.939429e+01  3.080000e+01  7.505108e-14
    endloop
  endfacet
  facet normal  7.624600e-01  7.509056e-02 -6.426633e-01
    outer loop
      vertex -1.780000e+01  3.080000e+01  1.900000e+00
      vertex -1.777694e+01  3.056589e+01  1.900000e+00
      vertex -1.935618e+01  3.034007e+01  0.000000e+00
    endloop
  endfacet
  facet normal -7.624591e-01  7.509678e-02 -6.426637e-01
    outer loop
      vertex -1.540000e+01  3.080000e+01  1.900000e+00
      vertex -1.384382e+01  3.034007e+01  0.000000e+00
      vertex -1.542306e+01  3.056589e+01  1.900000e+00
    endloop
  endfacet
  facet normal -7.645059e-01  6.334924e-02 -6.414964e-01
    outer loop
      vertex -1.540000e+01  3.080000e+01  1.900000e+00
      vertex -1.380571e+01  3.080000e+01  7.505108e-14
      vertex -1.384382e+01  3.034007e+01  0.000000e+00
    endloop
  endfacet
  facet normal  7.441336e-01  1.884390e-01 -6.409024e-01
    outer loop
      vertex -1.777694e+01  3.056589e+01  1.900000e+00
      vertex -1.924289e+01  2.989270e+01  0.000000e+00
      vertex -1.935618e+01  3.034007e+01  0.000000e+00
    endloop
  endfacet
  facet normal  7.032129e-01  3.084578e-01 -6.405821e-01
    outer loop
      vertex -1.770866e+01  3.034078e+01  1.900000e+00
      vertex -1.905750e+01  2.947007e+01  0.000000e+00
      vertex -1.924289e+01  2.989270e+01  0.000000e+00
    endloop
  endfacet
  facet normal  7.323083e-01  2.221443e-01 -6.437207e-01
    outer loop
      vertex -1.770866e+01  3.034078e+01  1.900000e+00
      vertex -1.924289e+01  2.989270e+01  0.000000e+00
      vertex -1.777694e+01  3.056589e+01  1.900000e+00
    endloop
  endfacet
  facet normal  6.428829e-01  4.200173e-01 -6.405365e-01
    outer loop
      vertex -1.759776e+01  3.013332e+01  1.900000e+00
      vertex -1.880509e+01  2.908371e+01  0.000000e+00
      vertex -1.905750e+01  2.947007e+01  0.000000e+00
    endloop
  endfacet
  facet normal  6.745845e-01  3.605771e-01 -6.441429e-01
    outer loop
      vertex -1.759776e+01  3.013332e+01  1.900000e+00
      vertex -1.905750e+01  2.947007e+01  0.000000e+00
      vertex -1.770866e+01  3.034078e+01  1.900000e+00
    endloop
  endfacet
  facet normal  5.648429e-01  5.199734e-01 -6.407652e-01
    outer loop
      vertex -1.744853e+01  2.995147e+01  1.900000e+00
      vertex -1.849252e+01  2.874417e+01  0.000000e+00
      vertex -1.880509e+01  2.908371e+01  0.000000e+00
    endloop
  endfacet
  facet normal  5.914192e-01  4.853606e-01 -6.439319e-01
    outer loop
      vertex -1.744853e+01  2.995147e+01  1.900000e+00
      vertex -1.880509e+01  2.908371e+01  0.000000e+00
      vertex -1.759776e+01  3.013332e+01  1.900000e+00
    endloop
  endfacet
  facet normal  4.712964e-01  6.055199e-01 -6.412686e-01
    outer loop
      vertex -1.726668e+01  2.980224e+01  1.900000e+00
      vertex -1.812833e+01  2.846071e+01  0.000000e+00
      vertex -1.849252e+01  2.874417e+01  0.000000e+00
    endloop
  endfacet
  facet normal  4.858114e-01  5.919682e-01 -6.430870e-01
    outer loop
      vertex -1.726668e+01  2.980224e+01  1.900000e+00
      vertex -1.849252e+01  2.874417e+01  0.000000e+00
      vertex -1.744853e+01  2.995147e+01  1.900000e+00
    endloop
  endfacet
  facet normal  2.492001e-01  7.258979e-01 -6.410707e-01
    outer loop
      vertex -1.705922e+01  2.969135e+01  1.900000e+00
      vertex -1.728596e+01  2.809122e+01  0.000000e+00
      vertex -1.772245e+01  2.824106e+01  0.000000e+00
    endloop
  endfacet
  facet normal  3.613536e-01  6.760485e-01 -6.421698e-01
    outer loop
      vertex -1.705922e+01  2.969135e+01  1.900000e+00
      vertex -1.772245e+01  2.824106e+01  0.000000e+00
      vertex -1.726668e+01  2.980224e+01  1.900000e+00
    endloop
  endfacet
  facet normal  3.650087e-01  6.744768e-01 -6.417552e-01
    outer loop
      vertex -1.726668e+01  2.980224e+01  1.900000e+00
      vertex -1.772245e+01  2.824106e+01  0.000000e+00
      vertex -1.812833e+01  2.846071e+01  0.000000e+00
    endloop
  endfacet
  facet normal  1.263795e-01  7.573537e-01 -6.406587e-01
    outer loop
      vertex -1.683411e+01  2.962306e+01  1.900000e+00
      vertex -1.683075e+01  2.801525e+01  0.000000e+00
      vertex -1.728596e+01  2.809122e+01  0.000000e+00
    endloop
  endfacet
  facet normal  2.222129e-01  7.325347e-01 -6.434394e-01
    outer loop
      vertex -1.683411e+01  2.962306e+01  1.900000e+00
      vertex -1.728596e+01  2.809122e+01  0.000000e+00
      vertex -1.705922e+01  2.969135e+01  1.900000e+00
    endloop
  endfacet
  facet normal  0.000000e+00  7.679405e-01 -6.405212e-01
    outer loop
      vertex -1.660000e+01  2.960000e+01  1.900000e+00
      vertex -1.636925e+01  2.801525e+01  0.000000e+00
      vertex -1.683075e+01  2.801525e+01  0.000000e+00
    endloop
  endfacet
  facet normal  7.498071e-02  7.612807e-01 -6.440727e-01
    outer loop
      vertex -1.660000e+01  2.960000e+01  1.900000e+00
      vertex -1.683075e+01  2.801525e+01  0.000000e+00
      vertex -1.683411e+01  2.962306e+01  1.900000e+00
    endloop
  endfacet
  facet normal -1.263793e-01  7.573537e-01 -6.406588e-01
    outer loop
      vertex -1.636589e+01  2.962306e+01  1.900000e+00
      vertex -1.591404e+01  2.809122e+01  0.000000e+00
      vertex -1.636925e+01  2.801525e+01  0.000000e+00
    endloop
  endfacet
  facet normal -7.498071e-02  7.612807e-01 -6.440727e-01
    outer loop
      vertex -1.636589e+01  2.962306e+01  1.900000e+00
      vertex -1.636925e+01  2.801525e+01  0.000000e+00
      vertex -1.660000e+01  2.960000e+01  1.900000e+00
    endloop
  endfacet
  facet normal -2.492006e-01  7.258978e-01 -6.410705e-01
    outer loop
      vertex -1.614078e+01  2.969135e+01  1.900000e+00
      vertex -1.547755e+01  2.824106e+01  0.000000e+00
      vertex -1.591404e+01  2.809122e+01  0.000000e+00
    endloop
  endfacet
  facet normal -2.222112e-01  7.325351e-01 -6.434396e-01
    outer loop
      vertex -1.614078e+01  2.969135e+01  1.900000e+00
      vertex -1.591404e+01  2.809122e+01  0.000000e+00
      vertex -1.636589e+01  2.962306e+01  1.900000e+00
    endloop
  endfacet
  facet normal -4.712965e-01  6.055201e-01 -6.412683e-01
    outer loop
      vertex -1.593332e+01  2.980224e+01  1.900000e+00
      vertex -1.470748e+01  2.874417e+01  0.000000e+00
      vertex -1.507167e+01  2.846071e+01  0.000000e+00
    endloop
  endfacet
  facet normal -3.615771e-01  6.764666e-01 -6.416034e-01
    outer loop
      vertex -1.593332e+01  2.980224e+01  1.900000e+00
      vertex -1.507167e+01  2.846071e+01  0.000000e+00
      vertex -1.614078e+01  2.969135e+01  1.900000e+00
    endloop
  endfacet
  facet normal -3.648938e-01  6.742646e-01 -6.420435e-01
    outer loop
      vertex -1.614078e+01  2.969135e+01  1.900000e+00
      vertex -1.507167e+01  2.846071e+01  0.000000e+00
      vertex -1.547755e+01  2.824106e+01  0.000000e+00
    endloop
  endfacet
  facet normal -5.648413e-01  5.199751e-01 -6.407652e-01
    outer loop
      vertex -1.575147e+01  2.995147e+01  1.900000e+00
      vertex -1.439491e+01  2.908371e+01  0.000000e+00
      vertex -1.470748e+01  2.874417e+01  0.000000e+00
    endloop
  endfacet
  facet normal -4.858131e-01  5.919672e-01 -6.430868e-01
    outer loop
      vertex -1.575147e+01  2.995147e+01  1.900000e+00
      vertex -1.470748e+01  2.874417e+01  0.000000e+00
      vertex -1.593332e+01  2.980224e+01  1.900000e+00
    endloop
  endfacet
  facet normal -6.428844e-01  4.200151e-01 -6.405366e-01
    outer loop
      vertex -1.560224e+01  3.013332e+01  1.900000e+00
      vertex -1.414250e+01  2.947007e+01  0.000000e+00
      vertex -1.439491e+01  2.908371e+01  0.000000e+00
    endloop
  endfacet
  facet normal -5.914190e-01  4.853609e-01 -6.439320e-01
    outer loop
      vertex -1.560224e+01  3.013332e+01  1.900000e+00
      vertex -1.439491e+01  2.908371e+01  0.000000e+00
      vertex -1.575147e+01  2.995147e+01  1.900000e+00
    endloop
  endfacet
  facet normal -7.032129e-01  3.084578e-01 -6.405821e-01
    outer loop
      vertex -1.549134e+01  3.034078e+01  1.900000e+00
      vertex -1.395711e+01  2.989270e+01  0.000000e+00
      vertex -1.414250e+01  2.947007e+01  0.000000e+00
    endloop
  endfacet
  facet normal -6.745859e-01  3.605746e-01 -6.441427e-01
    outer loop
      vertex -1.549134e+01  3.034078e+01  1.900000e+00
      vertex -1.414250e+01  2.947007e+01  0.000000e+00
      vertex -1.560224e+01  3.013332e+01  1.900000e+00
    endloop
  endfacet
  facet normal -7.441332e-01  1.884404e-01 -6.409026e-01
    outer loop
      vertex -1.542306e+01  3.056589e+01  1.900000e+00
      vertex -1.384382e+01  3.034007e+01  0.000000e+00
      vertex -1.395711e+01  2.989270e+01  0.000000e+00
    endloop
  endfacet
  facet normal -7.323083e-01  2.221443e-01 -6.437207e-01
    outer loop
      vertex -1.542306e+01  3.056589e+01  1.900000e+00
      vertex -1.395711e+01  2.989270e+01  0.000000e+00
      vertex -1.549134e+01  3.034078e+01  1.900000e+00
    endloop
  endfacet
  facet normal -7.645059e-01 -6.334898e-02 -6.414964e-01
    outer loop
      vertex -1.540000e+01  3.080000e+01  1.900000e+00
      vertex -1.384382e+01  3.125993e+01  0.000000e+00
      vertex -1.380571e+01  3.080000e+01  7.505108e-14
    endloop
  endfacet
  facet normal -7.624592e-01 -7.509609e-02 -6.426637e-01
    outer loop
      vertex -1.540000e+01  3.080000e+01  1.900000e+00
      vertex -1.542306e+01  3.103411e+01  1.900000e+00
      vertex -1.384382e+01  3.125993e+01  0.000000e+00
    endloop
  endfacet
  facet normal  7.624601e-01 -7.509013e-02 -6.426634e-01
    outer loop
      vertex -1.780000e+01  3.080000e+01  1.900000e+00
      vertex -1.935618e+01  3.125993e+01  0.000000e+00
      vertex -1.777694e+01  3.103411e+01  1.900000e+00
    endloop
  endfacet
  facet normal  7.645057e-01 -6.334896e-02 -6.414966e-01
    outer loop
      vertex -1.780000e+01  3.080000e+01  1.900000e+00
      vertex -1.939429e+01  3.080000e+01  7.505108e-14
      vertex -1.935618e+01  3.125993e+01  0.000000e+00
    endloop
  endfacet
  facet normal -7.441332e-01 -1.884404e-01 -6.409026e-01
    outer loop
      vertex -1.542306e+01  3.103411e+01  1.900000e+00
      vertex -1.395711e+01  3.170730e+01  0.000000e+00
      vertex -1.384382e+01  3.125993e+01  0.000000e+00
    endloop
  endfacet
  facet normal -7.032133e-01 -3.084566e-01 -6.405822e-01
    outer loop
      vertex -1.549134e+01  3.125922e+01  1.900000e+00
      vertex -1.414250e+01  3.212994e+01  0.000000e+00
      vertex -1.395711e+01  3.170730e+01  0.000000e+00
    endloop
  endfacet
  facet normal -7.323083e-01 -2.221443e-01 -6.437207e-01
    outer loop
      vertex -1.549134e+01  3.125922e+01  1.900000e+00
      vertex -1.395711e+01  3.170730e+01  0.000000e+00
      vertex -1.542306e+01  3.103411e+01  1.900000e+00
    endloop
  endfacet
  facet normal -6.428832e-01 -4.200164e-01 -6.405366e-01
    outer loop
      vertex -1.560224e+01  3.146668e+01  1.900000e+00
      vertex -1.439491e+01  3.251629e+01  0.000000e+00
      vertex -1.414250e+01  3.212994e+01  0.000000e+00
    endloop
  endfacet
  facet normal -6.745855e-01 -3.605745e-01 -6.441431e-01
    outer loop
      vertex -1.560224e+01  3.146668e+01  1.900000e+00
      vertex -1.414250e+01  3.212994e+01  0.000000e+00
      vertex -1.549134e+01  3.125922e+01  1.900000e+00
    endloop
  endfacet
  facet normal -5.648427e-01 -5.199735e-01 -6.407654e-01
    outer loop
      vertex -1.575147e+01  3.164853e+01  1.900000e+00
      vertex -1.470748e+01  3.285583e+01  0.000000e+00
      vertex -1.439491e+01  3.251629e+01  0.000000e+00
    endloop
  endfacet
  facet normal -5.914190e-01 -4.853609e-01 -6.439320e-01
    outer loop
      vertex -1.575147e+01  3.164853e+01  1.900000e+00
      vertex -1.439491e+01  3.251629e+01  0.000000e+00
      vertex -1.560224e+01  3.146668e+01  1.900000e+00
    endloop
  endfacet
  facet normal -4.712945e-01 -6.055216e-01 -6.412684e-01
    outer loop
      vertex -1.593332e+01  3.179776e+01  1.900000e+00
      vertex -1.507167e+01  3.313929e+01  0.000000e+00
      vertex -1.470748e+01  3.285583e+01  0.000000e+00
    endloop
  endfacet
  facet normal -4.858128e-01 -5.919668e-01 -6.430872e-01
    outer loop
      vertex -1.593332e+01  3.179776e+01  1.900000e+00
      vertex -1.470748e+01  3.285583e+01  0.000000e+00
      vertex -1.575147e+01  3.164853e+01  1.900000e+00
    endloop
  endfacet
  facet normal -2.492006e-01 -7.258978e-01 -6.410705e-01
    outer loop
      vertex -1.614078e+01  3.190866e+01  1.900000e+00
      vertex -1.591404e+01  3.350879e+01  0.000000e+00
      vertex -1.547755e+01  3.335894e+01  0.000000e+00
    endloop
  endfacet
  facet normal -3.613537e-01 -6.760486e-01 -6.421695e-01
    outer loop
      vertex -1.614078e+01  3.190866e+01  1.900000e+00
      vertex -1.547755e+01  3.335894e+01  0.000000e+00
      vertex -1.593332e+01  3.179776e+01  1.900000e+00
    endloop
  endfacet
  facet normal -3.650088e-01 -6.744770e-01 -6.417550e-01
    outer loop
      vertex -1.593332e+01  3.179776e+01  1.900000e+00
      vertex -1.547755e+01  3.335894e+01  0.000000e+00
      vertex -1.507167e+01  3.313929e+01  0.000000e+00
    endloop
  endfacet
  facet normal -1.263762e-01 -7.573543e-01 -6.406586e-01
    outer loop
      vertex -1.636589e+01  3.197694e+01  1.900000e+00
      vertex -1.636925e+01  3.358474e+01  0.000000e+00
      vertex -1.591404e+01  3.350879e+01  0.000000e+00
    endloop
  endfacet
  facet normal -2.222112e-01 -7.325351e-01 -6.434396e-01
    outer loop
      vertex -1.636589e+01  3.197694e+01  1.900000e+00
      vertex -1.591404e+01  3.350879e+01  0.000000e+00
      vertex -1.614078e+01  3.190866e+01  1.900000e+00
    endloop
  endfacet
  facet normal  0.000000e+00 -7.679409e-01 -6.405207e-01
    outer loop
      vertex -1.660000e+01  3.200000e+01  1.900000e+00
      vertex -1.683075e+01  3.358474e+01  0.000000e+00
      vertex -1.636925e+01  3.358474e+01  0.000000e+00
    endloop
  endfacet
  facet normal -7.498075e-02 -7.612811e-01 -6.440722e-01
    outer loop
      vertex -1.660000e+01  3.200000e+01  1.900000e+00
      vertex -1.636925e+01  3.358474e+01  0.000000e+00
      vertex -1.636589e+01  3.197694e+01  1.900000e+00
    endloop
  endfacet
  facet normal  1.263765e-01 -7.573544e-01 -6.406586e-01
    outer loop
      vertex -1.683411e+01  3.197694e+01  1.900000e+00
      vertex -1.728596e+01  3.350879e+01  0.000000e+00
      vertex -1.683075e+01  3.358474e+01  0.000000e+00
    endloop
  endfacet
  facet normal  7.498075e-02 -7.612811e-01 -6.440722e-01
    outer loop
      vertex -1.683411e+01  3.197694e+01  1.900000e+00
      vertex -1.683075e+01  3.358474e+01  0.000000e+00
      vertex -1.660000e+01  3.200000e+01  1.900000e+00
    endloop
  endfacet
  facet normal  2.492001e-01 -7.258979e-01 -6.410707e-01
    outer loop
      vertex -1.705922e+01  3.190866e+01  1.900000e+00
      vertex -1.772245e+01  3.335894e+01  0.000000e+00
      vertex -1.728596e+01  3.350879e+01  0.000000e+00
    endloop
  endfacet
  facet normal  2.222129e-01 -7.325347e-01 -6.434394e-01
    outer loop
      vertex -1.705922e+01  3.190866e+01  1.900000e+00
      vertex -1.728596e+01  3.350879e+01  0.000000e+00
      vertex -1.683411e+01  3.197694e+01  1.900000e+00
    endloop
  endfacet
  facet normal  4.712944e-01 -6.055213e-01 -6.412686e-01
    outer loop
      vertex -1.726668e+01  3.179776e+01  1.900000e+00
      vertex -1.849252e+01  3.285583e+01  0.000000e+00
      vertex -1.812833e+01  3.313929e+01  0.000000e+00
    endloop
  endfacet
  facet normal  3.615770e-01 -6.764662e-01 -6.416038e-01
    outer loop
      vertex -1.726668e+01  3.179776e+01  1.900000e+00
      vertex -1.812833e+01  3.313929e+01  0.000000e+00
      vertex -1.705922e+01  3.190866e+01  1.900000e+00
    endloop
  endfacet
  facet normal  3.648937e-01 -6.742644e-01 -6.420438e-01
    outer loop
      vertex -1.705922e+01  3.190866e+01  1.900000e+00
      vertex -1.812833e+01  3.313929e+01  0.000000e+00
      vertex -1.772245e+01  3.335894e+01  0.000000e+00
    endloop
  endfacet
  facet normal  5.648443e-01 -5.199717e-01 -6.407655e-01
    outer loop
      vertex -1.744853e+01  3.164853e+01  1.900000e+00
      vertex -1.880509e+01  3.251629e+01  0.000000e+00
      vertex -1.849252e+01  3.285583e+01  0.000000e+00
    endloop
  endfacet
  facet normal  4.858113e-01 -5.919681e-01 -6.430873e-01
    outer loop
      vertex -1.744853e+01  3.164853e+01  1.900000e+00
      vertex -1.849252e+01  3.285583e+01  0.000000e+00
      vertex -1.726668e+01  3.179776e+01  1.900000e+00
    endloop
  endfacet
  facet normal  6.428819e-01 -4.200187e-01 -6.405366e-01
    outer loop
      vertex -1.759776e+01  3.146668e+01  1.900000e+00
      vertex -1.905750e+01  3.212994e+01  0.000000e+00
      vertex -1.880509e+01  3.251629e+01  0.000000e+00
    endloop
  endfacet
  facet normal  5.914192e-01 -4.853606e-01 -6.439319e-01
    outer loop
      vertex -1.759776e+01  3.146668e+01  1.900000e+00
      vertex -1.880509e+01  3.251629e+01  0.000000e+00
      vertex -1.744853e+01  3.164853e+01  1.900000e+00
    endloop
  endfacet
  facet normal  7.032133e-01 -3.084566e-01 -6.405822e-01
    outer loop
      vertex -1.770866e+01  3.125922e+01  1.900000e+00
      vertex -1.924289e+01  3.170730e+01  0.000000e+00
      vertex -1.905750e+01  3.212994e+01  0.000000e+00
    endloop
  endfacet
  facet normal  6.745842e-01 -3.605770e-01 -6.441432e-01
    outer loop
      vertex -1.770866e+01  3.125922e+01  1.900000e+00
      vertex -1.905750e+01  3.212994e+01  0.000000e+00
      vertex -1.759776e+01  3.146668e+01  1.900000e+00
    endloop
  endfacet
  facet normal  7.441336e-01 -1.884390e-01 -6.409024e-01
    outer loop
      vertex -1.777694e+01  3.103411e+01  1.900000e+00
      vertex -1.935618e+01  3.125993e+01  0.000000e+00
      vertex -1.924289e+01  3.170730e+01  0.000000e+00
    endloop
  endfacet
  facet normal  7.323083e-01 -2.221443e-01 -6.437207e-01
    outer loop
      vertex -1.777694e+01  3.103411e+01  1.900000e+00
      vertex -1.924289e+01  3.170730e+01  0.000000e+00
      vertex -1.770866e+01  3.125922e+01  1.900000e+00
    endloop
  endfacet
  facet normal  7.645051e-01  6.335235e-02 -6.414970e-01
    outer loop
      vertex -3.980000e+01 -2.060000e+01  1.900000e+00
      vertex -4.135618e+01 -2.105993e+01  0.000000e+00
      vertex -4.139429e+01 -2.060000e+01  6.750156e-14
    endloop
  endfacet
  facet normal  7.624600e-01  7.509056e-02 -6.426633e-01
    outer loop
      vertex -3.980000e+01 -2.060000e+01  1.900000e+00
      vertex -3.977694e+01 -2.083411e+01  1.900000e+00
      vertex -4.135618e+01 -2.105993e+01  0.000000e+00
    endloop
  endfacet
  facet normal -7.624599e-01  7.509074e-02 -6.426633e-01
    outer loop
      vertex -3.740000e+01 -2.060000e+01  1.900000e+00
      vertex -3.584382e+01 -2.105993e+01  0.000000e+00
      vertex -3.742306e+01 -2.083411e+01  1.900000e+00
    endloop
  endfacet
  facet normal -7.645051e-01  6.335235e-02 -6.414970e-01
    outer loop
      vertex -3.740000e+01 -2.060000e+01  1.900000e+00
      vertex -3.580571e+01 -2.060000e+01  6.750156e-14
      vertex -3.584382e+01 -2.105993e+01  0.000000e+00
    endloop
  endfacet
  facet normal  7.441332e-01  1.884412e-01 -6.409023e-01
    outer loop
      vertex -3.977694e+01 -2.083411e+01  1.900000e+00
      vertex -4.124289e+01 -2.150731e+01  0.000000e+00
      vertex -4.135618e+01 -2.105993e+01  0.000000e+00
    endloop
  endfacet
  facet normal  7.032130e-01  3.084578e-01 -6.405819e-01
    outer loop
      vertex -3.970866e+01 -2.105922e+01  1.900000e+00
      vertex -4.105750e+01 -2.192994e+01  0.000000e+00
      vertex -4.124289e+01 -2.150731e+01  0.000000e+00
    endloop
  endfacet
  facet normal  7.323086e-01  2.221440e-01 -6.437206e-01
    outer loop
      vertex -3.970866e+01 -2.105922e+01  1.900000e+00
      vertex -4.124289e+01 -2.150731e+01  0.000000e+00
      vertex -3.977694e+01 -2.083411e+01  1.900000e+00
    endloop
  endfacet
  facet normal  6.428847e-01  4.200142e-01 -6.405367e-01
    outer loop
      vertex -3.959776e+01 -2.126668e+01  1.900000e+00
      vertex -4.080509e+01 -2.231629e+01  0.000000e+00
      vertex -4.105750e+01 -2.192994e+01  0.000000e+00
    endloop
  endfacet
  facet normal  6.745844e-01  3.605772e-01 -6.441428e-01
    outer loop
      vertex -3.959776e+01 -2.126668e+01  1.900000e+00
      vertex -4.105750e+01 -2.192994e+01  0.000000e+00
      vertex -3.970866e+01 -2.105922e+01  1.900000e+00
    endloop
  endfacet
  facet normal  5.648398e-01  5.199769e-01 -6.407652e-01
    outer loop
      vertex -3.944853e+01 -2.144853e+01  1.900000e+00
      vertex -4.049252e+01 -2.265582e+01  0.000000e+00
      vertex -4.080509e+01 -2.231629e+01  0.000000e+00
    endloop
  endfacet
  facet normal  5.914190e-01  4.853605e-01 -6.439324e-01
    outer loop
      vertex -3.944853e+01 -2.144853e+01  1.900000e+00
      vertex -4.080509e+01 -2.231629e+01  0.000000e+00
      vertex -3.959776e+01 -2.126668e+01  1.900000e+00
    endloop
  endfacet
  facet normal  4.712967e-01  6.055202e-01 -6.412680e-01
    outer loop
      vertex -3.926669e+01 -2.159776e+01  1.900000e+00
      vertex -4.012833e+01 -2.293929e+01  0.000000e+00
      vertex -4.049252e+01 -2.265582e+01  0.000000e+00
    endloop
  endfacet
  facet normal  4.858145e-01  5.919660e-01 -6.430867e-01
    outer loop
      vertex -3.926669e+01 -2.159776e+01  1.900000e+00
      vertex -4.049252e+01 -2.265582e+01  0.000000e+00
      vertex -3.944853e+01 -2.144853e+01  1.900000e+00
    endloop
  endfacet
  facet normal  2.492002e-01  7.258983e-01 -6.410702e-01
    outer loop
      vertex -3.905922e+01 -2.170866e+01  1.900000e+00
      vertex -3.928596e+01 -2.330878e+01  0.000000e+00
      vertex -3.972245e+01 -2.315894e+01  0.000000e+00
    endloop
  endfacet
  facet normal  3.613560e-01  6.760477e-01 -6.421694e-01
    outer loop
      vertex -3.905922e+01 -2.170866e+01  1.900000e+00
      vertex -3.972245e+01 -2.315894e+01  0.000000e+00
      vertex -3.926669e+01 -2.159776e+01  1.900000e+00
    endloop
  endfacet
  facet normal  3.650101e-01  6.744764e-01 -6.417547e-01
    outer loop
      vertex -3.926669e+01 -2.159776e+01  1.900000e+00
      vertex -3.972245e+01 -2.315894e+01  0.000000e+00
      vertex -4.012833e+01 -2.293929e+01  0.000000e+00
    endloop
  endfacet
  facet normal  1.263791e-01  7.573542e-01 -6.406581e-01
    outer loop
      vertex -3.883411e+01 -2.177694e+01  1.900000e+00
      vertex -3.883075e+01 -2.338474e+01  0.000000e+00
      vertex -3.928596e+01 -2.330878e+01  0.000000e+00
    endloop
  endfacet
  facet normal  2.222144e-01  7.325347e-01 -6.434389e-01
    outer loop
      vertex -3.883411e+01 -2.177694e+01  1.900000e+00
      vertex -3.928596e+01 -2.330878e+01  0.000000e+00
      vertex -3.905922e+01 -2.170866e+01  1.900000e+00
    endloop
  endfacet
  facet normal  0.000000e+00  7.679405e-01 -6.405212e-01
    outer loop
      vertex -3.860000e+01 -2.180000e+01  1.900000e+00
      vertex -3.836925e+01 -2.338474e+01  0.000000e+00
      vertex -3.883075e+01 -2.338474e+01  0.000000e+00
    endloop
  endfacet
  facet normal  7.497346e-02  7.612816e-01 -6.440725e-01
    outer loop
      vertex -3.860000e+01 -2.180000e+01  1.900000e+00
      vertex -3.883075e+01 -2.338474e+01  0.000000e+00
      vertex -3.883411e+01 -2.177694e+01  1.900000e+00
    endloop
  endfacet
  facet normal -1.263791e-01  7.573542e-01 -6.406581e-01
    outer loop
      vertex -3.836589e+01 -2.177694e+01  1.900000e+00
      vertex -3.791404e+01 -2.330878e+01  0.000000e+00
      vertex -3.836925e+01 -2.338474e+01  0.000000e+00
    endloop
  endfacet
  facet normal -7.497466e-02  7.612815e-01 -6.440724e-01
    outer loop
      vertex -3.836589e+01 -2.177694e+01  1.900000e+00
      vertex -3.836925e+01 -2.338474e+01  0.000000e+00
      vertex -3.860000e+01 -2.180000e+01  1.900000e+00
    endloop
  endfacet
  facet normal -2.492002e-01  7.258983e-01 -6.410702e-01
    outer loop
      vertex -3.814078e+01 -2.170866e+01  1.900000e+00
      vertex -3.747755e+01 -2.315894e+01  0.000000e+00
      vertex -3.791404e+01 -2.330878e+01  0.000000e+00
    endloop
  endfacet
  facet normal -2.222144e-01  7.325347e-01 -6.434389e-01
    outer loop
      vertex -3.814078e+01 -2.170866e+01  1.900000e+00
      vertex -3.791404e+01 -2.330878e+01  0.000000e+00
      vertex -3.836589e+01 -2.177694e+01  1.900000e+00
    endloop
  endfacet
  facet normal -4.712964e-01  6.055199e-01 -6.412686e-01
    outer loop
      vertex -3.793332e+01 -2.159776e+01  1.900000e+00
      vertex -3.670748e+01 -2.265582e+01  0.000000e+00
      vertex -3.707167e+01 -2.293929e+01  0.000000e+00
    endloop
  endfacet
  facet normal -3.615792e-01  6.764653e-01 -6.416037e-01
    outer loop
      vertex -3.793332e+01 -2.159776e+01  1.900000e+00
      vertex -3.707167e+01 -2.293929e+01  0.000000e+00
      vertex -3.814078e+01 -2.170866e+01  1.900000e+00
    endloop
  endfacet
  facet normal -3.648925e-01  6.742654e-01 -6.420434e-01
    outer loop
      vertex -3.814078e+01 -2.170866e+01  1.900000e+00
      vertex -3.707167e+01 -2.293929e+01  0.000000e+00
      vertex -3.747755e+01 -2.315894e+01  0.000000e+00
    endloop
  endfacet
  facet normal -5.648426e-01  5.199732e-01 -6.407656e-01
    outer loop
      vertex -3.775147e+01 -2.144853e+01  1.900000e+00
      vertex -3.639491e+01 -2.231629e+01  0.000000e+00
      vertex -3.670748e+01 -2.265582e+01  0.000000e+00
    endloop
  endfacet
  facet normal -4.858142e-01  5.919656e-01 -6.430873e-01
    outer loop
      vertex -3.775147e+01 -2.144853e+01  1.900000e+00
      vertex -3.670748e+01 -2.265582e+01  0.000000e+00
      vertex -3.793332e+01 -2.159776e+01  1.900000e+00
    endloop
  endfacet
  facet normal -6.428816e-01  4.200185e-01 -6.405370e-01
    outer loop
      vertex -3.760224e+01 -2.126668e+01  1.900000e+00
      vertex -3.614249e+01 -2.192994e+01  0.000000e+00
      vertex -3.639491e+01 -2.231629e+01  0.000000e+00
    endloop
  endfacet
  facet normal -5.914190e-01  4.853605e-01 -6.439324e-01
    outer loop
      vertex -3.760224e+01 -2.126668e+01  1.900000e+00
      vertex -3.639491e+01 -2.231629e+01  0.000000e+00
      vertex -3.775147e+01 -2.144853e+01  1.900000e+00
    endloop
  endfacet
  facet normal -7.032124e-01  3.084575e-01 -6.405827e-01
    outer loop
      vertex -3.749134e+01 -2.105922e+01  1.900000e+00
      vertex -3.595711e+01 -2.150731e+01  0.000000e+00
      vertex -3.614249e+01 -2.192994e+01  0.000000e+00
    endloop
  endfacet
  facet normal -6.745838e-01  3.605768e-01 -6.441436e-01
    outer loop
      vertex -3.749134e+01 -2.105922e+01  1.900000e+00
      vertex -3.614249e+01 -2.192994e+01  0.000000e+00
      vertex -3.760224e+01 -2.126668e+01  1.900000e+00
    endloop
  endfacet
  facet normal -7.441344e-01  1.884352e-01 -6.409026e-01
    outer loop
      vertex -3.742306e+01 -2.083411e+01  1.900000e+00
      vertex -3.584382e+01 -2.105993e+01  0.000000e+00
      vertex -3.595711e+01 -2.150731e+01  0.000000e+00
    endloop
  endfacet
  facet normal -7.323078e-01  2.221441e-01 -6.437215e-01
    outer loop
      vertex -3.742306e+01 -2.083411e+01  1.900000e+00
      vertex -3.595711e+01 -2.150731e+01  0.000000e+00
      vertex -3.749134e+01 -2.105922e+01  1.900000e+00
    endloop
  endfacet
  facet normal -7.645051e-01 -6.335235e-02 -6.414970e-01
    outer loop
      vertex -3.740000e+01 -2.060000e+01  1.900000e+00
      vertex -3.584382e+01 -2.014008e+01  0.000000e+00
      vertex -3.580571e+01 -2.060000e+01  6.750156e-14
    endloop
  endfacet
  facet normal -7.624600e-01 -7.509056e-02 -6.426633e-01
    outer loop
      vertex -3.740000e+01 -2.060000e+01  1.900000e+00
      vertex -3.742306e+01 -2.036589e+01  1.900000e+00
      vertex -3.584382e+01 -2.014008e+01  0.000000e+00
    endloop
  endfacet
  facet normal  7.624599e-01 -7.509074e-02 -6.426633e-01
    outer loop
      vertex -3.980000e+01 -2.060000e+01  1.900000e+00
      vertex -4.135618e+01 -2.014008e+01  0.000000e+00
      vertex -3.977694e+01 -2.036589e+01  1.900000e+00
    endloop
  endfacet
  facet normal  7.645051e-01 -6.335235e-02 -6.414970e-01
    outer loop
      vertex -3.980000e+01 -2.060000e+01  1.900000e+00
      vertex -4.139429e+01 -2.060000e+01  6.750156e-14
      vertex -4.135618e+01 -2.014008e+01  0.000000e+00
    endloop
  endfacet
  facet normal -7.441344e-01 -1.884352e-01 -6.409025e-01
    outer loop
      vertex -3.742306e+01 -2.036589e+01  1.900000e+00
      vertex -3.595711e+01 -1.969270e+01  0.000000e+00
      vertex -3.584382e+01 -2.014008e+01  0.000000e+00
    endloop
  endfacet
  facet normal -7.032125e-01 -3.084576e-01 -6.405825e-01
    outer loop
      vertex -3.749134e+01 -2.014078e+01  1.900000e+00
      vertex -3.614249e+01 -1.927007e+01  0.000000e+00
      vertex -3.595711e+01 -1.969270e+01  0.000000e+00
    endloop
  endfacet
  facet normal -7.323084e-01 -2.221424e-01 -6.437213e-01
    outer loop
      vertex -3.749134e+01 -2.014078e+01  1.900000e+00
      vertex -3.595711e+01 -1.969270e+01  0.000000e+00
      vertex -3.742306e+01 -2.036589e+01  1.900000e+00
    endloop
  endfacet
  facet normal -6.428818e-01 -4.200186e-01 -6.405367e-01
    outer loop
      vertex -3.760224e+01 -1.993332e+01  1.900000e+00
      vertex -3.639491e+01 -1.888371e+01  0.000000e+00
      vertex -3.614249e+01 -1.927007e+01  0.000000e+00
    endloop
  endfacet
  facet normal -6.745841e-01 -3.605769e-01 -6.441432e-01
    outer loop
      vertex -3.760224e+01 -1.993332e+01  1.900000e+00
      vertex -3.614249e+01 -1.927007e+01  0.000000e+00
      vertex -3.749134e+01 -2.014078e+01  1.900000e+00
    endloop
  endfacet
  facet normal -5.648441e-01 -5.199715e-01 -6.407658e-01
    outer loop
      vertex -3.775147e+01 -1.975147e+01  1.900000e+00
      vertex -3.670748e+01 -1.854417e+01  0.000000e+00
      vertex -3.639491e+01 -1.888371e+01  0.000000e+00
    endloop
  endfacet
  facet normal -5.914165e-01 -4.853637e-01 -6.439322e-01
    outer loop
      vertex -3.775147e+01 -1.975147e+01  1.900000e+00
      vertex -3.639491e+01 -1.888371e+01  0.000000e+00
      vertex -3.760224e+01 -1.993332e+01  1.900000e+00
    endloop
  endfacet
  facet normal -4.712946e-01 -6.055216e-01 -6.412683e-01
    outer loop
      vertex -3.793332e+01 -1.960224e+01  1.900000e+00
      vertex -3.707167e+01 -1.826072e+01  0.000000e+00
      vertex -3.670748e+01 -1.854417e+01  0.000000e+00
    endloop
  endfacet
  facet normal -4.858177e-01 -5.919623e-01 -6.430877e-01
    outer loop
      vertex -3.793332e+01 -1.960224e+01  1.900000e+00
      vertex -3.670748e+01 -1.854417e+01  0.000000e+00
      vertex -3.775147e+01 -1.975147e+01  1.900000e+00
    endloop
  endfacet
  facet normal -2.492030e-01 -7.258971e-01 -6.410703e-01
    outer loop
      vertex -3.814078e+01 -1.949134e+01  1.900000e+00
      vertex -3.791404e+01 -1.789121e+01  0.000000e+00
      vertex -3.747755e+01 -1.804107e+01  0.000000e+00
    endloop
  endfacet
  facet normal -3.613508e-01 -6.760502e-01 -6.421697e-01
    outer loop
      vertex -3.814078e+01 -1.949134e+01  1.900000e+00
      vertex -3.747755e+01 -1.804107e+01  0.000000e+00
      vertex -3.793332e+01 -1.960224e+01  1.900000e+00
    endloop
  endfacet
  facet normal -3.650075e-01 -6.744778e-01 -6.417547e-01
    outer loop
      vertex -3.793332e+01 -1.960224e+01  1.900000e+00
      vertex -3.747755e+01 -1.804107e+01  0.000000e+00
      vertex -3.707167e+01 -1.826072e+01  0.000000e+00
    endloop
  endfacet
  facet normal -1.263790e-01 -7.573539e-01 -6.406586e-01
    outer loop
      vertex -3.836589e+01 -1.942306e+01  1.900000e+00
      vertex -3.836925e+01 -1.781525e+01  0.000000e+00
      vertex -3.791404e+01 -1.789121e+01  0.000000e+00
    endloop
  endfacet
  facet normal -2.222147e-01 -7.325343e-01 -6.434394e-01
    outer loop
      vertex -3.836589e+01 -1.942306e+01  1.900000e+00
      vertex -3.791404e+01 -1.789121e+01  0.000000e+00
      vertex -3.814078e+01 -1.949134e+01  1.900000e+00
    endloop
  endfacet
  facet normal  0.000000e+00 -7.679405e-01 -6.405212e-01
    outer loop
      vertex -3.860000e+01 -1.940000e+01  1.900000e+00
      vertex -3.883075e+01 -1.781525e+01  0.000000e+00
      vertex -3.836925e+01 -1.781525e+01  0.000000e+00
    endloop
  endfacet
  facet normal -7.498072e-02 -7.612808e-01 -6.440725e-01
    outer loop
      vertex -3.860000e+01 -1.940000e+01  1.900000e+00
      vertex -3.836925e+01 -1.781525e+01  0.000000e+00
      vertex -3.836589e+01 -1.942306e+01  1.900000e+00
    endloop
  endfacet
  facet normal  1.263790e-01 -7.573539e-01 -6.406586e-01
    outer loop
      vertex -3.883411e+01 -1.942306e+01  1.900000e+00
      vertex -3.928596e+01 -1.789121e+01  0.000000e+00
      vertex -3.883075e+01 -1.781525e+01  0.000000e+00
    endloop
  endfacet
  facet normal  7.497951e-02 -7.612808e-01 -6.440726e-01
    outer loop
      vertex -3.883411e+01 -1.942306e+01  1.900000e+00
      vertex -3.883075e+01 -1.781525e+01  0.000000e+00
      vertex -3.860000e+01 -1.940000e+01  1.900000e+00
    endloop
  endfacet
  facet normal  2.492030e-01 -7.258971e-01 -6.410703e-01
    outer loop
      vertex -3.905922e+01 -1.949134e+01  1.900000e+00
      vertex -3.972245e+01 -1.804107e+01  0.000000e+00
      vertex -3.928596e+01 -1.789121e+01  0.000000e+00
    endloop
  endfacet
  facet normal  2.222147e-01 -7.325343e-01 -6.434394e-01
    outer loop
      vertex -3.905922e+01 -1.949134e+01  1.900000e+00
      vertex -3.928596e+01 -1.789121e+01  0.000000e+00
      vertex -3.883411e+01 -1.942306e+01  1.900000e+00
    endloop
  endfacet
  facet normal  4.712949e-01 -6.055220e-01 -6.412678e-01
    outer loop
      vertex -3.926669e+01 -1.960224e+01  1.900000e+00
      vertex -4.049252e+01 -1.854417e+01  0.000000e+00
      vertex -4.012833e+01 -1.826072e+01  0.000000e+00
    endloop
  endfacet
  facet normal  3.615745e-01 -6.764685e-01 -6.416029e-01
    outer loop
      vertex -3.926669e+01 -1.960224e+01  1.900000e+00
      vertex -4.012833e+01 -1.826072e+01  0.000000e+00
      vertex -3.905922e+01 -1.949134e+01  1.900000e+00
    endloop
  endfacet
  facet normal  3.648952e-01 -6.742640e-01 -6.420432e-01
    outer loop
      vertex -3.905922e+01 -1.949134e+01  1.900000e+00
      vertex -4.012833e+01 -1.826072e+01  0.000000e+00
      vertex -3.972245e+01 -1.804107e+01  0.000000e+00
    endloop
  endfacet
  facet normal  5.648412e-01 -5.199752e-01 -6.407654e-01
    outer loop
      vertex -3.944853e+01 -1.975147e+01  1.900000e+00
      vertex -4.080509e+01 -1.888371e+01  0.000000e+00
      vertex -4.049252e+01 -1.854417e+01  0.000000e+00
    endloop
  endfacet
  facet normal  4.858181e-01 -5.919628e-01 -6.430871e-01
    outer loop
      vertex -3.944853e+01 -1.975147e+01  1.900000e+00
      vertex -4.049252e+01 -1.854417e+01  0.000000e+00
      vertex -3.926669e+01 -1.960224e+01  1.900000e+00
    endloop
  endfacet
  facet normal  6.428849e-01 -4.200143e-01 -6.405364e-01
    outer loop
      vertex -3.959776e+01 -1.993332e+01  1.900000e+00
      vertex -4.105750e+01 -1.927007e+01  0.000000e+00
      vertex -4.080509e+01 -1.888371e+01  0.000000e+00
    endloop
  endfacet
  facet normal  5.914165e-01 -4.853637e-01 -6.439322e-01
    outer loop
      vertex -3.959776e+01 -1.993332e+01  1.900000e+00
      vertex -4.080509e+01 -1.888371e+01  0.000000e+00
      vertex -3.944853e+01 -1.975147e+01  1.900000e+00
    endloop
  endfacet
  facet normal  7.032132e-01 -3.084579e-01 -6.405817e-01
    outer loop
      vertex -3.970866e+01 -2.014078e+01  1.900000e+00
      vertex -4.124289e+01 -1.969270e+01  0.000000e+00
      vertex -4.105750e+01 -1.927007e+01  0.000000e+00
    endloop
  endfacet
  facet normal  6.745847e-01 -3.605773e-01 -6.441424e-01
    outer loop
      vertex -3.970866e+01 -2.014078e+01  1.900000e+00
      vertex -4.105750e+01 -1.927007e+01  0.000000e+00
      vertex -3.959776e+01 -1.993332e+01  1.900000e+00
    endloop
  endfacet
  facet normal  7.441332e-01 -1.884412e-01 -6.409023e-01
    outer loop
      vertex -3.977694e+01 -2.036589e+01  1.900000e+00
      vertex -4.135618e+01 -2.014008e+01  0.000000e+00
      vertex -4.124289e+01 -1.969270e+01  0.000000e+00
    endloop
  endfacet
  facet normal  7.323092e-01 -2.221423e-01 -6.437204e-01
    outer loop
      vertex -3.977694e+01 -2.036589e+01  1.900000e+00
      vertex -4.124289e+01 -1.969270e+01  0.000000e+00
      vertex -3.970866e+01 -2.014078e+01  1.900000e+00
    endloop
  endfacet
  facet normal  7.645051e-01  6.335235e-02 -6.414970e-01
    outer loop
      vertex  3.740000e+01 -2.060000e+01  1.900000e+00
      vertex  3.584382e+01 -2.105993e+01  0.000000e+00
      vertex  3.580571e+01 -2.060000e+01  6.794565e-14
    endloop
  endfacet
  facet normal  7.624600e-01  7.509056e-02 -6.426633e-01
    outer loop
      vertex  3.740000e+01 -2.060000e+01  1.900000e+00
      vertex  3.742306e+01 -2.083411e+01  1.900000e+00
      vertex  3.584382e+01 -2.105993e+01  0.000000e+00
    endloop
  endfacet
  facet normal -7.624599e-01  7.509074e-02 -6.426633e-01
    outer loop
      vertex  3.980000e+01 -2.060000e+01  1.900000e+00
      vertex  4.135618e+01 -2.105993e+01  0.000000e+00
      vertex  3.977694e+01 -2.083411e+01  1.900000e+00
    endloop
  endfacet
  facet normal -7.645051e-01  6.335235e-02 -6.414970e-01
    outer loop
      vertex  3.980000e+01 -2.060000e+01  1.900000e+00
      vertex  4.139429e+01 -2.060000e+01  6.794565e-14
      vertex  4.135618e+01 -2.105993e+01  0.000000e+00
    endloop
  endfacet
  facet normal  7.441344e-01  1.884352e-01 -6.409025e-01
    outer loop
      vertex  3.742306e+01 -2.083411e+01  1.900000e+00
      vertex  3.595711e+01 -2.150731e+01  0.000000e+00
      vertex  3.584382e+01 -2.105993e+01  0.000000e+00
    endloop
  endfacet
  facet normal  7.032124e-01  3.084575e-01 -6.405827e-01
    outer loop
      vertex  3.749134e+01 -2.105922e+01  1.900000e+00
      vertex  3.614249e+01 -2.192994e+01  0.000000e+00
      vertex  3.595711e+01 -2.150731e+01  0.000000e+00
    endloop
  endfacet
  facet normal  7.323078e-01  2.221441e-01 -6.437215e-01
    outer loop
      vertex  3.749134e+01 -2.105922e+01  1.900000e+00
      vertex  3.595711e+01 -2.150731e+01  0.000000e+00
      vertex  3.742306e+01 -2.083411e+01  1.900000e+00
    endloop
  endfacet
  facet normal  6.428816e-01  4.200185e-01 -6.405370e-01
    outer loop
      vertex  3.760224e+01 -2.126668e+01  1.900000e+00
      vertex  3.639491e+01 -2.231629e+01  0.000000e+00
      vertex  3.614249e+01 -2.192994e+01  0.000000e+00
    endloop
  endfacet
  facet normal  6.745838e-01  3.605768e-01 -6.441436e-01
    outer loop
      vertex  3.760224e+01 -2.126668e+01  1.900000e+00
      vertex  3.614249e+01 -2.192994e+01  0.000000e+00
      vertex  3.749134e+01 -2.105922e+01  1.900000e+00
    endloop
  endfacet
  facet normal  5.648426e-01  5.199732e-01 -6.407656e-01
    outer loop
      vertex  3.775147e+01 -2.144853e+01  1.900000e+00
      vertex  3.670748e+01 -2.265582e+01  0.000000e+00
      vertex  3.639491e+01 -2.231629e+01  0.000000e+00
    endloop
  endfacet
  facet normal  5.914190e-01  4.853605e-01 -6.439324e-01
    outer loop
      vertex  3.775147e+01 -2.144853e+01  1.900000e+00
      vertex  3.639491e+01 -2.231629e+01  0.000000e+00
      vertex  3.760224e+01 -2.126668e+01  1.900000e+00
    endloop
  endfacet
  facet normal  4.712964e-01  6.055199e-01 -6.412686e-01
    outer loop
      vertex  3.793332e+01 -2.159776e+01  1.900000e+00
      vertex  3.707167e+01 -2.293929e+01  0.000000e+00
      vertex  3.670748e+01 -2.265582e+01  0.000000e+00
    endloop
  endfacet
  facet normal  4.858142e-01  5.919656e-01 -6.430873e-01
    outer loop
      vertex  3.793332e+01 -2.159776e+01  1.900000e+00
      vertex  3.670748e+01 -2.265582e+01  0.000000e+00
      vertex  3.775147e+01 -2.144853e+01  1.900000e+00
    endloop
  endfacet
  facet normal  2.492002e-01  7.258983e-01 -6.410702e-01
    outer loop
      vertex  3.814078e+01 -2.170866e+01  1.900000e+00
      vertex  3.791404e+01 -2.330878e+01  0.000000e+00
      vertex  3.747755e+01 -2.315894e+01  0.000000e+00
    endloop
  endfacet
  facet normal  3.613560e-01  6.760477e-01 -6.421694e-01
    outer loop
      vertex  3.814078e+01 -2.170866e+01  1.900000e+00
      vertex  3.747755e+01 -2.315894e+01  0.000000e+00
      vertex  3.793332e+01 -2.159776e+01  1.900000e+00
    endloop
  endfacet
  facet normal  3.650073e-01  6.744775e-01 -6.417551e-01
    outer loop
      vertex  3.793332e+01 -2.159776e+01  1.900000e+00
      vertex  3.747755e+01 -2.315894e+01  0.000000e+00
      vertex  3.707167e+01 -2.293929e+01  0.000000e+00
    endloop
  endfacet
  facet normal  1.263791e-01  7.573542e-01 -6.406581e-01
    outer loop
      vertex  3.836589e+01 -2.177694e+01  1.900000e+00
      vertex  3.836925e+01 -2.338474e+01  0.000000e+00
      vertex  3.791404e+01 -2.330878e+01  0.000000e+00
    endloop
  endfacet
  facet normal  2.222144e-01  7.325347e-01 -6.434389e-01
    outer loop
      vertex  3.836589e+01 -2.177694e+01  1.900000e+00
      vertex  3.791404e+01 -2.330878e+01  0.000000e+00
      vertex  3.814078e+01 -2.170866e+01  1.900000e+00
    endloop
  endfacet
  facet normal  0.000000e+00  7.679405e-01 -6.405212e-01
    outer loop
      vertex  3.860000e+01 -2.180000e+01  1.900000e+00
      vertex  3.883075e+01 -2.338474e+01  0.000000e+00
      vertex  3.836925e+01 -2.338474e+01  0.000000e+00
    endloop
  endfacet
  facet normal  7.497466e-02  7.612815e-01 -6.440724e-01
    outer loop
      vertex  3.860000e+01 -2.180000e+01  1.900000e+00
      vertex  3.836925e+01 -2.338474e+01  0.000000e+00
      vertex  3.836589e+01 -2.177694e+01  1.900000e+00
    endloop
  endfacet
  facet normal -1.263791e-01  7.573542e-01 -6.406581e-01
    outer loop
      vertex  3.883411e+01 -2.177694e+01  1.900000e+00
      vertex  3.928596e+01 -2.330878e+01  0.000000e+00
      vertex  3.883075e+01 -2.338474e+01  0.000000e+00
    endloop
  endfacet
  facet normal -7.497346e-02  7.612816e-01 -6.440725e-01
    outer loop
      vertex  3.883411e+01 -2.177694e+01  1.900000e+00
      vertex  3.883075e+01 -2.338474e+01  0.000000e+00
      vertex  3.860000e+01 -2.180000e+01  1.900000e+00
    endloop
  endfacet
  facet normal -2.492002e-01  7.258983e-01 -6.410702e-01
    outer loop
      vertex  3.905922e+01 -2.170866e+01  1.900000e+00
      vertex  3.972245e+01 -2.315894e+01  0.000000e+00
      vertex  3.928596e+01 -2.330878e+01  0.000000e+00
    endloop
  endfacet
  facet normal -2.222144e-01  7.325347e-01 -6.434389e-01
    outer loop
      vertex  3.905922e+01 -2.170866e+01  1.900000e+00
      vertex  3.928596e+01 -2.330878e+01  0.000000e+00
      vertex  3.883411e+01 -2.177694e+01  1.900000e+00
    endloop
  endfacet
  facet normal -4.712967e-01  6.055202e-01 -6.412680e-01
    outer loop
      vertex  3.926669e+01 -2.159776e+01  1.900000e+00
      vertex  4.049252e+01 -2.265582e+01  0.000000e+00
      vertex  4.012833e+01 -2.293929e+01  0.000000e+00
    endloop
  endfacet
  facet normal -3.615793e-01  6.764654e-01 -6.416034e-01
    outer loop
      vertex  3.926669e+01 -2.159776e+01  1.900000e+00
      vertex  4.012833e+01 -2.293929e+01  0.000000e+00
      vertex  3.905922e+01 -2.170866e+01  1.900000e+00
    endloop
  endfacet
  facet normal -3.648952e-01  6.742640e-01 -6.420432e-01
    outer loop
      vertex  3.905922e+01 -2.170866e+01  1.900000e+00
      vertex  4.012833e+01 -2.293929e+01  0.000000e+00
      vertex  3.972245e+01 -2.315894e+01  0.000000e+00
    endloop
  endfacet
  facet normal -5.648398e-01  5.199769e-01 -6.407652e-01
    outer loop
      vertex  3.944853e+01 -2.144853e+01  1.900000e+00
      vertex  4.080509e+01 -2.231629e+01  0.000000e+00
      vertex  4.049252e+01 -2.265582e+01  0.000000e+00
    endloop
  endfacet
  facet normal -4.858145e-01  5.919660e-01 -6.430867e-01
    outer loop
      vertex  3.944853e+01 -2.144853e+01  1.900000e+00
      vertex  4.049252e+01 -2.265582e+01  0.000000e+00
      vertex  3.926669e+01 -2.159776e+01  1.900000e+00
    endloop
  endfacet
  facet normal -6.428847e-01  4.200142e-01 -6.405367e-01
    outer loop
      vertex  3.959776e+01 -2.126668e+01  1.900000e+00
      vertex  4.105750e+01 -2.192994e+01  0.000000e+00
      vertex  4.080509e+01 -2.231629e+01  0.000000e+00
    endloop
  endfacet
  facet normal -5.914190e-01  4.853605e-01 -6.439324e-01
    outer loop
      vertex  3.959776e+01 -2.126668e+01  1.900000e+00
      vertex  4.080509e+01 -2.231629e+01  0.000000e+00
      vertex  3.944853e+01 -2.144853e+01  1.900000e+00
    endloop
  endfacet
  facet normal -7.032130e-01  3.084578e-01 -6.405819e-01
    outer loop
      vertex  3.970866e+01 -2.105922e+01  1.900000e+00
      vertex  4.124289e+01 -2.150731e+01  0.000000e+00
      vertex  4.105750e+01 -2.192994e+01  0.000000e+00
    endloop
  endfacet
  facet normal -6.745844e-01  3.605772e-01 -6.441428e-01
    outer loop
      vertex  3.970866e+01 -2.105922e+01  1.900000e+00
      vertex  4.105750e+01 -2.192994e+01  0.000000e+00
      vertex  3.959776e+01 -2.126668e+01  1.900000e+00
    endloop
  endfacet
  facet normal -7.441332e-01  1.884412e-01 -6.409023e-01
    outer loop
      vertex  3.977694e+01 -2.083411e+01  1.900000e+00
      vertex  4.135618e+01 -2.105993e+01  0.000000e+00
      vertex  4.124289e+01 -2.150731e+01  0.000000e+00
    endloop
  endfacet
  facet normal -7.323086e-01  2.221440e-01 -6.437206e-01
    outer loop
      vertex  3.977694e+01 -2.083411e+01  1.900000e+00
      vertex  4.124289e+01 -2.150731e+01  0.000000e+00
      vertex  3.970866e+01 -2.105922e+01  1.900000e+00
    endloop
  endfacet
  facet normal -7.645051e-01 -6.335235e-02 -6.414970e-01
    outer loop
      vertex  3.980000e+01 -2.060000e+01  1.900000e+00
      vertex  4.135618e+01 -2.014008e+01  0.000000e+00
      vertex  4.139429e+01 -2.060000e+01  6.794565e-14
    endloop
  endfacet
  facet normal -7.624600e-01 -7.509056e-02 -6.426633e-01
    outer loop
      vertex  3.980000e+01 -2.060000e+01  1.900000e+00
      vertex  3.977694e+01 -2.036589e+01  1.900000e+00
      vertex  4.135618e+01 -2.014008e+01  0.000000e+00
    endloop
  endfacet
  facet normal  7.624599e-01 -7.509074e-02 -6.426633e-01
    outer loop
      vertex  3.740000e+01 -2.060000e+01  1.900000e+00
      vertex  3.584382e+01 -2.014008e+01  0.000000e+00
      vertex  3.742306e+01 -2.036589e+01  1.900000e+00
    endloop
  endfacet
  facet normal  7.645051e-01 -6.335235e-02 -6.414970e-01
    outer loop
      vertex  3.740000e+01 -2.060000e+01  1.900000e+00
      vertex  3.580571e+01 -2.060000e+01  6.794565e-14
      vertex  3.584382e+01 -2.014008e+01  0.000000e+00
    endloop
  endfacet
  facet normal -7.441332e-01 -1.884412e-01 -6.409023e-01
    outer loop
      vertex  3.977694e+01 -2.036589e+01  1.900000e+00
      vertex  4.124289e+01 -1.969270e+01  0.000000e+00
      vertex  4.135618e+01 -2.014008e+01  0.000000e+00
    endloop
  endfacet
  facet normal -7.032132e-01 -3.084579e-01 -6.405817e-01
    outer loop
      vertex  3.970866e+01 -2.014078e+01  1.900000e+00
      vertex  4.105750e+01 -1.927007e+01  0.000000e+00
      vertex  4.124289e+01 -1.969270e+01  0.000000e+00
    endloop
  endfacet
  facet normal -7.323092e-01 -2.221423e-01 -6.437204e-01
    outer loop
      vertex  3.970866e+01 -2.014078e+01  1.900000e+00
      vertex  4.124289e+01 -1.969270e+01  0.000000e+00
      vertex  3.977694e+01 -2.036589e+01  1.900000e+00
    endloop
  endfacet
  facet normal -6.428849e-01 -4.200143e-01 -6.405364e-01
    outer loop
      vertex  3.959776e+01 -1.993332e+01  1.900000e+00
      vertex  4.080509e+01 -1.888371e+01  0.000000e+00
      vertex  4.105750e+01 -1.927007e+01  0.000000e+00
    endloop
  endfacet
  facet normal -6.745847e-01 -3.605773e-01 -6.441424e-01
    outer loop
      vertex  3.959776e+01 -1.993332e+01  1.900000e+00
      vertex  4.105750e+01 -1.927007e+01  0.000000e+00
      vertex  3.970866e+01 -2.014078e+01  1.900000e+00
    endloop
  endfacet
  facet normal -5.648412e-01 -5.199752e-01 -6.407654e-01
    outer loop
      vertex  3.944853e+01 -1.975147e+01  1.900000e+00
      vertex  4.049252e+01 -1.854417e+01  0.000000e+00
      vertex  4.080509e+01 -1.888371e+01  0.000000e+00
    endloop
  endfacet
  facet normal -5.914165e-01 -4.853637e-01 -6.439322e-01
    outer loop
      vertex  3.944853e+01 -1.975147e+01  1.900000e+00
      vertex  4.080509e+01 -1.888371e+01  0.000000e+00
      vertex  3.959776e+01 -1.993332e+01  1.900000e+00
    endloop
  endfacet
  facet normal -4.712949e-01 -6.055220e-01 -6.412678e-01
    outer loop
      vertex  3.926669e+01 -1.960224e+01  1.900000e+00
      vertex  4.012833e+01 -1.826072e+01  0.000000e+00
      vertex  4.049252e+01 -1.854417e+01  0.000000e+00
    endloop
  endfacet
  facet normal -4.858181e-01 -5.919628e-01 -6.430871e-01
    outer loop
      vertex  3.926669e+01 -1.960224e+01  1.900000e+00
      vertex  4.049252e+01 -1.854417e+01  0.000000e+00
      vertex  3.944853e+01 -1.975147e+01  1.900000e+00
    endloop
  endfacet
  facet normal -2.492030e-01 -7.258971e-01 -6.410703e-01
    outer loop
      vertex  3.905922e+01 -1.949134e+01  1.900000e+00
      vertex  3.928596e+01 -1.789121e+01  0.000000e+00
      vertex  3.972245e+01 -1.804107e+01  0.000000e+00
    endloop
  endfacet
  facet normal -3.613508e-01 -6.760502e-01 -6.421697e-01
    outer loop
      vertex  3.905922e+01 -1.949134e+01  1.900000e+00
      vertex  3.972245e+01 -1.804107e+01  0.000000e+00
      vertex  3.926669e+01 -1.960224e+01  1.900000e+00
    endloop
  endfacet
  facet normal -3.650103e-01 -6.744766e-01 -6.417544e-01
    outer loop
      vertex  3.926669e+01 -1.960224e+01  1.900000e+00
      vertex  3.972245e+01 -1.804107e+01  0.000000e+00
      vertex  4.012833e+01 -1.826072e+01  0.000000e+00
    endloop
  endfacet
  facet normal -1.263790e-01 -7.573539e-01 -6.406586e-01
    outer loop
      vertex  3.883411e+01 -1.942306e+01  1.900000e+00
      vertex  3.883075e+01 -1.781525e+01  0.000000e+00
      vertex  3.928596e+01 -1.789121e+01  0.000000e+00
    endloop
  endfacet
  facet normal -2.222147e-01 -7.325343e-01 -6.434394e-01
    outer loop
      vertex  3.883411e+01 -1.942306e+01  1.900000e+00
      vertex  3.928596e+01 -1.789121e+01  0.000000e+00
      vertex  3.905922e+01 -1.949134e+01  1.900000e+00
    endloop
  endfacet
  facet normal  0.000000e+00 -7.679405e-01 -6.405212e-01
    outer loop
      vertex  3.860000e+01 -1.940000e+01  1.900000e+00
      vertex  3.836925e+01 -1.781525e+01  0.000000e+00
      vertex  3.883075e+01 -1.781525e+01  0.000000e+00
    endloop
  endfacet
  facet normal -7.497951e-02 -7.612808e-01 -6.440726e-01
    outer loop
      vertex  3.860000e+01 -1.940000e+01  1.900000e+00
      vertex  3.883075e+01 -1.781525e+01  0.000000e+00
      vertex  3.883411e+01 -1.942306e+01  1.900000e+00
    endloop
  endfacet
  facet normal  1.263790e-01 -7.573539e-01 -6.406586e-01
    outer loop
      vertex  3.836589e+01 -1.942306e+01  1.900000e+00
      vertex  3.791404e+01 -1.789121e+01  0.000000e+00
      vertex  3.836925e+01 -1.781525e+01  0.000000e+00
    endloop
  endfacet
  facet normal  7.498072e-02 -7.612808e-01 -6.440725e-01
    outer loop
      vertex  3.836589e+01 -1.942306e+01  1.900000e+00
      vertex  3.836925e+01 -1.781525e+01  0.000000e+00
      vertex  3.860000e+01 -1.940000e+01  1.900000e+00
    endloop
  endfacet
  facet normal  2.492030e-01 -7.258971e-01 -6.410703e-01
    outer loop
      vertex  3.814078e+01 -1.949134e+01  1.900000e+00
      vertex  3.747755e+01 -1.804107e+01  0.000000e+00
      vertex  3.791404e+01 -1.789121e+01  0.000000e+00
    endloop
  endfacet
  facet normal  2.222147e-01 -7.325343e-01 -6.434394e-01
    outer loop
      vertex  3.814078e+01 -1.949134e+01  1.900000e+00
      vertex  3.791404e+01 -1.789121e+01  0.000000e+00
      vertex  3.836589e+01 -1.942306e+01  1.900000e+00
    endloop
  endfacet
  facet normal  4.712946e-01 -6.055216e-01 -6.412683e-01
    outer loop
      vertex  3.793332e+01 -1.960224e+01  1.900000e+00
      vertex  3.670748e+01 -1.854417e+01  0.000000e+00
      vertex  3.707167e+01 -1.826072e+01  0.000000e+00
    endloop
  endfacet
  facet normal  3.615743e-01 -6.764684e-01 -6.416031e-01
    outer loop
      vertex  3.793332e+01 -1.960224e+01  1.900000e+00
      vertex  3.707167e+01 -1.826072e+01  0.000000e+00
      vertex  3.814078e+01 -1.949134e+01  1.900000e+00
    endloop
  endfacet
  facet normal  3.648925e-01 -6.742654e-01 -6.420434e-01
    outer loop
      vertex  3.814078e+01 -1.949134e+01  1.900000e+00
      vertex  3.707167e+01 -1.826072e+01  0.000000e+00
      vertex  3.747755e+01 -1.804107e+01  0.000000e+00
    endloop
  endfacet
  facet normal  5.648441e-01 -5.199715e-01 -6.407658e-01
    outer loop
      vertex  3.775147e+01 -1.975147e+01  1.900000e+00
      vertex  3.639491e+01 -1.888371e+01  0.000000e+00
      vertex  3.670748e+01 -1.854417e+01  0.000000e+00
    endloop
  endfacet
  facet normal  4.858177e-01 -5.919623e-01 -6.430877e-01
    outer loop
      vertex  3.775147e+01 -1.975147e+01  1.900000e+00
      vertex  3.670748e+01 -1.854417e+01  0.000000e+00
      vertex  3.793332e+01 -1.960224e+01  1.900000e+00
    endloop
  endfacet
  facet normal  6.428818e-01 -4.200186e-01 -6.405368e-01
    outer loop
      vertex  3.760224e+01 -1.993332e+01  1.900000e+00
      vertex  3.614249e+01 -1.927007e+01  0.000000e+00
      vertex  3.639491e+01 -1.888371e+01  0.000000e+00
    endloop
  endfacet
  facet normal  5.914165e-01 -4.853637e-01 -6.439322e-01
    outer loop
      vertex  3.760224e+01 -1.993332e+01  1.900000e+00
      vertex  3.639491e+01 -1.888371e+01  0.000000e+00
      vertex  3.775147e+01 -1.975147e+01  1.900000e+00
    endloop
  endfacet
  facet normal  7.032125e-01 -3.084576e-01 -6.405825e-01
    outer loop
      vertex  3.749134e+01 -2.014078e+01  1.900000e+00
      vertex  3.595711e+01 -1.969270e+01  0.000000e+00
      vertex  3.614249e+01 -1.927007e+01  0.000000e+00
    endloop
  endfacet
  facet normal  6.745841e-01 -3.605769e-01 -6.441432e-01
    outer loop
      vertex  3.749134e+01 -2.014078e+01  1.900000e+00
      vertex  3.614249e+01 -1.927007e+01  0.000000e+00
      vertex  3.760224e+01 -1.993332e+01  1.900000e+00
    endloop
  endfacet
  facet normal  7.441344e-01 -1.884352e-01 -6.409026e-01
    outer loop
      vertex  3.742306e+01 -2.036589e+01  1.900000e+00
      vertex  3.584382e+01 -2.014008e+01  0.000000e+00
      vertex  3.595711e+01 -1.969270e+01  0.000000e+00
    endloop
  endfacet
  facet normal  7.323084e-01 -2.221424e-01 -6.437213e-01
    outer loop
      vertex  3.742306e+01 -2.036589e+01  1.900000e+00
      vertex  3.595711e+01 -1.969270e+01  0.000000e+00
      vertex  3.749134e+01 -2.014078e+01  1.900000e+00
    endloop
  endfacet
  facet normal  9.802184e-02 -9.951844e-01  0.000000e+00
    outer loop
      vertex  1.660000e+01  3.170000e+01  1.900000e+00
      vertex  1.638540e+01  3.167886e+01  2.300000e+00
      vertex  1.638540e+01  3.167886e+01  1.900000e+00
    endloop
  endfacet
  facet normal  2.902808e-01 -9.569415e-01  0.000000e+00
    outer loop
      vertex  1.638540e+01  3.167886e+01  1.900000e+00
      vertex  1.638540e+01  3.167886e+01  2.300000e+00
      vertex  1.617905e+01  3.161627e+01  2.300000e+00
    endloop
  endfacet
  facet normal  2.902808e-01 -9.569415e-01  0.000000e+00
    outer loop
      vertex  1.638540e+01  3.167886e+01  1.900000e+00
      vertex  1.617905e+01  3.161627e+01  2.300000e+00
      vertex  1.617905e+01  3.161627e+01  1.900000e+00
    endloop
  endfacet
  facet normal  4.714001e-01 -8.819194e-01  0.000000e+00
    outer loop
      vertex  1.617905e+01  3.161627e+01  1.900000e+00
      vertex  1.617905e+01  3.161627e+01  2.300000e+00
      vertex  1.598887e+01  3.151462e+01  2.300000e+00
    endloop
  endfacet
  facet normal  4.714001e-01 -8.819194e-01  0.000000e+00
    outer loop
      vertex  1.617905e+01  3.161627e+01  1.900000e+00
      vertex  1.598887e+01  3.151462e+01  2.300000e+00
      vertex  1.598887e+01  3.151462e+01  1.900000e+00
    endloop
  endfacet
  facet normal  6.343933e-01 -7.730104e-01  0.000000e+00
    outer loop
      vertex  1.598887e+01  3.151462e+01  1.900000e+00
      vertex  1.598887e+01  3.151462e+01  2.300000e+00
      vertex  1.582218e+01  3.137782e+01  2.300000e+00
    endloop
  endfacet
  facet normal  6.343933e-01 -7.730104e-01  0.000000e+00
    outer loop
      vertex  1.598887e+01  3.151462e+01  1.900000e+00
      vertex  1.582218e+01  3.137782e+01  2.300000e+00
      vertex  1.582218e+01  3.137782e+01  1.900000e+00
    endloop
  endfacet
  facet normal  7.730122e-01 -6.343912e-01  0.000000e+00
    outer loop
      vertex  1.582218e+01  3.137782e+01  1.900000e+00
      vertex  1.582218e+01  3.137782e+01  2.300000e+00
      vertex  1.568538e+01  3.121113e+01  2.300000e+00
    endloop
  endfacet
  facet normal  7.730122e-01 -6.343912e-01  0.000000e+00
    outer loop
      vertex  1.582218e+01  3.137782e+01  1.900000e+00
      vertex  1.568538e+01  3.121113e+01  2.300000e+00
      vertex  1.568538e+01  3.121113e+01  1.900000e+00
    endloop
  endfacet
  facet normal  8.819193e-01 -4.714004e-01  0.000000e+00
    outer loop
      vertex  1.568538e+01  3.121113e+01  1.900000e+00
      vertex  1.568538e+01  3.121113e+01  2.300000e+00
      vertex  1.558373e+01  3.102095e+01  2.300000e+00
    endloop
  endfacet
  facet normal  8.819193e-01 -4.714004e-01  0.000000e+00
    outer loop
      vertex  1.568538e+01  3.121113e+01  1.900000e+00
      vertex  1.558373e+01  3.102095e+01  2.300000e+00
      vertex  1.558373e+01  3.102095e+01  1.900000e+00
    endloop
  endfacet
  facet normal  9.569403e-01 -2.902849e-01  0.000000e+00
    outer loop
      vertex  1.558373e+01  3.102095e+01  1.900000e+00
      vertex  1.558373e+01  3.102095e+01  2.300000e+00
      vertex  1.552114e+01  3.081460e+01  2.300000e+00
    endloop
  endfacet
  facet normal  9.569403e-01 -2.902849e-01  0.000000e+00
    outer loop
      vertex  1.558373e+01  3.102095e+01  1.900000e+00
      vertex  1.552114e+01  3.081460e+01  2.300000e+00
      vertex  1.552114e+01  3.081460e+01  1.900000e+00
    endloop
  endfacet
  facet normal  9.951847e-01 -9.801745e-02  0.000000e+00
    outer loop
      vertex  1.552114e+01  3.081460e+01  1.900000e+00
      vertex  1.552114e+01  3.081460e+01  2.300000e+00
      vertex  1.550000e+01  3.060000e+01  2.300000e+00
    endloop
  endfacet
  facet normal  9.951847e-01 -9.801745e-02  0.000000e+00
    outer loop
      vertex  1.552114e+01  3.081460e+01  1.900000e+00
      vertex  1.550000e+01  3.060000e+01  2.300000e+00
      vertex  1.550000e+01  3.060000e+01  1.900000e+00
    endloop
  endfacet
  facet normal  9.802184e-02 -9.951844e-01  0.000000e+00
    outer loop
      vertex  1.638540e+01  3.167886e+01  2.300000e+00
      vertex  1.660000e+01  3.170000e+01  1.900000e+00
      vertex  1.660000e+01  3.170000e+01  2.300000e+00
    endloop
  endfacet
  facet normal -9.802184e-02 -9.951844e-01  -0.000000e+00
    outer loop
      vertex  1.660000e+01  3.170000e+01  2.300000e+00
      vertex  1.660000e+01  3.170000e+01  1.900000e+00
      vertex  1.681460e+01  3.167886e+01  1.900000e+00
    endloop
  endfacet
  facet normal -9.802184e-02 -9.951844e-01  0.000000e+00
    outer loop
      vertex  1.660000e+01  3.170000e+01  2.300000e+00
      vertex  1.681460e+01  3.167886e+01  1.900000e+00
      vertex  1.681460e+01  3.167886e+01  2.300000e+00
    endloop
  endfacet
  facet normal -2.902808e-01 -9.569415e-01  -0.000000e+00
    outer loop
      vertex  1.681460e+01  3.167886e+01  2.300000e+00
      vertex  1.681460e+01  3.167886e+01  1.900000e+00
      vertex  1.702095e+01  3.161627e+01  1.900000e+00
    endloop
  endfacet
  facet normal -2.902808e-01 -9.569415e-01  0.000000e+00
    outer loop
      vertex  1.681460e+01  3.167886e+01  2.300000e+00
      vertex  1.702095e+01  3.161627e+01  1.900000e+00
      vertex  1.702095e+01  3.161627e+01  2.300000e+00
    endloop
  endfacet
  facet normal -4.714038e-01 -8.819174e-01  -0.000000e+00
    outer loop
      vertex  1.702095e+01  3.161627e+01  2.300000e+00
      vertex  1.702095e+01  3.161627e+01  1.900000e+00
      vertex  1.721113e+01  3.151462e+01  1.900000e+00
    endloop
  endfacet
  facet normal -4.714038e-01 -8.819174e-01  0.000000e+00
    outer loop
      vertex  1.702095e+01  3.161627e+01  2.300000e+00
      vertex  1.721113e+01  3.151462e+01  1.900000e+00
      vertex  1.721113e+01  3.151462e+01  2.300000e+00
    endloop
  endfacet
  facet normal -6.343912e-01 -7.730122e-01  -0.000000e+00
    outer loop
      vertex  1.721113e+01  3.151462e+01  2.300000e+00
      vertex  1.721113e+01  3.151462e+01  1.900000e+00
      vertex  1.737782e+01  3.137782e+01  1.900000e+00
    endloop
  endfacet
  facet normal -6.343912e-01 -7.730122e-01  0.000000e+00
    outer loop
      vertex  1.721113e+01  3.151462e+01  2.300000e+00
      vertex  1.737782e+01  3.137782e+01  1.900000e+00
      vertex  1.737782e+01  3.137782e+01  2.300000e+00
    endloop
  endfacet
  facet normal -7.730122e-01 -6.343912e-01  -0.000000e+00
    outer loop
      vertex  1.737782e+01  3.137782e+01  2.300000e+00
      vertex  1.737782e+01  3.137782e+01  1.900000e+00
      vertex  1.751462e+01  3.121113e+01  1.900000e+00
    endloop
  endfacet
  facet normal -7.730122e-01 -6.343912e-01  0.000000e+00
    outer loop
      vertex  1.737782e+01  3.137782e+01  2.300000e+00
      vertex  1.751462e+01  3.121113e+01  1.900000e+00
      vertex  1.751462e+01  3.121113e+01  2.300000e+00
    endloop
  endfacet
  facet normal -8.819174e-01 -4.714038e-01  -0.000000e+00
    outer loop
      vertex  1.751462e+01  3.121113e+01  2.300000e+00
      vertex  1.751462e+01  3.121113e+01  1.900000e+00
      vertex  1.761627e+01  3.102095e+01  1.900000e+00
    endloop
  endfacet
  facet normal -8.819174e-01 -4.714038e-01  0.000000e+00
    outer loop
      vertex  1.751462e+01  3.121113e+01  2.300000e+00
      vertex  1.761627e+01  3.102095e+01  1.900000e+00
      vertex  1.761627e+01  3.102095e+01  2.300000e+00
    endloop
  endfacet
  facet normal -9.569415e-01 -2.902808e-01  -0.000000e+00
    outer loop
      vertex  1.761627e+01  3.102095e+01  2.300000e+00
      vertex  1.761627e+01  3.102095e+01  1.900000e+00
      vertex  1.767886e+01  3.081460e+01  1.900000e+00
    endloop
  endfacet
  facet normal -9.569415e-01 -2.902808e-01  0.000000e+00
    outer loop
      vertex  1.761627e+01  3.102095e+01  2.300000e+00
      vertex  1.767886e+01  3.081460e+01  1.900000e+00
      vertex  1.767886e+01  3.081460e+01  2.300000e+00
    endloop
  endfacet
  facet normal -9.951844e-01 -9.802184e-02  -0.000000e+00
    outer loop
      vertex  1.767886e+01  3.081460e+01  2.300000e+00
      vertex  1.767886e+01  3.081460e+01  1.900000e+00
      vertex  1.770000e+01  3.060000e+01  1.900000e+00
    endloop
  endfacet
  facet normal -9.951844e-01 -9.802184e-02  0.000000e+00
    outer loop
      vertex  1.767886e+01  3.081460e+01  2.300000e+00
      vertex  1.770000e+01  3.060000e+01  1.900000e+00
      vertex  1.770000e+01  3.060000e+01  2.300000e+00
    endloop
  endfacet
  facet normal -9.801307e-02  9.951851e-01  0.000000e+00
    outer loop
      vertex  1.660000e+01  2.950000e+01  1.900000e+00
      vertex  1.681460e+01  2.952114e+01  2.300000e+00
      vertex  1.681460e+01  2.952114e+01  1.900000e+00
    endloop
  endfacet
  facet normal -2.902890e-01  9.569390e-01  0.000000e+00
    outer loop
      vertex  1.681460e+01  2.952114e+01  1.900000e+00
      vertex  1.681460e+01  2.952114e+01  2.300000e+00
      vertex  1.702095e+01  2.958373e+01  2.300000e+00
    endloop
  endfacet
  facet normal -2.902890e-01  9.569390e-01  0.000000e+00
    outer loop
      vertex  1.681460e+01  2.952114e+01  1.900000e+00
      vertex  1.702095e+01  2.958373e+01  2.300000e+00
      vertex  1.702095e+01  2.958373e+01  1.900000e+00
    endloop
  endfacet
  facet normal -4.713970e-01  8.819211e-01  0.000000e+00
    outer loop
      vertex  1.702095e+01  2.958373e+01  1.900000e+00
      vertex  1.702095e+01  2.958373e+01  2.300000e+00
      vertex  1.721113e+01  2.968538e+01  2.300000e+00
    endloop
  endfacet
  facet normal -4.713970e-01  8.819211e-01  0.000000e+00
    outer loop
      vertex  1.702095e+01  2.958373e+01  1.900000e+00
      vertex  1.721113e+01  2.968538e+01  2.300000e+00
      vertex  1.721113e+01  2.968538e+01  1.900000e+00
    endloop
  endfacet
  facet normal -6.343912e-01  7.730122e-01  0.000000e+00
    outer loop
      vertex  1.721113e+01  2.968538e+01  1.900000e+00
      vertex  1.721113e+01  2.968538e+01  2.300000e+00
      vertex  1.737782e+01  2.982218e+01  2.300000e+00
    endloop
  endfacet
  facet normal -6.343912e-01  7.730122e-01  0.000000e+00
    outer loop
      vertex  1.721113e+01  2.968538e+01  1.900000e+00
      vertex  1.737782e+01  2.982218e+01  2.300000e+00
      vertex  1.737782e+01  2.982218e+01  1.900000e+00
    endloop
  endfacet
  facet normal -7.730122e-01  6.343912e-01  0.000000e+00
    outer loop
      vertex  1.737782e+01  2.982218e+01  1.900000e+00
      vertex  1.737782e+01  2.982218e+01  2.300000e+00
      vertex  1.751462e+01  2.998887e+01  2.300000e+00
    endloop
  endfacet
  facet normal -7.730122e-01  6.343912e-01  0.000000e+00
    outer loop
      vertex  1.737782e+01  2.982218e+01  1.900000e+00
      vertex  1.751462e+01  2.998887e+01  2.300000e+00
      vertex  1.751462e+01  2.998887e+01  1.900000e+00
    endloop
  endfacet
  facet normal -8.819194e-01  4.714001e-01  0.000000e+00
    outer loop
      vertex  1.751462e+01  2.998887e+01  1.900000e+00
      vertex  1.751462e+01  2.998887e+01  2.300000e+00
      vertex  1.761627e+01  3.017905e+01  2.300000e+00
    endloop
  endfacet
  facet normal -8.819194e-01  4.714001e-01  0.000000e+00
    outer loop
      vertex  1.751462e+01  2.998887e+01  1.900000e+00
      vertex  1.761627e+01  3.017905e+01  2.300000e+00
      vertex  1.761627e+01  3.017905e+01  1.900000e+00
    endloop
  endfacet
  facet normal -9.569415e-01  2.902808e-01  0.000000e+00
    outer loop
      vertex  1.761627e+01  3.017905e+01  1.900000e+00
      vertex  1.761627e+01  3.017905e+01  2.300000e+00
      vertex  1.767886e+01  3.038540e+01  2.300000e+00
    endloop
  endfacet
  facet normal -9.569415e-01  2.902808e-01  0.000000e+00
    outer loop
      vertex  1.761627e+01  3.017905e+01  1.900000e+00
      vertex  1.767886e+01  3.038540e+01  2.300000e+00
      vertex  1.767886e+01  3.038540e+01  1.900000e+00
    endloop
  endfacet
  facet normal -9.951844e-01  9.802184e-02  0.000000e+00
    outer loop
      vertex  1.767886e+01  3.038540e+01  1.900000e+00
      vertex  1.767886e+01  3.038540e+01  2.300000e+00
      vertex  1.770000e+01  3.060000e+01  2.300000e+00
    endloop
  endfacet
  facet normal -9.951844e-01  9.802184e-02  0.000000e+00
    outer loop
      vertex  1.767886e+01  3.038540e+01  1.900000e+00
      vertex  1.770000e+01  3.060000e+01  2.300000e+00
      vertex  1.770000e+01  3.060000e+01  1.900000e+00
    endloop
  endfacet
  facet normal -9.801307e-02  9.951851e-01  0.000000e+00
    outer loop
      vertex  1.681460e+01  2.952114e+01  2.300000e+00
      vertex  1.660000e+01  2.950000e+01  1.900000e+00
      vertex  1.660000e+01  2.950000e+01  2.300000e+00
    endloop
  endfacet
  facet normal  9.801307e-02  9.951851e-01  0.000000e+00
    outer loop
      vertex  1.660000e+01  2.950000e+01  2.300000e+00
      vertex  1.660000e+01  2.950000e+01  1.900000e+00
      vertex  1.638540e+01  2.952114e+01  1.900000e+00
    endloop
  endfacet
  facet normal  9.801307e-02  9.951851e-01  -0.000000e+00
    outer loop
      vertex  1.660000e+01  2.950000e+01  2.300000e+00
      vertex  1.638540e+01  2.952114e+01  1.900000e+00
      vertex  1.638540e+01  2.952114e+01  2.300000e+00
    endloop
  endfacet
  facet normal  2.902890e-01  9.569390e-01  0.000000e+00
    outer loop
      vertex  1.638540e+01  2.952114e+01  2.300000e+00
      vertex  1.638540e+01  2.952114e+01  1.900000e+00
      vertex  1.617905e+01  2.958373e+01  1.900000e+00
    endloop
  endfacet
  facet normal  2.902890e-01  9.569390e-01  -0.000000e+00
    outer loop
      vertex  1.638540e+01  2.952114e+01  2.300000e+00
      vertex  1.617905e+01  2.958373e+01  1.900000e+00
      vertex  1.617905e+01  2.958373e+01  2.300000e+00
    endloop
  endfacet
  facet normal  4.713933e-01  8.819231e-01  0.000000e+00
    outer loop
      vertex  1.617905e+01  2.958373e+01  2.300000e+00
      vertex  1.617905e+01  2.958373e+01  1.900000e+00
      vertex  1.598887e+01  2.968538e+01  1.900000e+00
    endloop
  endfacet
  facet normal  4.713933e-01  8.819231e-01  -0.000000e+00
    outer loop
      vertex  1.617905e+01  2.958373e+01  2.300000e+00
      vertex  1.598887e+01  2.968538e+01  1.900000e+00
      vertex  1.598887e+01  2.968538e+01  2.300000e+00
    endloop
  endfacet
  facet normal  6.343933e-01  7.730104e-01  0.000000e+00
    outer loop
      vertex  1.598887e+01  2.968538e+01  2.300000e+00
      vertex  1.598887e+01  2.968538e+01  1.900000e+00
      vertex  1.582218e+01  2.982218e+01  1.900000e+00
    endloop
  endfacet
  facet normal  6.343933e-01  7.730104e-01  -0.000000e+00
    outer loop
      vertex  1.598887e+01  2.968538e+01  2.300000e+00
      vertex  1.582218e+01  2.982218e+01  1.900000e+00
      vertex  1.582218e+01  2.982218e+01  2.300000e+00
    endloop
  endfacet
  facet normal  7.730122e-01  6.343912e-01  0.000000e+00
    outer loop
      vertex  1.582218e+01  2.982218e+01  2.300000e+00
      vertex  1.582218e+01  2.982218e+01  1.900000e+00
      vertex  1.568538e+01  2.998887e+01  1.900000e+00
    endloop
  endfacet
  facet normal  7.730122e-01  6.343912e-01  -0.000000e+00
    outer loop
      vertex  1.582218e+01  2.982218e+01  2.300000e+00
      vertex  1.568538e+01  2.998887e+01  1.900000e+00
      vertex  1.568538e+01  2.998887e+01  2.300000e+00
    endloop
  endfacet
  facet normal  8.819213e-01  4.713967e-01  0.000000e+00
    outer loop
      vertex  1.568538e+01  2.998887e+01  2.300000e+00
      vertex  1.568538e+01  2.998887e+01  1.900000e+00
      vertex  1.558373e+01  3.017905e+01  1.900000e+00
    endloop
  endfacet
  facet normal  8.819213e-01  4.713967e-01  -0.000000e+00
    outer loop
      vertex  1.568538e+01  2.998887e+01  2.300000e+00
      vertex  1.558373e+01  3.017905e+01  1.900000e+00
      vertex  1.558373e+01  3.017905e+01  2.300000e+00
    endloop
  endfacet
  facet normal  9.569403e-01  2.902849e-01  0.000000e+00
    outer loop
      vertex  1.558373e+01  3.017905e+01  2.300000e+00
      vertex  1.558373e+01  3.017905e+01  1.900000e+00
      vertex  1.552114e+01  3.038540e+01  1.900000e+00
    endloop
  endfacet
  facet normal  9.569403e-01  2.902849e-01  -0.000000e+00
    outer loop
      vertex  1.558373e+01  3.017905e+01  2.300000e+00
      vertex  1.552114e+01  3.038540e+01  1.900000e+00
      vertex  1.552114e+01  3.038540e+01  2.300000e+00
    endloop
  endfacet
  facet normal  9.951847e-01  9.801745e-02  0.000000e+00
    outer loop
      vertex  1.552114e+01  3.038540e+01  2.300000e+00
      vertex  1.552114e+01  3.038540e+01  1.900000e+00
      vertex  1.550000e+01  3.060000e+01  1.900000e+00
    endloop
  endfacet
  facet normal  9.951847e-01  9.801745e-02  -0.000000e+00
    outer loop
      vertex  1.552114e+01  3.038540e+01  2.300000e+00
      vertex  1.550000e+01  3.060000e+01  1.900000e+00
      vertex  1.550000e+01  3.060000e+01  2.300000e+00
    endloop
  endfacet
  facet normal  9.801846e-02 -9.951845e-01  0.000000e+00
    outer loop
      vertex -1.660000e+01  3.200000e+01  1.900000e+00
      vertex -1.683411e+01  3.197694e+01  2.300000e+00
      vertex -1.683411e+01  3.197694e+01  1.900000e+00
    endloop
  endfacet
  facet normal  2.902855e-01 -9.569401e-01  0.000000e+00
    outer loop
      vertex -1.683411e+01  3.197694e+01  1.900000e+00
      vertex -1.683411e+01  3.197694e+01  2.300000e+00
      vertex -1.705922e+01  3.190866e+01  2.300000e+00
    endloop
  endfacet
  facet normal  2.902855e-01 -9.569401e-01  0.000000e+00
    outer loop
      vertex -1.683411e+01  3.197694e+01  1.900000e+00
      vertex -1.705922e+01  3.190866e+01  2.300000e+00
      vertex -1.705922e+01  3.190866e+01  1.900000e+00
    endloop
  endfacet
  facet normal  4.713947e-01 -8.819223e-01  0.000000e+00
    outer loop
      vertex -1.705922e+01  3.190866e+01  1.900000e+00
      vertex -1.705922e+01  3.190866e+01  2.300000e+00
      vertex -1.726668e+01  3.179776e+01  2.300000e+00
    endloop
  endfacet
  facet normal  4.713947e-01 -8.819223e-01  0.000000e+00
    outer loop
      vertex -1.705922e+01  3.190866e+01  1.900000e+00
      vertex -1.726668e+01  3.179776e+01  2.300000e+00
      vertex -1.726668e+01  3.179776e+01  1.900000e+00
    endloop
  endfacet
  facet normal  6.343899e-01 -7.730132e-01  0.000000e+00
    outer loop
      vertex -1.726668e+01  3.179776e+01  1.900000e+00
      vertex -1.726668e+01  3.179776e+01  2.300000e+00
      vertex -1.744853e+01  3.164853e+01  2.300000e+00
    endloop
  endfacet
  facet normal  6.343899e-01 -7.730132e-01  0.000000e+00
    outer loop
      vertex -1.726668e+01  3.179776e+01  1.900000e+00
      vertex -1.744853e+01  3.164853e+01  2.300000e+00
      vertex -1.744853e+01  3.164853e+01  1.900000e+00
    endloop
  endfacet
  facet normal  7.730132e-01 -6.343899e-01  0.000000e+00
    outer loop
      vertex -1.744853e+01  3.164853e+01  1.900000e+00
      vertex -1.744853e+01  3.164853e+01  2.300000e+00
      vertex -1.759776e+01  3.146668e+01  2.300000e+00
    endloop
  endfacet
  facet normal  7.730132e-01 -6.343899e-01  0.000000e+00
    outer loop
      vertex -1.744853e+01  3.164853e+01  1.900000e+00
      vertex -1.759776e+01  3.146668e+01  2.300000e+00
      vertex -1.759776e+01  3.146668e+01  1.900000e+00
    endloop
  endfacet
  facet normal  8.819189e-01 -4.714011e-01  0.000000e+00
    outer loop
      vertex -1.759776e+01  3.146668e+01  1.900000e+00
      vertex -1.759776e+01  3.146668e+01  2.300000e+00
      vertex -1.770866e+01  3.125922e+01  2.300000e+00
    endloop
  endfacet
  facet normal  8.819189e-01 -4.714011e-01  0.000000e+00
    outer loop
      vertex -1.759776e+01  3.146668e+01  1.900000e+00
      vertex -1.770866e+01  3.125922e+01  2.300000e+00
      vertex -1.770866e+01  3.125922e+01  1.900000e+00
    endloop
  endfacet
  facet normal  9.569401e-01 -2.902855e-01  0.000000e+00
    outer loop
      vertex -1.770866e+01  3.125922e+01  1.900000e+00
      vertex -1.770866e+01  3.125922e+01  2.300000e+00
      vertex -1.777694e+01  3.103411e+01  2.300000e+00
    endloop
  endfacet
  facet normal  9.569401e-01 -2.902855e-01  0.000000e+00
    outer loop
      vertex -1.770866e+01  3.125922e+01  1.900000e+00
      vertex -1.777694e+01  3.103411e+01  2.300000e+00
      vertex -1.777694e+01  3.103411e+01  1.900000e+00
    endloop
  endfacet
  facet normal  9.951855e-01 -9.800965e-02  0.000000e+00
    outer loop
      vertex -1.777694e+01  3.103411e+01  1.900000e+00
      vertex -1.777694e+01  3.103411e+01  2.300000e+00
      vertex -1.780000e+01  3.080000e+01  2.300000e+00
    endloop
  endfacet
  facet normal  9.951855e-01 -9.800965e-02  0.000000e+00
    outer loop
      vertex -1.777694e+01  3.103411e+01  1.900000e+00
      vertex -1.780000e+01  3.080000e+01  2.300000e+00
      vertex -1.780000e+01  3.080000e+01  1.900000e+00
    endloop
  endfacet
  facet normal  9.801846e-02 -9.951845e-01  0.000000e+00
    outer loop
      vertex -1.683411e+01  3.197694e+01  2.300000e+00
      vertex -1.660000e+01  3.200000e+01  1.900000e+00
      vertex -1.660000e+01  3.200000e+01  2.300000e+00
    endloop
  endfacet
  facet normal -9.801846e-02 -9.951845e-01  -0.000000e+00
    outer loop
      vertex -1.660000e+01  3.200000e+01  2.300000e+00
      vertex -1.660000e+01  3.200000e+01  1.900000e+00
      vertex -1.636589e+01  3.197694e+01  1.900000e+00
    endloop
  endfacet
  facet normal -9.801846e-02 -9.951845e-01  0.000000e+00
    outer loop
      vertex -1.660000e+01  3.200000e+01  2.300000e+00
      vertex -1.636589e+01  3.197694e+01  1.900000e+00
      vertex -1.636589e+01  3.197694e+01  2.300000e+00
    endloop
  endfacet
  facet normal -2.902833e-01 -9.569408e-01  -0.000000e+00
    outer loop
      vertex -1.636589e+01  3.197694e+01  2.300000e+00
      vertex -1.636589e+01  3.197694e+01  1.900000e+00
      vertex -1.614078e+01  3.190866e+01  1.900000e+00
    endloop
  endfacet
  facet normal -2.902833e-01 -9.569408e-01  0.000000e+00
    outer loop
      vertex -1.636589e+01  3.197694e+01  2.300000e+00
      vertex -1.614078e+01  3.190866e+01  1.900000e+00
      vertex -1.614078e+01  3.190866e+01  2.300000e+00
    endloop
  endfacet
  facet normal -4.713947e-01 -8.819223e-01  -0.000000e+00
    outer loop
      vertex -1.614078e+01  3.190866e+01  2.300000e+00
      vertex -1.614078e+01  3.190866e+01  1.900000e+00
      vertex -1.593332e+01  3.179776e+01  1.900000e+00
    endloop
  endfacet
  facet normal -4.713947e-01 -8.819223e-01  0.000000e+00
    outer loop
      vertex -1.614078e+01  3.190866e+01  2.300000e+00
      vertex -1.593332e+01  3.179776e+01  1.900000e+00
      vertex -1.593332e+01  3.179776e+01  2.300000e+00
    endloop
  endfacet
  facet normal -6.343919e-01 -7.730116e-01  -0.000000e+00
    outer loop
      vertex -1.593332e+01  3.179776e+01  2.300000e+00
      vertex -1.593332e+01  3.179776e+01  1.900000e+00
      vertex -1.575147e+01  3.164853e+01  1.900000e+00
    endloop
  endfacet
  facet normal -6.343919e-01 -7.730116e-01  0.000000e+00
    outer loop
      vertex -1.593332e+01  3.179776e+01  2.300000e+00
      vertex -1.575147e+01  3.164853e+01  1.900000e+00
      vertex -1.575147e+01  3.164853e+01  2.300000e+00
    endloop
  endfacet
  facet normal -7.730132e-01 -6.343899e-01  -0.000000e+00
    outer loop
      vertex -1.575147e+01  3.164853e+01  2.300000e+00
      vertex -1.575147e+01  3.164853e+01  1.900000e+00
      vertex -1.560224e+01  3.146668e+01  1.900000e+00
    endloop
  endfacet
  facet normal -7.730132e-01 -6.343899e-01  0.000000e+00
    outer loop
      vertex -1.575147e+01  3.164853e+01  2.300000e+00
      vertex -1.560224e+01  3.146668e+01  1.900000e+00
      vertex -1.560224e+01  3.146668e+01  2.300000e+00
    endloop
  endfacet
  facet normal -8.819206e-01 -4.713979e-01  -0.000000e+00
    outer loop
      vertex -1.560224e+01  3.146668e+01  2.300000e+00
      vertex -1.560224e+01  3.146668e+01  1.900000e+00
      vertex -1.549134e+01  3.125922e+01  1.900000e+00
    endloop
  endfacet
  facet normal -8.819206e-01 -4.713979e-01  0.000000e+00
    outer loop
      vertex -1.560224e+01  3.146668e+01  2.300000e+00
      vertex -1.549134e+01  3.125922e+01  1.900000e+00
      vertex -1.549134e+01  3.125922e+01  2.300000e+00
    endloop
  endfacet
  facet normal -9.569401e-01 -2.902855e-01  -0.000000e+00
    outer loop
      vertex -1.549134e+01  3.125922e+01  2.300000e+00
      vertex -1.549134e+01  3.125922e+01  1.900000e+00
      vertex -1.542306e+01  3.103411e+01  1.900000e+00
    endloop
  endfacet
  facet normal -9.569401e-01 -2.902855e-01  0.000000e+00
    outer loop
      vertex -1.549134e+01  3.125922e+01  2.300000e+00
      vertex -1.542306e+01  3.103411e+01  1.900000e+00
      vertex -1.542306e+01  3.103411e+01  2.300000e+00
    endloop
  endfacet
  facet normal -9.951847e-01 -9.801767e-02  -0.000000e+00
    outer loop
      vertex -1.542306e+01  3.103411e+01  2.300000e+00
      vertex -1.542306e+01  3.103411e+01  1.900000e+00
      vertex -1.540000e+01  3.080000e+01  1.900000e+00
    endloop
  endfacet
  facet normal -9.951847e-01 -9.801767e-02  0.000000e+00
    outer loop
      vertex -1.542306e+01  3.103411e+01  2.300000e+00
      vertex -1.540000e+01  3.080000e+01  1.900000e+00
      vertex -1.540000e+01  3.080000e+01  2.300000e+00
    endloop
  endfacet
  facet normal -9.801846e-02  9.951845e-01  0.000000e+00
    outer loop
      vertex -1.660000e+01  2.960000e+01  1.900000e+00
      vertex -1.636589e+01  2.962306e+01  2.300000e+00
      vertex -1.636589e+01  2.962306e+01  1.900000e+00
    endloop
  endfacet
  facet normal -2.902833e-01  9.569408e-01  0.000000e+00
    outer loop
      vertex -1.636589e+01  2.962306e+01  1.900000e+00
      vertex -1.636589e+01  2.962306e+01  2.300000e+00
      vertex -1.614078e+01  2.969135e+01  2.300000e+00
    endloop
  endfacet
  facet normal -2.902833e-01  9.569408e-01  0.000000e+00
    outer loop
      vertex -1.636589e+01  2.962306e+01  1.900000e+00
      vertex -1.614078e+01  2.969135e+01  2.300000e+00
      vertex -1.614078e+01  2.969135e+01  1.900000e+00
    endloop
  endfacet
  facet normal -4.713947e-01  8.819223e-01  0.000000e+00
    outer loop
      vertex -1.614078e+01  2.969135e+01  1.900000e+00
      vertex -1.614078e+01  2.969135e+01  2.300000e+00
      vertex -1.593332e+01  2.980224e+01  2.300000e+00
    endloop
  endfacet
  facet normal -4.713947e-01  8.819223e-01  0.000000e+00
    outer loop
      vertex -1.614078e+01  2.969135e+01  1.900000e+00
      vertex -1.593332e+01  2.980224e+01  2.300000e+00
      vertex -1.593332e+01  2.980224e+01  1.900000e+00
    endloop
  endfacet
  facet normal -6.343919e-01  7.730116e-01  0.000000e+00
    outer loop
      vertex -1.593332e+01  2.980224e+01  1.900000e+00
      vertex -1.593332e+01  2.980224e+01  2.300000e+00
      vertex -1.575147e+01  2.995147e+01  2.300000e+00
    endloop
  endfacet
  facet normal -6.343919e-01  7.730116e-01  0.000000e+00
    outer loop
      vertex -1.593332e+01  2.980224e+01  1.900000e+00
      vertex -1.575147e+01  2.995147e+01  2.300000e+00
      vertex -1.575147e+01  2.995147e+01  1.900000e+00
    endloop
  endfacet
  facet normal -7.730132e-01  6.343899e-01  0.000000e+00
    outer loop
      vertex -1.575147e+01  2.995147e+01  1.900000e+00
      vertex -1.575147e+01  2.995147e+01  2.300000e+00
      vertex -1.560224e+01  3.013332e+01  2.300000e+00
    endloop
  endfacet
  facet normal -7.730132e-01  6.343899e-01  0.000000e+00
    outer loop
      vertex -1.575147e+01  2.995147e+01  1.900000e+00
      vertex -1.560224e+01  3.013332e+01  2.300000e+00
      vertex -1.560224e+01  3.013332e+01  1.900000e+00
    endloop
  endfacet
  facet normal -8.819206e-01  4.713979e-01  0.000000e+00
    outer loop
      vertex -1.560224e+01  3.013332e+01  1.900000e+00
      vertex -1.560224e+01  3.013332e+01  2.300000e+00
      vertex -1.549134e+01  3.034078e+01  2.300000e+00
    endloop
  endfacet
  facet normal -8.819206e-01  4.713979e-01  0.000000e+00
    outer loop
      vertex -1.560224e+01  3.013332e+01  1.900000e+00
      vertex -1.549134e+01  3.034078e+01  2.300000e+00
      vertex -1.549134e+01  3.034078e+01  1.900000e+00
    endloop
  endfacet
  facet normal -9.569401e-01  2.902855e-01  0.000000e+00
    outer loop
      vertex -1.549134e+01  3.034078e+01  1.900000e+00
      vertex -1.549134e+01  3.034078e+01  2.300000e+00
      vertex -1.542306e+01  3.056589e+01  2.300000e+00
    endloop
  endfacet
  facet normal -9.569401e-01  2.902855e-01  0.000000e+00
    outer loop
      vertex -1.549134e+01  3.034078e+01  1.900000e+00
      vertex -1.542306e+01  3.056589e+01  2.300000e+00
      vertex -1.542306e+01  3.056589e+01  1.900000e+00
    endloop
  endfacet
  facet normal -9.951845e-01  9.801846e-02  0.000000e+00
    outer loop
      vertex -1.542306e+01  3.056589e+01  1.900000e+00
      vertex -1.542306e+01  3.056589e+01  2.300000e+00
      vertex -1.540000e+01  3.080000e+01  2.300000e+00
    endloop
  endfacet
  facet normal -9.951845e-01  9.801846e-02  0.000000e+00
    outer loop
      vertex -1.542306e+01  3.056589e+01  1.900000e+00
      vertex -1.540000e+01  3.080000e+01  2.300000e+00
      vertex -1.540000e+01  3.080000e+01  1.900000e+00
    endloop
  endfacet
  facet normal -9.801846e-02  9.951845e-01  0.000000e+00
    outer loop
      vertex -1.636589e+01  2.962306e+01  2.300000e+00
      vertex -1.660000e+01  2.960000e+01  1.900000e+00
      vertex -1.660000e+01  2.960000e+01  2.300000e+00
    endloop
  endfacet
  facet normal  9.801846e-02  9.951845e-01  0.000000e+00
    outer loop
      vertex -1.660000e+01  2.960000e+01  2.300000e+00
      vertex -1.660000e+01  2.960000e+01  1.900000e+00
      vertex -1.683411e+01  2.962306e+01  1.900000e+00
    endloop
  endfacet
  facet normal  9.801846e-02  9.951845e-01  -0.000000e+00
    outer loop
      vertex -1.660000e+01  2.960000e+01  2.300000e+00
      vertex -1.683411e+01  2.962306e+01  1.900000e+00
      vertex -1.683411e+01  2.962306e+01  2.300000e+00
    endloop
  endfacet
  facet normal  2.902855e-01  9.569401e-01  0.000000e+00
    outer loop
      vertex -1.683411e+01  2.962306e+01  2.300000e+00
      vertex -1.683411e+01  2.962306e+01  1.900000e+00
      vertex -1.705922e+01  2.969135e+01  1.900000e+00
    endloop
  endfacet
  facet normal  2.902855e-01  9.569401e-01  -0.000000e+00
    outer loop
      vertex -1.683411e+01  2.962306e+01  2.300000e+00
      vertex -1.705922e+01  2.969135e+01  1.900000e+00
      vertex -1.705922e+01  2.969135e+01  2.300000e+00
    endloop
  endfacet
  facet normal  4.713947e-01  8.819223e-01  0.000000e+00
    outer loop
      vertex -1.705922e+01  2.969135e+01  2.300000e+00
      vertex -1.705922e+01  2.969135e+01  1.900000e+00
      vertex -1.726668e+01  2.980224e+01  1.900000e+00
    endloop
  endfacet
  facet normal  4.713947e-01  8.819223e-01  -0.000000e+00
    outer loop
      vertex -1.705922e+01  2.969135e+01  2.300000e+00
      vertex -1.726668e+01  2.980224e+01  1.900000e+00
      vertex -1.726668e+01  2.980224e+01  2.300000e+00
    endloop
  endfacet
  facet normal  6.343899e-01  7.730132e-01  0.000000e+00
    outer loop
      vertex -1.726668e+01  2.980224e+01  2.300000e+00
      vertex -1.726668e+01  2.980224e+01  1.900000e+00
      vertex -1.744853e+01  2.995147e+01  1.900000e+00
    endloop
  endfacet
  facet normal  6.343899e-01  7.730132e-01  -0.000000e+00
    outer loop
      vertex -1.726668e+01  2.980224e+01  2.300000e+00
      vertex -1.744853e+01  2.995147e+01  1.900000e+00
      vertex -1.744853e+01  2.995147e+01  2.300000e+00
    endloop
  endfacet
  facet normal  7.730132e-01  6.343899e-01  0.000000e+00
    outer loop
      vertex -1.744853e+01  2.995147e+01  2.300000e+00
      vertex -1.744853e+01  2.995147e+01  1.900000e+00
      vertex -1.759776e+01  3.013332e+01  1.900000e+00
    endloop
  endfacet
  facet normal  7.730132e-01  6.343899e-01  -0.000000e+00
    outer loop
      vertex -1.744853e+01  2.995147e+01  2.300000e+00
      vertex -1.759776e+01  3.013332e+01  1.900000e+00
      vertex -1.759776e+01  3.013332e+01  2.300000e+00
    endloop
  endfacet
  facet normal  8.819189e-01  4.714011e-01  0.000000e+00
    outer loop
      vertex -1.759776e+01  3.013332e+01  2.300000e+00
      vertex -1.759776e+01  3.013332e+01  1.900000e+00
      vertex -1.770866e+01  3.034078e+01  1.900000e+00
    endloop
  endfacet
  facet normal  8.819189e-01  4.714011e-01  -0.000000e+00
    outer loop
      vertex -1.759776e+01  3.013332e+01  2.300000e+00
      vertex -1.770866e+01  3.034078e+01  1.900000e+00
      vertex -1.770866e+01  3.034078e+01  2.300000e+00
    endloop
  endfacet
  facet normal  9.569401e-01  2.902855e-01  0.000000e+00
    outer loop
      vertex -1.770866e+01  3.034078e+01  2.300000e+00
      vertex -1.770866e+01  3.034078e+01  1.900000e+00
      vertex -1.777694e+01  3.056589e+01  1.900000e+00
    endloop
  endfacet
  facet normal  9.569401e-01  2.902855e-01  -0.000000e+00
    outer loop
      vertex -1.770866e+01  3.034078e+01  2.300000e+00
      vertex -1.777694e+01  3.056589e+01  1.900000e+00
      vertex -1.777694e+01  3.056589e+01  2.300000e+00
    endloop
  endfacet
  facet normal  9.951854e-01  9.801044e-02  0.000000e+00
    outer loop
      vertex -1.777694e+01  3.056589e+01  2.300000e+00
      vertex -1.777694e+01  3.056589e+01  1.900000e+00
      vertex -1.780000e+01  3.080000e+01  1.900000e+00
    endloop
  endfacet
  facet normal  9.951854e-01  9.801044e-02  -0.000000e+00
    outer loop
      vertex -1.777694e+01  3.056589e+01  2.300000e+00
      vertex -1.780000e+01  3.080000e+01  1.900000e+00
      vertex -1.780000e+01  3.080000e+01  2.300000e+00
    endloop
  endfacet
  facet normal  9.801688e-02 -9.951847e-01  0.000000e+00
    outer loop
      vertex -3.860000e+01 -1.940000e+01  1.900000e+00
      vertex -3.883411e+01 -1.942306e+01  2.300000e+00
      vertex -3.883411e+01 -1.942306e+01  1.900000e+00
    endloop
  endfacet
  facet normal  2.902878e-01 -9.569395e-01  0.000000e+00
    outer loop
      vertex -3.883411e+01 -1.942306e+01  1.900000e+00
      vertex -3.883411e+01 -1.942306e+01  2.300000e+00
      vertex -3.905922e+01 -1.949134e+01  2.300000e+00
    endloop
  endfacet
  facet normal  2.902878e-01 -9.569395e-01  0.000000e+00
    outer loop
      vertex -3.883411e+01 -1.942306e+01  1.900000e+00
      vertex -3.905922e+01 -1.949134e+01  2.300000e+00
      vertex -3.905922e+01 -1.949134e+01  1.900000e+00
    endloop
  endfacet
  facet normal  4.713914e-01 -8.819242e-01  0.000000e+00
    outer loop
      vertex -3.905922e+01 -1.949134e+01  1.900000e+00
      vertex -3.905922e+01 -1.949134e+01  2.300000e+00
      vertex -3.926669e+01 -1.960224e+01  2.300000e+00
    endloop
  endfacet
  facet normal  4.713914e-01 -8.819242e-01  0.000000e+00
    outer loop
      vertex -3.905922e+01 -1.949134e+01  1.900000e+00
      vertex -3.926669e+01 -1.960224e+01  2.300000e+00
      vertex -3.926669e+01 -1.960224e+01  1.900000e+00
    endloop
  endfacet
  facet normal  6.343987e-01 -7.730060e-01  0.000000e+00
    outer loop
      vertex -3.926669e+01 -1.960224e+01  1.900000e+00
      vertex -3.926669e+01 -1.960224e+01  2.300000e+00
      vertex -3.944853e+01 -1.975147e+01  2.300000e+00
    endloop
  endfacet
  facet normal  6.343987e-01 -7.730060e-01  0.000000e+00
    outer loop
      vertex -3.926669e+01 -1.960224e+01  1.900000e+00
      vertex -3.944853e+01 -1.975147e+01  2.300000e+00
      vertex -3.944853e+01 -1.975147e+01  1.900000e+00
    endloop
  endfacet
  facet normal  7.730100e-01 -6.343939e-01  0.000000e+00
    outer loop
      vertex -3.944853e+01 -1.975147e+01  1.900000e+00
      vertex -3.944853e+01 -1.975147e+01  2.300000e+00
      vertex -3.959776e+01 -1.993332e+01  2.300000e+00
    endloop
  endfacet
  facet normal  7.730100e-01 -6.343939e-01  0.000000e+00
    outer loop
      vertex -3.944853e+01 -1.975147e+01  1.900000e+00
      vertex -3.959776e+01 -1.993332e+01  2.300000e+00
      vertex -3.959776e+01 -1.993332e+01  1.900000e+00
    endloop
  endfacet
  facet normal  8.819189e-01 -4.714011e-01  0.000000e+00
    outer loop
      vertex -3.959776e+01 -1.993332e+01  1.900000e+00
      vertex -3.959776e+01 -1.993332e+01  2.300000e+00
      vertex -3.970866e+01 -2.014078e+01  2.300000e+00
    endloop
  endfacet
  facet normal  8.819189e-01 -4.714011e-01  0.000000e+00
    outer loop
      vertex -3.959776e+01 -1.993332e+01  1.900000e+00
      vertex -3.970866e+01 -2.014078e+01  2.300000e+00
      vertex -3.970866e+01 -2.014078e+01  1.900000e+00
    endloop
  endfacet
  facet normal  9.569408e-01 -2.902833e-01  0.000000e+00
    outer loop
      vertex -3.970866e+01 -2.014078e+01  1.900000e+00
      vertex -3.970866e+01 -2.014078e+01  2.300000e+00
      vertex -3.977694e+01 -2.036589e+01  2.300000e+00
    endloop
  endfacet
  facet normal  9.569408e-01 -2.902833e-01  0.000000e+00
    outer loop
      vertex -3.970866e+01 -2.014078e+01  1.900000e+00
      vertex -3.977694e+01 -2.036589e+01  2.300000e+00
      vertex -3.977694e+01 -2.036589e+01  1.900000e+00
    endloop
  endfacet
  facet normal  9.951854e-01 -9.801044e-02  0.000000e+00
    outer loop
      vertex -3.977694e+01 -2.036589e+01  1.900000e+00
      vertex -3.977694e+01 -2.036589e+01  2.300000e+00
      vertex -3.980000e+01 -2.060000e+01  2.300000e+00
    endloop
  endfacet
  facet normal  9.951854e-01 -9.801044e-02  0.000000e+00
    outer loop
      vertex -3.977694e+01 -2.036589e+01  1.900000e+00
      vertex -3.980000e+01 -2.060000e+01  2.300000e+00
      vertex -3.980000e+01 -2.060000e+01  1.900000e+00
    endloop
  endfacet
  facet normal  9.801688e-02 -9.951847e-01  0.000000e+00
    outer loop
      vertex -3.883411e+01 -1.942306e+01  2.300000e+00
      vertex -3.860000e+01 -1.940000e+01  1.900000e+00
      vertex -3.860000e+01 -1.940000e+01  2.300000e+00
    endloop
  endfacet
  facet normal -9.801846e-02 -9.951845e-01  -0.000000e+00
    outer loop
      vertex -3.860000e+01 -1.940000e+01  2.300000e+00
      vertex -3.860000e+01 -1.940000e+01  1.900000e+00
      vertex -3.836589e+01 -1.942306e+01  1.900000e+00
    endloop
  endfacet
  facet normal -9.801846e-02 -9.951845e-01  0.000000e+00
    outer loop
      vertex -3.860000e+01 -1.940000e+01  2.300000e+00
      vertex -3.836589e+01 -1.942306e+01  1.900000e+00
      vertex -3.836589e+01 -1.942306e+01  2.300000e+00
    endloop
  endfacet
  facet normal -2.902878e-01 -9.569395e-01  -0.000000e+00
    outer loop
      vertex -3.836589e+01 -1.942306e+01  2.300000e+00
      vertex -3.836589e+01 -1.942306e+01  1.900000e+00
      vertex -3.814078e+01 -1.949134e+01  1.900000e+00
    endloop
  endfacet
  facet normal -2.902878e-01 -9.569395e-01  0.000000e+00
    outer loop
      vertex -3.836589e+01 -1.942306e+01  2.300000e+00
      vertex -3.814078e+01 -1.949134e+01  1.900000e+00
      vertex -3.814078e+01 -1.949134e+01  2.300000e+00
    endloop
  endfacet
  facet normal -4.713914e-01 -8.819242e-01  -0.000000e+00
    outer loop
      vertex -3.814078e+01 -1.949134e+01  2.300000e+00
      vertex -3.814078e+01 -1.949134e+01  1.900000e+00
      vertex -3.793332e+01 -1.960224e+01  1.900000e+00
    endloop
  endfacet
  facet normal -4.713914e-01 -8.819242e-01  0.000000e+00
    outer loop
      vertex -3.814078e+01 -1.949134e+01  2.300000e+00
      vertex -3.793332e+01 -1.960224e+01  1.900000e+00
      vertex -3.793332e+01 -1.960224e+01  2.300000e+00
    endloop
  endfacet
  facet normal -6.343987e-01 -7.730060e-01  -0.000000e+00
    outer loop
      vertex -3.793332e+01 -1.960224e+01  2.300000e+00
      vertex -3.793332e+01 -1.960224e+01  1.900000e+00
      vertex -3.775147e+01 -1.975147e+01  1.900000e+00
    endloop
  endfacet
  facet normal -6.343987e-01 -7.730060e-01  0.000000e+00
    outer loop
      vertex -3.793332e+01 -1.960224e+01  2.300000e+00
      vertex -3.775147e+01 -1.975147e+01  1.900000e+00
      vertex -3.775147e+01 -1.975147e+01  2.300000e+00
    endloop
  endfacet
  facet normal -7.730100e-01 -6.343939e-01  -0.000000e+00
    outer loop
      vertex -3.775147e+01 -1.975147e+01  2.300000e+00
      vertex -3.775147e+01 -1.975147e+01  1.900000e+00
      vertex -3.760224e+01 -1.993332e+01  1.900000e+00
    endloop
  endfacet
  facet normal -7.730100e-01 -6.343939e-01  0.000000e+00
    outer loop
      vertex -3.775147e+01 -1.975147e+01  2.300000e+00
      vertex -3.760224e+01 -1.993332e+01  1.900000e+00
      vertex -3.760224e+01 -1.993332e+01  2.300000e+00
    endloop
  endfacet
  facet normal -8.819189e-01 -4.714011e-01  -0.000000e+00
    outer loop
      vertex -3.760224e+01 -1.993332e+01  2.300000e+00
      vertex -3.760224e+01 -1.993332e+01  1.900000e+00
      vertex -3.749134e+01 -2.014078e+01  1.900000e+00
    endloop
  endfacet
  facet normal -8.819189e-01 -4.714011e-01  0.000000e+00
    outer loop
      vertex -3.760224e+01 -1.993332e+01  2.300000e+00
      vertex -3.749134e+01 -2.014078e+01  1.900000e+00
      vertex -3.749134e+01 -2.014078e+01  2.300000e+00
    endloop
  endfacet
  facet normal -9.569408e-01 -2.902833e-01  -0.000000e+00
    outer loop
      vertex -3.749134e+01 -2.014078e+01  2.300000e+00
      vertex -3.749134e+01 -2.014078e+01  1.900000e+00
      vertex -3.742306e+01 -2.036589e+01  1.900000e+00
    endloop
  endfacet
  facet normal -9.569408e-01 -2.902833e-01  0.000000e+00
    outer loop
      vertex -3.749134e+01 -2.014078e+01  2.300000e+00
      vertex -3.742306e+01 -2.036589e+01  1.900000e+00
      vertex -3.742306e+01 -2.036589e+01  2.300000e+00
    endloop
  endfacet
  facet normal -9.951854e-01 -9.801044e-02  -0.000000e+00
    outer loop
      vertex -3.742306e+01 -2.036589e+01  2.300000e+00
      vertex -3.742306e+01 -2.036589e+01  1.900000e+00
      vertex -3.740000e+01 -2.060000e+01  1.900000e+00
    endloop
  endfacet
  facet normal -9.951854e-01 -9.801044e-02  0.000000e+00
    outer loop
      vertex -3.742306e+01 -2.036589e+01  2.300000e+00
      vertex -3.740000e+01 -2.060000e+01  1.900000e+00
      vertex -3.740000e+01 -2.060000e+01  2.300000e+00
    endloop
  endfacet
  facet normal -9.801044e-02  9.951854e-01  0.000000e+00
    outer loop
      vertex -3.860000e+01 -2.180000e+01  1.900000e+00
      vertex -3.836589e+01 -2.177694e+01  2.300000e+00
      vertex -3.836589e+01 -2.177694e+01  1.900000e+00
    endloop
  endfacet
  facet normal -2.902878e-01  9.569395e-01  0.000000e+00
    outer loop
      vertex -3.836589e+01 -2.177694e+01  1.900000e+00
      vertex -3.836589e+01 -2.177694e+01  2.300000e+00
      vertex -3.814078e+01 -2.170866e+01  2.300000e+00
    endloop
  endfacet
  facet normal -2.902878e-01  9.569395e-01  0.000000e+00
    outer loop
      vertex -3.836589e+01 -2.177694e+01  1.900000e+00
      vertex -3.814078e+01 -2.170866e+01  2.300000e+00
      vertex -3.814078e+01 -2.170866e+01  1.900000e+00
    endloop
  endfacet
  facet normal -4.713977e-01  8.819207e-01  0.000000e+00
    outer loop
      vertex -3.814078e+01 -2.170866e+01  1.900000e+00
      vertex -3.814078e+01 -2.170866e+01  2.300000e+00
      vertex -3.793332e+01 -2.159776e+01  2.300000e+00
    endloop
  endfacet
  facet normal -4.713977e-01  8.819207e-01  0.000000e+00
    outer loop
      vertex -3.814078e+01 -2.170866e+01  1.900000e+00
      vertex -3.793332e+01 -2.159776e+01  2.300000e+00
      vertex -3.793332e+01 -2.159776e+01  1.900000e+00
    endloop
  endfacet
  facet normal -6.343939e-01  7.730100e-01  0.000000e+00
    outer loop
      vertex -3.793332e+01 -2.159776e+01  1.900000e+00
      vertex -3.793332e+01 -2.159776e+01  2.300000e+00
      vertex -3.775147e+01 -2.144853e+01  2.300000e+00
    endloop
  endfacet
  facet normal -6.343939e-01  7.730100e-01  0.000000e+00
    outer loop
      vertex -3.793332e+01 -2.159776e+01  1.900000e+00
      vertex -3.775147e+01 -2.144853e+01  2.300000e+00
      vertex -3.775147e+01 -2.144853e+01  1.900000e+00
    endloop
  endfacet
  facet normal -7.730132e-01  6.343899e-01  0.000000e+00
    outer loop
      vertex -3.775147e+01 -2.144853e+01  1.900000e+00
      vertex -3.775147e+01 -2.144853e+01  2.300000e+00
      vertex -3.760224e+01 -2.126668e+01  2.300000e+00
    endloop
  endfacet
  facet normal -7.730132e-01  6.343899e-01  0.000000e+00
    outer loop
      vertex -3.775147e+01 -2.144853e+01  1.900000e+00
      vertex -3.760224e+01 -2.126668e+01  2.300000e+00
      vertex -3.760224e+01 -2.126668e+01  1.900000e+00
    endloop
  endfacet
  facet normal -8.819189e-01  4.714011e-01  0.000000e+00
    outer loop
      vertex -3.760224e+01 -2.126668e+01  1.900000e+00
      vertex -3.760224e+01 -2.126668e+01  2.300000e+00
      vertex -3.749134e+01 -2.105922e+01  2.300000e+00
    endloop
  endfacet
  facet normal -8.819189e-01  4.714011e-01  0.000000e+00
    outer loop
      vertex -3.760224e+01 -2.126668e+01  1.900000e+00
      vertex -3.749134e+01 -2.105922e+01  2.300000e+00
      vertex -3.749134e+01 -2.105922e+01  1.900000e+00
    endloop
  endfacet
  facet normal -9.569401e-01  2.902855e-01  0.000000e+00
    outer loop
      vertex -3.749134e+01 -2.105922e+01  1.900000e+00
      vertex -3.749134e+01 -2.105922e+01  2.300000e+00
      vertex -3.742306e+01 -2.083411e+01  2.300000e+00
    endloop
  endfacet
  facet normal -9.569401e-01  2.902855e-01  0.000000e+00
    outer loop
      vertex -3.749134e+01 -2.105922e+01  1.900000e+00
      vertex -3.742306e+01 -2.083411e+01  2.300000e+00
      vertex -3.742306e+01 -2.083411e+01  1.900000e+00
    endloop
  endfacet
  facet normal -9.951854e-01  9.801044e-02  0.000000e+00
    outer loop
      vertex -3.742306e+01 -2.083411e+01  1.900000e+00
      vertex -3.742306e+01 -2.083411e+01  2.300000e+00
      vertex -3.740000e+01 -2.060000e+01  2.300000e+00
    endloop
  endfacet
  facet normal -9.951854e-01  9.801044e-02  0.000000e+00
    outer loop
      vertex -3.742306e+01 -2.083411e+01  1.900000e+00
      vertex -3.740000e+01 -2.060000e+01  2.300000e+00
      vertex -3.740000e+01 -2.060000e+01  1.900000e+00
    endloop
  endfacet
  facet normal -9.801044e-02  9.951854e-01  0.000000e+00
    outer loop
      vertex -3.836589e+01 -2.177694e+01  2.300000e+00
      vertex -3.860000e+01 -2.180000e+01  1.900000e+00
      vertex -3.860000e+01 -2.180000e+01  2.300000e+00
    endloop
  endfacet
  facet normal  9.800886e-02  9.951855e-01  0.000000e+00
    outer loop
      vertex -3.860000e+01 -2.180000e+01  2.300000e+00
      vertex -3.860000e+01 -2.180000e+01  1.900000e+00
      vertex -3.883411e+01 -2.177694e+01  1.900000e+00
    endloop
  endfacet
  facet normal  9.800886e-02  9.951855e-01  -0.000000e+00
    outer loop
      vertex -3.860000e+01 -2.180000e+01  2.300000e+00
      vertex -3.883411e+01 -2.177694e+01  1.900000e+00
      vertex -3.883411e+01 -2.177694e+01  2.300000e+00
    endloop
  endfacet
  facet normal  2.902878e-01  9.569395e-01  0.000000e+00
    outer loop
      vertex -3.883411e+01 -2.177694e+01  2.300000e+00
      vertex -3.883411e+01 -2.177694e+01  1.900000e+00
      vertex -3.905922e+01 -2.170866e+01  1.900000e+00
    endloop
  endfacet
  facet normal  2.902878e-01  9.569395e-01  -0.000000e+00
    outer loop
      vertex -3.883411e+01 -2.177694e+01  2.300000e+00
      vertex -3.905922e+01 -2.170866e+01  1.900000e+00
      vertex -3.905922e+01 -2.170866e+01  2.300000e+00
    endloop
  endfacet
  facet normal  4.713977e-01  8.819207e-01  0.000000e+00
    outer loop
      vertex -3.905922e+01 -2.170866e+01  2.300000e+00
      vertex -3.905922e+01 -2.170866e+01  1.900000e+00
      vertex -3.926669e+01 -2.159776e+01  1.900000e+00
    endloop
  endfacet
  facet normal  4.713977e-01  8.819207e-01  -0.000000e+00
    outer loop
      vertex -3.905922e+01 -2.170866e+01  2.300000e+00
      vertex -3.926669e+01 -2.159776e+01  1.900000e+00
      vertex -3.926669e+01 -2.159776e+01  2.300000e+00
    endloop
  endfacet
  facet normal  6.343939e-01  7.730100e-01  0.000000e+00
    outer loop
      vertex -3.926669e+01 -2.159776e+01  2.300000e+00
      vertex -3.926669e+01 -2.159776e+01  1.900000e+00
      vertex -3.944853e+01 -2.144853e+01  1.900000e+00
    endloop
  endfacet
  facet normal  6.343939e-01  7.730100e-01  -0.000000e+00
    outer loop
      vertex -3.926669e+01 -2.159776e+01  2.300000e+00
      vertex -3.944853e+01 -2.144853e+01  1.900000e+00
      vertex -3.944853e+01 -2.144853e+01  2.300000e+00
    endloop
  endfacet
  facet normal  7.730132e-01  6.343899e-01  0.000000e+00
    outer loop
      vertex -3.944853e+01 -2.144853e+01  2.300000e+00
      vertex -3.944853e+01 -2.144853e+01  1.900000e+00
      vertex -3.959776e+01 -2.126668e+01  1.900000e+00
    endloop
  endfacet
  facet normal  7.730132e-01  6.343899e-01  -0.000000e+00
    outer loop
      vertex -3.944853e+01 -2.144853e+01  2.300000e+00
      vertex -3.959776e+01 -2.126668e+01  1.900000e+00
      vertex -3.959776e+01 -2.126668e+01  2.300000e+00
    endloop
  endfacet
  facet normal  8.819189e-01  4.714011e-01  0.000000e+00
    outer loop
      vertex -3.959776e+01 -2.126668e+01  2.300000e+00
      vertex -3.959776e+01 -2.126668e+01  1.900000e+00
      vertex -3.970866e+01 -2.105922e+01  1.900000e+00
    endloop
  endfacet
  facet normal  8.819189e-01  4.714011e-01  -0.000000e+00
    outer loop
      vertex -3.959776e+01 -2.126668e+01  2.300000e+00
      vertex -3.970866e+01 -2.105922e+01  1.900000e+00
      vertex -3.970866e+01 -2.105922e+01  2.300000e+00
    endloop
  endfacet
  facet normal  9.569401e-01  2.902855e-01  0.000000e+00
    outer loop
      vertex -3.970866e+01 -2.105922e+01  2.300000e+00
      vertex -3.970866e+01 -2.105922e+01  1.900000e+00
      vertex -3.977694e+01 -2.083411e+01  1.900000e+00
    endloop
  endfacet
  facet normal  9.569401e-01  2.902855e-01  -0.000000e+00
    outer loop
      vertex -3.970866e+01 -2.105922e+01  2.300000e+00
      vertex -3.977694e+01 -2.083411e+01  1.900000e+00
      vertex -3.977694e+01 -2.083411e+01  2.300000e+00
    endloop
  endfacet
  facet normal  9.951854e-01  9.801044e-02  0.000000e+00
    outer loop
      vertex -3.977694e+01 -2.083411e+01  2.300000e+00
      vertex -3.977694e+01 -2.083411e+01  1.900000e+00
      vertex -3.980000e+01 -2.060000e+01  1.900000e+00
    endloop
  endfacet
  facet normal  9.951854e-01  9.801044e-02  -0.000000e+00
    outer loop
      vertex -3.977694e+01 -2.083411e+01  2.300000e+00
      vertex -3.980000e+01 -2.060000e+01  1.900000e+00
      vertex -3.980000e+01 -2.060000e+01  2.300000e+00
    endloop
  endfacet
  facet normal  9.801846e-02 -9.951845e-01  0.000000e+00
    outer loop
      vertex  3.860000e+01 -1.940000e+01  1.900000e+00
      vertex  3.836589e+01 -1.942306e+01  2.300000e+00
      vertex  3.836589e+01 -1.942306e+01  1.900000e+00
    endloop
  endfacet
  facet normal  2.902878e-01 -9.569395e-01  0.000000e+00
    outer loop
      vertex  3.836589e+01 -1.942306e+01  1.900000e+00
      vertex  3.836589e+01 -1.942306e+01  2.300000e+00
      vertex  3.814078e+01 -1.949134e+01  2.300000e+00
    endloop
  endfacet
  facet normal  2.902878e-01 -9.569395e-01  0.000000e+00
    outer loop
      vertex  3.836589e+01 -1.942306e+01  1.900000e+00
      vertex  3.814078e+01 -1.949134e+01  2.300000e+00
      vertex  3.814078e+01 -1.949134e+01  1.900000e+00
    endloop
  endfacet
  facet normal  4.713914e-01 -8.819242e-01  0.000000e+00
    outer loop
      vertex  3.814078e+01 -1.949134e+01  1.900000e+00
      vertex  3.814078e+01 -1.949134e+01  2.300000e+00
      vertex  3.793332e+01 -1.960224e+01  2.300000e+00
    endloop
  endfacet
  facet normal  4.713914e-01 -8.819242e-01  0.000000e+00
    outer loop
      vertex  3.814078e+01 -1.949134e+01  1.900000e+00
      vertex  3.793332e+01 -1.960224e+01  2.300000e+00
      vertex  3.793332e+01 -1.960224e+01  1.900000e+00
    endloop
  endfacet
  facet normal  6.343987e-01 -7.730060e-01  0.000000e+00
    outer loop
      vertex  3.793332e+01 -1.960224e+01  1.900000e+00
      vertex  3.793332e+01 -1.960224e+01  2.300000e+00
      vertex  3.775147e+01 -1.975147e+01  2.300000e+00
    endloop
  endfacet
  facet normal  6.343987e-01 -7.730060e-01  0.000000e+00
    outer loop
      vertex  3.793332e+01 -1.960224e+01  1.900000e+00
      vertex  3.775147e+01 -1.975147e+01  2.300000e+00
      vertex  3.775147e+01 -1.975147e+01  1.900000e+00
    endloop
  endfacet
  facet normal  7.730100e-01 -6.343939e-01  0.000000e+00
    outer loop
      vertex  3.775147e+01 -1.975147e+01  1.900000e+00
      vertex  3.775147e+01 -1.975147e+01  2.300000e+00
      vertex  3.760224e+01 -1.993332e+01  2.300000e+00
    endloop
  endfacet
  facet normal  7.730100e-01 -6.343939e-01  0.000000e+00
    outer loop
      vertex  3.775147e+01 -1.975147e+01  1.900000e+00
      vertex  3.760224e+01 -1.993332e+01  2.300000e+00
      vertex  3.760224e+01 -1.993332e+01  1.900000e+00
    endloop
  endfacet
  facet normal  8.819189e-01 -4.714011e-01  0.000000e+00
    outer loop
      vertex  3.760224e+01 -1.993332e+01  1.900000e+00
      vertex  3.760224e+01 -1.993332e+01  2.300000e+00
      vertex  3.749134e+01 -2.014078e+01  2.300000e+00
    endloop
  endfacet
  facet normal  8.819189e-01 -4.714011e-01  0.000000e+00
    outer loop
      vertex  3.760224e+01 -1.993332e+01  1.900000e+00
      vertex  3.749134e+01 -2.014078e+01  2.300000e+00
      vertex  3.749134e+01 -2.014078e+01  1.900000e+00
    endloop
  endfacet
  facet normal  9.569408e-01 -2.902833e-01  0.000000e+00
    outer loop
      vertex  3.749134e+01 -2.014078e+01  1.900000e+00
      vertex  3.749134e+01 -2.014078e+01  2.300000e+00
      vertex  3.742306e+01 -2.036589e+01  2.300000e+00
    endloop
  endfacet
  facet normal  9.569408e-01 -2.902833e-01  0.000000e+00
    outer loop
      vertex  3.749134e+01 -2.014078e+01  1.900000e+00
      vertex  3.742306e+01 -2.036589e+01  2.300000e+00
      vertex  3.742306e+01 -2.036589e+01  1.900000e+00
    endloop
  endfacet
  facet normal  9.951854e-01 -9.801044e-02  0.000000e+00
    outer loop
      vertex  3.742306e+01 -2.036589e+01  1.900000e+00
      vertex  3.742306e+01 -2.036589e+01  2.300000e+00
      vertex  3.740000e+01 -2.060000e+01  2.300000e+00
    endloop
  endfacet
  facet normal  9.951854e-01 -9.801044e-02  0.000000e+00
    outer loop
      vertex  3.742306e+01 -2.036589e+01  1.900000e+00
      vertex  3.740000e+01 -2.060000e+01  2.300000e+00
      vertex  3.740000e+01 -2.060000e+01  1.900000e+00
    endloop
  endfacet
  facet normal  9.801846e-02 -9.951845e-01  0.000000e+00
    outer loop
      vertex  3.836589e+01 -1.942306e+01  2.300000e+00
      vertex  3.860000e+01 -1.940000e+01  1.900000e+00
      vertex  3.860000e+01 -1.940000e+01  2.300000e+00
    endloop
  endfacet
  facet normal -9.801688e-02 -9.951847e-01  -0.000000e+00
    outer loop
      vertex  3.860000e+01 -1.940000e+01  2.300000e+00
      vertex  3.860000e+01 -1.940000e+01  1.900000e+00
      vertex  3.883411e+01 -1.942306e+01  1.900000e+00
    endloop
  endfacet
  facet normal -9.801688e-02 -9.951847e-01  0.000000e+00
    outer loop
      vertex  3.860000e+01 -1.940000e+01  2.300000e+00
      vertex  3.883411e+01 -1.942306e+01  1.900000e+00
      vertex  3.883411e+01 -1.942306e+01  2.300000e+00
    endloop
  endfacet
  facet normal -2.902878e-01 -9.569395e-01  -0.000000e+00
    outer loop
      vertex  3.883411e+01 -1.942306e+01  2.300000e+00
      vertex  3.883411e+01 -1.942306e+01  1.900000e+00
      vertex  3.905922e+01 -1.949134e+01  1.900000e+00
    endloop
  endfacet
  facet normal -2.902878e-01 -9.569395e-01  0.000000e+00
    outer loop
      vertex  3.883411e+01 -1.942306e+01  2.300000e+00
      vertex  3.905922e+01 -1.949134e+01  1.900000e+00
      vertex  3.905922e+01 -1.949134e+01  2.300000e+00
    endloop
  endfacet
  facet normal -4.713914e-01 -8.819242e-01  -0.000000e+00
    outer loop
      vertex  3.905922e+01 -1.949134e+01  2.300000e+00
      vertex  3.905922e+01 -1.949134e+01  1.900000e+00
      vertex  3.926669e+01 -1.960224e+01  1.900000e+00
    endloop
  endfacet
  facet normal -4.713914e-01 -8.819242e-01  0.000000e+00
    outer loop
      vertex  3.905922e+01 -1.949134e+01  2.300000e+00
      vertex  3.926669e+01 -1.960224e+01  1.900000e+00
      vertex  3.926669e+01 -1.960224e+01  2.300000e+00
    endloop
  endfacet
  facet normal -6.343987e-01 -7.730060e-01  -0.000000e+00
    outer loop
      vertex  3.926669e+01 -1.960224e+01  2.300000e+00
      vertex  3.926669e+01 -1.960224e+01  1.900000e+00
      vertex  3.944853e+01 -1.975147e+01  1.900000e+00
    endloop
  endfacet
  facet normal -6.343987e-01 -7.730060e-01  0.000000e+00
    outer loop
      vertex  3.926669e+01 -1.960224e+01  2.300000e+00
      vertex  3.944853e+01 -1.975147e+01  1.900000e+00
      vertex  3.944853e+01 -1.975147e+01  2.300000e+00
    endloop
  endfacet
  facet normal -7.730100e-01 -6.343939e-01  -0.000000e+00
    outer loop
      vertex  3.944853e+01 -1.975147e+01  2.300000e+00
      vertex  3.944853e+01 -1.975147e+01  1.900000e+00
      vertex  3.959776e+01 -1.993332e+01  1.900000e+00
    endloop
  endfacet
  facet normal -7.730100e-01 -6.343939e-01  0.000000e+00
    outer loop
      vertex  3.944853e+01 -1.975147e+01  2.300000e+00
      vertex  3.959776e+01 -1.993332e+01  1.900000e+00
      vertex  3.959776e+01 -1.993332e+01  2.300000e+00
    endloop
  endfacet
  facet normal -8.819189e-01 -4.714011e-01  -0.000000e+00
    outer loop
      vertex  3.959776e+01 -1.993332e+01  2.300000e+00
      vertex  3.959776e+01 -1.993332e+01  1.900000e+00
      vertex  3.970866e+01 -2.014078e+01  1.900000e+00
    endloop
  endfacet
  facet normal -8.819189e-01 -4.714011e-01  0.000000e+00
    outer loop
      vertex  3.959776e+01 -1.993332e+01  2.300000e+00
      vertex  3.970866e+01 -2.014078e+01  1.900000e+00
      vertex  3.970866e+01 -2.014078e+01  2.300000e+00
    endloop
  endfacet
  facet normal -9.569408e-01 -2.902833e-01  -0.000000e+00
    outer loop
      vertex  3.970866e+01 -2.014078e+01  2.300000e+00
      vertex  3.970866e+01 -2.014078e+01  1.900000e+00
      vertex  3.977694e+01 -2.036589e+01  1.900000e+00
    endloop
  endfacet
  facet normal -9.569408e-01 -2.902833e-01  0.000000e+00
    outer loop
      vertex  3.970866e+01 -2.014078e+01  2.300000e+00
      vertex  3.977694e+01 -2.036589e+01  1.900000e+00
      vertex  3.977694e+01 -2.036589e+01  2.300000e+00
    endloop
  endfacet
  facet normal -9.951854e-01 -9.801044e-02  -0.000000e+00
    outer loop
      vertex  3.977694e+01 -2.036589e+01  2.300000e+00
      vertex  3.977694e+01 -2.036589e+01  1.900000e+00
      vertex  3.980000e+01 -2.060000e+01  1.900000e+00
    endloop
  endfacet
  facet normal -9.951854e-01 -9.801044e-02  0.000000e+00
    outer loop
      vertex  3.977694e+01 -2.036589e+01  2.300000e+00
      vertex  3.980000e+01 -2.060000e+01  1.900000e+00
      vertex  3.980000e+01 -2.060000e+01  2.300000e+00
    endloop
  endfacet
  facet normal -9.800886e-02  9.951855e-01  0.000000e+00
    outer loop
      vertex  3.860000e+01 -2.180000e+01  1.900000e+00
      vertex  3.883411e+01 -2.177694e+01  2.300000e+00
      vertex  3.883411e+01 -2.177694e+01  1.900000e+00
    endloop
  endfacet
  facet normal -2.902878e-01  9.569395e-01  0.000000e+00
    outer loop
      vertex  3.883411e+01 -2.177694e+01  1.900000e+00
      vertex  3.883411e+01 -2.177694e+01  2.300000e+00
      vertex  3.905922e+01 -2.170866e+01  2.300000e+00
    endloop
  endfacet
  facet normal -2.902878e-01  9.569395e-01  0.000000e+00
    outer loop
      vertex  3.883411e+01 -2.177694e+01  1.900000e+00
      vertex  3.905922e+01 -2.170866e+01  2.300000e+00
      vertex  3.905922e+01 -2.170866e+01  1.900000e+00
    endloop
  endfacet
  facet normal -4.713977e-01  8.819207e-01  0.000000e+00
    outer loop
      vertex  3.905922e+01 -2.170866e+01  1.900000e+00
      vertex  3.905922e+01 -2.170866e+01  2.300000e+00
      vertex  3.926669e+01 -2.159776e+01  2.300000e+00
    endloop
  endfacet
  facet normal -4.713977e-01  8.819207e-01  0.000000e+00
    outer loop
      vertex  3.905922e+01 -2.170866e+01  1.900000e+00
      vertex  3.926669e+01 -2.159776e+01  2.300000e+00
      vertex  3.926669e+01 -2.159776e+01  1.900000e+00
    endloop
  endfacet
  facet normal -6.343939e-01  7.730100e-01  0.000000e+00
    outer loop
      vertex  3.926669e+01 -2.159776e+01  1.900000e+00
      vertex  3.926669e+01 -2.159776e+01  2.300000e+00
      vertex  3.944853e+01 -2.144853e+01  2.300000e+00
    endloop
  endfacet
  facet normal -6.343939e-01  7.730100e-01  0.000000e+00
    outer loop
      vertex  3.926669e+01 -2.159776e+01  1.900000e+00
      vertex  3.944853e+01 -2.144853e+01  2.300000e+00
      vertex  3.944853e+01 -2.144853e+01  1.900000e+00
    endloop
  endfacet
  facet normal -7.730132e-01  6.343899e-01  0.000000e+00
    outer loop
      vertex  3.944853e+01 -2.144853e+01  1.900000e+00
      vertex  3.944853e+01 -2.144853e+01  2.300000e+00
      vertex  3.959776e+01 -2.126668e+01  2.300000e+00
    endloop
  endfacet
  facet normal -7.730132e-01  6.343899e-01  0.000000e+00
    outer loop
      vertex  3.944853e+01 -2.144853e+01  1.900000e+00
      vertex  3.959776e+01 -2.126668e+01  2.300000e+00
      vertex  3.959776e+01 -2.126668e+01  1.900000e+00
    endloop
  endfacet
  facet normal -8.819189e-01  4.714011e-01  0.000000e+00
    outer loop
      vertex  3.959776e+01 -2.126668e+01  1.900000e+00
      vertex  3.959776e+01 -2.126668e+01  2.300000e+00
      vertex  3.970866e+01 -2.105922e+01  2.300000e+00
    endloop
  endfacet
  facet normal -8.819189e-01  4.714011e-01  0.000000e+00
    outer loop
      vertex  3.959776e+01 -2.126668e+01  1.900000e+00
      vertex  3.970866e+01 -2.105922e+01  2.300000e+00
      vertex  3.970866e+01 -2.105922e+01  1.900000e+00
    endloop
  endfacet
  facet normal -9.569401e-01  2.902855e-01  0.000000e+00
    outer loop
      vertex  3.970866e+01 -2.105922e+01  1.900000e+00
      vertex  3.970866e+01 -2.105922e+01  2.300000e+00
      vertex  3.977694e+01 -2.083411e+01  2.300000e+00
    endloop
  endfacet
  facet normal -9.569401e-01  2.902855e-01  0.000000e+00
    outer loop
      vertex  3.970866e+01 -2.105922e+01  1.900000e+00
      vertex  3.977694e+01 -2.083411e+01  2.300000e+00
      vertex  3.977694e+01 -2.083411e+01  1.900000e+00
    endloop
  endfacet
  facet normal -9.951854e-01  9.801044e-02  0.000000e+00
    outer loop
      vertex  3.977694e+01 -2.083411e+01  1.900000e+00
      vertex  3.977694e+01 -2.083411e+01  2.300000e+00
      vertex  3.980000e+01 -2.060000e+01  2.300000e+00
    endloop
  endfacet
  facet normal -9.951854e-01  9.801044e-02  0.000000e+00
    outer loop
      vertex  3.977694e+01 -2.083411e+01  1.900000e+00
      vertex  3.980000e+01 -2.060000e+01  2.300000e+00
      vertex  3.980000e+01 -2.060000e+01  1.900000e+00
    endloop
  endfacet
  facet normal -9.800886e-02  9.951855e-01  0.000000e+00
    outer loop
      vertex  3.883411e+01 -2.177694e+01  2.300000e+00
      vertex  3.860000e+01 -2.180000e+01  1.900000e+00
      vertex  3.860000e+01 -2.180000e+01  2.300000e+00
    endloop
  endfacet
  facet normal  9.801044e-02  9.951854e-01  0.000000e+00
    outer loop
      vertex  3.860000e+01 -2.180000e+01  2.300000e+00
      vertex  3.860000e+01 -2.180000e+01  1.900000e+00
      vertex  3.836589e+01 -2.177694e+01  1.900000e+00
    endloop
  endfacet
  facet normal  9.801044e-02  9.951854e-01  -0.000000e+00
    outer loop
      vertex  3.860000e+01 -2.180000e+01  2.300000e+00
      vertex  3.836589e+01 -2.177694e+01  1.900000e+00
      vertex  3.836589e+01 -2.177694e+01  2.300000e+00
    endloop
  endfacet
  facet normal  2.902878e-01  9.569395e-01  0.000000e+00
    outer loop
      vertex  3.836589e+01 -2.177694e+01  2.300000e+00
      vertex  3.836589e+01 -2.177694e+01  1.900000e+00
      vertex  3.814078e+01 -2.170866e+01  1.900000e+00
    endloop
  endfacet
  facet normal  2.902878e-01  9.569395e-01  -0.000000e+00
    outer loop
      vertex  3.836589e+01 -2.177694e+01  2.300000e+00
      vertex  3.814078e+01 -2.170866e+01  1.900000e+00
      vertex  3.814078e+01 -2.170866e+01  2.300000e+00
    endloop
  endfacet
  facet normal  4.713977e-01  8.819207e-01  0.000000e+00
    outer loop
      vertex  3.814078e+01 -2.170866e+01  2.300000e+00
      vertex  3.814078e+01 -2.170866e+01  1.900000e+00
      vertex  3.793332e+01 -2.159776e+01  1.900000e+00
    endloop
  endfacet
  facet normal  4.713977e-01  8.819207e-01  -0.000000e+00
    outer loop
      vertex  3.814078e+01 -2.170866e+01  2.300000e+00
      vertex  3.793332e+01 -2.159776e+01  1.900000e+00
      vertex  3.793332e+01 -2.159776e+01  2.300000e+00
    endloop
  endfacet
  facet normal  6.343939e-01  7.730100e-01  0.000000e+00
    outer loop
      vertex  3.793332e+01 -2.159776e+01  2.300000e+00
      vertex  3.793332e+01 -2.159776e+01  1.900000e+00
      vertex  3.775147e+01 -2.144853e+01  1.900000e+00
    endloop
  endfacet
  facet normal  6.343939e-01  7.730100e-01  -0.000000e+00
    outer loop
      vertex  3.793332e+01 -2.159776e+01  2.300000e+00
      vertex  3.775147e+01 -2.144853e+01  1.900000e+00
      vertex  3.775147e+01 -2.144853e+01  2.300000e+00
    endloop
  endfacet
  facet normal  7.730132e-01  6.343899e-01  0.000000e+00
    outer loop
      vertex  3.775147e+01 -2.144853e+01  2.300000e+00
      vertex  3.775147e+01 -2.144853e+01  1.900000e+00
      vertex  3.760224e+01 -2.126668e+01  1.900000e+00
    endloop
  endfacet
  facet normal  7.730132e-01  6.343899e-01  -0.000000e+00
    outer loop
      vertex  3.775147e+01 -2.144853e+01  2.300000e+00
      vertex  3.760224e+01 -2.126668e+01  1.900000e+00
      vertex  3.760224e+01 -2.126668e+01  2.300000e+00
    endloop
  endfacet
  facet normal  8.819189e-01  4.714011e-01  0.000000e+00
    outer loop
      vertex  3.760224e+01 -2.126668e+01  2.300000e+00
      vertex  3.760224e+01 -2.126668e+01  1.900000e+00
      vertex  3.749134e+01 -2.105922e+01  1.900000e+00
    endloop
  endfacet
  facet normal  8.819189e-01  4.714011e-01  -0.000000e+00
    outer loop
      vertex  3.760224e+01 -2.126668e+01  2.300000e+00
      vertex  3.749134e+01 -2.105922e+01  1.900000e+00
      vertex  3.749134e+01 -2.105922e+01  2.300000e+00
    endloop
  endfacet
  facet normal  9.569401e-01  2.902855e-01  0.000000e+00
    outer loop
      vertex  3.749134e+01 -2.105922e+01  2.300000e+00
      vertex  3.749134e+01 -2.105922e+01  1.900000e+00
      vertex  3.742306e+01 -2.083411e+01  1.900000e+00
    endloop
  endfacet
  facet normal  9.569401e-01  2.902855e-01  -0.000000e+00
    outer loop
      vertex  3.749134e+01 -2.105922e+01  2.300000e+00
      vertex  3.742306e+01 -2.083411e+01  1.900000e+00
      vertex  3.742306e+01 -2.083411e+01  2.300000e+00
    endloop
  endfacet
  facet normal  9.951854e-01  9.801044e-02  0.000000e+00
    outer loop
      vertex  3.742306e+01 -2.083411e+01  2.300000e+00
      vertex  3.742306e+01 -2.083411e+01  1.900000e+00
      vertex  3.740000e+01 -2.060000e+01  1.900000e+00
    endloop
  endfacet
  facet normal  9.951854e-01  9.801044e-02  -0.000000e+00
    outer loop
      vertex  3.742306e+01 -2.083411e+01  2.300000e+00
      vertex  3.740000e+01 -2.060000e+01  1.900000e+00
      vertex  3.740000e+01 -2.060000e+01  2.300000e+00
    endloop
  endfacet
  facet normal -1.000000e+00  0.000000e+00  0.000000e+00
    outer loop
      vertex -2.830000e+01  2.370000e+01  8.000000e-01
      vertex -2.830000e+01  2.290000e+01  8.000000e-01
      vertex -2.830000e+01  2.370000e+01  2.300000e+00
    endloop
  endfacet
  facet normal -1.000000e+00  -0.000000e+00  0.000000e+00
    outer loop
      vertex -2.830000e+01  2.370000e+01  2.300000e+00
      vertex -2.830000e+01  2.290000e+01  8.000000e-01
      vertex -2.830000e+01  2.290000e+01  3.800000e+00
    endloop
  endfacet
  facet normal -1.000000e+00  0.000000e+00  0.000000e+00
    outer loop
      vertex -2.830000e+01  2.370000e+01  2.300000e+00
      vertex -2.830000e+01  2.290000e+01  3.800000e+00
      vertex -2.830000e+01  2.370000e+01  3.800000e+00
    endloop
  endfacet
  facet normal  1.000000e+00  0.000000e+00  0.000000e+00
    outer loop
      vertex -3.330000e+01  2.370000e+01  8.000000e-01
      vertex -3.330000e+01  2.370000e+01  2.300000e+00
      vertex -3.330000e+01  2.290000e+01  8.000000e-01
    endloop
  endfacet
  facet normal  1.000000e+00  0.000000e+00  0.000000e+00
    outer loop
      vertex -3.330000e+01  2.290000e+01  8.000000e-01
      vertex -3.330000e+01  2.370000e+01  2.300000e+00
      vertex -3.330000e+01  2.370000e+01  3.800000e+00
    endloop
  endfacet
  facet normal  1.000000e+00  0.000000e+00  0.000000e+00
    outer loop
      vertex -3.330000e+01  2.290000e+01  8.000000e-01
      vertex -3.330000e+01  2.370000e+01  3.800000e+00
      vertex -3.330000e+01  2.290000e+01  3.800000e+00
    endloop
  endfacet
  facet normal  0.000000e+00  1.000000e+00  0.000000e+00
    outer loop
      vertex -2.830000e+01  2.370000e+01  3.800000e+00
      vertex -2.170000e+01  2.370000e+01  3.800000e+00
      vertex -2.830000e+01  2.370000e+01  2.300000e+00
    endloop
  endfacet
  facet normal  0.000000e+00  1.000000e+00  0.000000e+00
    outer loop
      vertex -2.830000e+01  2.370000e+01  2.300000e+00
      vertex -2.170000e+01  2.370000e+01  3.800000e+00
      vertex -2.170000e+01  2.370000e+01  2.300000e+00
    endloop
  endfacet
  facet normal  0.000000e+00  1.000000e+00  0.000000e+00
    outer loop
      vertex -4.170000e+01  2.370000e+01  3.800000e+00
      vertex -3.330000e+01  2.370000e+01  3.800000e+00
      vertex -4.170000e+01  2.370000e+01  2.300000e+00
    endloop
  endfacet
  facet normal  0.000000e+00  1.000000e+00  0.000000e+00
    outer loop
      vertex -4.170000e+01  2.370000e+01  2.300000e+00
      vertex -3.330000e+01  2.370000e+01  3.800000e+00
      vertex -3.330000e+01  2.370000e+01  2.300000e+00
    endloop
  endfacet
  facet normal  0.000000e+00 -9.999999e-01  0.000000e+00
    outer loop
      vertex -4.090000e+01  2.290000e+01  3.800000e+00
      vertex -4.090000e+01  2.290000e+01  8.000000e-01
      vertex -3.330000e+01  2.290000e+01  3.800000e+00
    endloop
  endfacet
  facet normal  0.000000e+00 -9.999999e-01  -0.000000e+00
    outer loop
      vertex -3.330000e+01  2.290000e+01  3.800000e+00
      vertex -4.090000e+01  2.290000e+01  8.000000e-01
      vertex -3.330000e+01  2.290000e+01  8.000000e-01
    endloop
  endfacet
  facet normal  0.000000e+00 -1.000000e+00  0.000000e+00
    outer loop
      vertex -2.830000e+01  2.290000e+01  3.800000e+00
      vertex -2.830000e+01  2.290000e+01  8.000000e-01
      vertex -2.090000e+01  2.290000e+01  3.800000e+00
    endloop
  endfacet
  facet normal  0.000000e+00 -1.000000e+00  -0.000000e+00
    outer loop
      vertex -2.090000e+01  2.290000e+01  3.800000e+00
      vertex -2.830000e+01  2.290000e+01  8.000000e-01
      vertex -2.090000e+01  2.290000e+01  8.000000e-01
    endloop
  endfacet
  facet normal  0.000000e+00  0.000000e+00  1.000000e+00
    outer loop
      vertex -4.170000e+01  1.835000e+01  3.800000e+00
      vertex -4.090000e+01  1.835000e+01  3.800000e+00
      vertex -4.170000e+01  2.370000e+01  3.800000e+00
    endloop
  endfacet
  facet normal  0.000000e+00  0.000000e+00  1.000000e+00
    outer loop
      vertex -4.170000e+01  2.370000e+01  3.800000e+00
      vertex -4.090000e+01  1.835000e+01  3.800000e+00
      vertex -4.090000e+01  2.290000e+01  3.800000e+00
    endloop
  endfacet
  facet normal  0.000000e+00  -0.000000e+00  1.000000e+00
    outer loop
      vertex -4.170000e+01  2.370000e+01  3.800000e+00
      vertex -4.090000e+01  2.290000e+01  3.800000e+00
      vertex -3.330000e+01  2.370000e+01  3.800000e+00
    endloop
  endfacet
  facet normal  0.000000e+00  0.000000e+00  1.000000e+00
    outer loop
      vertex -3.330000e+01  2.370000e+01  3.800000e+00
      vertex -4.090000e+01  2.290000e+01  3.800000e+00
      vertex -3.330000e+01  2.290000e+01  3.800000e+00
    endloop
  endfacet
  facet normal  -0.000000e+00  0.000000e+00  1.000000e+00
    outer loop
      vertex -2.090000e+01  2.840000e+01  3.800000e+00
      vertex -2.170000e+01  2.840000e+01  3.800000e+00
      vertex -2.090000e+01  2.290000e+01  3.800000e+00
    endloop
  endfacet
  facet normal  0.000000e+00  0.000000e+00  9.999999e-01
    outer loop
      vertex -2.090000e+01  2.290000e+01  3.800000e+00
      vertex -2.170000e+01  2.840000e+01  3.800000e+00
      vertex -2.170000e+01  2.370000e+01  3.800000e+00
    endloop
  endfacet
  facet normal  0.000000e+00  0.000000e+00  1.000000e+00
    outer loop
      vertex -2.090000e+01  2.290000e+01  3.800000e+00
      vertex -2.170000e+01  2.370000e+01  3.800000e+00
      vertex -2.830000e+01  2.290000e+01  3.800000e+00
    endloop
  endfacet
  facet normal  0.000000e+00  0.000000e+00  1.000000e+00
    outer loop
      vertex -2.830000e+01  2.290000e+01  3.800000e+00
      vertex -2.170000e+01  2.370000e+01  3.800000e+00
      vertex -2.830000e+01  2.370000e+01  3.800000e+00
    endloop
  endfacet
  facet normal  0.000000e+00 -1.000000e+00  0.000000e+00
    outer loop
      vertex -3.330000e+01  2.370000e+01  2.300000e+00
      vertex -3.330000e+01  2.370000e+01  8.000000e-01
      vertex -2.830000e+01  2.370000e+01  2.300000e+00
    endloop
  endfacet
  facet normal  0.000000e+00 -1.000000e+00  -0.000000e+00
    outer loop
      vertex -2.830000e+01  2.370000e+01  2.300000e+00
      vertex -3.330000e+01  2.370000e+01  8.000000e-01
      vertex -2.830000e+01  2.370000e+01  8.000000e-01
    endloop
  endfacet
  facet normal  0.000000e+00  1.000000e+00  -0.000000e+00
    outer loop
      vertex -4.170000e+01  1.085000e+01  2.300000e+00
      vertex -4.170000e+01  1.085000e+01  8.000000e-01
      vertex -4.250000e+01  1.085000e+01  2.300000e+00
    endloop
  endfacet
  facet normal  0.000000e+00  1.000000e+00  0.000000e+00
    outer loop
      vertex -4.250000e+01  1.085000e+01  2.300000e+00
      vertex -4.170000e+01  1.085000e+01  8.000000e-01
      vertex -4.250000e+01  1.085000e+01  8.000000e-01
    endloop
  endfacet
  facet normal  0.000000e+00 -1.000000e+00  0.000000e+00
    outer loop
      vertex -4.090000e+01  1.835000e+01  3.800000e+00
      vertex -4.170000e+01  1.835000e+01  3.800000e+00
      vertex -4.090000e+01  1.835000e+01  8.000000e-01
    endloop
  endfacet
  facet normal  0.000000e+00 -1.000000e+00  0.000000e+00
    outer loop
      vertex -4.090000e+01  1.835000e+01  8.000000e-01
      vertex -4.170000e+01  1.835000e+01  3.800000e+00
      vertex -4.170000e+01  1.835000e+01  2.300000e+00
    endloop
  endfacet
  facet normal  0.000000e+00 -1.000000e+00  -0.000000e+00
    outer loop
      vertex -4.090000e+01  1.835000e+01  8.000000e-01
      vertex -4.170000e+01  1.835000e+01  2.300000e+00
      vertex -4.250000e+01  1.835000e+01  8.000000e-01
    endloop
  endfacet
  facet normal  0.000000e+00 -1.000000e+00  0.000000e+00
    outer loop
      vertex -4.250000e+01  1.835000e+01  8.000000e-01
      vertex -4.170000e+01  1.835000e+01  2.300000e+00
      vertex -4.250000e+01  1.835000e+01  2.300000e+00
    endloop
  endfacet
  facet normal  1.000000e+00  0.000000e+00  0.000000e+00
    outer loop
      vertex -4.090000e+01  1.835000e+01  3.800000e+00
      vertex -4.090000e+01  1.835000e+01  8.000000e-01
      vertex -4.090000e+01  2.290000e+01  3.800000e+00
    endloop
  endfacet
  facet normal  1.000000e+00  0.000000e+00  0.000000e+00
    outer loop
      vertex -4.090000e+01  2.290000e+01  3.800000e+00
      vertex -4.090000e+01  1.835000e+01  8.000000e-01
      vertex -4.090000e+01  2.290000e+01  8.000000e-01
    endloop
  endfacet
  facet normal -1.000000e+00  -0.000000e+00  0.000000e+00
    outer loop
      vertex -4.170000e+01  1.835000e+01  3.800000e+00
      vertex -4.170000e+01  2.370000e+01  3.800000e+00
      vertex -4.170000e+01  1.835000e+01  2.300000e+00
    endloop
  endfacet
  facet normal -1.000000e+00  0.000000e+00  0.000000e+00
    outer loop
      vertex -4.170000e+01  1.835000e+01  2.300000e+00
      vertex -4.170000e+01  2.370000e+01  3.800000e+00
      vertex -4.170000e+01  2.370000e+01  2.300000e+00
    endloop
  endfacet
  facet normal  1.000000e+00  0.000000e+00  0.000000e+00
    outer loop
      vertex -4.170000e+01  1.085000e+01  8.000000e-01
      vertex -4.170000e+01  1.085000e+01  2.300000e+00
      vertex -4.170000e+01  9.850000e+00  8.000000e-01
    endloop
  endfacet
  facet normal  1.000000e+00  0.000000e+00  0.000000e+00
    outer loop
      vertex -4.170000e+01  9.850000e+00  8.000000e-01
      vertex -4.170000e+01  1.085000e+01  2.300000e+00
      vertex -4.170000e+01  1.005000e+01  2.300000e+00
    endloop
  endfacet
  facet normal  1.000000e+00  0.000000e+00  0.000000e+00
    outer loop
      vertex -4.170000e+01  9.850000e+00  8.000000e-01
      vertex -4.170000e+01  1.005000e+01  2.300000e+00
      vertex -4.170000e+01  9.850000e+00  2.300000e+00
    endloop
  endfacet
  facet normal -1.000000e+00  -0.000000e+00  -0.000000e+00
    outer loop
      vertex  3.270000e+01  1.190000e+01  3.200000e+00
      vertex  3.270000e+01  2.450000e+01  3.200000e+00
      vertex  3.270000e+01  2.450000e+01  2.300000e+00
    endloop
  endfacet
  facet normal -1.000000e+00  0.000000e+00  0.000000e+00
    outer loop
      vertex  3.270000e+01  1.190000e+01  3.200000e+00
      vertex  3.270000e+01  2.450000e+01  2.300000e+00
      vertex  3.270000e+01  2.370000e+01  2.300000e+00
    endloop
  endfacet
  facet normal -1.000000e+00  -0.000000e+00  -0.000000e+00
    outer loop
      vertex  3.270000e+01  1.190000e+01  3.200000e+00
      vertex  3.270000e+01  2.370000e+01  2.300000e+00
      vertex  3.270000e+01  2.370000e+01  8.000000e-01
    endloop
  endfacet
  facet normal -1.000000e+00  0.000000e+00  0.000000e+00
    outer loop
      vertex  3.270000e+01  1.190000e+01  3.200000e+00
      vertex  3.270000e+01  2.370000e+01  8.000000e-01
      vertex  3.270000e+01  1.190000e+01  8.000000e-01
    endloop
  endfacet
  facet normal  1.000000e+00  0.000000e+00  0.000000e+00
    outer loop
      vertex  3.150000e+01  2.370000e+01  8.000000e-01
      vertex  3.150000e+01  2.370000e+01  2.300000e+00
      vertex  3.150000e+01  2.290000e+01  8.000000e-01
    endloop
  endfacet
  facet normal  1.000000e+00  0.000000e+00  0.000000e+00
    outer loop
      vertex  3.150000e+01  2.290000e+01  8.000000e-01
      vertex  3.150000e+01  2.370000e+01  2.300000e+00
      vertex  3.150000e+01  2.370000e+01  3.800000e+00
    endloop
  endfacet
  facet normal  1.000000e+00  0.000000e+00  0.000000e+00
    outer loop
      vertex  3.150000e+01  2.290000e+01  8.000000e-01
      vertex  3.150000e+01  2.370000e+01  3.800000e+00
      vertex  3.150000e+01  2.290000e+01  3.800000e+00
    endloop
  endfacet
  facet normal  0.000000e+00 -1.000000e+00  0.000000e+00
    outer loop
      vertex  3.150000e+01  2.370000e+01  2.300000e+00
      vertex  3.150000e+01  2.370000e+01  8.000000e-01
      vertex  3.270000e+01  2.370000e+01  2.300000e+00
    endloop
  endfacet
  facet normal  0.000000e+00 -1.000000e+00  -0.000000e+00
    outer loop
      vertex  3.270000e+01  2.370000e+01  2.300000e+00
      vertex  3.150000e+01  2.370000e+01  8.000000e-01
      vertex  3.270000e+01  2.370000e+01  8.000000e-01
    endloop
  endfacet
  facet normal  0.000000e+00 -1.000000e+00  0.000000e+00
    outer loop
      vertex  2.090000e+01  2.290000e+01  3.800000e+00
      vertex  2.090000e+01  2.290000e+01  8.000000e-01
      vertex  3.150000e+01  2.290000e+01  3.800000e+00
    endloop
  endfacet
  facet normal  0.000000e+00 -1.000000e+00  -0.000000e+00
    outer loop
      vertex  3.150000e+01  2.290000e+01  3.800000e+00
      vertex  2.090000e+01  2.290000e+01  8.000000e-01
      vertex  3.150000e+01  2.290000e+01  8.000000e-01
    endloop
  endfacet
  facet normal  -0.000000e+00  0.000000e+00  9.999999e-01
    outer loop
      vertex  2.170000e+01  2.840000e+01  3.800000e+00
      vertex  2.090000e+01  2.840000e+01  3.800000e+00
      vertex  2.170000e+01  2.370000e+01  3.800000e+00
    endloop
  endfacet
  facet normal  0.000000e+00  0.000000e+00  1.000000e+00
    outer loop
      vertex  2.170000e+01  2.370000e+01  3.800000e+00
      vertex  2.090000e+01  2.840000e+01  3.800000e+00
      vertex  2.090000e+01  2.290000e+01  3.800000e+00
    endloop
  endfacet
  facet normal  0.000000e+00  0.000000e+00  1.000000e+00
    outer loop
      vertex  2.170000e+01  2.370000e+01  3.800000e+00
      vertex  2.090000e+01  2.290000e+01  3.800000e+00
      vertex  3.150000e+01  2.370000e+01  3.800000e+00
    endloop
  endfacet
  facet normal  0.000000e+00  0.000000e+00  1.000000e+00
    outer loop
      vertex  3.150000e+01  2.370000e+01  3.800000e+00
      vertex  2.090000e+01  2.290000e+01  3.800000e+00
      vertex  3.150000e+01  2.290000e+01  3.800000e+00
    endloop
  endfacet
  facet normal  0.000000e+00  9.999999e-01  0.000000e+00
    outer loop
      vertex  2.170000e+01  2.370000e+01  3.800000e+00
      vertex  3.150000e+01  2.370000e+01  3.800000e+00
      vertex  2.170000e+01  2.370000e+01  2.300000e+00
    endloop
  endfacet
  facet normal  0.000000e+00  9.999999e-01  0.000000e+00
    outer loop
      vertex  2.170000e+01  2.370000e+01  2.300000e+00
      vertex  3.150000e+01  2.370000e+01  3.800000e+00
      vertex  3.150000e+01  2.370000e+01  2.300000e+00
    endloop
  endfacet
  facet normal  0.000000e+00 -1.000000e+00  0.000000e+00
    outer loop
      vertex  3.270000e+01  1.190000e+01  8.000000e-01
      vertex  4.170000e+01  1.190000e+01  8.000000e-01
      vertex  4.170000e+01  1.190000e+01  2.300000e+00
    endloop
  endfacet
  facet normal  -0.000000e+00 -1.000000e+00  0.000000e+00
    outer loop
      vertex  3.270000e+01  1.190000e+01  8.000000e-01
      vertex  4.170000e+01  1.190000e+01  2.300000e+00
      vertex  3.790000e+01  1.190000e+01  2.300000e+00
    endloop
  endfacet
  facet normal  -0.000000e+00 -9.999999e-01  0.000000e+00
    outer loop
      vertex  3.270000e+01  1.190000e+01  8.000000e-01
      vertex  3.790000e+01  1.190000e+01  2.300000e+00
      vertex  3.410000e+01  1.190000e+01  2.300000e+00
    endloop
  endfacet
  facet normal  -0.000000e+00 -1.000000e+00  0.000000e+00
    outer loop
      vertex  3.270000e+01  1.190000e+01  8.000000e-01
      vertex  3.410000e+01  1.190000e+01  2.300000e+00
      vertex  3.410000e+01  1.190000e+01  3.200000e+00
    endloop
  endfacet
  facet normal  -0.000000e+00 -1.000000e+00  0.000000e+00
    outer loop
      vertex  3.270000e+01  1.190000e+01  8.000000e-01
      vertex  3.410000e+01  1.190000e+01  3.200000e+00
      vertex  3.270000e+01  1.190000e+01  3.200000e+00
    endloop
  endfacet
  facet normal  0.000000e+00 -1.000000e+00  0.000000e+00
    outer loop
      vertex  3.790000e+01  1.190000e+01  2.300000e+00
      vertex  4.170000e+01  1.190000e+01  2.300000e+00
      vertex  3.790000e+01  1.190000e+01  3.200000e+00
    endloop
  endfacet
  facet normal  0.000000e+00 -1.000000e+00  0.000000e+00
    outer loop
      vertex  3.790000e+01  1.190000e+01  3.200000e+00
      vertex  4.170000e+01  1.190000e+01  2.300000e+00
      vertex  4.250000e+01  1.190000e+01  2.300000e+00
    endloop
  endfacet
  facet normal  0.000000e+00 -1.000000e+00  0.000000e+00
    outer loop
      vertex  3.790000e+01  1.190000e+01  3.200000e+00
      vertex  4.250000e+01  1.190000e+01  2.300000e+00
      vertex  4.250000e+01  1.190000e+01  3.200000e+00
    endloop
  endfacet
  facet normal  0.000000e+00  0.000000e+00  1.000000e+00
    outer loop
      vertex  3.270000e+01  2.450000e+01  3.200000e+00
      vertex  3.270000e+01  1.190000e+01  3.200000e+00
      vertex  3.410000e+01  2.450000e+01  3.200000e+00
    endloop
  endfacet
  facet normal  0.000000e+00  0.000000e+00  1.000000e+00
    outer loop
      vertex  3.410000e+01  2.450000e+01  3.200000e+00
      vertex  3.270000e+01  1.190000e+01  3.200000e+00
      vertex  3.410000e+01  1.190000e+01  3.200000e+00
    endloop
  endfacet
  facet normal  -0.000000e+00  1.000000e+00  0.000000e+00
    outer loop
      vertex -3.710000e+01  9.850000e+00  1.800000e+00
      vertex -4.090000e+01  9.850000e+00  2.300000e+00
      vertex -3.710000e+01  9.850000e+00  2.300000e+00
    endloop
  endfacet
  facet normal  -0.000000e+00  1.000000e+00  0.000000e+00
    outer loop
      vertex  4.170000e+01  9.850000e+00  8.000000e-01
      vertex  4.090000e+01  9.850000e+00  2.300000e+00
      vertex  4.170000e+01  9.850000e+00  2.300000e+00
    endloop
  endfacet
  facet normal  0.000000e+00  1.000000e+00  0.000000e+00
    outer loop
      vertex -4.170000e+01  9.850000e+00  2.300000e+00
      vertex -4.090000e+01  9.850000e+00  2.300000e+00
      vertex -4.170000e+01  9.850000e+00  8.000000e-01
    endloop
  endfacet
  facet normal  0.000000e+00  1.000000e+00  0.000000e+00
    outer loop
      vertex -4.170000e+01  9.850000e+00  8.000000e-01
      vertex -4.090000e+01  9.850000e+00  2.300000e+00
      vertex -3.710000e+01  9.850000e+00  1.800000e+00
    endloop
  endfacet
  facet normal  0.000000e+00  1.000000e+00  0.000000e+00
    outer loop
      vertex -4.170000e+01  9.850000e+00  8.000000e-01
      vertex -3.710000e+01  9.850000e+00  1.800000e+00
      vertex  4.170000e+01  9.850000e+00  8.000000e-01
    endloop
  endfacet
  facet normal  0.000000e+00  1.000000e+00  0.000000e+00
    outer loop
      vertex  4.170000e+01  9.850000e+00  8.000000e-01
      vertex -3.710000e+01  9.850000e+00  1.800000e+00
      vertex  3.710000e+01  9.850000e+00  1.800000e+00
    endloop
  endfacet
  facet normal  -0.000000e+00  1.000000e+00  0.000000e+00
    outer loop
      vertex  4.170000e+01  9.850000e+00  8.000000e-01
      vertex  3.710000e+01  9.850000e+00  1.800000e+00
      vertex  4.090000e+01  9.850000e+00  2.300000e+00
    endloop
  endfacet
  facet normal  0.000000e+00  1.000000e+00  0.000000e+00
    outer loop
      vertex  4.090000e+01  9.850000e+00  2.300000e+00
      vertex  3.710000e+01  9.850000e+00  1.800000e+00
      vertex  3.710000e+01  9.850000e+00  2.300000e+00
    endloop
  endfacet
  facet normal -9.999999e-01  0.000000e+00  0.000000e+00
    outer loop
      vertex  4.170000e+01  9.850000e+00  8.000000e-01
      vertex  4.170000e+01  9.850000e+00  2.300000e+00
      vertex  4.170000e+01  1.190000e+01  8.000000e-01
    endloop
  endfacet
  facet normal -1.000000e+00  0.000000e+00  0.000000e+00
    outer loop
      vertex  4.170000e+01  1.190000e+01  8.000000e-01
      vertex  4.170000e+01  9.850000e+00  2.300000e+00
      vertex  4.170000e+01  1.165000e+01  2.300000e+00
    endloop
  endfacet
  facet normal -1.000000e+00  0.000000e+00  0.000000e+00
    outer loop
      vertex  4.170000e+01  1.190000e+01  8.000000e-01
      vertex  4.170000e+01  1.165000e+01  2.300000e+00
      vertex  4.170000e+01  1.190000e+01  2.300000e+00
    endloop
  endfacet
  facet normal  0.000000e+00  0.000000e+00  1.000000e+00
    outer loop
      vertex  3.410000e+01  1.190000e+01  2.300000e+00
      vertex  3.790000e+01  1.190000e+01  2.300000e+00
      vertex  3.410000e+01  2.450000e+01  2.300000e+00
    endloop
  endfacet
  facet normal  -0.000000e+00  0.000000e+00  1.000000e+00
    outer loop
      vertex  3.410000e+01  2.450000e+01  2.300000e+00
      vertex  3.790000e+01  1.190000e+01  2.300000e+00
      vertex  3.790000e+01  2.450000e+01  2.300000e+00
    endloop
  endfacet
  facet normal -1.000000e+00  0.000000e+00  0.000000e+00
    outer loop
      vertex  3.790000e+01  2.450000e+01  3.200000e+00
      vertex  3.790000e+01  2.450000e+01  2.300000e+00
      vertex  3.790000e+01  1.190000e+01  3.200000e+00
    endloop
  endfacet
  facet normal -1.000000e+00  0.000000e+00  0.000000e+00
    outer loop
      vertex  3.790000e+01  1.190000e+01  3.200000e+00
      vertex  3.790000e+01  2.450000e+01  2.300000e+00
      vertex  3.790000e+01  1.190000e+01  2.300000e+00
    endloop
  endfacet
  facet normal  1.000000e+00  0.000000e+00  0.000000e+00
    outer loop
      vertex  3.410000e+01  2.450000e+01  2.300000e+00
      vertex  3.410000e+01  2.450000e+01  3.200000e+00
      vertex  3.410000e+01  1.190000e+01  2.300000e+00
    endloop
  endfacet
  facet normal  1.000000e+00  0.000000e+00  0.000000e+00
    outer loop
      vertex  3.410000e+01  1.190000e+01  2.300000e+00
      vertex  3.410000e+01  2.450000e+01  3.200000e+00
      vertex  3.410000e+01  1.190000e+01  3.200000e+00
    endloop
  endfacet
  facet normal  0.000000e+00  0.000000e+00  1.000000e+00
    outer loop
      vertex -3.710000e+01  8.850000e+00  1.800000e+00
      vertex  3.710000e+01  8.850000e+00  1.800000e+00
      vertex -3.710000e+01  9.850000e+00  1.800000e+00
    endloop
  endfacet
  facet normal  -0.000000e+00  0.000000e+00  1.000000e+00
    outer loop
      vertex -3.710000e+01  9.850000e+00  1.800000e+00
      vertex  3.710000e+01  8.850000e+00  1.800000e+00
      vertex  3.710000e+01  9.850000e+00  1.800000e+00
    endloop
  endfacet
  facet normal  0.000000e+00  0.000000e+00  1.000000e+00
    outer loop
      vertex  3.550000e+01 -1.830000e+01  8.000000e-01
      vertex  3.610000e+01 -1.810000e+01  8.000000e-01
      vertex  2.260000e+01 -1.830000e+01  8.000000e-01
    endloop
  endfacet
  facet normal  -0.000000e+00  0.000000e+00  9.999999e-01
    outer loop
      vertex -3.710000e+01  4.850000e+00  8.000000e-01
      vertex -4.090000e+01  4.850000e+00  8.000000e-01
      vertex -4.090000e+01 -1.810000e+01  8.000000e-01
    endloop
  endfacet
  facet normal  0.000000e+00  0.000000e+00  1.000000e+00
    outer loop
      vertex -3.710000e+01  4.850000e+00  8.000000e-01
      vertex -4.090000e+01 -1.810000e+01  8.000000e-01
      vertex  3.710000e+01  4.850000e+00  8.000000e-01
    endloop
  endfacet
  facet normal  0.000000e+00  -0.000000e+00  1.000000e+00
    outer loop
      vertex -3.710000e+01  4.850000e+00  8.000000e-01
      vertex  3.710000e+01  4.850000e+00  8.000000e-01
      vertex  3.710000e+01  8.850000e+00  8.000000e-01
    endloop
  endfacet
  facet normal  0.000000e+00  0.000000e+00  1.000000e+00
    outer loop
      vertex -3.710000e+01  4.850000e+00  8.000000e-01
      vertex  3.710000e+01  8.850000e+00  8.000000e-01
      vertex -3.710000e+01  8.850000e+00  8.000000e-01
    endloop
  endfacet
  facet normal  0.000000e+00  0.000000e+00  9.999999e-01
    outer loop
      vertex  2.260000e+01 -1.750000e+01  8.000000e-01
      vertex  2.260000e+01 -1.830000e+01  8.000000e-01
      vertex  3.610000e+01 -1.810000e+01  8.000000e-01
    endloop
  endfacet
  facet normal  0.000000e+00  -0.000000e+00  1.000000e+00
    outer loop
      vertex  2.260000e+01 -1.750000e+01  8.000000e-01
      vertex  3.610000e+01 -1.810000e+01  8.000000e-01
      vertex  4.090000e+01 -1.810000e+01  8.000000e-01
    endloop
  endfacet
  facet normal  0.000000e+00  -0.000000e+00  1.000000e+00
    outer loop
      vertex  2.260000e+01 -1.750000e+01  8.000000e-01
      vertex  4.090000e+01 -1.810000e+01  8.000000e-01
      vertex  4.090000e+01  4.850000e+00  8.000000e-01
    endloop
  endfacet
  facet normal  0.000000e+00  0.000000e+00  1.000000e+00
    outer loop
      vertex  2.260000e+01 -1.750000e+01  8.000000e-01
      vertex  4.090000e+01  4.850000e+00  8.000000e-01
      vertex -1.980000e+01 -1.750000e+01  8.000000e-01
    endloop
  endfacet
  facet normal  0.000000e+00  0.000000e+00  1.000000e+00
    outer loop
      vertex  3.610000e+01 -2.290000e+01  8.000000e-01
      vertex  3.610000e+01 -1.810000e+01  8.000000e-01
      vertex  3.550000e+01 -1.830000e+01  8.000000e-01
    endloop
  endfacet
  facet normal  0.000000e+00  0.000000e+00  9.999999e-01
    outer loop
      vertex  3.610000e+01 -2.290000e+01  8.000000e-01
      vertex  3.550000e+01 -1.830000e+01  8.000000e-01
      vertex  3.550000e+01 -1.910000e+01  8.000000e-01
    endloop
  endfacet
  facet normal  0.000000e+00  0.000000e+00  1.000000e+00
    outer loop
      vertex  3.610000e+01 -2.290000e+01  8.000000e-01
      vertex  3.550000e+01 -1.910000e+01  8.000000e-01
      vertex  2.220000e+01 -1.910000e+01  8.000000e-01
    endloop
  endfacet
  facet normal  0.000000e+00  0.000000e+00  9.999999e-01
    outer loop
      vertex  3.610000e+01 -2.290000e+01  8.000000e-01
      vertex  2.220000e+01 -1.910000e+01  8.000000e-01
      vertex  2.220000e+01 -2.290000e+01  8.000000e-01
    endloop
  endfacet
  facet normal  -0.000000e+00  0.000000e+00  1.000000e+00
    outer loop
      vertex  4.090000e+01  4.850000e+00  8.000000e-01
      vertex  3.710000e+01  4.850000e+00  8.000000e-01
      vertex -1.980000e+01 -1.750000e+01  8.000000e-01
    endloop
  endfacet
  facet normal  0.000000e+00  -0.000000e+00  1.000000e+00
    outer loop
      vertex -1.980000e+01 -1.750000e+01  8.000000e-01
      vertex  3.710000e+01  4.850000e+00  8.000000e-01
      vertex -4.090000e+01 -1.810000e+01  8.000000e-01
    endloop
  endfacet
  facet normal  0.000000e+00  0.000000e+00  1.000000e+00
    outer loop
      vertex -1.980000e+01 -1.750000e+01  8.000000e-01
      vertex -4.090000e+01 -1.810000e+01  8.000000e-01
      vertex -3.610000e+01 -1.810000e+01  8.000000e-01
    endloop
  endfacet
  facet normal  0.000000e+00  0.000000e+00  1.000000e+00
    outer loop
      vertex -3.610000e+01 -2.290000e+01  8.000000e-01
      vertex -3.550000e+01 -2.290000e+01  8.000000e-01
      vertex -3.610000e+01 -1.810000e+01  8.000000e-01
    endloop
  endfacet
  facet normal  0.000000e+00  0.000000e+00  1.000000e+00
    outer loop
      vertex -3.610000e+01 -1.810000e+01  8.000000e-01
      vertex -3.550000e+01 -2.290000e+01  8.000000e-01
      vertex -3.550000e+01 -2.250000e+01  8.000000e-01
    endloop
  endfacet
  facet normal  0.000000e+00  -0.000000e+00  1.000000e+00
    outer loop
      vertex -3.610000e+01 -1.810000e+01  8.000000e-01
      vertex -3.550000e+01 -2.250000e+01  8.000000e-01
      vertex -1.980000e+01 -1.750000e+01  8.000000e-01
    endloop
  endfacet
  facet normal  0.000000e+00  0.000000e+00  1.000000e+00
    outer loop
      vertex -1.980000e+01 -1.750000e+01  8.000000e-01
      vertex -3.550000e+01 -2.250000e+01  8.000000e-01
      vertex -1.980000e+01 -2.250000e+01  8.000000e-01
    endloop
  endfacet
  facet normal -1.000000e+00  -0.000000e+00  -0.000000e+00
    outer loop
      vertex  3.710000e+01  4.850000e+00  2.300000e+00
      vertex  3.710000e+01  9.850000e+00  2.300000e+00
      vertex  3.710000e+01  9.850000e+00  1.800000e+00
    endloop
  endfacet
  facet normal -1.000000e+00  0.000000e+00  0.000000e+00
    outer loop
      vertex  3.710000e+01  4.850000e+00  2.300000e+00
      vertex  3.710000e+01  9.850000e+00  1.800000e+00
      vertex  3.710000e+01  8.850000e+00  1.800000e+00
    endloop
  endfacet
  facet normal -1.000000e+00  -0.000000e+00  -0.000000e+00
    outer loop
      vertex  3.710000e+01  4.850000e+00  2.300000e+00
      vertex  3.710000e+01  8.850000e+00  1.800000e+00
      vertex  3.710000e+01  8.850000e+00  8.000000e-01
    endloop
  endfacet
  facet normal -1.000000e+00  0.000000e+00  0.000000e+00
    outer loop
      vertex  3.710000e+01  4.850000e+00  2.300000e+00
      vertex  3.710000e+01  8.850000e+00  8.000000e-01
      vertex  3.710000e+01  4.850000e+00  8.000000e-01
    endloop
  endfacet
  facet normal  1.000000e+00  0.000000e+00  0.000000e+00
    outer loop
      vertex -3.710000e+01  4.850000e+00  2.300000e+00
      vertex -3.710000e+01  4.850000e+00  8.000000e-01
      vertex -3.710000e+01  8.850000e+00  8.000000e-01
    endloop
  endfacet
  facet normal  1.000000e+00  0.000000e+00  -0.000000e+00
    outer loop
      vertex -3.710000e+01  4.850000e+00  2.300000e+00
      vertex -3.710000e+01  8.850000e+00  8.000000e-01
      vertex -3.710000e+01  8.850000e+00  1.800000e+00
    endloop
  endfacet
  facet normal  1.000000e+00  0.000000e+00  -0.000000e+00
    outer loop
      vertex -3.710000e+01  4.850000e+00  2.300000e+00
      vertex -3.710000e+01  8.850000e+00  1.800000e+00
      vertex -3.710000e+01  9.850000e+00  1.800000e+00
    endloop
  endfacet
  facet normal  1.000000e+00  0.000000e+00  -0.000000e+00
    outer loop
      vertex -3.710000e+01  4.850000e+00  2.300000e+00
      vertex -3.710000e+01  9.850000e+00  1.800000e+00
      vertex -3.710000e+01  9.850000e+00  2.300000e+00
    endloop
  endfacet
  facet normal  0.000000e+00 -1.000000e+00  0.000000e+00
    outer loop
      vertex  3.710000e+01  8.850000e+00  1.800000e+00
      vertex -3.710000e+01  8.850000e+00  1.800000e+00
      vertex  3.710000e+01  8.850000e+00  8.000000e-01
    endloop
  endfacet
  facet normal  0.000000e+00 -1.000000e+00  0.000000e+00
    outer loop
      vertex  3.710000e+01  8.850000e+00  8.000000e-01
      vertex -3.710000e+01  8.850000e+00  1.800000e+00
      vertex -3.710000e+01  8.850000e+00  8.000000e-01
    endloop
  endfacet
  facet normal  0.000000e+00  1.000000e+00  -0.000000e+00
    outer loop
      vertex -3.610000e+01 -1.810000e+01  2.300000e+00
      vertex -3.610000e+01 -1.810000e+01  8.000000e-01
      vertex -4.090000e+01 -1.810000e+01  2.300000e+00
    endloop
  endfacet
  facet normal  0.000000e+00  1.000000e+00  0.000000e+00
    outer loop
      vertex -4.090000e+01 -1.810000e+01  2.300000e+00
      vertex -3.610000e+01 -1.810000e+01  8.000000e-01
      vertex -4.090000e+01 -1.810000e+01  8.000000e-01
    endloop
  endfacet
  facet normal  0.000000e+00 -9.999999e-01  0.000000e+00
    outer loop
      vertex -4.090000e+01  4.850000e+00  2.300000e+00
      vertex -4.090000e+01  4.850000e+00  8.000000e-01
      vertex -3.710000e+01  4.850000e+00  2.300000e+00
    endloop
  endfacet
  facet normal  0.000000e+00 -9.999999e-01  -0.000000e+00
    outer loop
      vertex -3.710000e+01  4.850000e+00  2.300000e+00
      vertex -4.090000e+01  4.850000e+00  8.000000e-01
      vertex -3.710000e+01  4.850000e+00  8.000000e-01
    endloop
  endfacet
  facet normal  0.000000e+00 -1.000000e+00  0.000000e+00
    outer loop
      vertex -1.370000e+01  2.860000e+01  2.300000e+00
      vertex -2.090000e+01  2.860000e+01  2.300000e+00
      vertex -1.370000e+01  2.860000e+01  8.000000e-01
    endloop
  endfacet
  facet normal  0.000000e+00 -1.000000e+00  0.000000e+00
    outer loop
      vertex -1.370000e+01  2.860000e+01  8.000000e-01
      vertex -2.090000e+01  2.860000e+01  2.300000e+00
      vertex -2.090000e+01  2.860000e+01  8.000000e-01
    endloop
  endfacet
  facet normal  0.000000e+00 -1.000000e+00  0.000000e+00
    outer loop
      vertex  2.090000e+01  2.860000e+01  2.300000e+00
      vertex  1.370000e+01  2.860000e+01  2.300000e+00
      vertex  2.090000e+01  2.860000e+01  8.000000e-01
    endloop
  endfacet
  facet normal  0.000000e+00 -1.000000e+00  0.000000e+00
    outer loop
      vertex  2.090000e+01  2.860000e+01  8.000000e-01
      vertex  1.370000e+01  2.860000e+01  2.300000e+00
      vertex  1.370000e+01  2.860000e+01  8.000000e-01
    endloop
  endfacet
  facet normal  0.000000e+00 -9.999999e-01  0.000000e+00
    outer loop
      vertex  3.710000e+01  4.850000e+00  2.300000e+00
      vertex  3.710000e+01  4.850000e+00  8.000000e-01
      vertex  4.090000e+01  4.850000e+00  2.300000e+00
    endloop
  endfacet
  facet normal  0.000000e+00 -9.999999e-01  -0.000000e+00
    outer loop
      vertex  4.090000e+01  4.850000e+00  2.300000e+00
      vertex  3.710000e+01  4.850000e+00  8.000000e-01
      vertex  4.090000e+01  4.850000e+00  8.000000e-01
    endloop
  endfacet
  facet normal  0.000000e+00  1.000000e+00  -0.000000e+00
    outer loop
      vertex  4.090000e+01 -1.810000e+01  2.300000e+00
      vertex  4.090000e+01 -1.810000e+01  8.000000e-01
      vertex  3.610000e+01 -1.810000e+01  2.300000e+00
    endloop
  endfacet
  facet normal  0.000000e+00  1.000000e+00  0.000000e+00
    outer loop
      vertex  3.610000e+01 -1.810000e+01  2.300000e+00
      vertex  4.090000e+01 -1.810000e+01  8.000000e-01
      vertex  3.610000e+01 -1.810000e+01  8.000000e-01
    endloop
  endfacet
  facet normal  0.000000e+00 -1.000000e+00  0.000000e+00
    outer loop
      vertex  2.180000e+01 -1.830000e+01  3.800000e+00
      vertex -1.900000e+01 -1.830000e+01  3.800000e+00
      vertex  2.180000e+01 -1.830000e+01  2.300000e+00
    endloop
  endfacet
  facet normal  0.000000e+00 -1.000000e+00  0.000000e+00
    outer loop
      vertex  2.180000e+01 -1.830000e+01  2.300000e+00
      vertex -1.900000e+01 -1.830000e+01  3.800000e+00
      vertex -1.900000e+01 -1.830000e+01  2.300000e+00
    endloop
  endfacet
  facet normal  0.000000e+00 -1.000000e+00  0.000000e+00
    outer loop
      vertex -1.900000e+01 -2.330000e+01  3.800000e+00
      vertex -3.550000e+01 -2.330000e+01  3.800000e+00
      vertex -1.900000e+01 -2.330000e+01  2.300000e+00
    endloop
  endfacet
  facet normal  0.000000e+00 -1.000000e+00  0.000000e+00
    outer loop
      vertex -1.900000e+01 -2.330000e+01  2.300000e+00
      vertex -3.550000e+01 -2.330000e+01  3.800000e+00
      vertex -3.550000e+01 -2.330000e+01  2.300000e+00
    endloop
  endfacet
  facet normal  1.000000e+00  -0.000000e+00  0.000000e+00
    outer loop
      vertex -1.900000e+01 -1.830000e+01  3.800000e+00
      vertex -1.900000e+01 -2.330000e+01  3.800000e+00
      vertex -1.900000e+01 -1.830000e+01  2.300000e+00
    endloop
  endfacet
  facet normal  1.000000e+00  0.000000e+00  0.000000e+00
    outer loop
      vertex -1.900000e+01 -1.830000e+01  2.300000e+00
      vertex -1.900000e+01 -2.330000e+01  3.800000e+00
      vertex -1.900000e+01 -2.330000e+01  2.300000e+00
    endloop
  endfacet
  facet normal -1.000000e+00  -0.000000e+00  0.000000e+00
    outer loop
      vertex  2.090000e+01  2.290000e+01  3.800000e+00
      vertex  2.090000e+01  2.840000e+01  3.800000e+00
      vertex  2.090000e+01  2.290000e+01  8.000000e-01
    endloop
  endfacet
  facet normal -1.000000e+00  0.000000e+00  0.000000e+00
    outer loop
      vertex  2.090000e+01  2.290000e+01  8.000000e-01
      vertex  2.090000e+01  2.840000e+01  3.800000e+00
      vertex  2.090000e+01  2.840000e+01  2.300000e+00
    endloop
  endfacet
  facet normal -1.000000e+00  0.000000e+00  -0.000000e+00
    outer loop
      vertex  2.090000e+01  2.290000e+01  8.000000e-01
      vertex  2.090000e+01  2.840000e+01  2.300000e+00
      vertex  2.090000e+01  2.860000e+01  8.000000e-01
    endloop
  endfacet
  facet normal -1.000000e+00  0.000000e+00  0.000000e+00
    outer loop
      vertex  2.090000e+01  2.860000e+01  8.000000e-01
      vertex  2.090000e+01  2.840000e+01  2.300000e+00
      vertex  2.090000e+01  2.860000e+01  2.300000e+00
    endloop
  endfacet
  facet normal  1.000000e+00  0.000000e+00  0.000000e+00
    outer loop
      vertex -2.090000e+01  2.860000e+01  8.000000e-01
      vertex -2.090000e+01  2.860000e+01  2.300000e+00
      vertex -2.090000e+01  2.290000e+01  8.000000e-01
    endloop
  endfacet
  facet normal  1.000000e+00  0.000000e+00  0.000000e+00
    outer loop
      vertex -2.090000e+01  2.290000e+01  8.000000e-01
      vertex -2.090000e+01  2.860000e+01  2.300000e+00
      vertex -2.090000e+01  2.840000e+01  2.300000e+00
    endloop
  endfacet
  facet normal  1.000000e+00  0.000000e+00  0.000000e+00
    outer loop
      vertex -2.090000e+01  2.290000e+01  8.000000e-01
      vertex -2.090000e+01  2.840000e+01  2.300000e+00
      vertex -2.090000e+01  2.290000e+01  3.800000e+00
    endloop
  endfacet
  facet normal  1.000000e+00  -0.000000e+00  0.000000e+00
    outer loop
      vertex -2.090000e+01  2.290000e+01  3.800000e+00
      vertex -2.090000e+01  2.840000e+01  2.300000e+00
      vertex -2.090000e+01  2.840000e+01  3.800000e+00
    endloop
  endfacet
  facet normal -1.000000e+00  -0.000000e+00  -0.000000e+00
    outer loop
      vertex  4.090000e+01  4.650000e+00  2.300000e+00
      vertex  4.090000e+01  4.850000e+00  2.300000e+00
      vertex  4.090000e+01  4.850000e+00  8.000000e-01
    endloop
  endfacet
  facet normal -1.000000e+00  0.000000e+00  0.000000e+00
    outer loop
      vertex  4.090000e+01  4.650000e+00  2.300000e+00
      vertex  4.090000e+01  4.850000e+00  8.000000e-01
      vertex  4.090000e+01 -1.750000e+01  2.300000e+00
    endloop
  endfacet
  facet normal -1.000000e+00  0.000000e+00  0.000000e+00
    outer loop
      vertex  4.090000e+01  4.650000e+00  2.300000e+00
      vertex  4.090000e+01 -1.750000e+01  2.300000e+00
      vertex  4.090000e+01 -1.750000e+01  3.800000e+00
    endloop
  endfacet
  facet normal -1.000000e+00  0.000000e+00  0.000000e+00
    outer loop
      vertex  4.090000e+01  4.650000e+00  2.300000e+00
      vertex  4.090000e+01 -1.750000e+01  3.800000e+00
      vertex  4.090000e+01  4.650000e+00  3.800000e+00
    endloop
  endfacet
  facet normal -1.000000e+00  0.000000e+00  0.000000e+00
    outer loop
      vertex  4.090000e+01 -1.750000e+01  2.300000e+00
      vertex  4.090000e+01  4.850000e+00  8.000000e-01
      vertex  4.090000e+01 -1.810000e+01  2.300000e+00
    endloop
  endfacet
  facet normal -1.000000e+00  0.000000e+00  0.000000e+00
    outer loop
      vertex  4.090000e+01 -1.810000e+01  2.300000e+00
      vertex  4.090000e+01  4.850000e+00  8.000000e-01
      vertex  4.090000e+01 -1.810000e+01  8.000000e-01
    endloop
  endfacet
  facet normal  1.000000e+00  0.000000e+00  0.000000e+00
    outer loop
      vertex -4.090000e+01  4.850000e+00  8.000000e-01
      vertex -4.090000e+01  4.850000e+00  2.300000e+00
      vertex -4.090000e+01  4.650000e+00  2.300000e+00
    endloop
  endfacet
  facet normal  1.000000e+00  0.000000e+00  0.000000e+00
    outer loop
      vertex -4.090000e+01  4.850000e+00  8.000000e-01
      vertex -4.090000e+01  4.650000e+00  2.300000e+00
      vertex -4.090000e+01 -1.750000e+01  2.300000e+00
    endloop
  endfacet
  facet normal  1.000000e+00  0.000000e+00  0.000000e+00
    outer loop
      vertex -4.090000e+01  4.850000e+00  8.000000e-01
      vertex -4.090000e+01 -1.750000e+01  2.300000e+00
      vertex -4.090000e+01 -1.810000e+01  2.300000e+00
    endloop
  endfacet
  facet normal  1.000000e+00  0.000000e+00  0.000000e+00
    outer loop
      vertex -4.090000e+01  4.850000e+00  8.000000e-01
      vertex -4.090000e+01 -1.810000e+01  2.300000e+00
      vertex -4.090000e+01 -1.810000e+01  8.000000e-01
    endloop
  endfacet
  facet normal  1.000000e+00  -0.000000e+00  0.000000e+00
    outer loop
      vertex -4.090000e+01  4.650000e+00  3.800000e+00
      vertex -4.090000e+01 -1.750000e+01  3.800000e+00
      vertex -4.090000e+01  4.650000e+00  2.300000e+00
    endloop
  endfacet
  facet normal  1.000000e+00  0.000000e+00  0.000000e+00
    outer loop
      vertex -4.090000e+01  4.650000e+00  2.300000e+00
      vertex -4.090000e+01 -1.750000e+01  3.800000e+00
      vertex -4.090000e+01 -1.750000e+01  2.300000e+00
    endloop
  endfacet
  facet normal  0.000000e+00  1.000000e+00  -0.000000e+00
    outer loop
      vertex  2.170000e+01  2.840000e+01  3.800000e+00
      vertex  2.170000e+01  2.840000e+01  2.300000e+00
      vertex  2.090000e+01  2.840000e+01  3.800000e+00
    endloop
  endfacet
  facet normal  0.000000e+00  1.000000e+00  0.000000e+00
    outer loop
      vertex  2.090000e+01  2.840000e+01  3.800000e+00
      vertex  2.170000e+01  2.840000e+01  2.300000e+00
      vertex  2.090000e+01  2.840000e+01  2.300000e+00
    endloop
  endfacet
  facet normal  0.000000e+00  1.000000e+00  0.000000e+00
    outer loop
      vertex -4.170000e+01  4.650000e+00  3.800000e+00
      vertex -4.090000e+01  4.650000e+00  3.800000e+00
      vertex -4.170000e+01  4.650000e+00  2.300000e+00
    endloop
  endfacet
  facet normal  0.000000e+00  1.000000e+00  0.000000e+00
    outer loop
      vertex -4.170000e+01  4.650000e+00  2.300000e+00
      vertex -4.090000e+01  4.650000e+00  3.800000e+00
      vertex -4.090000e+01  4.650000e+00  2.300000e+00
    endloop
  endfacet
  facet normal  0.000000e+00 -1.000000e+00  0.000000e+00
    outer loop
      vertex -4.170000e+01 -1.750000e+01  3.800000e+00
      vertex -4.170000e+01 -1.750000e+01  2.300000e+00
      vertex -4.090000e+01 -1.750000e+01  3.800000e+00
    endloop
  endfacet
  facet normal  0.000000e+00 -1.000000e+00  -0.000000e+00
    outer loop
      vertex -4.090000e+01 -1.750000e+01  3.800000e+00
      vertex -4.170000e+01 -1.750000e+01  2.300000e+00
      vertex -4.090000e+01 -1.750000e+01  2.300000e+00
    endloop
  endfacet
  facet normal  0.000000e+00  1.000000e+00  0.000000e+00
    outer loop
      vertex  4.090000e+01  4.650000e+00  3.800000e+00
      vertex  4.170000e+01  4.650000e+00  3.800000e+00
      vertex  4.090000e+01  4.650000e+00  2.300000e+00
    endloop
  endfacet
  facet normal  0.000000e+00  1.000000e+00  0.000000e+00
    outer loop
      vertex  4.090000e+01  4.650000e+00  2.300000e+00
      vertex  4.170000e+01  4.650000e+00  3.800000e+00
      vertex  4.170000e+01  4.650000e+00  2.300000e+00
    endloop
  endfacet
  facet normal  0.000000e+00 -1.000000e+00  0.000000e+00
    outer loop
      vertex  4.090000e+01 -1.750000e+01  3.800000e+00
      vertex  4.090000e+01 -1.750000e+01  2.300000e+00
      vertex  4.170000e+01 -1.750000e+01  3.800000e+00
    endloop
  endfacet
  facet normal  0.000000e+00 -1.000000e+00  -0.000000e+00
    outer loop
      vertex  4.170000e+01 -1.750000e+01  3.800000e+00
      vertex  4.090000e+01 -1.750000e+01  2.300000e+00
      vertex  4.170000e+01 -1.750000e+01  2.300000e+00
    endloop
  endfacet
  facet normal  0.000000e+00  1.000000e+00  -0.000000e+00
    outer loop
      vertex -2.090000e+01  2.840000e+01  3.800000e+00
      vertex -2.090000e+01  2.840000e+01  2.300000e+00
      vertex -2.170000e+01  2.840000e+01  3.800000e+00
    endloop
  endfacet
  facet normal  0.000000e+00  1.000000e+00  0.000000e+00
    outer loop
      vertex -2.170000e+01  2.840000e+01  3.800000e+00
      vertex -2.090000e+01  2.840000e+01  2.300000e+00
      vertex -2.170000e+01  2.840000e+01  2.300000e+00
    endloop
  endfacet
  facet normal  1.000000e+00  -0.000000e+00  0.000000e+00
    outer loop
      vertex  2.220000e+01 -1.910000e+01  2.300000e+00
      vertex  2.220000e+01 -2.290000e+01  2.300000e+00
      vertex  2.220000e+01 -1.910000e+01  8.000000e-01
    endloop
  endfacet
  facet normal  1.000000e+00  0.000000e+00  0.000000e+00
    outer loop
      vertex  2.220000e+01 -1.910000e+01  8.000000e-01
      vertex  2.220000e+01 -2.290000e+01  2.300000e+00
      vertex  2.220000e+01 -2.290000e+01  8.000000e-01
    endloop
  endfacet
  facet normal  0.000000e+00  1.000000e+00  -0.000000e+00
    outer loop
      vertex -3.550000e+01 -2.290000e+01  2.300000e+00
      vertex -3.550000e+01 -2.290000e+01  8.000000e-01
      vertex -3.610000e+01 -2.290000e+01  2.300000e+00
    endloop
  endfacet
  facet normal  0.000000e+00  1.000000e+00  0.000000e+00
    outer loop
      vertex -3.610000e+01 -2.290000e+01  2.300000e+00
      vertex -3.550000e+01 -2.290000e+01  8.000000e-01
      vertex -3.610000e+01 -2.290000e+01  8.000000e-01
    endloop
  endfacet
  facet normal  1.000000e+00  -0.000000e+00  0.000000e+00
    outer loop
      vertex  4.170000e+01  4.650000e+00  3.800000e+00
      vertex  4.170000e+01 -1.750000e+01  3.800000e+00
      vertex  4.170000e+01  4.650000e+00  2.300000e+00
    endloop
  endfacet
  facet normal  1.000000e+00  0.000000e+00  0.000000e+00
    outer loop
      vertex  4.170000e+01  4.650000e+00  2.300000e+00
      vertex  4.170000e+01 -1.750000e+01  3.800000e+00
      vertex  4.170000e+01 -1.750000e+01  2.300000e+00
    endloop
  endfacet
  facet normal -1.000000e+00  0.000000e+00  0.000000e+00
    outer loop
      vertex -3.550000e+01 -2.250000e+01  8.000000e-01
      vertex -3.550000e+01 -2.290000e+01  8.000000e-01
      vertex -3.550000e+01 -2.250000e+01  3.800000e+00
    endloop
  endfacet
  facet normal -1.000000e+00  0.000000e+00  0.000000e+00
    outer loop
      vertex -3.550000e+01 -2.250000e+01  3.800000e+00
      vertex -3.550000e+01 -2.290000e+01  8.000000e-01
      vertex -3.550000e+01 -2.290000e+01  2.300000e+00
    endloop
  endfacet
  facet normal -1.000000e+00  0.000000e+00  0.000000e+00
    outer loop
      vertex -3.550000e+01 -2.250000e+01  3.800000e+00
      vertex -3.550000e+01 -2.290000e+01  2.300000e+00
      vertex -3.550000e+01 -2.330000e+01  3.800000e+00
    endloop
  endfacet
  facet normal -1.000000e+00  0.000000e+00  0.000000e+00
    outer loop
      vertex -3.550000e+01 -2.330000e+01  3.800000e+00
      vertex -3.550000e+01 -2.290000e+01  2.300000e+00
      vertex -3.550000e+01 -2.330000e+01  2.300000e+00
    endloop
  endfacet
  facet normal -1.000000e+00  0.000000e+00  0.000000e+00
    outer loop
      vertex  2.180000e+01 -1.910000e+01  2.300000e+00
      vertex  2.180000e+01 -1.910000e+01  3.800000e+00
      vertex  2.180000e+01 -1.830000e+01  2.300000e+00
    endloop
  endfacet
  facet normal -1.000000e+00  0.000000e+00  0.000000e+00
    outer loop
      vertex  2.180000e+01 -1.830000e+01  2.300000e+00
      vertex  2.180000e+01 -1.910000e+01  3.800000e+00
      vertex  2.180000e+01 -1.830000e+01  3.800000e+00
    endloop
  endfacet
  facet normal  0.000000e+00 -1.000000e+00  0.000000e+00
    outer loop
      vertex  3.550000e+01 -1.910000e+01  3.800000e+00
      vertex  2.180000e+01 -1.910000e+01  3.800000e+00
      vertex  2.180000e+01 -1.910000e+01  2.300000e+00
    endloop
  endfacet
  facet normal  0.000000e+00 -1.000000e+00  0.000000e+00
    outer loop
      vertex  3.550000e+01 -1.910000e+01  3.800000e+00
      vertex  2.180000e+01 -1.910000e+01  2.300000e+00
      vertex  2.220000e+01 -1.910000e+01  2.300000e+00
    endloop
  endfacet
  facet normal  0.000000e+00 -1.000000e+00  0.000000e+00
    outer loop
      vertex  3.550000e+01 -1.910000e+01  3.800000e+00
      vertex  2.220000e+01 -1.910000e+01  2.300000e+00
      vertex  2.220000e+01 -1.910000e+01  8.000000e-01
    endloop
  endfacet
  facet normal  0.000000e+00 -1.000000e+00  0.000000e+00
    outer loop
      vertex  3.550000e+01 -1.910000e+01  3.800000e+00
      vertex  2.220000e+01 -1.910000e+01  8.000000e-01
      vertex  3.550000e+01 -1.910000e+01  8.000000e-01
    endloop
  endfacet
  facet normal -1.000000e+00  0.000000e+00  0.000000e+00
    outer loop
      vertex -2.170000e+01  2.840000e+01  3.800000e+00
      vertex -2.170000e+01  2.840000e+01  2.300000e+00
      vertex -2.170000e+01  2.370000e+01  3.800000e+00
    endloop
  endfacet
  facet normal -1.000000e+00  0.000000e+00  0.000000e+00
    outer loop
      vertex -2.170000e+01  2.370000e+01  3.800000e+00
      vertex -2.170000e+01  2.840000e+01  2.300000e+00
      vertex -2.170000e+01  2.370000e+01  2.300000e+00
    endloop
  endfacet
  facet normal -1.000000e+00  -0.000000e+00  0.000000e+00
    outer loop
      vertex -4.170000e+01 -1.750000e+01  3.800000e+00
      vertex -4.170000e+01  4.650000e+00  3.800000e+00
      vertex -4.170000e+01 -1.750000e+01  2.300000e+00
    endloop
  endfacet
  facet normal -1.000000e+00  0.000000e+00  0.000000e+00
    outer loop
      vertex -4.170000e+01 -1.750000e+01  2.300000e+00
      vertex -4.170000e+01  4.650000e+00  3.800000e+00
      vertex -4.170000e+01  4.650000e+00  2.300000e+00
    endloop
  endfacet
  facet normal  1.000000e+00  0.000000e+00  0.000000e+00
    outer loop
      vertex  2.170000e+01  2.370000e+01  3.800000e+00
      vertex  2.170000e+01  2.370000e+01  2.300000e+00
      vertex  2.170000e+01  2.840000e+01  3.800000e+00
    endloop
  endfacet
  facet normal  1.000000e+00  0.000000e+00  0.000000e+00
    outer loop
      vertex  2.170000e+01  2.840000e+01  3.800000e+00
      vertex  2.170000e+01  2.370000e+01  2.300000e+00
      vertex  2.170000e+01  2.840000e+01  2.300000e+00
    endloop
  endfacet
  facet normal  0.000000e+00  1.000000e+00  0.000000e+00
    outer loop
      vertex -3.550000e+01 -2.250000e+01  3.800000e+00
      vertex -1.980000e+01 -2.250000e+01  3.800000e+00
      vertex -3.550000e+01 -2.250000e+01  8.000000e-01
    endloop
  endfacet
  facet normal  0.000000e+00  1.000000e+00  0.000000e+00
    outer loop
      vertex -3.550000e+01 -2.250000e+01  8.000000e-01
      vertex -1.980000e+01 -2.250000e+01  3.800000e+00
      vertex -1.980000e+01 -2.250000e+01  8.000000e-01
    endloop
  endfacet
  facet normal -1.000000e+00  -0.000000e+00  0.000000e+00
    outer loop
      vertex -1.980000e+01 -2.250000e+01  3.800000e+00
      vertex -1.980000e+01 -1.750000e+01  3.800000e+00
      vertex -1.980000e+01 -2.250000e+01  8.000000e-01
    endloop
  endfacet
  facet normal -1.000000e+00  0.000000e+00  0.000000e+00
    outer loop
      vertex -1.980000e+01 -2.250000e+01  8.000000e-01
      vertex -1.980000e+01 -1.750000e+01  3.800000e+00
      vertex -1.980000e+01 -1.750000e+01  8.000000e-01
    endloop
  endfacet
  facet normal  0.000000e+00  1.000000e+00  0.000000e+00
    outer loop
      vertex -1.980000e+01 -1.750000e+01  3.800000e+00
      vertex  2.260000e+01 -1.750000e+01  3.800000e+00
      vertex -1.980000e+01 -1.750000e+01  8.000000e-01
    endloop
  endfacet
  facet normal  0.000000e+00  1.000000e+00  0.000000e+00
    outer loop
      vertex -1.980000e+01 -1.750000e+01  8.000000e-01
      vertex  2.260000e+01 -1.750000e+01  3.800000e+00
      vertex  2.260000e+01 -1.750000e+01  8.000000e-01
    endloop
  endfacet
  facet normal  1.000000e+00  0.000000e+00  0.000000e+00
    outer loop
      vertex  2.260000e+01 -1.750000e+01  8.000000e-01
      vertex  2.260000e+01 -1.750000e+01  3.800000e+00
      vertex  2.260000e+01 -1.830000e+01  8.000000e-01
    endloop
  endfacet
  facet normal  1.000000e+00  0.000000e+00  0.000000e+00
    outer loop
      vertex  2.260000e+01 -1.830000e+01  8.000000e-01
      vertex  2.260000e+01 -1.750000e+01  3.800000e+00
      vertex  2.260000e+01 -1.830000e+01  3.800000e+00
    endloop
  endfacet
  facet normal  0.000000e+00  9.999999e-01  -0.000000e+00
    outer loop
      vertex  3.550000e+01 -1.830000e+01  3.800000e+00
      vertex  3.550000e+01 -1.830000e+01  8.000000e-01
      vertex  2.260000e+01 -1.830000e+01  3.800000e+00
    endloop
  endfacet
  facet normal  0.000000e+00  9.999999e-01  0.000000e+00
    outer loop
      vertex  2.260000e+01 -1.830000e+01  3.800000e+00
      vertex  3.550000e+01 -1.830000e+01  8.000000e-01
      vertex  2.260000e+01 -1.830000e+01  8.000000e-01
    endloop
  endfacet
  facet normal  1.000000e+00  0.000000e+00  0.000000e+00
    outer loop
      vertex  3.550000e+01 -1.910000e+01  8.000000e-01
      vertex  3.550000e+01 -1.830000e+01  8.000000e-01
      vertex  3.550000e+01 -1.910000e+01  3.800000e+00
    endloop
  endfacet
  facet normal  1.000000e+00  -0.000000e+00  0.000000e+00
    outer loop
      vertex  3.550000e+01 -1.910000e+01  3.800000e+00
      vertex  3.550000e+01 -1.830000e+01  8.000000e-01
      vertex  3.550000e+01 -1.830000e+01  3.800000e+00
    endloop
  endfacet
  facet normal  0.000000e+00  0.000000e+00  1.000000e+00
    outer loop
      vertex  4.090000e+01 -1.750000e+01  3.800000e+00
      vertex  4.170000e+01 -1.750000e+01  3.800000e+00
      vertex  4.090000e+01  4.650000e+00  3.800000e+00
    endloop
  endfacet
  facet normal  -0.000000e+00  0.000000e+00  1.000000e+00
    outer loop
      vertex  4.090000e+01  4.650000e+00  3.800000e+00
      vertex  4.170000e+01 -1.750000e+01  3.800000e+00
      vertex  4.170000e+01  4.650000e+00  3.800000e+00
    endloop
  endfacet
  facet normal  -0.000000e+00  0.000000e+00  1.000000e+00
    outer loop
      vertex -1.980000e+01 -2.250000e+01  3.800000e+00
      vertex -3.550000e+01 -2.250000e+01  3.800000e+00
      vertex -3.550000e+01 -2.330000e+01  3.800000e+00
    endloop
  endfacet
  facet normal  0.000000e+00  0.000000e+00  9.999999e-01
    outer loop
      vertex -1.980000e+01 -2.250000e+01  3.800000e+00
      vertex -3.550000e+01 -2.330000e+01  3.800000e+00
      vertex -1.900000e+01 -2.330000e+01  3.800000e+00
    endloop
  endfacet
  facet normal  0.000000e+00  -0.000000e+00  1.000000e+00
    outer loop
      vertex -1.980000e+01 -2.250000e+01  3.800000e+00
      vertex -1.900000e+01 -2.330000e+01  3.800000e+00
      vertex -1.900000e+01 -1.830000e+01  3.800000e+00
    endloop
  endfacet
  facet normal  0.000000e+00  0.000000e+00  1.000000e+00
    outer loop
      vertex -1.980000e+01 -2.250000e+01  3.800000e+00
      vertex -1.900000e+01 -1.830000e+01  3.800000e+00
      vertex -1.980000e+01 -1.750000e+01  3.800000e+00
    endloop
  endfacet
  facet normal  0.000000e+00  0.000000e+00  1.000000e+00
    outer loop
      vertex  2.260000e+01 -1.830000e+01  3.800000e+00
      vertex  2.260000e+01 -1.750000e+01  3.800000e+00
      vertex  2.180000e+01 -1.830000e+01  3.800000e+00
    endloop
  endfacet
  facet normal  -0.000000e+00  0.000000e+00  9.999999e-01
    outer loop
      vertex  2.260000e+01 -1.830000e+01  3.800000e+00
      vertex  2.180000e+01 -1.830000e+01  3.800000e+00
      vertex  2.180000e+01 -1.910000e+01  3.800000e+00
    endloop
  endfacet
  facet normal  0.000000e+00  0.000000e+00  1.000000e+00
    outer loop
      vertex  2.260000e+01 -1.830000e+01  3.800000e+00
      vertex  2.180000e+01 -1.910000e+01  3.800000e+00
      vertex  3.550000e+01 -1.910000e+01  3.800000e+00
    endloop
  endfacet
  facet normal  0.000000e+00  -0.000000e+00  1.000000e+00
    outer loop
      vertex  2.260000e+01 -1.830000e+01  3.800000e+00
      vertex  3.550000e+01 -1.910000e+01  3.800000e+00
      vertex  3.550000e+01 -1.830000e+01  3.800000e+00
    endloop
  endfacet
  facet normal  0.000000e+00  0.000000e+00  1.000000e+00
    outer loop
      vertex  2.180000e+01 -1.830000e+01  3.800000e+00
      vertex  2.260000e+01 -1.750000e+01  3.800000e+00
      vertex -1.900000e+01 -1.830000e+01  3.800000e+00
    endloop
  endfacet
  facet normal  0.000000e+00  -0.000000e+00  1.000000e+00
    outer loop
      vertex -1.900000e+01 -1.830000e+01  3.800000e+00
      vertex  2.260000e+01 -1.750000e+01  3.800000e+00
      vertex -1.980000e+01 -1.750000e+01  3.800000e+00
    endloop
  endfacet
  facet normal  0.000000e+00  0.000000e+00  1.000000e+00
    outer loop
      vertex -4.170000e+01 -1.750000e+01  3.800000e+00
      vertex -4.090000e+01 -1.750000e+01  3.800000e+00
      vertex -4.170000e+01  4.650000e+00  3.800000e+00
    endloop
  endfacet
  facet normal  -0.000000e+00  0.000000e+00  1.000000e+00
    outer loop
      vertex -4.170000e+01  4.650000e+00  3.800000e+00
      vertex -4.090000e+01 -1.750000e+01  3.800000e+00
      vertex -4.090000e+01  4.650000e+00  3.800000e+00
    endloop
  endfacet
  facet normal  0.000000e+00  0.000000e+00  1.000000e+00
    outer loop
      vertex  2.060000e+01  3.690000e+01  1.000000e+00
      vertex  2.170000e+01  3.690000e+01  1.000000e+00
      vertex  2.060000e+01  3.750000e+01  1.000000e+00
    endloop
  endfacet
  facet normal  -0.000000e+00  0.000000e+00  1.000000e+00
    outer loop
      vertex  2.060000e+01  3.750000e+01  1.000000e+00
      vertex  2.170000e+01  3.690000e+01  1.000000e+00
      vertex  2.170000e+01  3.750000e+01  1.000000e+00
    endloop
  endfacet
  facet normal  0.000000e+00  0.000000e+00  1.000000e+00
    outer loop
      vertex -2.170000e+01  3.690000e+01  1.000000e+00
      vertex -2.060000e+01  3.690000e+01  1.000000e+00
      vertex -2.170000e+01  3.750000e+01  1.000000e+00
    endloop
  endfacet
  facet normal  -0.000000e+00  0.000000e+00  1.000000e+00
    outer loop
      vertex -2.170000e+01  3.750000e+01  1.000000e+00
      vertex -2.060000e+01  3.690000e+01  1.000000e+00
      vertex -2.060000e+01  3.750000e+01  1.000000e+00
    endloop
  endfacet
  facet normal -1.000000e+00  -0.000000e+00  -0.000000e+00
    outer loop
      vertex  2.170000e+01  3.300000e+01  2.300000e+00
      vertex  2.170000e+01  3.750000e+01  2.300000e+00
      vertex  2.170000e+01  3.750000e+01  1.000000e+00
    endloop
  endfacet
  facet normal -1.000000e+00  0.000000e+00  0.000000e+00
    outer loop
      vertex  2.170000e+01  3.300000e+01  2.300000e+00
      vertex  2.170000e+01  3.750000e+01  1.000000e+00
      vertex  2.170000e+01  3.690000e+01  1.000000e+00
    endloop
  endfacet
  facet normal -1.000000e+00  -0.000000e+00  -0.000000e+00
    outer loop
      vertex  2.170000e+01  3.300000e+01  2.300000e+00
      vertex  2.170000e+01  3.690000e+01  1.000000e+00
      vertex  2.170000e+01  3.690000e+01  8.000000e-01
    endloop
  endfacet
  facet normal -1.000000e+00  0.000000e+00  0.000000e+00
    outer loop
      vertex  2.170000e+01  3.300000e+01  2.300000e+00
      vertex  2.170000e+01  3.690000e+01  8.000000e-01
      vertex  2.170000e+01  3.300000e+01  8.000000e-01
    endloop
  endfacet
  facet normal  1.000000e+00  -0.000000e+00  0.000000e+00
    outer loop
      vertex -2.170000e+01  3.750000e+01  2.300000e+00
      vertex -2.170000e+01  3.300000e+01  2.300000e+00
      vertex -2.170000e+01  3.750000e+01  1.000000e+00
    endloop
  endfacet
  facet normal  1.000000e+00  0.000000e+00  0.000000e+00
    outer loop
      vertex -2.170000e+01  3.750000e+01  1.000000e+00
      vertex -2.170000e+01  3.300000e+01  2.300000e+00
      vertex -2.170000e+01  3.690000e+01  1.000000e+00
    endloop
  endfacet
  facet normal  1.000000e+00  0.000000e+00  0.000000e+00
    outer loop
      vertex -2.170000e+01  3.300000e+01  2.300000e+00
      vertex -2.170000e+01  3.300000e+01  8.000000e-01
      vertex -2.170000e+01  3.690000e+01  1.000000e+00
    endloop
  endfacet
  facet normal  1.000000e+00  0.000000e+00  0.000000e+00
    outer loop
      vertex -2.170000e+01  3.690000e+01  1.000000e+00
      vertex -2.170000e+01  3.300000e+01  8.000000e-01
      vertex -2.170000e+01  3.690000e+01  8.000000e-01
    endloop
  endfacet
  facet normal  0.000000e+00 -9.999999e-01  0.000000e+00
    outer loop
      vertex -2.170000e+01  3.750000e+01  2.300000e+00
      vertex -2.170000e+01  3.750000e+01  1.000000e+00
      vertex -2.060000e+01  3.750000e+01  2.300000e+00
    endloop
  endfacet
  facet normal  0.000000e+00 -9.999999e-01  -0.000000e+00
    outer loop
      vertex -2.060000e+01  3.750000e+01  2.300000e+00
      vertex -2.170000e+01  3.750000e+01  1.000000e+00
      vertex -2.060000e+01  3.750000e+01  1.000000e+00
    endloop
  endfacet
  facet normal  0.000000e+00 -9.999999e-01  0.000000e+00
    outer loop
      vertex  2.060000e+01  3.750000e+01  2.300000e+00
      vertex  2.060000e+01  3.750000e+01  1.000000e+00
      vertex  2.170000e+01  3.750000e+01  2.300000e+00
    endloop
  endfacet
  facet normal  0.000000e+00 -9.999999e-01  -0.000000e+00
    outer loop
      vertex  2.170000e+01  3.750000e+01  2.300000e+00
      vertex  2.060000e+01  3.750000e+01  1.000000e+00
      vertex  2.170000e+01  3.750000e+01  1.000000e+00
    endloop
  endfacet
  facet normal  0.000000e+00  1.000000e+00  -0.000000e+00
    outer loop
      vertex  3.610000e+01 -2.290000e+01  2.300000e+00
      vertex  3.610000e+01 -2.290000e+01  8.000000e-01
      vertex  2.220000e+01 -2.290000e+01  2.300000e+00
    endloop
  endfacet
  facet normal  0.000000e+00  1.000000e+00  0.000000e+00
    outer loop
      vertex  2.220000e+01 -2.290000e+01  2.300000e+00
      vertex  3.610000e+01 -2.290000e+01  8.000000e-01
      vertex  2.220000e+01 -2.290000e+01  8.000000e-01
    endloop
  endfacet
  facet normal -1.000000e+00  -0.000000e+00  0.000000e+00
    outer loop
      vertex  3.610000e+01 -2.290000e+01  2.300000e+00
      vertex  3.610000e+01 -1.810000e+01  2.300000e+00
      vertex  3.610000e+01 -2.290000e+01  8.000000e-01
    endloop
  endfacet
  facet normal -1.000000e+00  0.000000e+00  0.000000e+00
    outer loop
      vertex  3.610000e+01 -2.290000e+01  8.000000e-01
      vertex  3.610000e+01 -1.810000e+01  2.300000e+00
      vertex  3.610000e+01 -1.810000e+01  8.000000e-01
    endloop
  endfacet
  facet normal -1.000000e+00  -0.000000e+00  0.000000e+00
    outer loop
      vertex  1.370000e+01  2.860000e+01  2.300000e+00
      vertex  1.370000e+01  3.300000e+01  2.300000e+00
      vertex  1.370000e+01  2.860000e+01  8.000000e-01
    endloop
  endfacet
  facet normal -1.000000e+00  0.000000e+00  0.000000e+00
    outer loop
      vertex  1.370000e+01  2.860000e+01  8.000000e-01
      vertex  1.370000e+01  3.300000e+01  2.300000e+00
      vertex  1.370000e+01  3.300000e+01  8.000000e-01
    endloop
  endfacet
  facet normal  0.000000e+00  1.000000e+00  -0.000000e+00
    outer loop
      vertex  2.170000e+01  3.300000e+01  2.300000e+00
      vertex  2.170000e+01  3.300000e+01  8.000000e-01
      vertex  1.370000e+01  3.300000e+01  2.300000e+00
    endloop
  endfacet
  facet normal  0.000000e+00  1.000000e+00  0.000000e+00
    outer loop
      vertex  1.370000e+01  3.300000e+01  2.300000e+00
      vertex  2.170000e+01  3.300000e+01  8.000000e-01
      vertex  1.370000e+01  3.300000e+01  8.000000e-01
    endloop
  endfacet
  facet normal  0.000000e+00  1.000000e+00  -0.000000e+00
    outer loop
      vertex -1.370000e+01  3.300000e+01  2.300000e+00
      vertex -1.370000e+01  3.300000e+01  8.000000e-01
      vertex -2.170000e+01  3.300000e+01  2.300000e+00
    endloop
  endfacet
  facet normal  0.000000e+00  1.000000e+00  0.000000e+00
    outer loop
      vertex -2.170000e+01  3.300000e+01  2.300000e+00
      vertex -1.370000e+01  3.300000e+01  8.000000e-01
      vertex -2.170000e+01  3.300000e+01  8.000000e-01
    endloop
  endfacet
  facet normal  1.000000e+00  0.000000e+00  0.000000e+00
    outer loop
      vertex -1.370000e+01  2.860000e+01  2.300000e+00
      vertex -1.370000e+01  2.860000e+01  8.000000e-01
      vertex -1.370000e+01  3.300000e+01  2.300000e+00
    endloop
  endfacet
  facet normal  1.000000e+00  0.000000e+00  0.000000e+00
    outer loop
      vertex -1.370000e+01  3.300000e+01  2.300000e+00
      vertex -1.370000e+01  2.860000e+01  8.000000e-01
      vertex -1.370000e+01  3.300000e+01  8.000000e-01
    endloop
  endfacet
  facet normal  1.000000e+00  0.000000e+00  0.000000e+00
    outer loop
      vertex -3.610000e+01 -2.290000e+01  2.300000e+00
      vertex -3.610000e+01 -2.290000e+01  8.000000e-01
      vertex -3.610000e+01 -1.810000e+01  2.300000e+00
    endloop
  endfacet
  facet normal  1.000000e+00  0.000000e+00  0.000000e+00
    outer loop
      vertex -3.610000e+01 -1.810000e+01  2.300000e+00
      vertex -3.610000e+01 -2.290000e+01  8.000000e-01
      vertex -3.610000e+01 -1.810000e+01  8.000000e-01
    endloop
  endfacet
endsolid CATIA STL
