solid CATIA STL
  facet normal  0.000000e+00 -9.999999e-01  -0.000000e+00
    outer loop
      vertex -2.170000e+01  9.600000e+00  8.000000e-01
      vertex -2.170000e+01  9.600000e+00  1.280000e+01
      vertex -2.290000e+01  9.600000e+00  8.000000e-01
    endloop
  endfacet
  facet normal  0.000000e+00 -9.999999e-01  0.000000e+00
    outer loop
      vertex -2.290000e+01  9.600000e+00  8.000000e-01
      vertex -2.170000e+01  9.600000e+00  1.280000e+01
      vertex -2.290000e+01  9.600000e+00  1.280000e+01
    endloop
  endfacet
  facet normal  0.000000e+00  0.000000e+00  1.000000e+00
    outer loop
      vertex  2.410000e+01 -2.355000e+01  8.000000e-01
      vertex  2.410000e+01 -2.655000e+01  8.000000e-01
      vertex  3.710000e+01 -2.655000e+01  8.000000e-01
    endloop
  endfacet
  facet normal  -0.000000e+00  0.000000e+00  1.000000e+00
    outer loop
      vertex -1.020000e+01  8.700000e+00  8.000000e-01
      vertex -1.020000e+01  7.700000e+00  8.000000e-01
      vertex  2.280000e+01  7.300000e+00  8.000000e-01
    endloop
  endfacet
  facet normal  0.000000e+00  0.000000e+00  1.000000e+00
    outer loop
      vertex -1.020000e+01  8.700000e+00  8.000000e-01
      vertex  2.280000e+01  7.300000e+00  8.000000e-01
      vertex  2.180000e+01  8.300000e+00  8.000000e-01
    endloop
  endfacet
  facet normal  0.000000e+00  -0.000000e+00  1.000000e+00
    outer loop
      vertex -1.020000e+01  8.700000e+00  8.000000e-01
      vertex  2.180000e+01  8.300000e+00  8.000000e-01
      vertex  2.180000e+01  1.050000e+01  8.000000e-01
    endloop
  endfacet
  facet normal  0.000000e+00  0.000000e+00  1.000000e+00
    outer loop
      vertex -1.020000e+01  8.700000e+00  8.000000e-01
      vertex  2.180000e+01  1.050000e+01  8.000000e-01
      vertex  2.170000e+01  2.045000e+01  8.000000e-01
    endloop
  endfacet
  facet normal  0.000000e+00  0.000000e+00  1.000000e+00
    outer loop
      vertex -1.020000e+01  8.700000e+00  8.000000e-01
      vertex  2.170000e+01  2.045000e+01  8.000000e-01
      vertex  1.570000e+01  2.555000e+01  8.000000e-01
    endloop
  endfacet
  facet normal  0.000000e+00  0.000000e+00  1.000000e+00
    outer loop
      vertex -1.020000e+01  8.700000e+00  8.000000e-01
      vertex  1.570000e+01  2.555000e+01  8.000000e-01
      vertex  1.534352e+01  2.558203e+01  8.000000e-01
    endloop
  endfacet
  facet normal  0.000000e+00  0.000000e+00  1.000000e+00
    outer loop
      vertex -1.020000e+01  8.700000e+00  8.000000e-01
      vertex  1.534352e+01  2.558203e+01  8.000000e-01
      vertex  1.499845e+01  2.567708e+01  8.000000e-01
    endloop
  endfacet
  facet normal  0.000000e+00  0.000000e+00  1.000000e+00
    outer loop
      vertex -1.020000e+01  8.700000e+00  8.000000e-01
      vertex  1.499845e+01  2.567708e+01  8.000000e-01
      vertex  1.467585e+01  2.583212e+01  8.000000e-01
    endloop
  endfacet
  facet normal  0.000000e+00  0.000000e+00  1.000000e+00
    outer loop
      vertex -1.020000e+01  8.700000e+00  8.000000e-01
      vertex  1.467585e+01  2.583212e+01  8.000000e-01
      vertex  1.438605e+01  2.604218e+01  8.000000e-01
    endloop
  endfacet
  facet normal  0.000000e+00  0.000000e+00  9.999999e-01
    outer loop
      vertex -1.020000e+01  8.700000e+00  8.000000e-01
      vertex  1.438605e+01  2.604218e+01  8.000000e-01
      vertex  1.413833e+01  2.630052e+01  8.000000e-01
    endloop
  endfacet
  facet normal  0.000000e+00  0.000000e+00  1.000000e+00
    outer loop
      vertex -1.020000e+01  8.700000e+00  8.000000e-01
      vertex  1.413833e+01  2.630052e+01  8.000000e-01
      vertex  1.394063e+01  2.659888e+01  8.000000e-01
    endloop
  endfacet
  facet normal  0.000000e+00  0.000000e+00  1.000000e+00
    outer loop
      vertex -1.020000e+01  8.700000e+00  8.000000e-01
      vertex  1.394063e+01  2.659888e+01  8.000000e-01
      vertex  1.379928e+01  2.692771e+01  8.000000e-01
    endloop
  endfacet
  facet normal  0.000000e+00  0.000000e+00  1.000000e+00
    outer loop
      vertex -1.020000e+01  8.700000e+00  8.000000e-01
      vertex  1.379928e+01  2.692771e+01  8.000000e-01
      vertex  1.371879e+01  2.727646e+01  8.000000e-01
    endloop
  endfacet
  facet normal  0.000000e+00  0.000000e+00  1.000000e+00
    outer loop
      vertex -1.020000e+01  8.700000e+00  8.000000e-01
      vertex  1.371879e+01  2.727646e+01  8.000000e-01
      vertex -1.371879e+01  2.727646e+01  8.000000e-01
    endloop
  endfacet
  facet normal  0.000000e+00  0.000000e+00  1.000000e+00
    outer loop
      vertex -1.020000e+01  8.700000e+00  8.000000e-01
      vertex -1.371879e+01  2.727646e+01  8.000000e-01
      vertex -1.320000e+01  8.700000e+00  8.000000e-01
    endloop
  endfacet
  facet normal  0.000000e+00  0.000000e+00  1.000000e+00
    outer loop
      vertex  2.150000e+01  5.600000e+00  8.000000e-01
      vertex -2.130000e+01 -2.155000e+01  8.000000e-01
      vertex  2.210000e+01 -2.155000e+01  8.000000e-01
    endloop
  endfacet
  facet normal  -0.000000e+00  -0.000000e+00  1.000000e+00
    outer loop
      vertex  2.150000e+01  5.600000e+00  8.000000e-01
      vertex  2.210000e+01 -2.155000e+01  8.000000e-01
      vertex  2.249018e+01 -2.158843e+01  8.000000e-01
    endloop
  endfacet
  facet normal  -0.000000e+00  -0.000000e+00  1.000000e+00
    outer loop
      vertex  2.150000e+01  5.600000e+00  8.000000e-01
      vertex  2.249018e+01 -2.158843e+01  8.000000e-01
      vertex  2.286537e+01 -2.170224e+01  8.000000e-01
    endloop
  endfacet
  facet normal  -0.000000e+00  -0.000000e+00  1.000000e+00
    outer loop
      vertex  2.150000e+01  5.600000e+00  8.000000e-01
      vertex  2.286537e+01 -2.170224e+01  8.000000e-01
      vertex  2.321114e+01 -2.188706e+01  8.000000e-01
    endloop
  endfacet
  facet normal  -0.000000e+00  -0.000000e+00  1.000000e+00
    outer loop
      vertex  2.150000e+01  5.600000e+00  8.000000e-01
      vertex  2.321114e+01 -2.188706e+01  8.000000e-01
      vertex  2.351421e+01 -2.213579e+01  8.000000e-01
    endloop
  endfacet
  facet normal  -0.000000e+00  -0.000000e+00  1.000000e+00
    outer loop
      vertex  2.150000e+01  5.600000e+00  8.000000e-01
      vertex  2.351421e+01 -2.213579e+01  8.000000e-01
      vertex  2.376294e+01 -2.243886e+01  8.000000e-01
    endloop
  endfacet
  facet normal  -0.000000e+00  -0.000000e+00  1.000000e+00
    outer loop
      vertex  2.150000e+01  5.600000e+00  8.000000e-01
      vertex  2.376294e+01 -2.243886e+01  8.000000e-01
      vertex  2.394776e+01 -2.278463e+01  8.000000e-01
    endloop
  endfacet
  facet normal  -0.000000e+00  -0.000000e+00  1.000000e+00
    outer loop
      vertex  2.150000e+01  5.600000e+00  8.000000e-01
      vertex  2.394776e+01 -2.278463e+01  8.000000e-01
      vertex  2.406157e+01 -2.315982e+01  8.000000e-01
    endloop
  endfacet
  facet normal  0.000000e+00  -0.000000e+00  1.000000e+00
    outer loop
      vertex -2.130000e+01 -2.155000e+01  8.000000e-01
      vertex  2.150000e+01  5.600000e+00  8.000000e-01
      vertex  2.150000e+01  6.600000e+00  8.000000e-01
    endloop
  endfacet
  facet normal  0.000000e+00  0.000000e+00  9.999999e-01
    outer loop
      vertex -2.130000e+01 -2.155000e+01  8.000000e-01
      vertex  2.150000e+01  6.600000e+00  8.000000e-01
      vertex -1.020000e+01  7.700000e+00  8.000000e-01
    endloop
  endfacet
  facet normal  0.000000e+00  0.000000e+00  1.000000e+00
    outer loop
      vertex -2.130000e+01 -2.155000e+01  8.000000e-01
      vertex -1.020000e+01  7.700000e+00  8.000000e-01
      vertex -1.350000e+01  5.600000e+00  8.000000e-01
    endloop
  endfacet
  facet normal  0.000000e+00  0.000000e+00  1.000000e+00
    outer loop
      vertex -2.130000e+01 -2.155000e+01  8.000000e-01
      vertex -1.350000e+01  5.600000e+00  8.000000e-01
      vertex -3.970000e+01  3.600000e+00  8.000000e-01
    endloop
  endfacet
  facet normal  0.000000e+00  0.000000e+00  1.000000e+00
    outer loop
      vertex -2.130000e+01 -2.155000e+01  8.000000e-01
      vertex -3.970000e+01  3.600000e+00  8.000000e-01
      vertex -4.070000e+01  1.600000e+00  8.000000e-01
    endloop
  endfacet
  facet normal  0.000000e+00  0.000000e+00  1.000000e+00
    outer loop
      vertex -2.170000e+01  9.600000e+00  8.000000e-01
      vertex -1.394063e+01  2.659888e+01  8.000000e-01
      vertex -1.413833e+01  2.630052e+01  8.000000e-01
    endloop
  endfacet
  facet normal  0.000000e+00  0.000000e+00  1.000000e+00
    outer loop
      vertex -2.170000e+01  9.600000e+00  8.000000e-01
      vertex -1.413833e+01  2.630052e+01  8.000000e-01
      vertex -1.438605e+01  2.604218e+01  8.000000e-01
    endloop
  endfacet
  facet normal  0.000000e+00  0.000000e+00  9.999999e-01
    outer loop
      vertex -2.170000e+01  9.600000e+00  8.000000e-01
      vertex -1.438605e+01  2.604218e+01  8.000000e-01
      vertex -1.467585e+01  2.583212e+01  8.000000e-01
    endloop
  endfacet
  facet normal  0.000000e+00  0.000000e+00  1.000000e+00
    outer loop
      vertex -2.170000e+01  9.600000e+00  8.000000e-01
      vertex -1.467585e+01  2.583212e+01  8.000000e-01
      vertex -1.499845e+01  2.567708e+01  8.000000e-01
    endloop
  endfacet
  facet normal  0.000000e+00  0.000000e+00  1.000000e+00
    outer loop
      vertex -2.170000e+01  9.600000e+00  8.000000e-01
      vertex -1.499845e+01  2.567708e+01  8.000000e-01
      vertex -1.534352e+01  2.558203e+01  8.000000e-01
    endloop
  endfacet
  facet normal  0.000000e+00  0.000000e+00  1.000000e+00
    outer loop
      vertex -2.170000e+01  9.600000e+00  8.000000e-01
      vertex -1.534352e+01  2.558203e+01  8.000000e-01
      vertex -1.570000e+01  2.555000e+01  8.000000e-01
    endloop
  endfacet
  facet normal  0.000000e+00  0.000000e+00  1.000000e+00
    outer loop
      vertex -2.170000e+01  9.600000e+00  8.000000e-01
      vertex -1.570000e+01  2.555000e+01  8.000000e-01
      vertex -1.750000e+01  2.555000e+01  8.000000e-01
    endloop
  endfacet
  facet normal  0.000000e+00  0.000000e+00  1.000000e+00
    outer loop
      vertex -2.170000e+01  9.600000e+00  8.000000e-01
      vertex -1.750000e+01  2.555000e+01  8.000000e-01
      vertex -1.785649e+01  2.558203e+01  8.000000e-01
    endloop
  endfacet
  facet normal  0.000000e+00  0.000000e+00  1.000000e+00
    outer loop
      vertex -2.170000e+01  9.600000e+00  8.000000e-01
      vertex -1.785649e+01  2.558203e+01  8.000000e-01
      vertex -1.820155e+01  2.567708e+01  8.000000e-01
    endloop
  endfacet
  facet normal  0.000000e+00  0.000000e+00  1.000000e+00
    outer loop
      vertex -2.170000e+01  9.600000e+00  8.000000e-01
      vertex -1.820155e+01  2.567708e+01  8.000000e-01
      vertex -1.852415e+01  2.583212e+01  8.000000e-01
    endloop
  endfacet
  facet normal  0.000000e+00  0.000000e+00  1.000000e+00
    outer loop
      vertex -2.170000e+01  9.600000e+00  8.000000e-01
      vertex -1.852415e+01  2.583212e+01  8.000000e-01
      vertex -1.881395e+01  2.604218e+01  8.000000e-01
    endloop
  endfacet
  facet normal  0.000000e+00  0.000000e+00  1.000000e+00
    outer loop
      vertex -2.170000e+01  9.600000e+00  8.000000e-01
      vertex -1.881395e+01  2.604218e+01  8.000000e-01
      vertex -1.906167e+01  2.630052e+01  8.000000e-01
    endloop
  endfacet
  facet normal  0.000000e+00  0.000000e+00  1.000000e+00
    outer loop
      vertex -2.170000e+01  9.600000e+00  8.000000e-01
      vertex -1.906167e+01  2.630052e+01  8.000000e-01
      vertex -1.925937e+01  2.659888e+01  8.000000e-01
    endloop
  endfacet
  facet normal  0.000000e+00  0.000000e+00  1.000000e+00
    outer loop
      vertex -2.170000e+01  9.600000e+00  8.000000e-01
      vertex -1.925937e+01  2.659888e+01  8.000000e-01
      vertex -1.940072e+01  2.692771e+01  8.000000e-01
    endloop
  endfacet
  facet normal  0.000000e+00  0.000000e+00  1.000000e+00
    outer loop
      vertex -2.170000e+01  9.600000e+00  8.000000e-01
      vertex -1.940072e+01  2.692771e+01  8.000000e-01
      vertex -1.948121e+01  2.727646e+01  8.000000e-01
    endloop
  endfacet
  facet normal  0.000000e+00  0.000000e+00  1.000000e+00
    outer loop
      vertex -2.170000e+01  9.600000e+00  8.000000e-01
      vertex -1.948121e+01  2.727646e+01  8.000000e-01
      vertex -2.170000e+01  2.727646e+01  8.000000e-01
    endloop
  endfacet
  facet normal  0.000000e+00  0.000000e+00  1.000000e+00
    outer loop
      vertex -1.320000e+01  8.700000e+00  8.000000e-01
      vertex -1.371879e+01  2.727646e+01  8.000000e-01
      vertex -1.379928e+01  2.692771e+01  8.000000e-01
    endloop
  endfacet
  facet normal  0.000000e+00  0.000000e+00  1.000000e+00
    outer loop
      vertex -1.320000e+01  8.700000e+00  8.000000e-01
      vertex -1.379928e+01  2.692771e+01  8.000000e-01
      vertex -1.394063e+01  2.659888e+01  8.000000e-01
    endloop
  endfacet
  facet normal  0.000000e+00  0.000000e+00  1.000000e+00
    outer loop
      vertex -1.320000e+01  8.700000e+00  8.000000e-01
      vertex -1.394063e+01  2.659888e+01  8.000000e-01
      vertex -2.170000e+01  9.600000e+00  8.000000e-01
    endloop
  endfacet
  facet normal  0.000000e+00  0.000000e+00  1.000000e+00
    outer loop
      vertex -1.320000e+01  8.700000e+00  8.000000e-01
      vertex -2.170000e+01  9.600000e+00  8.000000e-01
      vertex -2.290000e+01  9.600000e+00  8.000000e-01
    endloop
  endfacet
  facet normal  0.000000e+00  0.000000e+00  1.000000e+00
    outer loop
      vertex -1.320000e+01  8.700000e+00  8.000000e-01
      vertex -2.290000e+01  9.600000e+00  8.000000e-01
      vertex -2.290000e+01  6.600000e+00  8.000000e-01
    endloop
  endfacet
  facet normal  0.000000e+00  0.000000e+00  9.999999e-01
    outer loop
      vertex -1.320000e+01  8.700000e+00  8.000000e-01
      vertex -2.290000e+01  6.600000e+00  8.000000e-01
      vertex -1.320000e+01  7.700000e+00  8.000000e-01
    endloop
  endfacet
  facet normal  0.000000e+00  0.000000e+00  1.000000e+00
    outer loop
      vertex -4.070000e+01  1.600000e+00  8.000000e-01
      vertex -4.070000e+01 -2.235000e+01  8.000000e-01
      vertex -2.170000e+01 -2.235000e+01  8.000000e-01
    endloop
  endfacet
  facet normal  0.000000e+00  -0.000000e+00  1.000000e+00
    outer loop
      vertex -4.070000e+01  1.600000e+00  8.000000e-01
      vertex -2.170000e+01 -2.235000e+01  8.000000e-01
      vertex -2.170000e+01 -2.195000e+01  8.000000e-01
    endloop
  endfacet
  facet normal  0.000000e+00  -0.000000e+00  9.999999e-01
    outer loop
      vertex -4.070000e+01  1.600000e+00  8.000000e-01
      vertex -2.170000e+01 -2.195000e+01  8.000000e-01
      vertex -2.169231e+01 -2.187196e+01  8.000000e-01
    endloop
  endfacet
  facet normal  0.000000e+00  -0.000000e+00  1.000000e+00
    outer loop
      vertex -4.070000e+01  1.600000e+00  8.000000e-01
      vertex -2.169231e+01 -2.187196e+01  8.000000e-01
      vertex -2.166955e+01 -2.179693e+01  8.000000e-01
    endloop
  endfacet
  facet normal  0.000000e+00  -0.000000e+00  1.000000e+00
    outer loop
      vertex -4.070000e+01  1.600000e+00  8.000000e-01
      vertex -2.166955e+01 -2.179693e+01  8.000000e-01
      vertex -2.163259e+01 -2.172777e+01  8.000000e-01
    endloop
  endfacet
  facet normal  0.000000e+00  -0.000000e+00  1.000000e+00
    outer loop
      vertex -4.070000e+01  1.600000e+00  8.000000e-01
      vertex -2.163259e+01 -2.172777e+01  8.000000e-01
      vertex -2.158284e+01 -2.166716e+01  8.000000e-01
    endloop
  endfacet
  facet normal  0.000000e+00  -0.000000e+00  1.000000e+00
    outer loop
      vertex -4.070000e+01  1.600000e+00  8.000000e-01
      vertex -2.158284e+01 -2.166716e+01  8.000000e-01
      vertex -2.152223e+01 -2.161741e+01  8.000000e-01
    endloop
  endfacet
  facet normal  0.000000e+00  -0.000000e+00  1.000000e+00
    outer loop
      vertex -4.070000e+01  1.600000e+00  8.000000e-01
      vertex -2.152223e+01 -2.161741e+01  8.000000e-01
      vertex -2.145307e+01 -2.158045e+01  8.000000e-01
    endloop
  endfacet
  facet normal  0.000000e+00  -0.000000e+00  1.000000e+00
    outer loop
      vertex -4.070000e+01  1.600000e+00  8.000000e-01
      vertex -2.145307e+01 -2.158045e+01  8.000000e-01
      vertex -2.137804e+01 -2.155769e+01  8.000000e-01
    endloop
  endfacet
  facet normal  0.000000e+00  -0.000000e+00  1.000000e+00
    outer loop
      vertex -4.070000e+01  1.600000e+00  8.000000e-01
      vertex -2.137804e+01 -2.155769e+01  8.000000e-01
      vertex -2.130000e+01 -2.155000e+01  8.000000e-01
    endloop
  endfacet
  facet normal  0.000000e+00  0.000000e+00  1.000000e+00
    outer loop
      vertex  2.170000e+01  2.045000e+01  8.000000e-01
      vertex  2.170000e+01  2.727646e+01  8.000000e-01
      vertex  1.948121e+01  2.727646e+01  8.000000e-01
    endloop
  endfacet
  facet normal  0.000000e+00  0.000000e+00  1.000000e+00
    outer loop
      vertex  2.170000e+01  2.045000e+01  8.000000e-01
      vertex  1.948121e+01  2.727646e+01  8.000000e-01
      vertex  1.940072e+01  2.692771e+01  8.000000e-01
    endloop
  endfacet
  facet normal  0.000000e+00  0.000000e+00  1.000000e+00
    outer loop
      vertex  2.170000e+01  2.045000e+01  8.000000e-01
      vertex  1.940072e+01  2.692771e+01  8.000000e-01
      vertex  1.925937e+01  2.659888e+01  8.000000e-01
    endloop
  endfacet
  facet normal  0.000000e+00  0.000000e+00  1.000000e+00
    outer loop
      vertex  2.170000e+01  2.045000e+01  8.000000e-01
      vertex  1.925937e+01  2.659888e+01  8.000000e-01
      vertex  1.906167e+01  2.630052e+01  8.000000e-01
    endloop
  endfacet
  facet normal  0.000000e+00  0.000000e+00  1.000000e+00
    outer loop
      vertex  2.170000e+01  2.045000e+01  8.000000e-01
      vertex  1.906167e+01  2.630052e+01  8.000000e-01
      vertex  1.881395e+01  2.604218e+01  8.000000e-01
    endloop
  endfacet
  facet normal  0.000000e+00  0.000000e+00  1.000000e+00
    outer loop
      vertex  2.170000e+01  2.045000e+01  8.000000e-01
      vertex  1.881395e+01  2.604218e+01  8.000000e-01
      vertex  1.852415e+01  2.583212e+01  8.000000e-01
    endloop
  endfacet
  facet normal  0.000000e+00  0.000000e+00  1.000000e+00
    outer loop
      vertex  2.170000e+01  2.045000e+01  8.000000e-01
      vertex  1.852415e+01  2.583212e+01  8.000000e-01
      vertex  1.820155e+01  2.567708e+01  8.000000e-01
    endloop
  endfacet
  facet normal  0.000000e+00  0.000000e+00  1.000000e+00
    outer loop
      vertex  2.170000e+01  2.045000e+01  8.000000e-01
      vertex  1.820155e+01  2.567708e+01  8.000000e-01
      vertex  1.785649e+01  2.558203e+01  8.000000e-01
    endloop
  endfacet
  facet normal  0.000000e+00  0.000000e+00  1.000000e+00
    outer loop
      vertex  2.170000e+01  2.045000e+01  8.000000e-01
      vertex  1.785649e+01  2.558203e+01  8.000000e-01
      vertex  1.750000e+01  2.555000e+01  8.000000e-01
    endloop
  endfacet
  facet normal  0.000000e+00  0.000000e+00  1.000000e+00
    outer loop
      vertex  2.170000e+01  2.045000e+01  8.000000e-01
      vertex  1.750000e+01  2.555000e+01  8.000000e-01
      vertex  1.570000e+01  2.555000e+01  8.000000e-01
    endloop
  endfacet
  facet normal  -0.000000e+00  0.000000e+00  1.000000e+00
    outer loop
      vertex -3.970000e+01  3.600000e+00  8.000000e-01
      vertex -4.170000e+01  3.600000e+00  8.000000e-01
      vertex -4.070000e+01  1.600000e+00  8.000000e-01
    endloop
  endfacet
  facet normal  0.000000e+00  0.000000e+00  1.000000e+00
    outer loop
      vertex -4.070000e+01  1.600000e+00  8.000000e-01
      vertex -4.170000e+01  3.600000e+00  8.000000e-01
      vertex -4.170000e+01  1.600000e+00  8.000000e-01
    endloop
  endfacet
  facet normal  0.000000e+00  0.000000e+00  1.000000e+00
    outer loop
      vertex  4.170000e+01  1.600000e+00  8.000000e-01
      vertex  4.170000e+01  3.600000e+00  8.000000e-01
      vertex  4.070000e+01  1.600000e+00  8.000000e-01
    endloop
  endfacet
  facet normal  0.000000e+00  -0.000000e+00  1.000000e+00
    outer loop
      vertex  4.070000e+01  1.600000e+00  8.000000e-01
      vertex  4.170000e+01  3.600000e+00  8.000000e-01
      vertex  3.870000e+01  3.600000e+00  8.000000e-01
    endloop
  endfacet
  facet normal  0.000000e+00  0.000000e+00  1.000000e+00
    outer loop
      vertex  4.070000e+01  1.600000e+00  8.000000e-01
      vertex  3.870000e+01  3.600000e+00  8.000000e-01
      vertex  4.070000e+01 -2.235000e+01  8.000000e-01
    endloop
  endfacet
  facet normal  0.000000e+00  0.000000e+00  1.000000e+00
    outer loop
      vertex  4.070000e+01 -2.235000e+01  8.000000e-01
      vertex  3.870000e+01  3.600000e+00  8.000000e-01
      vertex  3.710000e+01 -2.235000e+01  8.000000e-01
    endloop
  endfacet
  facet normal  -0.000000e+00  0.000000e+00  1.000000e+00
    outer loop
      vertex  4.170000e+01  7.700000e+00  8.000000e-01
      vertex  3.170000e+01  7.700000e+00  8.000000e-01
      vertex  4.170000e+01  6.600000e+00  8.000000e-01
    endloop
  endfacet
  facet normal  0.000000e+00  0.000000e+00  9.999999e-01
    outer loop
      vertex  4.170000e+01  6.600000e+00  8.000000e-01
      vertex  3.170000e+01  7.700000e+00  8.000000e-01
      vertex  2.900000e+01  7.300000e+00  8.000000e-01
    endloop
  endfacet
  facet normal  0.000000e+00  0.000000e+00  1.000000e+00
    outer loop
      vertex  4.170000e+01  6.600000e+00  8.000000e-01
      vertex  2.900000e+01  7.300000e+00  8.000000e-01
      vertex  2.150000e+01  6.600000e+00  8.000000e-01
    endloop
  endfacet
  facet normal  0.000000e+00  0.000000e+00  1.000000e+00
    outer loop
      vertex  2.150000e+01  6.600000e+00  8.000000e-01
      vertex  2.900000e+01  7.300000e+00  8.000000e-01
      vertex  2.280000e+01  7.300000e+00  8.000000e-01
    endloop
  endfacet
  facet normal  0.000000e+00  0.000000e+00  1.000000e+00
    outer loop
      vertex  2.150000e+01  6.600000e+00  8.000000e-01
      vertex  2.280000e+01  7.300000e+00  8.000000e-01
      vertex -1.020000e+01  7.700000e+00  8.000000e-01
    endloop
  endfacet
  facet normal  0.000000e+00  0.000000e+00  1.000000e+00
    outer loop
      vertex  3.870000e+01  3.600000e+00  8.000000e-01
      vertex  3.870000e+01  5.600000e+00  8.000000e-01
      vertex  3.710000e+01 -2.235000e+01  8.000000e-01
    endloop
  endfacet
  facet normal  0.000000e+00  -0.000000e+00  1.000000e+00
    outer loop
      vertex  3.710000e+01 -2.235000e+01  8.000000e-01
      vertex  3.870000e+01  5.600000e+00  8.000000e-01
      vertex  2.150000e+01  5.600000e+00  8.000000e-01
    endloop
  endfacet
  facet normal  0.000000e+00  0.000000e+00  1.000000e+00
    outer loop
      vertex  3.710000e+01 -2.235000e+01  8.000000e-01
      vertex  2.150000e+01  5.600000e+00  8.000000e-01
      vertex  3.710000e+01 -2.655000e+01  8.000000e-01
    endloop
  endfacet
  facet normal  0.000000e+00  0.000000e+00  1.000000e+00
    outer loop
      vertex  3.710000e+01 -2.655000e+01  8.000000e-01
      vertex  2.150000e+01  5.600000e+00  8.000000e-01
      vertex  2.406157e+01 -2.315982e+01  8.000000e-01
    endloop
  endfacet
  facet normal  0.000000e+00  0.000000e+00  1.000000e+00
    outer loop
      vertex  3.710000e+01 -2.655000e+01  8.000000e-01
      vertex  2.406157e+01 -2.315982e+01  8.000000e-01
      vertex  2.410000e+01 -2.355000e+01  8.000000e-01
    endloop
  endfacet
  facet normal  0.000000e+00  -0.000000e+00  1.000000e+00
    outer loop
      vertex  2.170000e+01  2.045000e+01  8.000000e-01
      vertex  2.180000e+01  1.050000e+01  8.000000e-01
      vertex  3.170000e+01  2.045000e+01  8.000000e-01
    endloop
  endfacet
  facet normal  0.000000e+00  0.000000e+00  1.000000e+00
    outer loop
      vertex  3.170000e+01  2.045000e+01  8.000000e-01
      vertex  2.180000e+01  1.050000e+01  8.000000e-01
      vertex  3.000000e+01  1.050000e+01  8.000000e-01
    endloop
  endfacet
  facet normal  -0.000000e+00  0.000000e+00  1.000000e+00
    outer loop
      vertex  3.170000e+01  2.045000e+01  8.000000e-01
      vertex  3.000000e+01  1.050000e+01  8.000000e-01
      vertex  3.170000e+01  7.700000e+00  8.000000e-01
    endloop
  endfacet
  facet normal  0.000000e+00  0.000000e+00  1.000000e+00
    outer loop
      vertex  3.170000e+01  7.700000e+00  8.000000e-01
      vertex  3.000000e+01  1.050000e+01  8.000000e-01
      vertex  3.000000e+01  8.300000e+00  8.000000e-01
    endloop
  endfacet
  facet normal  0.000000e+00  0.000000e+00  1.000000e+00
    outer loop
      vertex  3.170000e+01  7.700000e+00  8.000000e-01
      vertex  3.000000e+01  8.300000e+00  8.000000e-01
      vertex  2.900000e+01  7.300000e+00  8.000000e-01
    endloop
  endfacet
  facet normal  0.000000e+00  0.000000e+00  9.999999e-01
    outer loop
      vertex -1.350000e+01  5.600000e+00  8.000000e-01
      vertex -1.020000e+01  7.700000e+00  8.000000e-01
      vertex -1.350000e+01  6.600000e+00  8.000000e-01
    endloop
  endfacet
  facet normal  0.000000e+00  0.000000e+00  1.000000e+00
    outer loop
      vertex -1.350000e+01  6.600000e+00  8.000000e-01
      vertex -1.020000e+01  7.700000e+00  8.000000e-01
      vertex -1.320000e+01  7.700000e+00  8.000000e-01
    endloop
  endfacet
  facet normal  0.000000e+00  0.000000e+00  1.000000e+00
    outer loop
      vertex -1.350000e+01  6.600000e+00  8.000000e-01
      vertex -1.320000e+01  7.700000e+00  8.000000e-01
      vertex -2.290000e+01  6.600000e+00  8.000000e-01
    endloop
  endfacet
  facet normal  -0.000000e+00  0.000000e+00  1.000000e+00
    outer loop
      vertex -2.870000e+01  6.600000e+00  8.000000e-01
      vertex -3.970000e+01  6.600000e+00  8.000000e-01
      vertex -2.870000e+01  5.600000e+00  8.000000e-01
    endloop
  endfacet
  facet normal  0.000000e+00  0.000000e+00  1.000000e+00
    outer loop
      vertex -2.870000e+01  5.600000e+00  8.000000e-01
      vertex -3.970000e+01  6.600000e+00  8.000000e-01
      vertex -3.970000e+01  3.600000e+00  8.000000e-01
    endloop
  endfacet
  facet normal  0.000000e+00  0.000000e+00  1.000000e+00
    outer loop
      vertex -2.870000e+01  5.600000e+00  8.000000e-01
      vertex -3.970000e+01  3.600000e+00  8.000000e-01
      vertex -1.350000e+01  5.600000e+00  8.000000e-01
    endloop
  endfacet
  facet normal  1.000000e+00  0.000000e+00  0.000000e+00
    outer loop
      vertex -2.170000e+01  3.425000e+01  1.000000e+00
      vertex -2.170000e+01  3.425000e+01  1.520000e+01
      vertex -2.170000e+01  3.365000e+01  1.000000e+00
    endloop
  endfacet
  facet normal  9.999999e-01  0.000000e+00  -0.000000e+00
    outer loop
      vertex -2.170000e+01  3.365000e+01  1.000000e+00
      vertex -2.170000e+01  3.425000e+01  1.520000e+01
      vertex -2.170000e+01  2.827646e+01  5.800000e+00
    endloop
  endfacet
  facet normal  1.000000e+00  0.000000e+00  0.000000e+00
    outer loop
      vertex -2.170000e+01  3.365000e+01  1.000000e+00
      vertex -2.170000e+01  2.827646e+01  5.800000e+00
      vertex -2.170000e+01  3.365000e+01  8.000000e-01
    endloop
  endfacet
  facet normal  9.999999e-01  0.000000e+00  0.000000e+00
    outer loop
      vertex -2.170000e+01  3.365000e+01  8.000000e-01
      vertex -2.170000e+01  2.827646e+01  5.800000e+00
      vertex -2.170000e+01  2.827646e+01  8.000000e-01
    endloop
  endfacet
  facet normal  1.000000e+00  0.000000e+00  0.000000e+00
    outer loop
      vertex -2.170000e+01  2.827646e+01  5.800000e+00
      vertex -2.170000e+01  3.425000e+01  1.520000e+01
      vertex -2.170000e+01  2.727646e+01  5.800000e+00
    endloop
  endfacet
  facet normal  9.999999e-01  0.000000e+00  -0.000000e+00
    outer loop
      vertex -2.170000e+01  2.727646e+01  5.800000e+00
      vertex -2.170000e+01  3.425000e+01  1.520000e+01
      vertex -2.170000e+01  2.195000e+01  1.520000e+01
    endloop
  endfacet
  facet normal  1.000000e+00  0.000000e+00  0.000000e+00
    outer loop
      vertex -2.170000e+01  2.727646e+01  5.800000e+00
      vertex -2.170000e+01  2.195000e+01  1.520000e+01
      vertex -2.170000e+01  2.727646e+01  8.000000e-01
    endloop
  endfacet
  facet normal  9.999999e-01  0.000000e+00  0.000000e+00
    outer loop
      vertex -2.170000e+01  2.727646e+01  8.000000e-01
      vertex -2.170000e+01  2.195000e+01  1.520000e+01
      vertex -2.170000e+01  2.195000e+01  1.280000e+01
    endloop
  endfacet
  facet normal  1.000000e+00  0.000000e+00  0.000000e+00
    outer loop
      vertex -2.170000e+01  2.727646e+01  8.000000e-01
      vertex -2.170000e+01  2.195000e+01  1.280000e+01
      vertex -2.170000e+01  9.600000e+00  8.000000e-01
    endloop
  endfacet
  facet normal  1.000000e+00  0.000000e+00  0.000000e+00
    outer loop
      vertex -2.170000e+01  9.600000e+00  8.000000e-01
      vertex -2.170000e+01  2.195000e+01  1.280000e+01
      vertex -2.170000e+01  9.600000e+00  1.280000e+01
    endloop
  endfacet
  facet normal  0.000000e+00 -1.000000e+00  0.000000e+00
    outer loop
      vertex -1.948121e+01  2.727646e+01  5.800000e+00
      vertex -2.170000e+01  2.727646e+01  5.800000e+00
      vertex -1.948121e+01  2.727646e+01  8.000000e-01
    endloop
  endfacet
  facet normal  0.000000e+00 -1.000000e+00  0.000000e+00
    outer loop
      vertex -1.948121e+01  2.727646e+01  8.000000e-01
      vertex -2.170000e+01  2.727646e+01  5.800000e+00
      vertex -2.170000e+01  2.727646e+01  8.000000e-01
    endloop
  endfacet
  facet normal  -0.000000e+00  0.000000e+00  1.000000e+00
    outer loop
      vertex  4.250000e+01  2.125000e+01  3.300000e+00
      vertex  3.850000e+01  2.125000e+01  3.300000e+00
      vertex  4.250000e+01  8.500000e+00  3.300000e+00
    endloop
  endfacet
  facet normal  0.000000e+00  0.000000e+00  1.000000e+00
    outer loop
      vertex  4.250000e+01  8.500000e+00  3.300000e+00
      vertex  3.850000e+01  2.125000e+01  3.300000e+00
      vertex  3.850000e+01  8.500000e+00  3.300000e+00
    endloop
  endfacet
  facet normal  0.000000e+00  0.000000e+00  1.000000e+00
    outer loop
      vertex -4.450000e+01  2.160000e+01  1.520000e+01
      vertex -4.170000e+01  2.160000e+01  1.520000e+01
      vertex -4.450000e+01  2.275000e+01  1.520000e+01
    endloop
  endfacet
  facet normal  0.000000e+00  0.000000e+00  1.000000e+00
    outer loop
      vertex -4.450000e+01  2.275000e+01  1.520000e+01
      vertex -4.170000e+01  2.160000e+01  1.520000e+01
      vertex -4.170000e+01  2.195000e+01  1.520000e+01
    endloop
  endfacet
  facet normal  0.000000e+00  -0.000000e+00  1.000000e+00
    outer loop
      vertex -4.450000e+01  2.275000e+01  1.520000e+01
      vertex -4.170000e+01  2.195000e+01  1.520000e+01
      vertex -2.250000e+01  2.275000e+01  1.520000e+01
    endloop
  endfacet
  facet normal  0.000000e+00  0.000000e+00  1.000000e+00
    outer loop
      vertex -2.250000e+01  2.275000e+01  1.520000e+01
      vertex -4.170000e+01  2.195000e+01  1.520000e+01
      vertex -2.170000e+01  2.195000e+01  1.520000e+01
    endloop
  endfacet
  facet normal  0.000000e+00  0.000000e+00  1.000000e+00
    outer loop
      vertex -2.250000e+01  2.275000e+01  1.520000e+01
      vertex -2.170000e+01  2.195000e+01  1.520000e+01
      vertex -2.250000e+01  3.525000e+01  1.520000e+01
    endloop
  endfacet
  facet normal  0.000000e+00  0.000000e+00  1.000000e+00
    outer loop
      vertex -2.250000e+01  3.525000e+01  1.520000e+01
      vertex -2.170000e+01  2.195000e+01  1.520000e+01
      vertex -2.170000e+01  3.425000e+01  1.520000e+01
    endloop
  endfacet
  facet normal  0.000000e+00  -0.000000e+00  9.999999e-01
    outer loop
      vertex -2.250000e+01  3.525000e+01  1.520000e+01
      vertex -2.170000e+01  3.425000e+01  1.520000e+01
      vertex -2.060000e+01  3.525000e+01  1.520000e+01
    endloop
  endfacet
  facet normal  0.000000e+00  0.000000e+00  1.000000e+00
    outer loop
      vertex -2.060000e+01  3.525000e+01  1.520000e+01
      vertex -2.170000e+01  3.425000e+01  1.520000e+01
      vertex -2.060000e+01  3.425000e+01  1.520000e+01
    endloop
  endfacet
  facet normal  0.000000e+00 -1.000000e+00  0.000000e+00
    outer loop
      vertex -2.170000e+01  3.365000e+01  8.000000e-01
      vertex -2.060000e+01  3.365000e+01  8.000000e-01
      vertex -2.170000e+01  3.365000e+01  1.000000e+00
    endloop
  endfacet
  facet normal  0.000000e+00 -1.000000e+00  0.000000e+00
    outer loop
      vertex -2.170000e+01  3.365000e+01  1.000000e+00
      vertex -2.060000e+01  3.365000e+01  8.000000e-01
      vertex -2.060000e+01  3.365000e+01  1.000000e+00
    endloop
  endfacet
  facet normal  0.000000e+00  0.000000e+00  1.000000e+00
    outer loop
      vertex  2.170000e+01  3.365000e+01  8.000000e-01
      vertex -1.570000e+01  2.995000e+01  8.000000e-01
      vertex  1.570000e+01  2.995000e+01  8.000000e-01
    endloop
  endfacet
  facet normal  0.000000e+00  0.000000e+00  1.000000e+00
    outer loop
      vertex  2.170000e+01  3.365000e+01  8.000000e-01
      vertex  1.570000e+01  2.995000e+01  8.000000e-01
      vertex  1.750000e+01  2.995000e+01  8.000000e-01
    endloop
  endfacet
  facet normal  -0.000000e+00  0.000000e+00  1.000000e+00
    outer loop
      vertex  2.170000e+01  3.365000e+01  8.000000e-01
      vertex  1.750000e+01  2.995000e+01  8.000000e-01
      vertex  1.784990e+01  2.991916e+01  8.000000e-01
    endloop
  endfacet
  facet normal  -0.000000e+00  0.000000e+00  1.000000e+00
    outer loop
      vertex  2.170000e+01  3.365000e+01  8.000000e-01
      vertex  1.784990e+01  2.991916e+01  8.000000e-01
      vertex  1.818900e+01  2.982757e+01  8.000000e-01
    endloop
  endfacet
  facet normal  -0.000000e+00  0.000000e+00  1.000000e+00
    outer loop
      vertex  2.170000e+01  3.365000e+01  8.000000e-01
      vertex  1.818900e+01  2.982757e+01  8.000000e-01
      vertex  1.850686e+01  2.967807e+01  8.000000e-01
    endloop
  endfacet
  facet normal  -0.000000e+00  0.000000e+00  1.000000e+00
    outer loop
      vertex  2.170000e+01  3.365000e+01  8.000000e-01
      vertex  1.850686e+01  2.967807e+01  8.000000e-01
      vertex  2.170000e+01  2.827646e+01  8.000000e-01
    endloop
  endfacet
  facet normal  0.000000e+00  -0.000000e+00  1.000000e+00
    outer loop
      vertex -2.170000e+01  2.827646e+01  8.000000e-01
      vertex -1.947318e+01  2.827646e+01  8.000000e-01
      vertex -1.938563e+01  2.861663e+01  8.000000e-01
    endloop
  endfacet
  facet normal  0.000000e+00  -0.000000e+00  1.000000e+00
    outer loop
      vertex -2.170000e+01  2.827646e+01  8.000000e-01
      vertex -1.938563e+01  2.861663e+01  8.000000e-01
      vertex -1.923992e+01  2.893624e+01  8.000000e-01
    endloop
  endfacet
  facet normal  0.000000e+00  -0.000000e+00  1.000000e+00
    outer loop
      vertex -2.170000e+01  2.827646e+01  8.000000e-01
      vertex -1.923992e+01  2.893624e+01  8.000000e-01
      vertex -1.904055e+01  2.922543e+01  8.000000e-01
    endloop
  endfacet
  facet normal  0.000000e+00  -0.000000e+00  1.000000e+00
    outer loop
      vertex -2.170000e+01  2.827646e+01  8.000000e-01
      vertex -1.904055e+01  2.922543e+01  8.000000e-01
      vertex -1.879365e+01  2.947528e+01  8.000000e-01
    endloop
  endfacet
  facet normal  0.000000e+00  -0.000000e+00  1.000000e+00
    outer loop
      vertex -2.170000e+01  2.827646e+01  8.000000e-01
      vertex -1.879365e+01  2.947528e+01  8.000000e-01
      vertex -1.850686e+01  2.967807e+01  8.000000e-01
    endloop
  endfacet
  facet normal  0.000000e+00  0.000000e+00  1.000000e+00
    outer loop
      vertex -2.170000e+01  3.365000e+01  8.000000e-01
      vertex -2.170000e+01  2.827646e+01  8.000000e-01
      vertex -1.850686e+01  2.967807e+01  8.000000e-01
    endloop
  endfacet
  facet normal  0.000000e+00  -0.000000e+00  1.000000e+00
    outer loop
      vertex -2.170000e+01  3.365000e+01  8.000000e-01
      vertex -1.850686e+01  2.967807e+01  8.000000e-01
      vertex -1.818900e+01  2.982757e+01  8.000000e-01
    endloop
  endfacet
  facet normal  0.000000e+00  -0.000000e+00  1.000000e+00
    outer loop
      vertex -2.170000e+01  3.365000e+01  8.000000e-01
      vertex -1.818900e+01  2.982757e+01  8.000000e-01
      vertex -1.784990e+01  2.991916e+01  8.000000e-01
    endloop
  endfacet
  facet normal  0.000000e+00  -0.000000e+00  1.000000e+00
    outer loop
      vertex -2.170000e+01  3.365000e+01  8.000000e-01
      vertex -1.784990e+01  2.991916e+01  8.000000e-01
      vertex -1.750000e+01  2.995000e+01  8.000000e-01
    endloop
  endfacet
  facet normal  0.000000e+00  -0.000000e+00  1.000000e+00
    outer loop
      vertex -2.170000e+01  3.365000e+01  8.000000e-01
      vertex -1.750000e+01  2.995000e+01  8.000000e-01
      vertex -1.570000e+01  2.995000e+01  8.000000e-01
    endloop
  endfacet
  facet normal  0.000000e+00  0.000000e+00  1.000000e+00
    outer loop
      vertex -1.570000e+01  2.995000e+01  8.000000e-01
      vertex  2.170000e+01  3.365000e+01  8.000000e-01
      vertex  2.060000e+01  3.365000e+01  8.000000e-01
    endloop
  endfacet
  facet normal  0.000000e+00  0.000000e+00  1.000000e+00
    outer loop
      vertex -1.570000e+01  2.995000e+01  8.000000e-01
      vertex  2.060000e+01  3.365000e+01  8.000000e-01
      vertex -2.060000e+01  3.365000e+01  8.000000e-01
    endloop
  endfacet
  facet normal  0.000000e+00  0.000000e+00  1.000000e+00
    outer loop
      vertex -1.570000e+01  2.995000e+01  8.000000e-01
      vertex -2.060000e+01  3.365000e+01  8.000000e-01
      vertex -2.170000e+01  3.365000e+01  8.000000e-01
    endloop
  endfacet
  facet normal  0.000000e+00  0.000000e+00  1.000000e+00
    outer loop
      vertex  2.170000e+01  2.827646e+01  8.000000e-01
      vertex  1.850686e+01  2.967807e+01  8.000000e-01
      vertex  1.879365e+01  2.947528e+01  8.000000e-01
    endloop
  endfacet
  facet normal  0.000000e+00  0.000000e+00  1.000000e+00
    outer loop
      vertex  2.170000e+01  2.827646e+01  8.000000e-01
      vertex  1.879365e+01  2.947528e+01  8.000000e-01
      vertex  1.904055e+01  2.922543e+01  8.000000e-01
    endloop
  endfacet
  facet normal  0.000000e+00  0.000000e+00  1.000000e+00
    outer loop
      vertex  2.170000e+01  2.827646e+01  8.000000e-01
      vertex  1.904055e+01  2.922543e+01  8.000000e-01
      vertex  1.923992e+01  2.893624e+01  8.000000e-01
    endloop
  endfacet
  facet normal  0.000000e+00  0.000000e+00  1.000000e+00
    outer loop
      vertex  2.170000e+01  2.827646e+01  8.000000e-01
      vertex  1.923992e+01  2.893624e+01  8.000000e-01
      vertex  1.938563e+01  2.861663e+01  8.000000e-01
    endloop
  endfacet
  facet normal  0.000000e+00  0.000000e+00  1.000000e+00
    outer loop
      vertex  2.170000e+01  2.827646e+01  8.000000e-01
      vertex  1.938563e+01  2.861663e+01  8.000000e-01
      vertex  1.947318e+01  2.827646e+01  8.000000e-01
    endloop
  endfacet
  facet normal  -0.000000e+00  0.000000e+00  9.999999e-01
    outer loop
      vertex  1.570000e+01  2.995000e+01  8.000000e-01
      vertex -1.570000e+01  2.995000e+01  8.000000e-01
      vertex  1.535010e+01  2.991916e+01  8.000000e-01
    endloop
  endfacet
  facet normal  0.000000e+00  0.000000e+00  1.000000e+00
    outer loop
      vertex  1.535010e+01  2.991916e+01  8.000000e-01
      vertex -1.570000e+01  2.995000e+01  8.000000e-01
      vertex -1.535010e+01  2.991916e+01  8.000000e-01
    endloop
  endfacet
  facet normal  -0.000000e+00  0.000000e+00  1.000000e+00
    outer loop
      vertex  1.535010e+01  2.991916e+01  8.000000e-01
      vertex -1.535010e+01  2.991916e+01  8.000000e-01
      vertex  1.501100e+01  2.982757e+01  8.000000e-01
    endloop
  endfacet
  facet normal  0.000000e+00  0.000000e+00  1.000000e+00
    outer loop
      vertex  1.501100e+01  2.982757e+01  8.000000e-01
      vertex -1.535010e+01  2.991916e+01  8.000000e-01
      vertex -1.501100e+01  2.982757e+01  8.000000e-01
    endloop
  endfacet
  facet normal  -0.000000e+00  0.000000e+00  1.000000e+00
    outer loop
      vertex  1.501100e+01  2.982757e+01  8.000000e-01
      vertex -1.501100e+01  2.982757e+01  8.000000e-01
      vertex  1.469314e+01  2.967807e+01  8.000000e-01
    endloop
  endfacet
  facet normal  0.000000e+00  0.000000e+00  1.000000e+00
    outer loop
      vertex  1.469314e+01  2.967807e+01  8.000000e-01
      vertex -1.501100e+01  2.982757e+01  8.000000e-01
      vertex -1.469314e+01  2.967807e+01  8.000000e-01
    endloop
  endfacet
  facet normal  -0.000000e+00  0.000000e+00  1.000000e+00
    outer loop
      vertex  1.469314e+01  2.967807e+01  8.000000e-01
      vertex -1.469314e+01  2.967807e+01  8.000000e-01
      vertex  1.440635e+01  2.947528e+01  8.000000e-01
    endloop
  endfacet
  facet normal  0.000000e+00  0.000000e+00  1.000000e+00
    outer loop
      vertex  1.440635e+01  2.947528e+01  8.000000e-01
      vertex -1.469314e+01  2.967807e+01  8.000000e-01
      vertex -1.440635e+01  2.947528e+01  8.000000e-01
    endloop
  endfacet
  facet normal  -0.000000e+00  0.000000e+00  1.000000e+00
    outer loop
      vertex  1.440635e+01  2.947528e+01  8.000000e-01
      vertex -1.440635e+01  2.947528e+01  8.000000e-01
      vertex  1.415945e+01  2.922543e+01  8.000000e-01
    endloop
  endfacet
  facet normal  0.000000e+00  0.000000e+00  9.999999e-01
    outer loop
      vertex  1.415945e+01  2.922543e+01  8.000000e-01
      vertex -1.440635e+01  2.947528e+01  8.000000e-01
      vertex -1.415945e+01  2.922543e+01  8.000000e-01
    endloop
  endfacet
  facet normal  -0.000000e+00  0.000000e+00  1.000000e+00
    outer loop
      vertex  1.415945e+01  2.922543e+01  8.000000e-01
      vertex -1.415945e+01  2.922543e+01  8.000000e-01
      vertex  1.396008e+01  2.893624e+01  8.000000e-01
    endloop
  endfacet
  facet normal  0.000000e+00  0.000000e+00  1.000000e+00
    outer loop
      vertex  1.396008e+01  2.893624e+01  8.000000e-01
      vertex -1.415945e+01  2.922543e+01  8.000000e-01
      vertex -1.396008e+01  2.893624e+01  8.000000e-01
    endloop
  endfacet
  facet normal  -0.000000e+00  0.000000e+00  1.000000e+00
    outer loop
      vertex  1.396008e+01  2.893624e+01  8.000000e-01
      vertex -1.396008e+01  2.893624e+01  8.000000e-01
      vertex  1.381437e+01  2.861663e+01  8.000000e-01
    endloop
  endfacet
  facet normal  0.000000e+00  0.000000e+00  1.000000e+00
    outer loop
      vertex  1.381437e+01  2.861663e+01  8.000000e-01
      vertex -1.396008e+01  2.893624e+01  8.000000e-01
      vertex -1.381437e+01  2.861663e+01  8.000000e-01
    endloop
  endfacet
  facet normal  -0.000000e+00  0.000000e+00  1.000000e+00
    outer loop
      vertex  1.381437e+01  2.861663e+01  8.000000e-01
      vertex -1.381437e+01  2.861663e+01  8.000000e-01
      vertex  1.372682e+01  2.827646e+01  8.000000e-01
    endloop
  endfacet
  facet normal  0.000000e+00  0.000000e+00  1.000000e+00
    outer loop
      vertex  1.372682e+01  2.827646e+01  8.000000e-01
      vertex -1.381437e+01  2.861663e+01  8.000000e-01
      vertex -1.372682e+01  2.827646e+01  8.000000e-01
    endloop
  endfacet
  facet normal  0.000000e+00 -1.000000e+00  0.000000e+00
    outer loop
      vertex  2.060000e+01  3.365000e+01  8.000000e-01
      vertex  2.170000e+01  3.365000e+01  8.000000e-01
      vertex  2.060000e+01  3.365000e+01  1.000000e+00
    endloop
  endfacet
  facet normal  0.000000e+00 -1.000000e+00  0.000000e+00
    outer loop
      vertex  2.060000e+01  3.365000e+01  1.000000e+00
      vertex  2.170000e+01  3.365000e+01  8.000000e-01
      vertex  2.170000e+01  3.365000e+01  1.000000e+00
    endloop
  endfacet
  facet normal  0.000000e+00  0.000000e+00  1.000000e+00
    outer loop
      vertex  2.170000e+01  3.425000e+01  1.520000e+01
      vertex  2.170000e+01  2.045000e+01  1.520000e+01
      vertex  2.250000e+01  2.125000e+01  1.520000e+01
    endloop
  endfacet
  facet normal  0.000000e+00  -0.000000e+00  1.000000e+00
    outer loop
      vertex  2.170000e+01  3.425000e+01  1.520000e+01
      vertex  2.250000e+01  2.125000e+01  1.520000e+01
      vertex  2.250000e+01  3.525000e+01  1.520000e+01
    endloop
  endfacet
  facet normal  0.000000e+00  0.000000e+00  9.999999e-01
    outer loop
      vertex  2.170000e+01  3.425000e+01  1.520000e+01
      vertex  2.250000e+01  3.525000e+01  1.520000e+01
      vertex  2.060000e+01  3.525000e+01  1.520000e+01
    endloop
  endfacet
  facet normal  0.000000e+00  0.000000e+00  1.000000e+00
    outer loop
      vertex  2.170000e+01  3.425000e+01  1.520000e+01
      vertex  2.060000e+01  3.525000e+01  1.520000e+01
      vertex  2.060000e+01  3.425000e+01  1.520000e+01
    endloop
  endfacet
  facet normal  0.000000e+00  0.000000e+00  1.000000e+00
    outer loop
      vertex  3.500000e+01  7.700000e+00  1.520000e+01
      vertex  3.500000e+01  8.500000e+00  1.520000e+01
      vertex  3.170000e+01  7.700000e+00  1.520000e+01
    endloop
  endfacet
  facet normal  0.000000e+00  0.000000e+00  1.000000e+00
    outer loop
      vertex  3.170000e+01  7.700000e+00  1.520000e+01
      vertex  3.500000e+01  8.500000e+00  1.520000e+01
      vertex  3.250000e+01  8.500000e+00  1.520000e+01
    endloop
  endfacet
  facet normal  0.000000e+00  0.000000e+00  1.000000e+00
    outer loop
      vertex  3.170000e+01  7.700000e+00  1.520000e+01
      vertex  3.250000e+01  8.500000e+00  1.520000e+01
      vertex  3.170000e+01  2.045000e+01  1.520000e+01
    endloop
  endfacet
  facet normal  -0.000000e+00  0.000000e+00  1.000000e+00
    outer loop
      vertex  3.170000e+01  2.045000e+01  1.520000e+01
      vertex  3.250000e+01  8.500000e+00  1.520000e+01
      vertex  3.250000e+01  2.125000e+01  1.520000e+01
    endloop
  endfacet
  facet normal  0.000000e+00  0.000000e+00  1.000000e+00
    outer loop
      vertex  3.170000e+01  2.045000e+01  1.520000e+01
      vertex  3.250000e+01  2.125000e+01  1.520000e+01
      vertex  2.170000e+01  2.045000e+01  1.520000e+01
    endloop
  endfacet
  facet normal  0.000000e+00  0.000000e+00  1.000000e+00
    outer loop
      vertex  2.170000e+01  2.045000e+01  1.520000e+01
      vertex  3.250000e+01  2.125000e+01  1.520000e+01
      vertex  2.250000e+01  2.125000e+01  1.520000e+01
    endloop
  endfacet
  facet normal  -0.000000e+00  0.000000e+00  1.000000e+00
    outer loop
      vertex  1.850000e+01 -2.155000e+01  1.520000e+01
      vertex -2.130000e+01 -2.155000e+01  1.520000e+01
      vertex -2.137804e+01 -2.155769e+01  1.520000e+01
    endloop
  endfacet
  facet normal  0.000000e+00  0.000000e+00  1.000000e+00
    outer loop
      vertex -4.170000e+01 -2.235000e+01  1.520000e+01
      vertex -4.250000e+01 -2.775000e+01  1.520000e+01
      vertex -3.959776e+01 -2.318332e+01  1.520000e+01
    endloop
  endfacet
  facet normal  0.000000e+00  -0.000000e+00  1.000000e+00
    outer loop
      vertex -4.170000e+01 -2.235000e+01  1.520000e+01
      vertex -3.959776e+01 -2.318332e+01  1.520000e+01
      vertex -3.944853e+01 -2.300147e+01  1.520000e+01
    endloop
  endfacet
  facet normal  0.000000e+00  -0.000000e+00  1.000000e+00
    outer loop
      vertex -4.170000e+01 -2.235000e+01  1.520000e+01
      vertex -3.944853e+01 -2.300147e+01  1.520000e+01
      vertex -3.926669e+01 -2.285224e+01  1.520000e+01
    endloop
  endfacet
  facet normal  0.000000e+00  -0.000000e+00  1.000000e+00
    outer loop
      vertex -4.170000e+01 -2.235000e+01  1.520000e+01
      vertex -3.926669e+01 -2.285224e+01  1.520000e+01
      vertex -3.905922e+01 -2.274134e+01  1.520000e+01
    endloop
  endfacet
  facet normal  0.000000e+00  -0.000000e+00  1.000000e+00
    outer loop
      vertex -4.170000e+01 -2.235000e+01  1.520000e+01
      vertex -3.905922e+01 -2.274134e+01  1.520000e+01
      vertex -3.883411e+01 -2.267306e+01  1.520000e+01
    endloop
  endfacet
  facet normal  0.000000e+00  -0.000000e+00  9.999999e-01
    outer loop
      vertex -4.170000e+01 -2.235000e+01  1.520000e+01
      vertex -3.883411e+01 -2.267306e+01  1.520000e+01
      vertex -3.860000e+01 -2.265000e+01  1.520000e+01
    endloop
  endfacet
  facet normal  -0.000000e+00  -0.000000e+00  1.000000e+00
    outer loop
      vertex -4.170000e+01 -2.235000e+01  1.520000e+01
      vertex -3.860000e+01 -2.265000e+01  1.520000e+01
      vertex  1.770000e+01 -2.275000e+01  1.520000e+01
    endloop
  endfacet
  facet normal  0.000000e+00  0.000000e+00  1.000000e+00
    outer loop
      vertex -4.170000e+01 -2.235000e+01  1.520000e+01
      vertex  1.770000e+01 -2.275000e+01  1.520000e+01
      vertex -2.170000e+01 -2.235000e+01  1.520000e+01
    endloop
  endfacet
  facet normal  -0.000000e+00  0.000000e+00  1.000000e+00
    outer loop
      vertex  4.170000e+01 -2.235000e+01  1.520000e+01
      vertex  3.610000e+01 -2.235000e+01  1.520000e+01
      vertex  3.881460e+01 -2.277114e+01  1.520000e+01
    endloop
  endfacet
  facet normal  -0.000000e+00  0.000000e+00  1.000000e+00
    outer loop
      vertex  4.170000e+01 -2.235000e+01  1.520000e+01
      vertex  3.881460e+01 -2.277114e+01  1.520000e+01
      vertex  3.902095e+01 -2.283373e+01  1.520000e+01
    endloop
  endfacet
  facet normal  -0.000000e+00  0.000000e+00  1.000000e+00
    outer loop
      vertex  4.170000e+01 -2.235000e+01  1.520000e+01
      vertex  3.902095e+01 -2.283373e+01  1.520000e+01
      vertex  3.921113e+01 -2.293538e+01  1.520000e+01
    endloop
  endfacet
  facet normal  -0.000000e+00  0.000000e+00  1.000000e+00
    outer loop
      vertex  4.170000e+01 -2.235000e+01  1.520000e+01
      vertex  3.921113e+01 -2.293538e+01  1.520000e+01
      vertex  3.937782e+01 -2.307218e+01  1.520000e+01
    endloop
  endfacet
  facet normal  -0.000000e+00  0.000000e+00  9.999999e-01
    outer loop
      vertex  4.170000e+01 -2.235000e+01  1.520000e+01
      vertex  3.937782e+01 -2.307218e+01  1.520000e+01
      vertex  3.951462e+01 -2.323887e+01  1.520000e+01
    endloop
  endfacet
  facet normal  -0.000000e+00  0.000000e+00  9.999999e-01
    outer loop
      vertex  4.170000e+01 -2.235000e+01  1.520000e+01
      vertex  3.951462e+01 -2.323887e+01  1.520000e+01
      vertex  4.250000e+01 -2.775000e+01  1.520000e+01
    endloop
  endfacet
  facet normal  0.000000e+00  -0.000000e+00  1.000000e+00
    outer loop
      vertex  4.170000e+01 -2.235000e+01  1.520000e+01
      vertex  4.250000e+01 -2.775000e+01  1.520000e+01
      vertex  4.250000e+01  8.500000e+00  1.520000e+01
    endloop
  endfacet
  facet normal  0.000000e+00  0.000000e+00  1.000000e+00
    outer loop
      vertex  4.170000e+01 -2.235000e+01  1.520000e+01
      vertex  4.250000e+01  8.500000e+00  1.520000e+01
      vertex  4.170000e+01  7.700000e+00  1.520000e+01
    endloop
  endfacet
  facet normal  0.000000e+00  0.000000e+00  1.000000e+00
    outer loop
      vertex -4.250000e+01  5.750000e+00  1.520000e+01
      vertex -4.250000e+01 -2.775000e+01  1.520000e+01
      vertex -4.170000e+01 -2.235000e+01  1.520000e+01
    endloop
  endfacet
  facet normal  0.000000e+00  -0.000000e+00  1.000000e+00
    outer loop
      vertex -4.250000e+01  5.750000e+00  1.520000e+01
      vertex -4.170000e+01 -2.235000e+01  1.520000e+01
      vertex -4.170000e+01  6.600000e+00  1.520000e+01
    endloop
  endfacet
  facet normal  0.000000e+00  0.000000e+00  1.000000e+00
    outer loop
      vertex -4.250000e+01  5.750000e+00  1.520000e+01
      vertex -4.170000e+01  6.600000e+00  1.520000e+01
      vertex -4.250000e+01  6.600000e+00  1.520000e+01
    endloop
  endfacet
  facet normal  0.000000e+00  0.000000e+00  1.000000e+00
    outer loop
      vertex -4.250000e+01  5.750000e+00  1.520000e+01
      vertex -4.250000e+01  6.600000e+00  1.520000e+01
      vertex -4.350000e+01  5.750000e+00  1.520000e+01
    endloop
  endfacet
  facet normal  0.000000e+00  0.000000e+00  1.000000e+00
    outer loop
      vertex  3.610000e+01 -2.235000e+01  1.520000e+01
      vertex  3.610000e+01 -2.655000e+01  1.520000e+01
      vertex  3.758373e+01 -2.342905e+01  1.520000e+01
    endloop
  endfacet
  facet normal  0.000000e+00  -0.000000e+00  9.999999e-01
    outer loop
      vertex  3.610000e+01 -2.235000e+01  1.520000e+01
      vertex  3.758373e+01 -2.342905e+01  1.520000e+01
      vertex  3.768538e+01 -2.323887e+01  1.520000e+01
    endloop
  endfacet
  facet normal  0.000000e+00  -0.000000e+00  1.000000e+00
    outer loop
      vertex  3.610000e+01 -2.235000e+01  1.520000e+01
      vertex  3.768538e+01 -2.323887e+01  1.520000e+01
      vertex  3.782218e+01 -2.307218e+01  1.520000e+01
    endloop
  endfacet
  facet normal  0.000000e+00  -0.000000e+00  1.000000e+00
    outer loop
      vertex  3.610000e+01 -2.235000e+01  1.520000e+01
      vertex  3.782218e+01 -2.307218e+01  1.520000e+01
      vertex  3.798887e+01 -2.293538e+01  1.520000e+01
    endloop
  endfacet
  facet normal  0.000000e+00  -0.000000e+00  1.000000e+00
    outer loop
      vertex  3.610000e+01 -2.235000e+01  1.520000e+01
      vertex  3.798887e+01 -2.293538e+01  1.520000e+01
      vertex  3.817905e+01 -2.283373e+01  1.520000e+01
    endloop
  endfacet
  facet normal  0.000000e+00  -0.000000e+00  1.000000e+00
    outer loop
      vertex  3.610000e+01 -2.235000e+01  1.520000e+01
      vertex  3.817905e+01 -2.283373e+01  1.520000e+01
      vertex  3.838540e+01 -2.277114e+01  1.520000e+01
    endloop
  endfacet
  facet normal  0.000000e+00  -0.000000e+00  1.000000e+00
    outer loop
      vertex  3.610000e+01 -2.235000e+01  1.520000e+01
      vertex  3.838540e+01 -2.277114e+01  1.520000e+01
      vertex  3.860000e+01 -2.275000e+01  1.520000e+01
    endloop
  endfacet
  facet normal  -0.000000e+00  -0.000000e+00  1.000000e+00
    outer loop
      vertex  3.610000e+01 -2.235000e+01  1.520000e+01
      vertex  3.860000e+01 -2.275000e+01  1.520000e+01
      vertex  3.881460e+01 -2.277114e+01  1.520000e+01
    endloop
  endfacet
  facet normal  0.000000e+00  0.000000e+00  1.000000e+00
    outer loop
      vertex  1.770000e+01 -2.275000e+01  1.520000e+01
      vertex -3.860000e+01 -2.265000e+01  1.520000e+01
      vertex -3.836589e+01 -2.267306e+01  1.520000e+01
    endloop
  endfacet
  facet normal  0.000000e+00  0.000000e+00  1.000000e+00
    outer loop
      vertex  1.770000e+01 -2.275000e+01  1.520000e+01
      vertex -3.836589e+01 -2.267306e+01  1.520000e+01
      vertex -3.814078e+01 -2.274134e+01  1.520000e+01
    endloop
  endfacet
  facet normal  0.000000e+00  0.000000e+00  1.000000e+00
    outer loop
      vertex  1.770000e+01 -2.275000e+01  1.520000e+01
      vertex -3.814078e+01 -2.274134e+01  1.520000e+01
      vertex -2.050000e+01 -2.275000e+01  1.520000e+01
    endloop
  endfacet
  facet normal  0.000000e+00  0.000000e+00  9.999999e-01
    outer loop
      vertex -4.250000e+01 -2.775000e+01  1.520000e+01
      vertex -2.050000e+01 -2.775000e+01  1.520000e+01
      vertex -3.860000e+01 -2.505000e+01  1.520000e+01
    endloop
  endfacet
  facet normal  0.000000e+00  0.000000e+00  1.000000e+00
    outer loop
      vertex -4.250000e+01 -2.775000e+01  1.520000e+01
      vertex -3.860000e+01 -2.505000e+01  1.520000e+01
      vertex -3.883411e+01 -2.502694e+01  1.520000e+01
    endloop
  endfacet
  facet normal  0.000000e+00  0.000000e+00  9.999999e-01
    outer loop
      vertex -4.250000e+01 -2.775000e+01  1.520000e+01
      vertex -3.883411e+01 -2.502694e+01  1.520000e+01
      vertex -3.905922e+01 -2.495866e+01  1.520000e+01
    endloop
  endfacet
  facet normal  0.000000e+00  0.000000e+00  1.000000e+00
    outer loop
      vertex -4.250000e+01 -2.775000e+01  1.520000e+01
      vertex -3.905922e+01 -2.495866e+01  1.520000e+01
      vertex -3.926669e+01 -2.484776e+01  1.520000e+01
    endloop
  endfacet
  facet normal  0.000000e+00  0.000000e+00  1.000000e+00
    outer loop
      vertex -4.250000e+01 -2.775000e+01  1.520000e+01
      vertex -3.926669e+01 -2.484776e+01  1.520000e+01
      vertex -3.944853e+01 -2.469853e+01  1.520000e+01
    endloop
  endfacet
  facet normal  0.000000e+00  0.000000e+00  1.000000e+00
    outer loop
      vertex -4.250000e+01 -2.775000e+01  1.520000e+01
      vertex -3.944853e+01 -2.469853e+01  1.520000e+01
      vertex -3.959776e+01 -2.451668e+01  1.520000e+01
    endloop
  endfacet
  facet normal  0.000000e+00  0.000000e+00  1.000000e+00
    outer loop
      vertex -4.250000e+01 -2.775000e+01  1.520000e+01
      vertex -3.959776e+01 -2.451668e+01  1.520000e+01
      vertex -3.970866e+01 -2.430922e+01  1.520000e+01
    endloop
  endfacet
  facet normal  0.000000e+00  0.000000e+00  1.000000e+00
    outer loop
      vertex -4.250000e+01 -2.775000e+01  1.520000e+01
      vertex -3.970866e+01 -2.430922e+01  1.520000e+01
      vertex -3.977694e+01 -2.408411e+01  1.520000e+01
    endloop
  endfacet
  facet normal  0.000000e+00  0.000000e+00  1.000000e+00
    outer loop
      vertex -4.250000e+01 -2.775000e+01  1.520000e+01
      vertex -3.977694e+01 -2.408411e+01  1.520000e+01
      vertex -3.980000e+01 -2.385000e+01  1.520000e+01
    endloop
  endfacet
  facet normal  0.000000e+00  -0.000000e+00  1.000000e+00
    outer loop
      vertex -4.250000e+01 -2.775000e+01  1.520000e+01
      vertex -3.980000e+01 -2.385000e+01  1.520000e+01
      vertex -3.977694e+01 -2.361589e+01  1.520000e+01
    endloop
  endfacet
  facet normal  0.000000e+00  -0.000000e+00  1.000000e+00
    outer loop
      vertex -4.250000e+01 -2.775000e+01  1.520000e+01
      vertex -3.977694e+01 -2.361589e+01  1.520000e+01
      vertex -3.970866e+01 -2.339078e+01  1.520000e+01
    endloop
  endfacet
  facet normal  0.000000e+00  -0.000000e+00  1.000000e+00
    outer loop
      vertex -4.250000e+01 -2.775000e+01  1.520000e+01
      vertex -3.970866e+01 -2.339078e+01  1.520000e+01
      vertex -3.959776e+01 -2.318332e+01  1.520000e+01
    endloop
  endfacet
  facet normal  0.000000e+00  0.000000e+00  1.000000e+00
    outer loop
      vertex -2.050000e+01 -2.775000e+01  1.520000e+01
      vertex -2.050000e+01 -2.275000e+01  1.520000e+01
      vertex -3.814078e+01 -2.274134e+01  1.520000e+01
    endloop
  endfacet
  facet normal  0.000000e+00  0.000000e+00  9.999999e-01
    outer loop
      vertex -2.050000e+01 -2.775000e+01  1.520000e+01
      vertex -3.814078e+01 -2.274134e+01  1.520000e+01
      vertex -3.793332e+01 -2.285224e+01  1.520000e+01
    endloop
  endfacet
  facet normal  0.000000e+00  0.000000e+00  9.999999e-01
    outer loop
      vertex -2.050000e+01 -2.775000e+01  1.520000e+01
      vertex -3.793332e+01 -2.285224e+01  1.520000e+01
      vertex -3.775147e+01 -2.300147e+01  1.520000e+01
    endloop
  endfacet
  facet normal  0.000000e+00  0.000000e+00  1.000000e+00
    outer loop
      vertex -2.050000e+01 -2.775000e+01  1.520000e+01
      vertex -3.775147e+01 -2.300147e+01  1.520000e+01
      vertex -3.760224e+01 -2.318332e+01  1.520000e+01
    endloop
  endfacet
  facet normal  0.000000e+00  0.000000e+00  1.000000e+00
    outer loop
      vertex -2.050000e+01 -2.775000e+01  1.520000e+01
      vertex -3.760224e+01 -2.318332e+01  1.520000e+01
      vertex -3.749134e+01 -2.339078e+01  1.520000e+01
    endloop
  endfacet
  facet normal  0.000000e+00  0.000000e+00  1.000000e+00
    outer loop
      vertex -2.050000e+01 -2.775000e+01  1.520000e+01
      vertex -3.749134e+01 -2.339078e+01  1.520000e+01
      vertex -3.742306e+01 -2.361589e+01  1.520000e+01
    endloop
  endfacet
  facet normal  0.000000e+00  0.000000e+00  1.000000e+00
    outer loop
      vertex -2.050000e+01 -2.775000e+01  1.520000e+01
      vertex -3.742306e+01 -2.361589e+01  1.520000e+01
      vertex -3.740000e+01 -2.385000e+01  1.520000e+01
    endloop
  endfacet
  facet normal  0.000000e+00  0.000000e+00  1.000000e+00
    outer loop
      vertex -2.050000e+01 -2.775000e+01  1.520000e+01
      vertex -3.740000e+01 -2.385000e+01  1.520000e+01
      vertex -3.742306e+01 -2.408411e+01  1.520000e+01
    endloop
  endfacet
  facet normal  0.000000e+00  0.000000e+00  1.000000e+00
    outer loop
      vertex -2.050000e+01 -2.775000e+01  1.520000e+01
      vertex -3.742306e+01 -2.408411e+01  1.520000e+01
      vertex -3.749134e+01 -2.430922e+01  1.520000e+01
    endloop
  endfacet
  facet normal  0.000000e+00  0.000000e+00  9.999999e-01
    outer loop
      vertex -2.050000e+01 -2.775000e+01  1.520000e+01
      vertex -3.749134e+01 -2.430922e+01  1.520000e+01
      vertex -3.760224e+01 -2.451668e+01  1.520000e+01
    endloop
  endfacet
  facet normal  0.000000e+00  0.000000e+00  1.000000e+00
    outer loop
      vertex -2.050000e+01 -2.775000e+01  1.520000e+01
      vertex -3.760224e+01 -2.451668e+01  1.520000e+01
      vertex -3.775147e+01 -2.469853e+01  1.520000e+01
    endloop
  endfacet
  facet normal  0.000000e+00  0.000000e+00  1.000000e+00
    outer loop
      vertex -2.050000e+01 -2.775000e+01  1.520000e+01
      vertex -3.775147e+01 -2.469853e+01  1.520000e+01
      vertex -3.793332e+01 -2.484776e+01  1.520000e+01
    endloop
  endfacet
  facet normal  0.000000e+00  0.000000e+00  1.000000e+00
    outer loop
      vertex -2.050000e+01 -2.775000e+01  1.520000e+01
      vertex -3.793332e+01 -2.484776e+01  1.520000e+01
      vertex -3.814078e+01 -2.495866e+01  1.520000e+01
    endloop
  endfacet
  facet normal  0.000000e+00  0.000000e+00  1.000000e+00
    outer loop
      vertex -2.050000e+01 -2.775000e+01  1.520000e+01
      vertex -3.814078e+01 -2.495866e+01  1.520000e+01
      vertex -3.836589e+01 -2.502694e+01  1.520000e+01
    endloop
  endfacet
  facet normal  0.000000e+00  0.000000e+00  1.000000e+00
    outer loop
      vertex -2.050000e+01 -2.775000e+01  1.520000e+01
      vertex -3.836589e+01 -2.502694e+01  1.520000e+01
      vertex -3.860000e+01 -2.505000e+01  1.520000e+01
    endloop
  endfacet
  facet normal  -0.000000e+00  0.000000e+00  1.000000e+00
    outer loop
      vertex  3.610000e+01 -2.655000e+01  1.520000e+01
      vertex  1.890000e+01 -2.655000e+01  1.520000e+01
      vertex  1.670000e+01 -2.775000e+01  1.520000e+01
    endloop
  endfacet
  facet normal  0.000000e+00  0.000000e+00  1.000000e+00
    outer loop
      vertex  3.610000e+01 -2.655000e+01  1.520000e+01
      vertex  1.670000e+01 -2.775000e+01  1.520000e+01
      vertex  4.250000e+01 -2.775000e+01  1.520000e+01
    endloop
  endfacet
  facet normal  0.000000e+00  0.000000e+00  1.000000e+00
    outer loop
      vertex  3.610000e+01 -2.655000e+01  1.520000e+01
      vertex  4.250000e+01 -2.775000e+01  1.520000e+01
      vertex  3.860000e+01 -2.495000e+01  1.520000e+01
    endloop
  endfacet
  facet normal  0.000000e+00  0.000000e+00  1.000000e+00
    outer loop
      vertex  3.610000e+01 -2.655000e+01  1.520000e+01
      vertex  3.860000e+01 -2.495000e+01  1.520000e+01
      vertex  3.838540e+01 -2.492886e+01  1.520000e+01
    endloop
  endfacet
  facet normal  0.000000e+00  0.000000e+00  9.999999e-01
    outer loop
      vertex  3.610000e+01 -2.655000e+01  1.520000e+01
      vertex  3.838540e+01 -2.492886e+01  1.520000e+01
      vertex  3.817905e+01 -2.486627e+01  1.520000e+01
    endloop
  endfacet
  facet normal  0.000000e+00  0.000000e+00  1.000000e+00
    outer loop
      vertex  3.610000e+01 -2.655000e+01  1.520000e+01
      vertex  3.817905e+01 -2.486627e+01  1.520000e+01
      vertex  3.798887e+01 -2.476462e+01  1.520000e+01
    endloop
  endfacet
  facet normal  0.000000e+00  0.000000e+00  1.000000e+00
    outer loop
      vertex  3.610000e+01 -2.655000e+01  1.520000e+01
      vertex  3.798887e+01 -2.476462e+01  1.520000e+01
      vertex  3.782218e+01 -2.462782e+01  1.520000e+01
    endloop
  endfacet
  facet normal  0.000000e+00  0.000000e+00  1.000000e+00
    outer loop
      vertex  3.610000e+01 -2.655000e+01  1.520000e+01
      vertex  3.782218e+01 -2.462782e+01  1.520000e+01
      vertex  3.768538e+01 -2.446113e+01  1.520000e+01
    endloop
  endfacet
  facet normal  0.000000e+00  0.000000e+00  1.000000e+00
    outer loop
      vertex  3.610000e+01 -2.655000e+01  1.520000e+01
      vertex  3.768538e+01 -2.446113e+01  1.520000e+01
      vertex  3.758373e+01 -2.427095e+01  1.520000e+01
    endloop
  endfacet
  facet normal  0.000000e+00  0.000000e+00  1.000000e+00
    outer loop
      vertex  3.610000e+01 -2.655000e+01  1.520000e+01
      vertex  3.758373e+01 -2.427095e+01  1.520000e+01
      vertex  3.752114e+01 -2.406460e+01  1.520000e+01
    endloop
  endfacet
  facet normal  0.000000e+00  0.000000e+00  1.000000e+00
    outer loop
      vertex  3.610000e+01 -2.655000e+01  1.520000e+01
      vertex  3.752114e+01 -2.406460e+01  1.520000e+01
      vertex  3.750000e+01 -2.385000e+01  1.520000e+01
    endloop
  endfacet
  facet normal  0.000000e+00  -0.000000e+00  1.000000e+00
    outer loop
      vertex  3.610000e+01 -2.655000e+01  1.520000e+01
      vertex  3.750000e+01 -2.385000e+01  1.520000e+01
      vertex  3.752114e+01 -2.363540e+01  1.520000e+01
    endloop
  endfacet
  facet normal  0.000000e+00  -0.000000e+00  1.000000e+00
    outer loop
      vertex  3.610000e+01 -2.655000e+01  1.520000e+01
      vertex  3.752114e+01 -2.363540e+01  1.520000e+01
      vertex  3.758373e+01 -2.342905e+01  1.520000e+01
    endloop
  endfacet
  facet normal  0.000000e+00  0.000000e+00  1.000000e+00
    outer loop
      vertex  4.250000e+01 -2.775000e+01  1.520000e+01
      vertex  3.951462e+01 -2.323887e+01  1.520000e+01
      vertex  3.961627e+01 -2.342905e+01  1.520000e+01
    endloop
  endfacet
  facet normal  0.000000e+00  0.000000e+00  1.000000e+00
    outer loop
      vertex  4.250000e+01 -2.775000e+01  1.520000e+01
      vertex  3.961627e+01 -2.342905e+01  1.520000e+01
      vertex  3.967886e+01 -2.363540e+01  1.520000e+01
    endloop
  endfacet
  facet normal  0.000000e+00  0.000000e+00  1.000000e+00
    outer loop
      vertex  4.250000e+01 -2.775000e+01  1.520000e+01
      vertex  3.967886e+01 -2.363540e+01  1.520000e+01
      vertex  3.970000e+01 -2.385000e+01  1.520000e+01
    endloop
  endfacet
  facet normal  0.000000e+00  0.000000e+00  1.000000e+00
    outer loop
      vertex  4.250000e+01 -2.775000e+01  1.520000e+01
      vertex  3.970000e+01 -2.385000e+01  1.520000e+01
      vertex  3.967886e+01 -2.406460e+01  1.520000e+01
    endloop
  endfacet
  facet normal  0.000000e+00  0.000000e+00  9.999999e-01
    outer loop
      vertex  4.250000e+01 -2.775000e+01  1.520000e+01
      vertex  3.967886e+01 -2.406460e+01  1.520000e+01
      vertex  3.961627e+01 -2.427095e+01  1.520000e+01
    endloop
  endfacet
  facet normal  0.000000e+00  0.000000e+00  9.999999e-01
    outer loop
      vertex  4.250000e+01 -2.775000e+01  1.520000e+01
      vertex  3.961627e+01 -2.427095e+01  1.520000e+01
      vertex  3.951462e+01 -2.446113e+01  1.520000e+01
    endloop
  endfacet
  facet normal  0.000000e+00  0.000000e+00  1.000000e+00
    outer loop
      vertex  4.250000e+01 -2.775000e+01  1.520000e+01
      vertex  3.951462e+01 -2.446113e+01  1.520000e+01
      vertex  3.937782e+01 -2.462782e+01  1.520000e+01
    endloop
  endfacet
  facet normal  0.000000e+00  0.000000e+00  9.999999e-01
    outer loop
      vertex  4.250000e+01 -2.775000e+01  1.520000e+01
      vertex  3.937782e+01 -2.462782e+01  1.520000e+01
      vertex  3.921113e+01 -2.476462e+01  1.520000e+01
    endloop
  endfacet
  facet normal  0.000000e+00  0.000000e+00  9.999999e-01
    outer loop
      vertex  4.250000e+01 -2.775000e+01  1.520000e+01
      vertex  3.921113e+01 -2.476462e+01  1.520000e+01
      vertex  3.902095e+01 -2.486627e+01  1.520000e+01
    endloop
  endfacet
  facet normal  0.000000e+00  0.000000e+00  1.000000e+00
    outer loop
      vertex  4.250000e+01 -2.775000e+01  1.520000e+01
      vertex  3.902095e+01 -2.486627e+01  1.520000e+01
      vertex  3.881460e+01 -2.492886e+01  1.520000e+01
    endloop
  endfacet
  facet normal  0.000000e+00  0.000000e+00  1.000000e+00
    outer loop
      vertex  4.250000e+01 -2.775000e+01  1.520000e+01
      vertex  3.881460e+01 -2.492886e+01  1.520000e+01
      vertex  3.860000e+01 -2.495000e+01  1.520000e+01
    endloop
  endfacet
  facet normal  0.000000e+00  0.000000e+00  1.000000e+00
    outer loop
      vertex -2.170000e+01 -2.195000e+01  1.520000e+01
      vertex -2.170000e+01 -2.235000e+01  1.520000e+01
      vertex  1.890000e+01 -2.195000e+01  1.520000e+01
    endloop
  endfacet
  facet normal  0.000000e+00  0.000000e+00  1.000000e+00
    outer loop
      vertex  1.890000e+01 -2.195000e+01  1.520000e+01
      vertex -2.170000e+01 -2.235000e+01  1.520000e+01
      vertex  1.770000e+01 -2.275000e+01  1.520000e+01
    endloop
  endfacet
  facet normal  -0.000000e+00  0.000000e+00  1.000000e+00
    outer loop
      vertex  1.890000e+01 -2.195000e+01  1.520000e+01
      vertex  1.770000e+01 -2.275000e+01  1.520000e+01
      vertex  1.890000e+01 -2.655000e+01  1.520000e+01
    endloop
  endfacet
  facet normal  0.000000e+00  0.000000e+00  1.000000e+00
    outer loop
      vertex  1.890000e+01 -2.655000e+01  1.520000e+01
      vertex  1.770000e+01 -2.275000e+01  1.520000e+01
      vertex  1.770000e+01 -2.395000e+01  1.520000e+01
    endloop
  endfacet
  facet normal  0.000000e+00  0.000000e+00  9.999999e-01
    outer loop
      vertex  1.890000e+01 -2.655000e+01  1.520000e+01
      vertex  1.770000e+01 -2.395000e+01  1.520000e+01
      vertex  1.670000e+01 -2.775000e+01  1.520000e+01
    endloop
  endfacet
  facet normal  0.000000e+00  0.000000e+00  1.000000e+00
    outer loop
      vertex  1.670000e+01 -2.775000e+01  1.520000e+01
      vertex  1.770000e+01 -2.395000e+01  1.520000e+01
      vertex  1.670000e+01 -2.421795e+01  1.520000e+01
    endloop
  endfacet
  facet normal  0.000000e+00  0.000000e+00  1.000000e+00
    outer loop
      vertex  3.750000e+01  8.500000e+00  1.520000e+01
      vertex  3.750000e+01  7.700000e+00  1.520000e+01
      vertex  4.250000e+01  8.500000e+00  1.520000e+01
    endloop
  endfacet
  facet normal  0.000000e+00  0.000000e+00  1.000000e+00
    outer loop
      vertex  4.250000e+01  8.500000e+00  1.520000e+01
      vertex  3.750000e+01  7.700000e+00  1.520000e+01
      vertex  4.170000e+01  7.700000e+00  1.520000e+01
    endloop
  endfacet
  facet normal  -0.000000e+00  0.000000e+00  1.000000e+00
    outer loop
      vertex -4.250000e+01  7.600000e+00  1.520000e+01
      vertex -4.450000e+01  7.600000e+00  1.520000e+01
      vertex -4.250000e+01  6.600000e+00  1.520000e+01
    endloop
  endfacet
  facet normal  0.000000e+00  0.000000e+00  1.000000e+00
    outer loop
      vertex -4.250000e+01  6.600000e+00  1.520000e+01
      vertex -4.450000e+01  7.600000e+00  1.520000e+01
      vertex -4.450000e+01  6.750000e+00  1.520000e+01
    endloop
  endfacet
  facet normal  0.000000e+00  0.000000e+00  1.000000e+00
    outer loop
      vertex -4.250000e+01  6.600000e+00  1.520000e+01
      vertex -4.450000e+01  6.750000e+00  1.520000e+01
      vertex -4.350000e+01  5.750000e+00  1.520000e+01
    endloop
  endfacet
  facet normal  0.000000e+00  0.000000e+00  1.000000e+00
    outer loop
      vertex -2.170000e+01 -2.195000e+01  1.520000e+01
      vertex  1.890000e+01 -2.195000e+01  1.520000e+01
      vertex -2.169231e+01 -2.187196e+01  1.520000e+01
    endloop
  endfacet
  facet normal  -0.000000e+00  0.000000e+00  1.000000e+00
    outer loop
      vertex -2.169231e+01 -2.187196e+01  1.520000e+01
      vertex  1.890000e+01 -2.195000e+01  1.520000e+01
      vertex  1.889231e+01 -2.187196e+01  1.520000e+01
    endloop
  endfacet
  facet normal  0.000000e+00  0.000000e+00  9.999999e-01
    outer loop
      vertex -2.169231e+01 -2.187196e+01  1.520000e+01
      vertex  1.889231e+01 -2.187196e+01  1.520000e+01
      vertex -2.166955e+01 -2.179693e+01  1.520000e+01
    endloop
  endfacet
  facet normal  -0.000000e+00  0.000000e+00  1.000000e+00
    outer loop
      vertex -2.166955e+01 -2.179693e+01  1.520000e+01
      vertex  1.889231e+01 -2.187196e+01  1.520000e+01
      vertex  1.886955e+01 -2.179693e+01  1.520000e+01
    endloop
  endfacet
  facet normal  0.000000e+00  0.000000e+00  1.000000e+00
    outer loop
      vertex -2.166955e+01 -2.179693e+01  1.520000e+01
      vertex  1.886955e+01 -2.179693e+01  1.520000e+01
      vertex -2.163259e+01 -2.172777e+01  1.520000e+01
    endloop
  endfacet
  facet normal  -0.000000e+00  0.000000e+00  1.000000e+00
    outer loop
      vertex -2.163259e+01 -2.172777e+01  1.520000e+01
      vertex  1.886955e+01 -2.179693e+01  1.520000e+01
      vertex  1.883259e+01 -2.172777e+01  1.520000e+01
    endloop
  endfacet
  facet normal  0.000000e+00  0.000000e+00  1.000000e+00
    outer loop
      vertex -2.163259e+01 -2.172777e+01  1.520000e+01
      vertex  1.883259e+01 -2.172777e+01  1.520000e+01
      vertex -2.158284e+01 -2.166716e+01  1.520000e+01
    endloop
  endfacet
  facet normal  -0.000000e+00  0.000000e+00  1.000000e+00
    outer loop
      vertex -2.158284e+01 -2.166716e+01  1.520000e+01
      vertex  1.883259e+01 -2.172777e+01  1.520000e+01
      vertex  1.878284e+01 -2.166716e+01  1.520000e+01
    endloop
  endfacet
  facet normal  0.000000e+00  0.000000e+00  1.000000e+00
    outer loop
      vertex -2.158284e+01 -2.166716e+01  1.520000e+01
      vertex  1.878284e+01 -2.166716e+01  1.520000e+01
      vertex -2.152223e+01 -2.161741e+01  1.520000e+01
    endloop
  endfacet
  facet normal  -0.000000e+00  0.000000e+00  1.000000e+00
    outer loop
      vertex -2.152223e+01 -2.161741e+01  1.520000e+01
      vertex  1.878284e+01 -2.166716e+01  1.520000e+01
      vertex  1.872223e+01 -2.161741e+01  1.520000e+01
    endloop
  endfacet
  facet normal  0.000000e+00  0.000000e+00  1.000000e+00
    outer loop
      vertex -2.152223e+01 -2.161741e+01  1.520000e+01
      vertex  1.872223e+01 -2.161741e+01  1.520000e+01
      vertex -2.145307e+01 -2.158045e+01  1.520000e+01
    endloop
  endfacet
  facet normal  -0.000000e+00  0.000000e+00  1.000000e+00
    outer loop
      vertex -2.145307e+01 -2.158045e+01  1.520000e+01
      vertex  1.872223e+01 -2.161741e+01  1.520000e+01
      vertex  1.865307e+01 -2.158045e+01  1.520000e+01
    endloop
  endfacet
  facet normal  0.000000e+00  0.000000e+00  1.000000e+00
    outer loop
      vertex -2.145307e+01 -2.158045e+01  1.520000e+01
      vertex  1.865307e+01 -2.158045e+01  1.520000e+01
      vertex -2.137804e+01 -2.155769e+01  1.520000e+01
    endloop
  endfacet
  facet normal  -0.000000e+00  0.000000e+00  9.999999e-01
    outer loop
      vertex -2.137804e+01 -2.155769e+01  1.520000e+01
      vertex  1.865307e+01 -2.158045e+01  1.520000e+01
      vertex  1.857804e+01 -2.155769e+01  1.520000e+01
    endloop
  endfacet
  facet normal  0.000000e+00  0.000000e+00  1.000000e+00
    outer loop
      vertex -2.137804e+01 -2.155769e+01  1.520000e+01
      vertex  1.857804e+01 -2.155769e+01  1.520000e+01
      vertex  1.850000e+01 -2.155000e+01  1.520000e+01
    endloop
  endfacet
  facet normal  0.000000e+00  0.000000e+00 -1.000000e+00
    outer loop
      vertex  2.280000e+01  7.300000e+00 -2.000000e-01
      vertex  1.770000e+01 -2.395000e+01 -2.000000e-01
      vertex  1.770000e+01 -2.275000e+01 -2.000000e-01
    endloop
  endfacet
  facet normal  0.000000e+00  0.000000e+00 -1.000000e+00
    outer loop
      vertex -4.450000e+01  6.750000e+00 -2.000000e-01
      vertex -4.250000e+01  5.750000e+00 -2.000000e-01
      vertex -4.350000e+01  5.750000e+00 -2.000000e-01
    endloop
  endfacet
  facet normal  -0.000000e+00  -0.000000e+00 -1.000000e+00
    outer loop
      vertex -4.450000e+01  2.275000e+01 -2.000000e-01
      vertex -2.250000e+01  2.275000e+01 -2.000000e-01
      vertex  2.250000e+01  2.125000e+01 -2.000000e-01
    endloop
  endfacet
  facet normal  -0.000000e+00  0.000000e+00 -1.000000e+00
    outer loop
      vertex -4.450000e+01  2.275000e+01 -2.000000e-01
      vertex  2.250000e+01  2.125000e+01 -2.000000e-01
      vertex  2.180000e+01  1.050000e+01 -2.000000e-01
    endloop
  endfacet
  facet normal  -0.000000e+00  -0.000000e+00 -1.000000e+00
    outer loop
      vertex -4.450000e+01  2.275000e+01 -2.000000e-01
      vertex  2.180000e+01  1.050000e+01 -2.000000e-01
      vertex  2.180000e+01  8.300000e+00 -2.000000e-01
    endloop
  endfacet
  facet normal  -0.000000e+00  -0.000000e+00 -9.999999e-01
    outer loop
      vertex -4.450000e+01  2.275000e+01 -2.000000e-01
      vertex  2.180000e+01  8.300000e+00 -2.000000e-01
      vertex  2.280000e+01  7.300000e+00 -2.000000e-01
    endloop
  endfacet
  facet normal  -0.000000e+00  0.000000e+00 -1.000000e+00
    outer loop
      vertex -4.450000e+01  2.275000e+01 -2.000000e-01
      vertex  2.280000e+01  7.300000e+00 -2.000000e-01
      vertex -4.450000e+01  6.750000e+00 -2.000000e-01
    endloop
  endfacet
  facet normal  0.000000e+00  -0.000000e+00 -1.000000e+00
    outer loop
      vertex  2.180000e+01  1.050000e+01 -2.000000e-01
      vertex  2.250000e+01  2.125000e+01 -2.000000e-01
      vertex  3.000000e+01  1.050000e+01 -2.000000e-01
    endloop
  endfacet
  facet normal  0.000000e+00  0.000000e+00 -1.000000e+00
    outer loop
      vertex  3.000000e+01  1.050000e+01 -2.000000e-01
      vertex  2.250000e+01  2.125000e+01 -2.000000e-01
      vertex  4.250000e+01  2.125000e+01 -2.000000e-01
    endloop
  endfacet
  facet normal  0.000000e+00  0.000000e+00 -9.999999e-01
    outer loop
      vertex  3.000000e+01  1.050000e+01 -2.000000e-01
      vertex  4.250000e+01  2.125000e+01 -2.000000e-01
      vertex  3.000000e+01  8.300000e+00 -2.000000e-01
    endloop
  endfacet
  facet normal  0.000000e+00  0.000000e+00 -1.000000e+00
    outer loop
      vertex  3.000000e+01  8.300000e+00 -2.000000e-01
      vertex  4.250000e+01  2.125000e+01 -2.000000e-01
      vertex  4.250000e+01 -2.775000e+01 -2.000000e-01
    endloop
  endfacet
  facet normal  0.000000e+00  0.000000e+00 -1.000000e+00
    outer loop
      vertex  3.000000e+01  8.300000e+00 -2.000000e-01
      vertex  4.250000e+01 -2.775000e+01 -2.000000e-01
      vertex  2.900000e+01  7.300000e+00 -2.000000e-01
    endloop
  endfacet
  facet normal  0.000000e+00  0.000000e+00 -1.000000e+00
    outer loop
      vertex -4.450000e+01  6.750000e+00 -2.000000e-01
      vertex  2.280000e+01  7.300000e+00 -2.000000e-01
      vertex -4.250000e+01  5.750000e+00 -2.000000e-01
    endloop
  endfacet
  facet normal  0.000000e+00  0.000000e+00 -1.000000e+00
    outer loop
      vertex -4.250000e+01  5.750000e+00 -2.000000e-01
      vertex  2.280000e+01  7.300000e+00 -2.000000e-01
      vertex  1.770000e+01 -2.275000e+01 -2.000000e-01
    endloop
  endfacet
  facet normal  0.000000e+00  0.000000e+00 -1.000000e+00
    outer loop
      vertex -4.250000e+01  5.750000e+00 -2.000000e-01
      vertex  1.770000e+01 -2.275000e+01 -2.000000e-01
      vertex -2.050000e+01 -2.275000e+01 -2.000000e-01
    endloop
  endfacet
  facet normal  0.000000e+00  0.000000e+00 -9.999999e-01
    outer loop
      vertex  1.670000e+01 -2.775000e+01 -2.000000e-01
      vertex  1.670000e+01 -2.421795e+01 -2.000000e-01
      vertex  4.250000e+01 -2.775000e+01 -2.000000e-01
    endloop
  endfacet
  facet normal  0.000000e+00  0.000000e+00 -1.000000e+00
    outer loop
      vertex  4.250000e+01 -2.775000e+01 -2.000000e-01
      vertex  1.670000e+01 -2.421795e+01 -2.000000e-01
      vertex  1.770000e+01 -2.395000e+01 -2.000000e-01
    endloop
  endfacet
  facet normal  0.000000e+00  0.000000e+00 -1.000000e+00
    outer loop
      vertex  4.250000e+01 -2.775000e+01 -2.000000e-01
      vertex  1.770000e+01 -2.395000e+01 -2.000000e-01
      vertex  2.900000e+01  7.300000e+00 -2.000000e-01
    endloop
  endfacet
  facet normal  -0.000000e+00  0.000000e+00 -1.000000e+00
    outer loop
      vertex  2.900000e+01  7.300000e+00 -2.000000e-01
      vertex  1.770000e+01 -2.395000e+01 -2.000000e-01
      vertex  2.280000e+01  7.300000e+00 -2.000000e-01
    endloop
  endfacet
  facet normal  -0.000000e+00  0.000000e+00 -1.000000e+00
    outer loop
      vertex -2.250000e+01  3.525000e+01 -2.000000e-01
      vertex -2.060000e+01  3.525000e+01 -2.000000e-01
      vertex -2.250000e+01  2.275000e+01 -2.000000e-01
    endloop
  endfacet
  facet normal  0.000000e+00  0.000000e+00 -1.000000e+00
    outer loop
      vertex -2.250000e+01  2.275000e+01 -2.000000e-01
      vertex -2.060000e+01  3.525000e+01 -2.000000e-01
      vertex -2.060000e+01  3.365000e+01 -2.000000e-01
    endloop
  endfacet
  facet normal  0.000000e+00  -0.000000e+00 -1.000000e+00
    outer loop
      vertex -2.250000e+01  2.275000e+01 -2.000000e-01
      vertex -2.060000e+01  3.365000e+01 -2.000000e-01
      vertex  2.250000e+01  2.125000e+01 -2.000000e-01
    endloop
  endfacet
  facet normal  0.000000e+00  0.000000e+00 -1.000000e+00
    outer loop
      vertex  2.250000e+01  2.125000e+01 -2.000000e-01
      vertex -2.060000e+01  3.365000e+01 -2.000000e-01
      vertex  2.060000e+01  3.365000e+01 -2.000000e-01
    endloop
  endfacet
  facet normal  0.000000e+00  0.000000e+00 -1.000000e+00
    outer loop
      vertex  2.250000e+01  2.125000e+01 -2.000000e-01
      vertex  2.060000e+01  3.365000e+01 -2.000000e-01
      vertex  2.250000e+01  3.525000e+01 -2.000000e-01
    endloop
  endfacet
  facet normal  -0.000000e+00  0.000000e+00 -1.000000e+00
    outer loop
      vertex  2.250000e+01  3.525000e+01 -2.000000e-01
      vertex  2.060000e+01  3.365000e+01 -2.000000e-01
      vertex  2.060000e+01  3.525000e+01 -2.000000e-01
    endloop
  endfacet
  facet normal  0.000000e+00  0.000000e+00 -1.000000e+00
    outer loop
      vertex -4.250000e+01 -2.775000e+01 -2.000000e-01
      vertex -4.250000e+01  5.750000e+00 -2.000000e-01
      vertex -2.050000e+01 -2.775000e+01 -2.000000e-01
    endloop
  endfacet
  facet normal  0.000000e+00  0.000000e+00 -9.999999e-01
    outer loop
      vertex -2.050000e+01 -2.775000e+01 -2.000000e-01
      vertex -4.250000e+01  5.750000e+00 -2.000000e-01
      vertex -2.050000e+01 -2.275000e+01 -2.000000e-01
    endloop
  endfacet
  facet normal -1.000000e+00  -0.000000e+00  0.000000e+00
    outer loop
      vertex -4.450000e+01  6.750000e+00  1.520000e+01
      vertex -4.450000e+01  7.600000e+00  1.520000e+01
      vertex -4.450000e+01  6.750000e+00 -2.000000e-01
    endloop
  endfacet
  facet normal -1.000000e+00  0.000000e+00  0.000000e+00
    outer loop
      vertex -4.450000e+01  6.750000e+00 -2.000000e-01
      vertex -4.450000e+01  7.600000e+00  1.520000e+01
      vertex -4.450000e+01  7.600000e+00  6.000000e-01
    endloop
  endfacet
  facet normal -1.000000e+00  0.000000e+00  -0.000000e+00
    outer loop
      vertex -4.450000e+01  6.750000e+00 -2.000000e-01
      vertex -4.450000e+01  7.600000e+00  6.000000e-01
      vertex -4.450000e+01  2.275000e+01 -2.000000e-01
    endloop
  endfacet
  facet normal -1.000000e+00  0.000000e+00  0.000000e+00
    outer loop
      vertex -4.450000e+01  2.275000e+01 -2.000000e-01
      vertex -4.450000e+01  7.600000e+00  6.000000e-01
      vertex -4.450000e+01  2.160000e+01  6.000000e-01
    endloop
  endfacet
  facet normal -1.000000e+00  0.000000e+00  0.000000e+00
    outer loop
      vertex -4.450000e+01  2.275000e+01 -2.000000e-01
      vertex -4.450000e+01  2.160000e+01  6.000000e-01
      vertex -4.450000e+01  2.275000e+01  1.520000e+01
    endloop
  endfacet
  facet normal -1.000000e+00  -0.000000e+00  0.000000e+00
    outer loop
      vertex -4.450000e+01  2.275000e+01  1.520000e+01
      vertex -4.450000e+01  2.160000e+01  6.000000e-01
      vertex -4.450000e+01  2.160000e+01  1.520000e+01
    endloop
  endfacet
  facet normal  0.000000e+00  1.000000e+00  0.000000e+00
    outer loop
      vertex -4.450000e+01  2.275000e+01 -2.000000e-01
      vertex -4.450000e+01  2.275000e+01  1.520000e+01
      vertex -2.250000e+01  2.275000e+01 -2.000000e-01
    endloop
  endfacet
  facet normal  0.000000e+00  1.000000e+00  -0.000000e+00
    outer loop
      vertex -2.250000e+01  2.275000e+01 -2.000000e-01
      vertex -4.450000e+01  2.275000e+01  1.520000e+01
      vertex -2.250000e+01  2.275000e+01  1.520000e+01
    endloop
  endfacet
  facet normal -7.071068e-01 -7.071068e-01  0.000000e+00
    outer loop
      vertex -4.450000e+01  6.750000e+00 -2.000000e-01
      vertex -4.350000e+01  5.750000e+00 -2.000000e-01
      vertex -4.450000e+01  6.750000e+00  1.520000e+01
    endloop
  endfacet
  facet normal -7.071068e-01 -7.071068e-01  0.000000e+00
    outer loop
      vertex -4.450000e+01  6.750000e+00  1.520000e+01
      vertex -4.350000e+01  5.750000e+00 -2.000000e-01
      vertex -4.350000e+01  5.750000e+00  1.520000e+01
    endloop
  endfacet
  facet normal -1.000000e+00  0.000000e+00  0.000000e+00
    outer loop
      vertex -2.250000e+01  3.525000e+01 -2.000000e-01
      vertex -2.250000e+01  2.275000e+01 -2.000000e-01
      vertex -2.250000e+01  3.525000e+01  1.520000e+01
    endloop
  endfacet
  facet normal -1.000000e+00  -0.000000e+00  0.000000e+00
    outer loop
      vertex -2.250000e+01  3.525000e+01  1.520000e+01
      vertex -2.250000e+01  2.275000e+01 -2.000000e-01
      vertex -2.250000e+01  2.275000e+01  1.520000e+01
    endloop
  endfacet
  facet normal  0.000000e+00  9.999999e-01  0.000000e+00
    outer loop
      vertex -2.250000e+01  3.525000e+01  1.520000e+01
      vertex -2.060000e+01  3.525000e+01  1.520000e+01
      vertex -2.250000e+01  3.525000e+01 -2.000000e-01
    endloop
  endfacet
  facet normal  0.000000e+00  9.999999e-01  0.000000e+00
    outer loop
      vertex -2.250000e+01  3.525000e+01 -2.000000e-01
      vertex -2.060000e+01  3.525000e+01  1.520000e+01
      vertex -2.060000e+01  3.525000e+01 -2.000000e-01
    endloop
  endfacet
  facet normal  1.000000e+00  0.000000e+00  0.000000e+00
    outer loop
      vertex -2.060000e+01  3.365000e+01  8.000000e-01
      vertex -2.060000e+01  3.365000e+01 -2.000000e-01
      vertex -2.060000e+01  3.525000e+01 -2.000000e-01
    endloop
  endfacet
  facet normal  1.000000e+00  0.000000e+00  0.000000e+00
    outer loop
      vertex -2.060000e+01  3.425000e+01  1.520000e+01
      vertex -2.060000e+01  3.425000e+01  1.000000e+00
      vertex -2.060000e+01  3.525000e+01  1.520000e+01
    endloop
  endfacet
  facet normal  1.000000e+00  0.000000e+00  0.000000e+00
    outer loop
      vertex -2.060000e+01  3.525000e+01  1.520000e+01
      vertex -2.060000e+01  3.425000e+01  1.000000e+00
      vertex -2.060000e+01  3.525000e+01 -2.000000e-01
    endloop
  endfacet
  facet normal  1.000000e+00  -0.000000e+00  0.000000e+00
    outer loop
      vertex -2.060000e+01  3.425000e+01  1.000000e+00
      vertex -2.060000e+01  3.365000e+01  1.000000e+00
      vertex -2.060000e+01  3.525000e+01 -2.000000e-01
    endloop
  endfacet
  facet normal  1.000000e+00  0.000000e+00  0.000000e+00
    outer loop
      vertex -2.060000e+01  3.525000e+01 -2.000000e-01
      vertex -2.060000e+01  3.365000e+01  1.000000e+00
      vertex -2.060000e+01  3.365000e+01  8.000000e-01
    endloop
  endfacet
  facet normal  0.000000e+00  1.000000e+00  0.000000e+00
    outer loop
      vertex -2.060000e+01  3.365000e+01 -2.000000e-01
      vertex -2.060000e+01  3.365000e+01  8.000000e-01
      vertex  2.060000e+01  3.365000e+01 -2.000000e-01
    endloop
  endfacet
  facet normal  0.000000e+00  1.000000e+00  -0.000000e+00
    outer loop
      vertex  2.060000e+01  3.365000e+01 -2.000000e-01
      vertex -2.060000e+01  3.365000e+01  8.000000e-01
      vertex  2.060000e+01  3.365000e+01  8.000000e-01
    endloop
  endfacet
  facet normal -9.999999e-01  -0.000000e+00  0.000000e+00
    outer loop
      vertex  2.060000e+01  3.365000e+01  1.000000e+00
      vertex  2.060000e+01  3.425000e+01  1.000000e+00
      vertex  2.060000e+01  3.365000e+01  8.000000e-01
    endloop
  endfacet
  facet normal -1.000000e+00  0.000000e+00  0.000000e+00
    outer loop
      vertex  2.060000e+01  3.525000e+01  1.520000e+01
      vertex  2.060000e+01  3.525000e+01 -2.000000e-01
      vertex  2.060000e+01  3.425000e+01  1.520000e+01
    endloop
  endfacet
  facet normal -1.000000e+00  0.000000e+00  0.000000e+00
    outer loop
      vertex  2.060000e+01  3.425000e+01  1.520000e+01
      vertex  2.060000e+01  3.525000e+01 -2.000000e-01
      vertex  2.060000e+01  3.425000e+01  1.000000e+00
    endloop
  endfacet
  facet normal -1.000000e+00  0.000000e+00  0.000000e+00
    outer loop
      vertex  2.060000e+01  3.525000e+01 -2.000000e-01
      vertex  2.060000e+01  3.365000e+01 -2.000000e-01
      vertex  2.060000e+01  3.425000e+01  1.000000e+00
    endloop
  endfacet
  facet normal -1.000000e+00  0.000000e+00  0.000000e+00
    outer loop
      vertex  2.060000e+01  3.425000e+01  1.000000e+00
      vertex  2.060000e+01  3.365000e+01 -2.000000e-01
      vertex  2.060000e+01  3.365000e+01  8.000000e-01
    endloop
  endfacet
  facet normal  0.000000e+00  9.999999e-01  0.000000e+00
    outer loop
      vertex  2.060000e+01  3.525000e+01  1.520000e+01
      vertex  2.250000e+01  3.525000e+01  1.520000e+01
      vertex  2.060000e+01  3.525000e+01 -2.000000e-01
    endloop
  endfacet
  facet normal  0.000000e+00  9.999999e-01  0.000000e+00
    outer loop
      vertex  2.060000e+01  3.525000e+01 -2.000000e-01
      vertex  2.250000e+01  3.525000e+01  1.520000e+01
      vertex  2.250000e+01  3.525000e+01 -2.000000e-01
    endloop
  endfacet
  facet normal  1.000000e+00  0.000000e+00  0.000000e+00
    outer loop
      vertex  2.250000e+01  2.125000e+01 -2.000000e-01
      vertex  2.250000e+01  3.525000e+01 -2.000000e-01
      vertex  2.250000e+01  2.125000e+01  1.520000e+01
    endloop
  endfacet
  facet normal  1.000000e+00  -0.000000e+00  0.000000e+00
    outer loop
      vertex  2.250000e+01  2.125000e+01  1.520000e+01
      vertex  2.250000e+01  3.525000e+01 -2.000000e-01
      vertex  2.250000e+01  3.525000e+01  1.520000e+01
    endloop
  endfacet
  facet normal  0.000000e+00  1.000000e+00  0.000000e+00
    outer loop
      vertex  4.250000e+01  2.125000e+01 -2.000000e-01
      vertex  2.250000e+01  2.125000e+01 -2.000000e-01
      vertex  3.350000e+01  2.125000e+01  2.300000e+00
    endloop
  endfacet
  facet normal  -0.000000e+00  1.000000e+00  0.000000e+00
    outer loop
      vertex  4.250000e+01  2.125000e+01 -2.000000e-01
      vertex  3.350000e+01  2.125000e+01  2.300000e+00
      vertex  3.850000e+01  2.125000e+01  2.300000e+00
    endloop
  endfacet
  facet normal  -0.000000e+00  1.000000e+00  0.000000e+00
    outer loop
      vertex  4.250000e+01  2.125000e+01 -2.000000e-01
      vertex  3.850000e+01  2.125000e+01  2.300000e+00
      vertex  3.850000e+01  2.125000e+01  3.300000e+00
    endloop
  endfacet
  facet normal  -0.000000e+00  1.000000e+00  0.000000e+00
    outer loop
      vertex  4.250000e+01  2.125000e+01 -2.000000e-01
      vertex  3.850000e+01  2.125000e+01  3.300000e+00
      vertex  4.250000e+01  2.125000e+01  3.300000e+00
    endloop
  endfacet
  facet normal  0.000000e+00  1.000000e+00  -0.000000e+00
    outer loop
      vertex  3.250000e+01  2.125000e+01  1.520000e+01
      vertex  3.250000e+01  2.125000e+01  3.300000e+00
      vertex  2.250000e+01  2.125000e+01  1.520000e+01
    endloop
  endfacet
  facet normal  0.000000e+00  1.000000e+00  0.000000e+00
    outer loop
      vertex  2.250000e+01  2.125000e+01  1.520000e+01
      vertex  3.250000e+01  2.125000e+01  3.300000e+00
      vertex  2.250000e+01  2.125000e+01 -2.000000e-01
    endloop
  endfacet
  facet normal  0.000000e+00  1.000000e+00  0.000000e+00
    outer loop
      vertex  3.250000e+01  2.125000e+01  3.300000e+00
      vertex  3.350000e+01  2.125000e+01  3.300000e+00
      vertex  2.250000e+01  2.125000e+01 -2.000000e-01
    endloop
  endfacet
  facet normal  0.000000e+00  1.000000e+00  0.000000e+00
    outer loop
      vertex  2.250000e+01  2.125000e+01 -2.000000e-01
      vertex  3.350000e+01  2.125000e+01  3.300000e+00
      vertex  3.350000e+01  2.125000e+01  2.300000e+00
    endloop
  endfacet
  facet normal  1.000000e+00  0.000000e+00  0.000000e+00
    outer loop
      vertex  4.250000e+01 -2.775000e+01  1.520000e+01
      vertex  4.250000e+01 -2.775000e+01 -2.000000e-01
      vertex  4.250000e+01  8.500000e+00  1.520000e+01
    endloop
  endfacet
  facet normal  1.000000e+00  0.000000e+00  0.000000e+00
    outer loop
      vertex  4.250000e+01  8.500000e+00  1.520000e+01
      vertex  4.250000e+01 -2.775000e+01 -2.000000e-01
      vertex  4.250000e+01  8.500000e+00  3.300000e+00
    endloop
  endfacet
  facet normal  1.000000e+00  0.000000e+00  0.000000e+00
    outer loop
      vertex  4.250000e+01 -2.775000e+01 -2.000000e-01
      vertex  4.250000e+01  2.125000e+01 -2.000000e-01
      vertex  4.250000e+01  8.500000e+00  3.300000e+00
    endloop
  endfacet
  facet normal  1.000000e+00  -0.000000e+00  0.000000e+00
    outer loop
      vertex  4.250000e+01  8.500000e+00  3.300000e+00
      vertex  4.250000e+01  2.125000e+01 -2.000000e-01
      vertex  4.250000e+01  2.125000e+01  3.300000e+00
    endloop
  endfacet
  facet normal  0.000000e+00 -1.000000e+00  0.000000e+00
    outer loop
      vertex  4.250000e+01 -2.775000e+01  1.520000e+01
      vertex  1.670000e+01 -2.775000e+01  1.520000e+01
      vertex  4.250000e+01 -2.775000e+01 -2.000000e-01
    endloop
  endfacet
  facet normal  0.000000e+00 -1.000000e+00  0.000000e+00
    outer loop
      vertex  4.250000e+01 -2.775000e+01 -2.000000e-01
      vertex  1.670000e+01 -2.775000e+01  1.520000e+01
      vertex  1.670000e+01 -2.775000e+01 -2.000000e-01
    endloop
  endfacet
  facet normal -9.999999e-01  0.000000e+00  0.000000e+00
    outer loop
      vertex  1.670000e+01 -2.775000e+01 -2.000000e-01
      vertex  1.670000e+01 -2.775000e+01  1.520000e+01
      vertex  1.670000e+01 -2.421795e+01 -2.000000e-01
    endloop
  endfacet
  facet normal -9.999999e-01  0.000000e+00  0.000000e+00
    outer loop
      vertex  1.670000e+01 -2.421795e+01 -2.000000e-01
      vertex  1.670000e+01 -2.775000e+01  1.520000e+01
      vertex  1.670000e+01 -2.421795e+01  1.520000e+01
    endloop
  endfacet
  facet normal -2.588181e-01  9.659261e-01  0.000000e+00
    outer loop
      vertex  1.670000e+01 -2.421795e+01 -2.000000e-01
      vertex  1.670000e+01 -2.421795e+01  1.520000e+01
      vertex  1.770000e+01 -2.395000e+01 -2.000000e-01
    endloop
  endfacet
  facet normal -2.588181e-01  9.659261e-01  0.000000e+00
    outer loop
      vertex  1.770000e+01 -2.395000e+01 -2.000000e-01
      vertex  1.670000e+01 -2.421795e+01  1.520000e+01
      vertex  1.770000e+01 -2.395000e+01  1.520000e+01
    endloop
  endfacet
  facet normal -1.000000e+00  0.000000e+00  0.000000e+00
    outer loop
      vertex  1.770000e+01 -2.395000e+01 -2.000000e-01
      vertex  1.770000e+01 -2.395000e+01  1.520000e+01
      vertex  1.770000e+01 -2.275000e+01 -2.000000e-01
    endloop
  endfacet
  facet normal -1.000000e+00  0.000000e+00  0.000000e+00
    outer loop
      vertex  1.770000e+01 -2.275000e+01 -2.000000e-01
      vertex  1.770000e+01 -2.395000e+01  1.520000e+01
      vertex  1.770000e+01 -2.275000e+01  1.520000e+01
    endloop
  endfacet
  facet normal  0.000000e+00 -1.000000e+00  0.000000e+00
    outer loop
      vertex  1.770000e+01 -2.275000e+01  1.520000e+01
      vertex -2.050000e+01 -2.275000e+01  1.520000e+01
      vertex  1.770000e+01 -2.275000e+01 -2.000000e-01
    endloop
  endfacet
  facet normal  0.000000e+00 -1.000000e+00  0.000000e+00
    outer loop
      vertex  1.770000e+01 -2.275000e+01 -2.000000e-01
      vertex -2.050000e+01 -2.275000e+01  1.520000e+01
      vertex -2.050000e+01 -2.275000e+01 -2.000000e-01
    endloop
  endfacet
  facet normal  1.000000e+00  -0.000000e+00  0.000000e+00
    outer loop
      vertex -2.050000e+01 -2.275000e+01  1.520000e+01
      vertex -2.050000e+01 -2.405000e+01  8.000000e-01
      vertex -2.050000e+01 -2.275000e+01 -2.000000e-01
    endloop
  endfacet
  facet normal  1.000000e+00  0.000000e+00  0.000000e+00
    outer loop
      vertex -2.050000e+01 -2.275000e+01 -2.000000e-01
      vertex -2.050000e+01 -2.405000e+01  8.000000e-01
      vertex -2.050000e+01 -2.655000e+01  8.000000e-01
    endloop
  endfacet
  facet normal  1.000000e+00  0.000000e+00  0.000000e+00
    outer loop
      vertex -2.050000e+01 -2.275000e+01 -2.000000e-01
      vertex -2.050000e+01 -2.655000e+01  8.000000e-01
      vertex -2.050000e+01 -2.775000e+01 -2.000000e-01
    endloop
  endfacet
  facet normal  1.000000e+00  0.000000e+00  0.000000e+00
    outer loop
      vertex -2.050000e+01 -2.405000e+01  8.000000e-01
      vertex -2.050000e+01 -2.275000e+01  1.520000e+01
      vertex -2.050000e+01 -2.405000e+01  1.400000e+01
    endloop
  endfacet
  facet normal  9.999999e-01  0.000000e+00  -0.000000e+00
    outer loop
      vertex -2.050000e+01 -2.405000e+01  1.400000e+01
      vertex -2.050000e+01 -2.275000e+01  1.520000e+01
      vertex -2.050000e+01 -2.775000e+01  1.520000e+01
    endloop
  endfacet
  facet normal  9.999999e-01  0.000000e+00  0.000000e+00
    outer loop
      vertex -2.050000e+01 -2.405000e+01  1.400000e+01
      vertex -2.050000e+01 -2.775000e+01  1.520000e+01
      vertex -2.050000e+01 -2.655000e+01  1.400000e+01
    endloop
  endfacet
  facet normal  1.000000e+00  0.000000e+00  0.000000e+00
    outer loop
      vertex -2.050000e+01 -2.655000e+01  1.400000e+01
      vertex -2.050000e+01 -2.775000e+01  1.520000e+01
      vertex -2.050000e+01 -2.775000e+01 -2.000000e-01
    endloop
  endfacet
  facet normal  1.000000e+00  0.000000e+00  0.000000e+00
    outer loop
      vertex -2.050000e+01 -2.655000e+01  1.400000e+01
      vertex -2.050000e+01 -2.775000e+01 -2.000000e-01
      vertex -2.050000e+01 -2.655000e+01  8.000000e-01
    endloop
  endfacet
  facet normal  0.000000e+00 -1.000000e+00  0.000000e+00
    outer loop
      vertex -2.050000e+01 -2.775000e+01  1.520000e+01
      vertex -4.250000e+01 -2.775000e+01  1.520000e+01
      vertex -2.050000e+01 -2.775000e+01 -2.000000e-01
    endloop
  endfacet
  facet normal  0.000000e+00 -1.000000e+00  0.000000e+00
    outer loop
      vertex -2.050000e+01 -2.775000e+01 -2.000000e-01
      vertex -4.250000e+01 -2.775000e+01  1.520000e+01
      vertex -4.250000e+01 -2.775000e+01 -2.000000e-01
    endloop
  endfacet
  facet normal -1.000000e+00  -0.000000e+00  0.000000e+00
    outer loop
      vertex -4.250000e+01 -2.775000e+01  1.520000e+01
      vertex -4.250000e+01  5.750000e+00  1.520000e+01
      vertex -4.250000e+01 -2.775000e+01 -2.000000e-01
    endloop
  endfacet
  facet normal -1.000000e+00  0.000000e+00  0.000000e+00
    outer loop
      vertex -4.250000e+01 -2.775000e+01 -2.000000e-01
      vertex -4.250000e+01  5.750000e+00  1.520000e+01
      vertex -4.250000e+01  5.750000e+00 -2.000000e-01
    endloop
  endfacet
  facet normal  0.000000e+00 -1.000000e+00  0.000000e+00
    outer loop
      vertex -4.350000e+01  5.750000e+00 -2.000000e-01
      vertex -4.250000e+01  5.750000e+00 -2.000000e-01
      vertex -4.350000e+01  5.750000e+00  1.520000e+01
    endloop
  endfacet
  facet normal  0.000000e+00 -1.000000e+00  0.000000e+00
    outer loop
      vertex -4.350000e+01  5.750000e+00  1.520000e+01
      vertex -4.250000e+01  5.750000e+00 -2.000000e-01
      vertex -4.250000e+01  5.750000e+00  1.520000e+01
    endloop
  endfacet
  facet normal  1.000000e+00  0.000000e+00  0.000000e+00
    outer loop
      vertex  2.180000e+01  8.300000e+00 -2.000000e-01
      vertex  2.180000e+01  1.050000e+01 -2.000000e-01
      vertex  2.180000e+01  8.300000e+00  8.000000e-01
    endloop
  endfacet
  facet normal  1.000000e+00  -0.000000e+00  0.000000e+00
    outer loop
      vertex  2.180000e+01  8.300000e+00  8.000000e-01
      vertex  2.180000e+01  1.050000e+01 -2.000000e-01
      vertex  2.180000e+01  1.050000e+01  8.000000e-01
    endloop
  endfacet
  facet normal  7.071068e-01  7.071068e-01  0.000000e+00
    outer loop
      vertex  2.180000e+01  8.300000e+00  8.000000e-01
      vertex  2.280000e+01  7.300000e+00  8.000000e-01
      vertex  2.180000e+01  8.300000e+00 -2.000000e-01
    endloop
  endfacet
  facet normal  7.071068e-01  7.071068e-01  0.000000e+00
    outer loop
      vertex  2.180000e+01  8.300000e+00 -2.000000e-01
      vertex  2.280000e+01  7.300000e+00  8.000000e-01
      vertex  2.280000e+01  7.300000e+00 -2.000000e-01
    endloop
  endfacet
  facet normal  0.000000e+00  1.000000e+00  0.000000e+00
    outer loop
      vertex  2.280000e+01  7.300000e+00 -2.000000e-01
      vertex  2.280000e+01  7.300000e+00  8.000000e-01
      vertex  2.900000e+01  7.300000e+00 -2.000000e-01
    endloop
  endfacet
  facet normal  0.000000e+00  1.000000e+00  -0.000000e+00
    outer loop
      vertex  2.900000e+01  7.300000e+00 -2.000000e-01
      vertex  2.280000e+01  7.300000e+00  8.000000e-01
      vertex  2.900000e+01  7.300000e+00  8.000000e-01
    endloop
  endfacet
  facet normal -7.071068e-01  7.071068e-01  0.000000e+00
    outer loop
      vertex  3.000000e+01  8.300000e+00  8.000000e-01
      vertex  3.000000e+01  8.300000e+00 -2.000000e-01
      vertex  2.900000e+01  7.300000e+00  8.000000e-01
    endloop
  endfacet
  facet normal -7.071068e-01  7.071068e-01  0.000000e+00
    outer loop
      vertex  2.900000e+01  7.300000e+00  8.000000e-01
      vertex  3.000000e+01  8.300000e+00 -2.000000e-01
      vertex  2.900000e+01  7.300000e+00 -2.000000e-01
    endloop
  endfacet
  facet normal  0.000000e+00 -1.000000e+00  -0.000000e+00
    outer loop
      vertex  3.000000e+01  1.050000e+01 -2.000000e-01
      vertex  3.000000e+01  1.050000e+01  8.000000e-01
      vertex  2.180000e+01  1.050000e+01 -2.000000e-01
    endloop
  endfacet
  facet normal  0.000000e+00 -1.000000e+00  0.000000e+00
    outer loop
      vertex  2.180000e+01  1.050000e+01 -2.000000e-01
      vertex  3.000000e+01  1.050000e+01  8.000000e-01
      vertex  2.180000e+01  1.050000e+01  8.000000e-01
    endloop
  endfacet
  facet normal -1.000000e+00  0.000000e+00  0.000000e+00
    outer loop
      vertex  3.000000e+01  1.050000e+01 -2.000000e-01
      vertex  3.000000e+01  8.300000e+00 -2.000000e-01
      vertex  3.000000e+01  1.050000e+01  8.000000e-01
    endloop
  endfacet
  facet normal -1.000000e+00  -0.000000e+00  0.000000e+00
    outer loop
      vertex  3.000000e+01  1.050000e+01  8.000000e-01
      vertex  3.000000e+01  8.300000e+00 -2.000000e-01
      vertex  3.000000e+01  8.300000e+00  8.000000e-01
    endloop
  endfacet
  facet normal  1.000000e+00  0.000000e+00  0.000000e+00
    outer loop
      vertex -4.170000e+01  2.160000e+01  1.520000e+01
      vertex -4.170000e+01  2.160000e+01  8.000000e-01
      vertex -4.170000e+01  2.195000e+01  1.520000e+01
    endloop
  endfacet
  facet normal  1.000000e+00  0.000000e+00  0.000000e+00
    outer loop
      vertex -4.170000e+01  2.195000e+01  1.520000e+01
      vertex -4.170000e+01  2.160000e+01  8.000000e-01
      vertex -4.170000e+01  2.195000e+01  8.000000e-01
    endloop
  endfacet
  facet normal -1.000000e+00  0.000000e+00  0.000000e+00
    outer loop
      vertex -2.290000e+01  9.600000e+00  8.000000e-01
      vertex -2.290000e+01  6.600000e+00  6.000000e-01
      vertex -2.290000e+01  6.600000e+00  8.000000e-01
    endloop
  endfacet
  facet normal -1.000000e+00  0.000000e+00  0.000000e+00
    outer loop
      vertex -2.290000e+01  2.160000e+01  8.000000e-01
      vertex -2.290000e+01  2.160000e+01  6.000000e-01
      vertex -2.290000e+01  6.600000e+00  6.000000e-01
    endloop
  endfacet
  facet normal -1.000000e+00  0.000000e+00  0.000000e+00
    outer loop
      vertex -2.290000e+01  2.160000e+01  8.000000e-01
      vertex -2.290000e+01  6.600000e+00  6.000000e-01
      vertex -2.290000e+01  9.600000e+00  8.000000e-01
    endloop
  endfacet
  facet normal -1.000000e+00  0.000000e+00  0.000000e+00
    outer loop
      vertex -2.290000e+01  2.160000e+01  8.000000e-01
      vertex -2.290000e+01  9.600000e+00  8.000000e-01
      vertex -2.290000e+01  9.600000e+00  1.280000e+01
    endloop
  endfacet
  facet normal -1.000000e+00  0.000000e+00  0.000000e+00
    outer loop
      vertex -2.290000e+01  2.160000e+01  8.000000e-01
      vertex -2.290000e+01  9.600000e+00  1.280000e+01
      vertex -2.290000e+01  2.195000e+01  1.280000e+01
    endloop
  endfacet
  facet normal -1.000000e+00  0.000000e+00  -0.000000e+00
    outer loop
      vertex -2.290000e+01  2.160000e+01  8.000000e-01
      vertex -2.290000e+01  2.195000e+01  1.280000e+01
      vertex -2.290000e+01  2.195000e+01  8.000000e-01
    endloop
  endfacet
  facet normal  0.000000e+00  0.000000e+00  1.000000e+00
    outer loop
      vertex -2.290000e+01  6.600000e+00  6.000000e-01
      vertex -2.290000e+01  2.160000e+01  6.000000e-01
      vertex -4.250000e+01  6.600000e+00  6.000000e-01
    endloop
  endfacet
  facet normal  0.000000e+00  0.000000e+00  1.000000e+00
    outer loop
      vertex -4.250000e+01  6.600000e+00  6.000000e-01
      vertex -2.290000e+01  2.160000e+01  6.000000e-01
      vertex -4.250000e+01  7.600000e+00  6.000000e-01
    endloop
  endfacet
  facet normal  -0.000000e+00  0.000000e+00  9.999999e-01
    outer loop
      vertex -2.290000e+01  2.160000e+01  6.000000e-01
      vertex -4.450000e+01  2.160000e+01  6.000000e-01
      vertex -4.250000e+01  7.600000e+00  6.000000e-01
    endloop
  endfacet
  facet normal  0.000000e+00  0.000000e+00  1.000000e+00
    outer loop
      vertex -4.250000e+01  7.600000e+00  6.000000e-01
      vertex -4.450000e+01  2.160000e+01  6.000000e-01
      vertex -4.450000e+01  7.600000e+00  6.000000e-01
    endloop
  endfacet
  facet normal  0.000000e+00 -1.000000e+00  0.000000e+00
    outer loop
      vertex -2.290000e+01  2.160000e+01  8.000000e-01
      vertex -4.170000e+01  2.160000e+01  8.000000e-01
      vertex -2.290000e+01  2.160000e+01  6.000000e-01
    endloop
  endfacet
  facet normal  0.000000e+00 -1.000000e+00  0.000000e+00
    outer loop
      vertex -2.290000e+01  2.160000e+01  6.000000e-01
      vertex -4.170000e+01  2.160000e+01  8.000000e-01
      vertex -4.450000e+01  2.160000e+01  6.000000e-01
    endloop
  endfacet
  facet normal  0.000000e+00 -1.000000e+00  -0.000000e+00
    outer loop
      vertex -4.170000e+01  2.160000e+01  8.000000e-01
      vertex -4.170000e+01  2.160000e+01  1.520000e+01
      vertex -4.450000e+01  2.160000e+01  6.000000e-01
    endloop
  endfacet
  facet normal  0.000000e+00 -1.000000e+00  0.000000e+00
    outer loop
      vertex -4.450000e+01  2.160000e+01  6.000000e-01
      vertex -4.170000e+01  2.160000e+01  1.520000e+01
      vertex -4.450000e+01  2.160000e+01  1.520000e+01
    endloop
  endfacet
  facet normal  0.000000e+00  9.999999e-01  0.000000e+00
    outer loop
      vertex -4.450000e+01  7.600000e+00  1.520000e+01
      vertex -4.250000e+01  7.600000e+00  1.520000e+01
      vertex -4.450000e+01  7.600000e+00  6.000000e-01
    endloop
  endfacet
  facet normal  0.000000e+00  9.999999e-01  0.000000e+00
    outer loop
      vertex -4.450000e+01  7.600000e+00  6.000000e-01
      vertex -4.250000e+01  7.600000e+00  1.520000e+01
      vertex -4.250000e+01  7.600000e+00  6.000000e-01
    endloop
  endfacet
  facet normal  9.999999e-01  0.000000e+00  0.000000e+00
    outer loop
      vertex -4.250000e+01  6.600000e+00  1.520000e+01
      vertex -4.250000e+01  6.600000e+00  6.000000e-01
      vertex -4.250000e+01  7.600000e+00  1.520000e+01
    endloop
  endfacet
  facet normal  9.999999e-01  0.000000e+00  0.000000e+00
    outer loop
      vertex -4.250000e+01  7.600000e+00  1.520000e+01
      vertex -4.250000e+01  6.600000e+00  6.000000e-01
      vertex -4.250000e+01  7.600000e+00  6.000000e-01
    endloop
  endfacet
  facet normal  0.000000e+00  0.000000e+00  1.000000e+00
    outer loop
      vertex -2.290000e+01  9.600000e+00  1.280000e+01
      vertex -2.170000e+01  9.600000e+00  1.280000e+01
      vertex -2.290000e+01  2.195000e+01  1.280000e+01
    endloop
  endfacet
  facet normal  -0.000000e+00  0.000000e+00  1.000000e+00
    outer loop
      vertex -2.290000e+01  2.195000e+01  1.280000e+01
      vertex -2.170000e+01  9.600000e+00  1.280000e+01
      vertex -2.170000e+01  2.195000e+01  1.280000e+01
    endloop
  endfacet
  facet normal  0.000000e+00 -1.000000e+00  0.000000e+00
    outer loop
      vertex -4.170000e+01  2.195000e+01  1.520000e+01
      vertex -4.170000e+01  2.195000e+01  8.000000e-01
      vertex -2.290000e+01  2.195000e+01  8.000000e-01
    endloop
  endfacet
  facet normal  0.000000e+00 -1.000000e+00  0.000000e+00
    outer loop
      vertex -4.170000e+01  2.195000e+01  1.520000e+01
      vertex -2.290000e+01  2.195000e+01  8.000000e-01
      vertex -2.290000e+01  2.195000e+01  1.280000e+01
    endloop
  endfacet
  facet normal  0.000000e+00 -9.999999e-01  0.000000e+00
    outer loop
      vertex -4.170000e+01  2.195000e+01  1.520000e+01
      vertex -2.290000e+01  2.195000e+01  1.280000e+01
      vertex -2.170000e+01  2.195000e+01  1.280000e+01
    endloop
  endfacet
  facet normal  0.000000e+00 -9.999999e-01  0.000000e+00
    outer loop
      vertex -4.170000e+01  2.195000e+01  1.520000e+01
      vertex -2.170000e+01  2.195000e+01  1.280000e+01
      vertex -2.170000e+01  2.195000e+01  1.520000e+01
    endloop
  endfacet
  facet normal  0.000000e+00  0.000000e+00  1.000000e+00
    outer loop
      vertex -4.170000e+01  2.160000e+01  8.000000e-01
      vertex -2.290000e+01  2.160000e+01  8.000000e-01
      vertex -4.170000e+01  2.195000e+01  8.000000e-01
    endloop
  endfacet
  facet normal  -0.000000e+00  0.000000e+00  1.000000e+00
    outer loop
      vertex -4.170000e+01  2.195000e+01  8.000000e-01
      vertex -2.290000e+01  2.160000e+01  8.000000e-01
      vertex -2.290000e+01  2.195000e+01  8.000000e-01
    endloop
  endfacet
  facet normal  -0.000000e+00  1.000000e+00  0.000000e+00
    outer loop
      vertex -4.250000e+01  6.600000e+00  6.000000e-01
      vertex -4.250000e+01  6.600000e+00  1.520000e+01
      vertex -4.170000e+01  6.600000e+00  1.520000e+01
    endloop
  endfacet
  facet normal  0.000000e+00  1.000000e+00  0.000000e+00
    outer loop
      vertex -4.250000e+01  6.600000e+00  6.000000e-01
      vertex -4.170000e+01  6.600000e+00  1.520000e+01
      vertex -4.170000e+01  6.600000e+00  1.320000e+01
    endloop
  endfacet
  facet normal  -0.000000e+00  1.000000e+00  0.000000e+00
    outer loop
      vertex -4.250000e+01  6.600000e+00  6.000000e-01
      vertex -4.170000e+01  6.600000e+00  1.320000e+01
      vertex -3.970000e+01  6.600000e+00  1.320000e+01
    endloop
  endfacet
  facet normal  0.000000e+00  1.000000e+00  0.000000e+00
    outer loop
      vertex -4.250000e+01  6.600000e+00  6.000000e-01
      vertex -3.970000e+01  6.600000e+00  1.320000e+01
      vertex -3.970000e+01  6.600000e+00  8.000000e-01
    endloop
  endfacet
  facet normal  -0.000000e+00  1.000000e+00  0.000000e+00
    outer loop
      vertex -4.250000e+01  6.600000e+00  6.000000e-01
      vertex -3.970000e+01  6.600000e+00  8.000000e-01
      vertex -2.870000e+01  6.600000e+00  8.000000e-01
    endloop
  endfacet
  facet normal  0.000000e+00  1.000000e+00  0.000000e+00
    outer loop
      vertex -4.250000e+01  6.600000e+00  6.000000e-01
      vertex -2.870000e+01  6.600000e+00  8.000000e-01
      vertex -2.290000e+01  6.600000e+00  6.000000e-01
    endloop
  endfacet
  facet normal  0.000000e+00  1.000000e+00  0.000000e+00
    outer loop
      vertex -1.350000e+01  6.600000e+00  8.000000e-01
      vertex -2.290000e+01  6.600000e+00  8.000000e-01
      vertex -1.350000e+01  6.600000e+00  1.800000e+00
    endloop
  endfacet
  facet normal  0.000000e+00  1.000000e+00  0.000000e+00
    outer loop
      vertex -1.350000e+01  6.600000e+00  1.800000e+00
      vertex -2.290000e+01  6.600000e+00  8.000000e-01
      vertex -2.870000e+01  6.600000e+00  1.800000e+00
    endloop
  endfacet
  facet normal  0.000000e+00  1.000000e+00  -0.000000e+00
    outer loop
      vertex -2.290000e+01  6.600000e+00  8.000000e-01
      vertex -2.290000e+01  6.600000e+00  6.000000e-01
      vertex -2.870000e+01  6.600000e+00  1.800000e+00
    endloop
  endfacet
  facet normal  0.000000e+00  9.999999e-01  0.000000e+00
    outer loop
      vertex -2.870000e+01  6.600000e+00  1.800000e+00
      vertex -2.290000e+01  6.600000e+00  6.000000e-01
      vertex -2.870000e+01  6.600000e+00  8.000000e-01
    endloop
  endfacet
  facet normal  1.000000e+00  0.000000e+00  0.000000e+00
    outer loop
      vertex -4.170000e+01 -2.235000e+01  1.520000e+01
      vertex -4.170000e+01 -2.235000e+01  3.700000e+00
      vertex -4.170000e+01  1.600000e+00  3.700000e+00
    endloop
  endfacet
  facet normal  1.000000e+00  0.000000e+00  -0.000000e+00
    outer loop
      vertex -4.170000e+01 -2.235000e+01  1.520000e+01
      vertex -4.170000e+01  1.600000e+00  3.700000e+00
      vertex -4.170000e+01  3.600000e+00  1.320000e+01
    endloop
  endfacet
  facet normal  1.000000e+00  0.000000e+00  -0.000000e+00
    outer loop
      vertex -4.170000e+01 -2.235000e+01  1.520000e+01
      vertex -4.170000e+01  3.600000e+00  1.320000e+01
      vertex -4.170000e+01  6.600000e+00  1.320000e+01
    endloop
  endfacet
  facet normal  1.000000e+00  0.000000e+00  -0.000000e+00
    outer loop
      vertex -4.170000e+01 -2.235000e+01  1.520000e+01
      vertex -4.170000e+01  6.600000e+00  1.320000e+01
      vertex -4.170000e+01  6.600000e+00  1.520000e+01
    endloop
  endfacet
  facet normal  9.999999e-01  0.000000e+00  0.000000e+00
    outer loop
      vertex -4.170000e+01  1.600000e+00  3.700000e+00
      vertex -4.170000e+01  1.600000e+00  8.000000e-01
      vertex -4.170000e+01  3.600000e+00  1.320000e+01
    endloop
  endfacet
  facet normal  9.999999e-01  0.000000e+00  0.000000e+00
    outer loop
      vertex -4.170000e+01  3.600000e+00  1.320000e+01
      vertex -4.170000e+01  1.600000e+00  8.000000e-01
      vertex -4.170000e+01  3.600000e+00  8.000000e-01
    endloop
  endfacet
  facet normal  0.000000e+00  0.000000e+00  1.000000e+00
    outer loop
      vertex -2.870000e+01  5.600000e+00  1.800000e+00
      vertex -1.350000e+01  5.600000e+00  1.800000e+00
      vertex -2.870000e+01  6.600000e+00  1.800000e+00
    endloop
  endfacet
  facet normal  -0.000000e+00  0.000000e+00  1.000000e+00
    outer loop
      vertex -2.870000e+01  6.600000e+00  1.800000e+00
      vertex -1.350000e+01  5.600000e+00  1.800000e+00
      vertex -1.350000e+01  6.600000e+00  1.800000e+00
    endloop
  endfacet
  facet normal  0.000000e+00  0.000000e+00  1.000000e+00
    outer loop
      vertex -4.170000e+01  6.600000e+00  1.320000e+01
      vertex -4.170000e+01  3.600000e+00  1.320000e+01
      vertex -3.970000e+01  6.600000e+00  1.320000e+01
    endloop
  endfacet
  facet normal  0.000000e+00  0.000000e+00  1.000000e+00
    outer loop
      vertex -3.970000e+01  6.600000e+00  1.320000e+01
      vertex -4.170000e+01  3.600000e+00  1.320000e+01
      vertex -3.970000e+01  3.600000e+00  1.320000e+01
    endloop
  endfacet
  facet normal -1.000000e+00  0.000000e+00  0.000000e+00
    outer loop
      vertex -2.870000e+01  6.600000e+00  8.000000e-01
      vertex -2.870000e+01  5.600000e+00  8.000000e-01
      vertex -2.870000e+01  6.600000e+00  1.800000e+00
    endloop
  endfacet
  facet normal -1.000000e+00  -0.000000e+00  0.000000e+00
    outer loop
      vertex -2.870000e+01  6.600000e+00  1.800000e+00
      vertex -2.870000e+01  5.600000e+00  8.000000e-01
      vertex -2.870000e+01  5.600000e+00  1.800000e+00
    endloop
  endfacet
  facet normal  1.000000e+00  0.000000e+00  0.000000e+00
    outer loop
      vertex -3.970000e+01  3.600000e+00  8.000000e-01
      vertex -3.970000e+01  6.600000e+00  8.000000e-01
      vertex -3.970000e+01  3.600000e+00  1.320000e+01
    endloop
  endfacet
  facet normal  1.000000e+00  -0.000000e+00  0.000000e+00
    outer loop
      vertex -3.970000e+01  3.600000e+00  1.320000e+01
      vertex -3.970000e+01  6.600000e+00  8.000000e-01
      vertex -3.970000e+01  6.600000e+00  1.320000e+01
    endloop
  endfacet
  facet normal -1.000000e+00  0.000000e+00  0.000000e+00
    outer loop
      vertex  2.170000e+01  2.727646e+01  8.000000e-01
      vertex  2.170000e+01  2.045000e+01  8.000000e-01
      vertex  2.170000e+01  2.727646e+01  5.800000e+00
    endloop
  endfacet
  facet normal -1.000000e+00  -0.000000e+00  -0.000000e+00
    outer loop
      vertex  2.170000e+01  2.045000e+01  1.520000e+01
      vertex  2.170000e+01  3.425000e+01  1.520000e+01
      vertex  2.170000e+01  3.425000e+01  1.000000e+00
    endloop
  endfacet
  facet normal -1.000000e+00  0.000000e+00  0.000000e+00
    outer loop
      vertex  2.170000e+01  2.045000e+01  1.520000e+01
      vertex  2.170000e+01  3.425000e+01  1.000000e+00
      vertex  2.170000e+01  3.365000e+01  1.000000e+00
    endloop
  endfacet
  facet normal -1.000000e+00  0.000000e+00  0.000000e+00
    outer loop
      vertex  2.170000e+01  2.045000e+01  1.520000e+01
      vertex  2.170000e+01  3.365000e+01  1.000000e+00
      vertex  2.170000e+01  2.827646e+01  5.800000e+00
    endloop
  endfacet
  facet normal -1.000000e+00  0.000000e+00  0.000000e+00
    outer loop
      vertex  2.170000e+01  2.045000e+01  1.520000e+01
      vertex  2.170000e+01  2.827646e+01  5.800000e+00
      vertex  2.170000e+01  2.727646e+01  5.800000e+00
    endloop
  endfacet
  facet normal -1.000000e+00  -0.000000e+00  0.000000e+00
    outer loop
      vertex  2.170000e+01  2.045000e+01  1.520000e+01
      vertex  2.170000e+01  2.727646e+01  5.800000e+00
      vertex  2.170000e+01  2.045000e+01  8.000000e-01
    endloop
  endfacet
  facet normal -1.000000e+00  0.000000e+00  0.000000e+00
    outer loop
      vertex  2.170000e+01  3.365000e+01  1.000000e+00
      vertex  2.170000e+01  3.365000e+01  8.000000e-01
      vertex  2.170000e+01  2.827646e+01  5.800000e+00
    endloop
  endfacet
  facet normal -9.999999e-01  0.000000e+00  0.000000e+00
    outer loop
      vertex  2.170000e+01  2.827646e+01  5.800000e+00
      vertex  2.170000e+01  3.365000e+01  8.000000e-01
      vertex  2.170000e+01  2.827646e+01  8.000000e-01
    endloop
  endfacet
  facet normal -2.902842e-01 -9.569405e-01  3.854058e-04
    outer loop
      vertex -1.789018e+01  2.558843e+01  1.520000e+01
      vertex -1.826537e+01  2.570224e+01  1.520000e+01
      vertex -1.820155e+01  2.567708e+01  8.000000e-01
    endloop
  endfacet
  facet normal -4.331607e-01 -9.013167e-01 -3.449548e-04
    outer loop
      vertex -1.852415e+01  2.583212e+01  8.000000e-01
      vertex -1.820155e+01  2.567708e+01  8.000000e-01
      vertex -1.826537e+01  2.570224e+01  1.520000e+01
    endloop
  endfacet
  facet normal -4.713973e-01 -8.819209e-01  5.171361e-04
    outer loop
      vertex -1.826537e+01  2.570224e+01  1.520000e+01
      vertex -1.861114e+01  2.588706e+01  1.520000e+01
      vertex -1.852415e+01  2.583212e+01  8.000000e-01
    endloop
  endfacet
  facet normal -5.868800e-01 -8.096738e-01 -4.561439e-04
    outer loop
      vertex -1.881395e+01  2.604218e+01  8.000000e-01
      vertex -1.852415e+01  2.583212e+01  8.000000e-01
      vertex -1.861114e+01  2.588706e+01  1.520000e+01
    endloop
  endfacet
  facet normal -6.343949e-01 -7.730089e-01  6.080027e-04
    outer loop
      vertex -1.861114e+01  2.588706e+01  1.520000e+01
      vertex -1.891421e+01  2.613579e+01  1.520000e+01
      vertex -1.881395e+01  2.604218e+01  8.000000e-01
    endloop
  endfacet
  facet normal -7.217999e-01 -6.921015e-01 -5.265352e-04
    outer loop
      vertex -1.906167e+01  2.630052e+01  8.000000e-01
      vertex -1.881395e+01  2.604218e+01  8.000000e-01
      vertex -1.891421e+01  2.613579e+01  1.520000e+01
    endloop
  endfacet
  facet normal -7.730108e-01 -6.343925e-01  6.580449e-04
    outer loop
      vertex -1.891421e+01  2.613579e+01  1.520000e+01
      vertex -1.916294e+01  2.643886e+01  1.520000e+01
      vertex -1.906167e+01  2.630052e+01  8.000000e-01
    endloop
  endfacet
  facet normal -8.336021e-01 -5.523650e-01 -5.561049e-04
    outer loop
      vertex -1.925937e+01  2.659888e+01  8.000000e-01
      vertex -1.906167e+01  2.630052e+01  8.000000e-01
      vertex -1.916294e+01  2.643886e+01  1.520000e+01
    endloop
  endfacet
  facet normal -8.819208e-01 -4.713972e-01  6.672431e-04
    outer loop
      vertex -1.916294e+01  2.643886e+01  1.520000e+01
      vertex -1.934776e+01  2.678463e+01  1.520000e+01
      vertex -1.925937e+01  2.659888e+01  8.000000e-01
    endloop
  endfacet
  facet normal -9.187088e-01 -3.949352e-01 -5.448722e-04
    outer loop
      vertex -1.925937e+01  2.659888e+01  8.000000e-01
      vertex -1.934776e+01  2.678463e+01  1.520000e+01
      vertex -1.940072e+01  2.692771e+01  8.000000e-01
    endloop
  endfacet
  facet normal -9.569399e-01 -2.902855e-01  6.355285e-04
    outer loop
      vertex -1.940072e+01  2.692771e+01  8.000000e-01
      vertex -1.934776e+01  2.678463e+01  1.520000e+01
      vertex -1.946157e+01  2.715982e+01  1.520000e+01
    endloop
  endfacet
  facet normal -9.951848e-01 -9.801669e-02  0.000000e+00
    outer loop
      vertex -1.950000e+01  2.755000e+01  1.520000e+01
      vertex -1.950000e+01  2.755000e+01  5.800000e+00
      vertex -1.946157e+01  2.715982e+01  1.520000e+01
    endloop
  endfacet
  facet normal -9.976475e-01 -6.854300e-02  1.233479e-03
    outer loop
      vertex -1.946157e+01  2.715982e+01  1.520000e+01
      vertex -1.950000e+01  2.755000e+01  5.800000e+00
      vertex -1.948121e+01  2.727646e+01  5.800000e+00
    endloop
  endfacet
  facet normal -9.763686e-01 -2.161110e-01 -6.421614e-04
    outer loop
      vertex -1.946157e+01  2.715982e+01  1.520000e+01
      vertex -1.948121e+01  2.727646e+01  5.800000e+00
      vertex -1.940072e+01  2.692771e+01  8.000000e-01
    endloop
  endfacet
  facet normal -9.743907e-01 -2.248610e-01  0.000000e+00
    outer loop
      vertex -1.940072e+01  2.692771e+01  8.000000e-01
      vertex -1.948121e+01  2.727646e+01  5.800000e+00
      vertex -1.948121e+01  2.727646e+01  8.000000e-01
    endloop
  endfacet
  facet normal -8.948392e-02 -9.959882e-01  -0.000000e+00
    outer loop
      vertex -1.750000e+01  2.555000e+01  8.000000e-01
      vertex -1.750000e+01  2.555000e+01  1.520000e+01
      vertex -1.785649e+01  2.558203e+01  8.000000e-01
    endloop
  endfacet
  facet normal -9.801669e-02 -9.951848e-01  2.130239e-04
    outer loop
      vertex -1.785649e+01  2.558203e+01  8.000000e-01
      vertex -1.750000e+01  2.555000e+01  1.520000e+01
      vertex -1.789018e+01  2.558843e+01  1.520000e+01
    endloop
  endfacet
  facet normal -2.655758e-01 -9.640899e-01 -1.928775e-04
    outer loop
      vertex -1.785649e+01  2.558203e+01  8.000000e-01
      vertex -1.789018e+01  2.558843e+01  1.520000e+01
      vertex -1.820155e+01  2.567708e+01  8.000000e-01
    endloop
  endfacet
  facet normal  9.569399e-01 -2.902855e-01  6.355285e-04
    outer loop
      vertex -1.373843e+01  2.715982e+01  1.520000e+01
      vertex -1.385224e+01  2.678463e+01  1.520000e+01
      vertex -1.379928e+01  2.692771e+01  8.000000e-01
    endloop
  endfacet
  facet normal  9.187088e-01 -3.949352e-01 -5.448720e-04
    outer loop
      vertex -1.394063e+01  2.659888e+01  8.000000e-01
      vertex -1.379928e+01  2.692771e+01  8.000000e-01
      vertex -1.385224e+01  2.678463e+01  1.520000e+01
    endloop
  endfacet
  facet normal  8.819208e-01 -4.713972e-01  6.672431e-04
    outer loop
      vertex -1.385224e+01  2.678463e+01  1.520000e+01
      vertex -1.403706e+01  2.643886e+01  1.520000e+01
      vertex -1.394063e+01  2.659888e+01  8.000000e-01
    endloop
  endfacet
  facet normal  8.336021e-01 -5.523650e-01 -5.561049e-04
    outer loop
      vertex -1.394063e+01  2.659888e+01  8.000000e-01
      vertex -1.403706e+01  2.643886e+01  1.520000e+01
      vertex -1.413833e+01  2.630052e+01  8.000000e-01
    endloop
  endfacet
  facet normal  7.730108e-01 -6.343925e-01  6.580449e-04
    outer loop
      vertex -1.413833e+01  2.630052e+01  8.000000e-01
      vertex -1.403706e+01  2.643886e+01  1.520000e+01
      vertex -1.428579e+01  2.613579e+01  1.520000e+01
    endloop
  endfacet
  facet normal  7.218000e-01 -6.921015e-01 -5.265349e-04
    outer loop
      vertex -1.413833e+01  2.630052e+01  8.000000e-01
      vertex -1.428579e+01  2.613579e+01  1.520000e+01
      vertex -1.438605e+01  2.604218e+01  8.000000e-01
    endloop
  endfacet
  facet normal  6.343937e-01 -7.730098e-01  6.080174e-04
    outer loop
      vertex -1.438605e+01  2.604218e+01  8.000000e-01
      vertex -1.428579e+01  2.613579e+01  1.520000e+01
      vertex -1.458886e+01  2.588706e+01  1.520000e+01
    endloop
  endfacet
  facet normal  5.868801e-01 -8.096738e-01 -4.561049e-04
    outer loop
      vertex -1.438605e+01  2.604218e+01  8.000000e-01
      vertex -1.458886e+01  2.588706e+01  1.520000e+01
      vertex -1.467585e+01  2.583212e+01  8.000000e-01
    endloop
  endfacet
  facet normal  4.713973e-01 -8.819209e-01  5.171670e-04
    outer loop
      vertex -1.467585e+01  2.583212e+01  8.000000e-01
      vertex -1.458886e+01  2.588706e+01  1.520000e+01
      vertex -1.493463e+01  2.570224e+01  1.520000e+01
    endloop
  endfacet
  facet normal  4.331606e-01 -9.013167e-01 -3.449262e-04
    outer loop
      vertex -1.467585e+01  2.583212e+01  8.000000e-01
      vertex -1.493463e+01  2.570224e+01  1.520000e+01
      vertex -1.499845e+01  2.567708e+01  8.000000e-01
    endloop
  endfacet
  facet normal  2.902848e-01 -9.569402e-01  3.854218e-04
    outer loop
      vertex -1.499845e+01  2.567708e+01  8.000000e-01
      vertex -1.493463e+01  2.570224e+01  1.520000e+01
      vertex -1.530982e+01  2.558843e+01  1.520000e+01
    endloop
  endfacet
  facet normal  9.976479e-01 -6.854651e-02  0.000000e+00
    outer loop
      vertex -1.370000e+01  2.755000e+01  5.800000e+00
      vertex -1.370000e+01  2.755000e+01  1.520000e+01
      vertex -1.371879e+01  2.727646e+01  5.800000e+00
    endloop
  endfacet
  facet normal  9.951844e-01 -9.801666e-02  8.624907e-04
    outer loop
      vertex -1.371879e+01  2.727646e+01  5.800000e+00
      vertex -1.370000e+01  2.755000e+01  1.520000e+01
      vertex -1.373843e+01  2.715982e+01  1.520000e+01
    endloop
  endfacet
  facet normal  9.861263e-01 -1.659964e-01  0.000000e+00
    outer loop
      vertex -1.371879e+01  2.727646e+01  5.800000e+00
      vertex -1.373843e+01  2.715982e+01  1.520000e+01
      vertex -1.371879e+01  2.727646e+01  8.000000e-01
    endloop
  endfacet
  facet normal  9.743913e-01 -2.248585e-01 -4.928079e-04
    outer loop
      vertex -1.371879e+01  2.727646e+01  8.000000e-01
      vertex -1.373843e+01  2.715982e+01  1.520000e+01
      vertex -1.379928e+01  2.692771e+01  8.000000e-01
    endloop
  endfacet
  facet normal  9.801669e-02 -9.951848e-01  0.000000e+00
    outer loop
      vertex -1.570000e+01  2.555000e+01  1.520000e+01
      vertex -1.570000e+01  2.555000e+01  8.000000e-01
      vertex -1.530982e+01  2.558843e+01  1.520000e+01
    endloop
  endfacet
  facet normal  8.948415e-02 -9.959882e-01  2.333408e-04
    outer loop
      vertex -1.530982e+01  2.558843e+01  1.520000e+01
      vertex -1.570000e+01  2.555000e+01  8.000000e-01
      vertex -1.534352e+01  2.558203e+01  8.000000e-01
    endloop
  endfacet
  facet normal  2.655752e-01 -9.640902e-01 -1.928935e-04
    outer loop
      vertex -1.530982e+01  2.558843e+01  1.520000e+01
      vertex -1.534352e+01  2.558203e+01  8.000000e-01
      vertex -1.499845e+01  2.567708e+01  8.000000e-01
    endloop
  endfacet
  facet normal -1.000000e+00  0.000000e+00  0.000000e+00
    outer loop
      vertex -1.950000e+01  2.755000e+01  5.800000e+00
      vertex -1.950000e+01  2.755000e+01  1.520000e+01
      vertex -1.950000e+01  2.795000e+01  5.800000e+00
    endloop
  endfacet
  facet normal -1.000000e+00  0.000000e+00  0.000000e+00
    outer loop
      vertex -1.950000e+01  2.795000e+01  5.800000e+00
      vertex -1.950000e+01  2.755000e+01  1.520000e+01
      vertex -1.950000e+01  2.795000e+01  1.520000e+01
    endloop
  endfacet
  facet normal -9.569399e-01  2.902855e-01  5.263361e-04
    outer loop
      vertex -1.946157e+01  2.834018e+01  1.520000e+01
      vertex -1.934776e+01  2.871537e+01  1.520000e+01
      vertex -1.938563e+01  2.861663e+01  8.000000e-01
    endloop
  endfacet
  facet normal -9.099022e-01  4.148225e-01 -4.512426e-04
    outer loop
      vertex -1.923992e+01  2.893624e+01  8.000000e-01
      vertex -1.938563e+01  2.861663e+01  8.000000e-01
      vertex -1.934776e+01  2.871537e+01  1.520000e+01
    endloop
  endfacet
  facet normal -8.819208e-01  4.713972e-01  6.260744e-04
    outer loop
      vertex -1.934776e+01  2.871537e+01  1.520000e+01
      vertex -1.916294e+01  2.906114e+01  1.520000e+01
      vertex -1.923992e+01  2.893624e+01  8.000000e-01
    endloop
  endfacet
  facet normal -8.232976e-01  5.676098e-01 -5.218295e-04
    outer loop
      vertex -1.904055e+01  2.922543e+01  8.000000e-01
      vertex -1.923992e+01  2.893624e+01  8.000000e-01
      vertex -1.916294e+01  2.906114e+01  1.520000e+01
    endloop
  endfacet
  facet normal -7.730108e-01  6.343925e-01  6.674973e-04
    outer loop
      vertex -1.916294e+01  2.906114e+01  1.520000e+01
      vertex -1.891421e+01  2.936421e+01  1.520000e+01
      vertex -1.904055e+01  2.922543e+01  8.000000e-01
    endloop
  endfacet
  facet normal -7.112970e-01  7.028912e-01 -5.341133e-04
    outer loop
      vertex -1.904055e+01  2.922543e+01  8.000000e-01
      vertex -1.891421e+01  2.936421e+01  1.520000e+01
      vertex -1.879365e+01  2.947528e+01  8.000000e-01
    endloop
  endfacet
  facet normal -6.343949e-01  7.730089e-01  6.505242e-04
    outer loop
      vertex -1.879365e+01  2.947528e+01  8.000000e-01
      vertex -1.891421e+01  2.936421e+01  1.520000e+01
      vertex -1.861114e+01  2.961294e+01  1.520000e+01
    endloop
  endfacet
  facet normal -5.773560e-01  8.164924e-01 -4.881113e-04
    outer loop
      vertex -1.879365e+01  2.947528e+01  8.000000e-01
      vertex -1.861114e+01  2.961294e+01  1.520000e+01
      vertex -1.850686e+01  2.967807e+01  8.000000e-01
    endloop
  endfacet
  facet normal -4.713972e-01  8.819208e-01  5.751982e-04
    outer loop
      vertex -1.850686e+01  2.967807e+01  8.000000e-01
      vertex -1.861114e+01  2.961294e+01  1.520000e+01
      vertex -1.826537e+01  2.979776e+01  1.520000e+01
    endloop
  endfacet
  facet normal -4.256119e-01  9.049058e-01 -3.836612e-04
    outer loop
      vertex -1.850686e+01  2.967807e+01  8.000000e-01
      vertex -1.826537e+01  2.979776e+01  1.520000e+01
      vertex -1.818900e+01  2.982757e+01  8.000000e-01
    endloop
  endfacet
  facet normal -2.902842e-01  9.569404e-01  4.417196e-04
    outer loop
      vertex -1.818900e+01  2.982757e+01  8.000000e-01
      vertex -1.826537e+01  2.979776e+01  1.520000e+01
      vertex -1.789018e+01  2.991157e+01  1.520000e+01
    endloop
  endfacet
  facet normal -9.966412e-01  8.189226e-02  0.000000e+00
    outer loop
      vertex -1.950000e+01  2.795000e+01  5.800000e+00
      vertex -1.950000e+01  2.795000e+01  1.520000e+01
      vertex -1.947318e+01  2.827646e+01  5.800000e+00
    endloop
  endfacet
  facet normal -9.951845e-01  9.801668e-02  5.641608e-04
    outer loop
      vertex -1.947318e+01  2.827646e+01  5.800000e+00
      vertex -1.950000e+01  2.795000e+01  1.520000e+01
      vertex -1.946157e+01  2.834018e+01  1.520000e+01
    endloop
  endfacet
  facet normal -9.838170e-01  1.791757e-01  0.000000e+00
    outer loop
      vertex -1.947318e+01  2.827646e+01  5.800000e+00
      vertex -1.946157e+01  2.834018e+01  1.520000e+01
      vertex -1.947318e+01  2.827646e+01  8.000000e-01
    endloop
  endfacet
  facet normal -9.684426e-01  2.492363e-01 -3.223927e-04
    outer loop
      vertex -1.947318e+01  2.827646e+01  8.000000e-01
      vertex -1.946157e+01  2.834018e+01  1.520000e+01
      vertex -1.938563e+01  2.861663e+01  8.000000e-01
    endloop
  endfacet
  facet normal -9.801669e-02  9.951848e-01  0.000000e+00
    outer loop
      vertex -1.750000e+01  2.995000e+01  1.520000e+01
      vertex -1.750000e+01  2.995000e+01  8.000000e-01
      vertex -1.789018e+01  2.991157e+01  1.520000e+01
    endloop
  endfacet
  facet normal -8.781567e-02  9.961367e-01  2.789461e-04
    outer loop
      vertex -1.789018e+01  2.991157e+01  1.520000e+01
      vertex -1.750000e+01  2.995000e+01  8.000000e-01
      vertex -1.784990e+01  2.991916e+01  8.000000e-01
    endloop
  endfacet
  facet normal -2.607315e-01  9.654113e-01 -2.209575e-04
    outer loop
      vertex -1.789018e+01  2.991157e+01  1.520000e+01
      vertex -1.784990e+01  2.991916e+01  8.000000e-01
      vertex -1.818900e+01  2.982757e+01  8.000000e-01
    endloop
  endfacet
  facet normal  2.902848e-01  9.569402e-01  4.417350e-04
    outer loop
      vertex -1.530982e+01  2.991157e+01  1.520000e+01
      vertex -1.493463e+01  2.979776e+01  1.520000e+01
      vertex -1.501100e+01  2.982757e+01  8.000000e-01
    endloop
  endfacet
  facet normal  4.256108e-01  9.049062e-01 -3.836263e-04
    outer loop
      vertex -1.469314e+01  2.967807e+01  8.000000e-01
      vertex -1.501100e+01  2.982757e+01  8.000000e-01
      vertex -1.493463e+01  2.979776e+01  1.520000e+01
    endloop
  endfacet
  facet normal  4.713972e-01  8.819208e-01  5.752605e-04
    outer loop
      vertex -1.493463e+01  2.979776e+01  1.520000e+01
      vertex -1.458886e+01  2.961294e+01  1.520000e+01
      vertex -1.469314e+01  2.967807e+01  8.000000e-01
    endloop
  endfacet
  facet normal  5.773573e-01  8.164915e-01 -4.880482e-04
    outer loop
      vertex -1.440635e+01  2.947528e+01  8.000000e-01
      vertex -1.469314e+01  2.967807e+01  8.000000e-01
      vertex -1.458886e+01  2.961294e+01  1.520000e+01
    endloop
  endfacet
  facet normal  6.343937e-01  7.730098e-01  6.505414e-04
    outer loop
      vertex -1.458886e+01  2.961294e+01  1.520000e+01
      vertex -1.428579e+01  2.936421e+01  1.520000e+01
      vertex -1.440635e+01  2.947528e+01  8.000000e-01
    endloop
  endfacet
  facet normal  7.112983e-01  7.028899e-01 -5.341356e-04
    outer loop
      vertex -1.415945e+01  2.922543e+01  8.000000e-01
      vertex -1.440635e+01  2.947528e+01  8.000000e-01
      vertex -1.428579e+01  2.936421e+01  1.520000e+01
    endloop
  endfacet
  facet normal  7.730108e-01  6.343925e-01  6.674459e-04
    outer loop
      vertex -1.428579e+01  2.936421e+01  1.520000e+01
      vertex -1.403706e+01  2.906114e+01  1.520000e+01
      vertex -1.415945e+01  2.922543e+01  8.000000e-01
    endloop
  endfacet
  facet normal  8.232963e-01  5.676116e-01 -5.218521e-04
    outer loop
      vertex -1.415945e+01  2.922543e+01  8.000000e-01
      vertex -1.403706e+01  2.906114e+01  1.520000e+01
      vertex -1.396008e+01  2.893624e+01  8.000000e-01
    endloop
  endfacet
  facet normal  8.819208e-01  4.713972e-01  6.260744e-04
    outer loop
      vertex -1.396008e+01  2.893624e+01  8.000000e-01
      vertex -1.403706e+01  2.906114e+01  1.520000e+01
      vertex -1.385224e+01  2.871537e+01  1.520000e+01
    endloop
  endfacet
  facet normal  9.099022e-01  4.148226e-01 -4.512426e-04
    outer loop
      vertex -1.396008e+01  2.893624e+01  8.000000e-01
      vertex -1.385224e+01  2.871537e+01  1.520000e+01
      vertex -1.381437e+01  2.861663e+01  8.000000e-01
    endloop
  endfacet
  facet normal  9.569399e-01  2.902855e-01  5.263361e-04
    outer loop
      vertex -1.381437e+01  2.861663e+01  8.000000e-01
      vertex -1.385224e+01  2.871537e+01  1.520000e+01
      vertex -1.373843e+01  2.834018e+01  1.520000e+01
    endloop
  endfacet
  facet normal  9.951848e-01  9.801669e-02  -0.000000e+00
    outer loop
      vertex -1.370000e+01  2.795000e+01  1.520000e+01
      vertex -1.370000e+01  2.795000e+01  5.800000e+00
      vertex -1.373843e+01  2.834018e+01  1.520000e+01
    endloop
  endfacet
  facet normal  9.966410e-01  8.189224e-02  6.752565e-04
    outer loop
      vertex -1.373843e+01  2.834018e+01  1.520000e+01
      vertex -1.370000e+01  2.795000e+01  5.800000e+00
      vertex -1.372682e+01  2.827646e+01  5.800000e+00
    endloop
  endfacet
  facet normal  9.700187e-01  2.430296e-01 -4.498611e-04
    outer loop
      vertex -1.373843e+01  2.834018e+01  1.520000e+01
      vertex -1.372682e+01  2.827646e+01  5.800000e+00
      vertex -1.381437e+01  2.861663e+01  8.000000e-01
    endloop
  endfacet
  facet normal  9.684427e-01  2.492363e-01  0.000000e+00
    outer loop
      vertex -1.381437e+01  2.861663e+01  8.000000e-01
      vertex -1.372682e+01  2.827646e+01  5.800000e+00
      vertex -1.372682e+01  2.827646e+01  8.000000e-01
    endloop
  endfacet
  facet normal  8.781568e-02  9.961367e-01  0.000000e+00
    outer loop
      vertex -1.570000e+01  2.995000e+01  8.000000e-01
      vertex -1.570000e+01  2.995000e+01  1.520000e+01
      vertex -1.535010e+01  2.991916e+01  8.000000e-01
    endloop
  endfacet
  facet normal  9.801669e-02  9.951848e-01  2.499080e-04
    outer loop
      vertex -1.535010e+01  2.991916e+01  8.000000e-01
      vertex -1.570000e+01  2.995000e+01  1.520000e+01
      vertex -1.530982e+01  2.991157e+01  1.520000e+01
    endloop
  endfacet
  facet normal  2.607315e-01  9.654113e-01 -2.209575e-04
    outer loop
      vertex -1.535010e+01  2.991916e+01  8.000000e-01
      vertex -1.530982e+01  2.991157e+01  1.520000e+01
      vertex -1.501100e+01  2.982757e+01  8.000000e-01
    endloop
  endfacet
  facet normal  1.000000e+00  0.000000e+00  0.000000e+00
    outer loop
      vertex -1.370000e+01  2.795000e+01  5.800000e+00
      vertex -1.370000e+01  2.795000e+01  1.520000e+01
      vertex -1.370000e+01  2.755000e+01  5.800000e+00
    endloop
  endfacet
  facet normal  1.000000e+00  0.000000e+00  0.000000e+00
    outer loop
      vertex -1.370000e+01  2.755000e+01  5.800000e+00
      vertex -1.370000e+01  2.795000e+01  1.520000e+01
      vertex -1.370000e+01  2.755000e+01  1.520000e+01
    endloop
  endfacet
  facet normal -2.902848e-01 -9.569402e-01  3.854218e-04
    outer loop
      vertex  1.530982e+01  2.558843e+01  1.520000e+01
      vertex  1.493463e+01  2.570224e+01  1.520000e+01
      vertex  1.499845e+01  2.567708e+01  8.000000e-01
    endloop
  endfacet
  facet normal -4.331607e-01 -9.013167e-01 -3.449261e-04
    outer loop
      vertex  1.467585e+01  2.583212e+01  8.000000e-01
      vertex  1.499845e+01  2.567708e+01  8.000000e-01
      vertex  1.493463e+01  2.570224e+01  1.520000e+01
    endloop
  endfacet
  facet normal -4.713973e-01 -8.819209e-01  5.171670e-04
    outer loop
      vertex  1.493463e+01  2.570224e+01  1.520000e+01
      vertex  1.458886e+01  2.588706e+01  1.520000e+01
      vertex  1.467585e+01  2.583212e+01  8.000000e-01
    endloop
  endfacet
  facet normal -5.868800e-01 -8.096738e-01 -4.561048e-04
    outer loop
      vertex  1.438605e+01  2.604218e+01  8.000000e-01
      vertex  1.467585e+01  2.583212e+01  8.000000e-01
      vertex  1.458886e+01  2.588706e+01  1.520000e+01
    endloop
  endfacet
  facet normal -6.343937e-01 -7.730098e-01  6.080174e-04
    outer loop
      vertex  1.458886e+01  2.588706e+01  1.520000e+01
      vertex  1.428579e+01  2.613579e+01  1.520000e+01
      vertex  1.438605e+01  2.604218e+01  8.000000e-01
    endloop
  endfacet
  facet normal -7.217999e-01 -6.921015e-01 -5.265352e-04
    outer loop
      vertex  1.413833e+01  2.630052e+01  8.000000e-01
      vertex  1.438605e+01  2.604218e+01  8.000000e-01
      vertex  1.428579e+01  2.613579e+01  1.520000e+01
    endloop
  endfacet
  facet normal -7.730108e-01 -6.343925e-01  6.580449e-04
    outer loop
      vertex  1.428579e+01  2.613579e+01  1.520000e+01
      vertex  1.403706e+01  2.643886e+01  1.520000e+01
      vertex  1.413833e+01  2.630052e+01  8.000000e-01
    endloop
  endfacet
  facet normal -8.336021e-01 -5.523650e-01 -5.561049e-04
    outer loop
      vertex  1.394063e+01  2.659888e+01  8.000000e-01
      vertex  1.413833e+01  2.630052e+01  8.000000e-01
      vertex  1.403706e+01  2.643886e+01  1.520000e+01
    endloop
  endfacet
  facet normal -8.819208e-01 -4.713972e-01  6.672431e-04
    outer loop
      vertex  1.403706e+01  2.643886e+01  1.520000e+01
      vertex  1.385224e+01  2.678463e+01  1.520000e+01
      vertex  1.394063e+01  2.659888e+01  8.000000e-01
    endloop
  endfacet
  facet normal -9.187088e-01 -3.949352e-01 -5.448722e-04
    outer loop
      vertex  1.394063e+01  2.659888e+01  8.000000e-01
      vertex  1.385224e+01  2.678463e+01  1.520000e+01
      vertex  1.379928e+01  2.692771e+01  8.000000e-01
    endloop
  endfacet
  facet normal -9.569399e-01 -2.902855e-01  6.355285e-04
    outer loop
      vertex  1.379928e+01  2.692771e+01  8.000000e-01
      vertex  1.385224e+01  2.678463e+01  1.520000e+01
      vertex  1.373843e+01  2.715982e+01  1.520000e+01
    endloop
  endfacet
  facet normal -9.951848e-01 -9.801669e-02  0.000000e+00
    outer loop
      vertex  1.370000e+01  2.755000e+01  1.520000e+01
      vertex  1.370000e+01  2.755000e+01  5.800000e+00
      vertex  1.373843e+01  2.715982e+01  1.520000e+01
    endloop
  endfacet
  facet normal -9.976472e-01 -6.854645e-02  1.233335e-03
    outer loop
      vertex  1.373843e+01  2.715982e+01  1.520000e+01
      vertex  1.370000e+01  2.755000e+01  5.800000e+00
      vertex  1.371879e+01  2.727646e+01  5.800000e+00
    endloop
  endfacet
  facet normal -9.763693e-01 -2.161077e-01 -6.422178e-04
    outer loop
      vertex  1.373843e+01  2.715982e+01  1.520000e+01
      vertex  1.371879e+01  2.727646e+01  5.800000e+00
      vertex  1.379928e+01  2.692771e+01  8.000000e-01
    endloop
  endfacet
  facet normal -9.743914e-01 -2.248585e-01  0.000000e+00
    outer loop
      vertex  1.379928e+01  2.692771e+01  8.000000e-01
      vertex  1.371879e+01  2.727646e+01  5.800000e+00
      vertex  1.371879e+01  2.727646e+01  8.000000e-01
    endloop
  endfacet
  facet normal -8.948416e-02 -9.959882e-01  -0.000000e+00
    outer loop
      vertex  1.570000e+01  2.555000e+01  8.000000e-01
      vertex  1.570000e+01  2.555000e+01  1.520000e+01
      vertex  1.534352e+01  2.558203e+01  8.000000e-01
    endloop
  endfacet
  facet normal -9.801669e-02 -9.951848e-01  2.130175e-04
    outer loop
      vertex  1.534352e+01  2.558203e+01  8.000000e-01
      vertex  1.570000e+01  2.555000e+01  1.520000e+01
      vertex  1.530982e+01  2.558843e+01  1.520000e+01
    endloop
  endfacet
  facet normal -2.655752e-01 -9.640902e-01 -1.928935e-04
    outer loop
      vertex  1.534352e+01  2.558203e+01  8.000000e-01
      vertex  1.530982e+01  2.558843e+01  1.520000e+01
      vertex  1.499845e+01  2.567708e+01  8.000000e-01
    endloop
  endfacet
  facet normal  9.569399e-01 -2.902855e-01  6.355285e-04
    outer loop
      vertex  1.946157e+01  2.715982e+01  1.520000e+01
      vertex  1.934776e+01  2.678463e+01  1.520000e+01
      vertex  1.940072e+01  2.692771e+01  8.000000e-01
    endloop
  endfacet
  facet normal  9.187088e-01 -3.949352e-01 -5.448720e-04
    outer loop
      vertex  1.925937e+01  2.659888e+01  8.000000e-01
      vertex  1.940072e+01  2.692771e+01  8.000000e-01
      vertex  1.934776e+01  2.678463e+01  1.520000e+01
    endloop
  endfacet
  facet normal  8.819208e-01 -4.713972e-01  6.672431e-04
    outer loop
      vertex  1.934776e+01  2.678463e+01  1.520000e+01
      vertex  1.916294e+01  2.643886e+01  1.520000e+01
      vertex  1.925937e+01  2.659888e+01  8.000000e-01
    endloop
  endfacet
  facet normal  8.336021e-01 -5.523650e-01 -5.561049e-04
    outer loop
      vertex  1.925937e+01  2.659888e+01  8.000000e-01
      vertex  1.916294e+01  2.643886e+01  1.520000e+01
      vertex  1.906167e+01  2.630052e+01  8.000000e-01
    endloop
  endfacet
  facet normal  7.730108e-01 -6.343925e-01  6.580449e-04
    outer loop
      vertex  1.906167e+01  2.630052e+01  8.000000e-01
      vertex  1.916294e+01  2.643886e+01  1.520000e+01
      vertex  1.891421e+01  2.613579e+01  1.520000e+01
    endloop
  endfacet
  facet normal  7.218000e-01 -6.921015e-01 -5.265349e-04
    outer loop
      vertex  1.906167e+01  2.630052e+01  8.000000e-01
      vertex  1.891421e+01  2.613579e+01  1.520000e+01
      vertex  1.881395e+01  2.604218e+01  8.000000e-01
    endloop
  endfacet
  facet normal  6.343949e-01 -7.730089e-01  6.080027e-04
    outer loop
      vertex  1.881395e+01  2.604218e+01  8.000000e-01
      vertex  1.891421e+01  2.613579e+01  1.520000e+01
      vertex  1.861114e+01  2.588706e+01  1.520000e+01
    endloop
  endfacet
  facet normal  5.868800e-01 -8.096738e-01 -4.561437e-04
    outer loop
      vertex  1.881395e+01  2.604218e+01  8.000000e-01
      vertex  1.861114e+01  2.588706e+01  1.520000e+01
      vertex  1.852415e+01  2.583212e+01  8.000000e-01
    endloop
  endfacet
  facet normal  4.713973e-01 -8.819209e-01  5.171361e-04
    outer loop
      vertex  1.852415e+01  2.583212e+01  8.000000e-01
      vertex  1.861114e+01  2.588706e+01  1.520000e+01
      vertex  1.826537e+01  2.570224e+01  1.520000e+01
    endloop
  endfacet
  facet normal  4.331606e-01 -9.013167e-01 -3.449549e-04
    outer loop
      vertex  1.852415e+01  2.583212e+01  8.000000e-01
      vertex  1.826537e+01  2.570224e+01  1.520000e+01
      vertex  1.820155e+01  2.567708e+01  8.000000e-01
    endloop
  endfacet
  facet normal  2.902842e-01 -9.569405e-01  3.854058e-04
    outer loop
      vertex  1.820155e+01  2.567708e+01  8.000000e-01
      vertex  1.826537e+01  2.570224e+01  1.520000e+01
      vertex  1.789018e+01  2.558843e+01  1.520000e+01
    endloop
  endfacet
  facet normal  9.976481e-01 -6.854305e-02  0.000000e+00
    outer loop
      vertex  1.950000e+01  2.755000e+01  5.800000e+00
      vertex  1.950000e+01  2.755000e+01  1.520000e+01
      vertex  1.948121e+01  2.727646e+01  5.800000e+00
    endloop
  endfacet
  facet normal  9.951844e-01 -9.801666e-02  8.625916e-04
    outer loop
      vertex  1.948121e+01  2.727646e+01  5.800000e+00
      vertex  1.950000e+01  2.755000e+01  1.520000e+01
      vertex  1.946157e+01  2.715982e+01  1.520000e+01
    endloop
  endfacet
  facet normal  9.861251e-01 -1.660043e-01  0.000000e+00
    outer loop
      vertex  1.948121e+01  2.727646e+01  5.800000e+00
      vertex  1.946157e+01  2.715982e+01  1.520000e+01
      vertex  1.948121e+01  2.727646e+01  8.000000e-01
    endloop
  endfacet
  facet normal  9.743907e-01 -2.248610e-01 -4.927647e-04
    outer loop
      vertex  1.948121e+01  2.727646e+01  8.000000e-01
      vertex  1.946157e+01  2.715982e+01  1.520000e+01
      vertex  1.940072e+01  2.692771e+01  8.000000e-01
    endloop
  endfacet
  facet normal  9.801669e-02 -9.951848e-01  0.000000e+00
    outer loop
      vertex  1.750000e+01  2.555000e+01  1.520000e+01
      vertex  1.750000e+01  2.555000e+01  8.000000e-01
      vertex  1.789018e+01  2.558843e+01  1.520000e+01
    endloop
  endfacet
  facet normal  8.948392e-02 -9.959882e-01  2.333474e-04
    outer loop
      vertex  1.789018e+01  2.558843e+01  1.520000e+01
      vertex  1.750000e+01  2.555000e+01  8.000000e-01
      vertex  1.785649e+01  2.558203e+01  8.000000e-01
    endloop
  endfacet
  facet normal  2.655759e-01 -9.640900e-01 -1.928776e-04
    outer loop
      vertex  1.789018e+01  2.558843e+01  1.520000e+01
      vertex  1.785649e+01  2.558203e+01  8.000000e-01
      vertex  1.820155e+01  2.567708e+01  8.000000e-01
    endloop
  endfacet
  facet normal -1.000000e+00  0.000000e+00  0.000000e+00
    outer loop
      vertex  1.370000e+01  2.755000e+01  5.800000e+00
      vertex  1.370000e+01  2.755000e+01  1.520000e+01
      vertex  1.370000e+01  2.795000e+01  5.800000e+00
    endloop
  endfacet
  facet normal -1.000000e+00  0.000000e+00  0.000000e+00
    outer loop
      vertex  1.370000e+01  2.795000e+01  5.800000e+00
      vertex  1.370000e+01  2.755000e+01  1.520000e+01
      vertex  1.370000e+01  2.795000e+01  1.520000e+01
    endloop
  endfacet
  facet normal -9.569399e-01  2.902855e-01  5.263361e-04
    outer loop
      vertex  1.373843e+01  2.834018e+01  1.520000e+01
      vertex  1.385224e+01  2.871537e+01  1.520000e+01
      vertex  1.381437e+01  2.861663e+01  8.000000e-01
    endloop
  endfacet
  facet normal -9.099022e-01  4.148225e-01 -4.512426e-04
    outer loop
      vertex  1.396008e+01  2.893624e+01  8.000000e-01
      vertex  1.381437e+01  2.861663e+01  8.000000e-01
      vertex  1.385224e+01  2.871537e+01  1.520000e+01
    endloop
  endfacet
  facet normal -8.819208e-01  4.713972e-01  6.260744e-04
    outer loop
      vertex  1.385224e+01  2.871537e+01  1.520000e+01
      vertex  1.403706e+01  2.906114e+01  1.520000e+01
      vertex  1.396008e+01  2.893624e+01  8.000000e-01
    endloop
  endfacet
  facet normal -8.232963e-01  5.676116e-01 -5.218519e-04
    outer loop
      vertex  1.415945e+01  2.922543e+01  8.000000e-01
      vertex  1.396008e+01  2.893624e+01  8.000000e-01
      vertex  1.403706e+01  2.906114e+01  1.520000e+01
    endloop
  endfacet
  facet normal -7.730108e-01  6.343925e-01  6.674459e-04
    outer loop
      vertex  1.403706e+01  2.906114e+01  1.520000e+01
      vertex  1.428579e+01  2.936421e+01  1.520000e+01
      vertex  1.415945e+01  2.922543e+01  8.000000e-01
    endloop
  endfacet
  facet normal -7.112985e-01  7.028899e-01 -5.341354e-04
    outer loop
      vertex  1.415945e+01  2.922543e+01  8.000000e-01
      vertex  1.428579e+01  2.936421e+01  1.520000e+01
      vertex  1.440635e+01  2.947528e+01  8.000000e-01
    endloop
  endfacet
  facet normal -6.343937e-01  7.730098e-01  6.505414e-04
    outer loop
      vertex  1.440635e+01  2.947528e+01  8.000000e-01
      vertex  1.428579e+01  2.936421e+01  1.520000e+01
      vertex  1.458886e+01  2.961294e+01  1.520000e+01
    endloop
  endfacet
  facet normal -5.773573e-01  8.164915e-01 -4.880481e-04
    outer loop
      vertex  1.440635e+01  2.947528e+01  8.000000e-01
      vertex  1.458886e+01  2.961294e+01  1.520000e+01
      vertex  1.469314e+01  2.967807e+01  8.000000e-01
    endloop
  endfacet
  facet normal -4.713972e-01  8.819208e-01  5.752605e-04
    outer loop
      vertex  1.469314e+01  2.967807e+01  8.000000e-01
      vertex  1.458886e+01  2.961294e+01  1.520000e+01
      vertex  1.493463e+01  2.979776e+01  1.520000e+01
    endloop
  endfacet
  facet normal -4.256108e-01  9.049062e-01 -3.836263e-04
    outer loop
      vertex  1.469314e+01  2.967807e+01  8.000000e-01
      vertex  1.493463e+01  2.979776e+01  1.520000e+01
      vertex  1.501100e+01  2.982757e+01  8.000000e-01
    endloop
  endfacet
  facet normal -2.902848e-01  9.569402e-01  4.417350e-04
    outer loop
      vertex  1.501100e+01  2.982757e+01  8.000000e-01
      vertex  1.493463e+01  2.979776e+01  1.520000e+01
      vertex  1.530982e+01  2.991157e+01  1.520000e+01
    endloop
  endfacet
  facet normal -9.966412e-01  8.189226e-02  0.000000e+00
    outer loop
      vertex  1.370000e+01  2.795000e+01  5.800000e+00
      vertex  1.370000e+01  2.795000e+01  1.520000e+01
      vertex  1.372682e+01  2.827646e+01  5.800000e+00
    endloop
  endfacet
  facet normal -9.951845e-01  9.801668e-02  5.641608e-04
    outer loop
      vertex  1.372682e+01  2.827646e+01  5.800000e+00
      vertex  1.370000e+01  2.795000e+01  1.520000e+01
      vertex  1.373843e+01  2.834018e+01  1.520000e+01
    endloop
  endfacet
  facet normal -9.838170e-01  1.791757e-01  0.000000e+00
    outer loop
      vertex  1.372682e+01  2.827646e+01  5.800000e+00
      vertex  1.373843e+01  2.834018e+01  1.520000e+01
      vertex  1.372682e+01  2.827646e+01  8.000000e-01
    endloop
  endfacet
  facet normal -9.684426e-01  2.492363e-01 -3.223927e-04
    outer loop
      vertex  1.372682e+01  2.827646e+01  8.000000e-01
      vertex  1.373843e+01  2.834018e+01  1.520000e+01
      vertex  1.381437e+01  2.861663e+01  8.000000e-01
    endloop
  endfacet
  facet normal -9.801669e-02  9.951848e-01  0.000000e+00
    outer loop
      vertex  1.570000e+01  2.995000e+01  1.520000e+01
      vertex  1.570000e+01  2.995000e+01  8.000000e-01
      vertex  1.530982e+01  2.991157e+01  1.520000e+01
    endloop
  endfacet
  facet normal -8.781567e-02  9.961367e-01  2.789461e-04
    outer loop
      vertex  1.530982e+01  2.991157e+01  1.520000e+01
      vertex  1.570000e+01  2.995000e+01  8.000000e-01
      vertex  1.535010e+01  2.991916e+01  8.000000e-01
    endloop
  endfacet
  facet normal -2.607315e-01  9.654113e-01 -2.209575e-04
    outer loop
      vertex  1.530982e+01  2.991157e+01  1.520000e+01
      vertex  1.535010e+01  2.991916e+01  8.000000e-01
      vertex  1.501100e+01  2.982757e+01  8.000000e-01
    endloop
  endfacet
  facet normal  2.902842e-01  9.569404e-01  4.417196e-04
    outer loop
      vertex  1.789018e+01  2.991157e+01  1.520000e+01
      vertex  1.826537e+01  2.979776e+01  1.520000e+01
      vertex  1.818900e+01  2.982757e+01  8.000000e-01
    endloop
  endfacet
  facet normal  4.256119e-01  9.049058e-01 -3.836612e-04
    outer loop
      vertex  1.850686e+01  2.967807e+01  8.000000e-01
      vertex  1.818900e+01  2.982757e+01  8.000000e-01
      vertex  1.826537e+01  2.979776e+01  1.520000e+01
    endloop
  endfacet
  facet normal  4.713972e-01  8.819208e-01  5.751982e-04
    outer loop
      vertex  1.826537e+01  2.979776e+01  1.520000e+01
      vertex  1.861114e+01  2.961294e+01  1.520000e+01
      vertex  1.850686e+01  2.967807e+01  8.000000e-01
    endloop
  endfacet
  facet normal  5.773560e-01  8.164924e-01 -4.881111e-04
    outer loop
      vertex  1.879365e+01  2.947528e+01  8.000000e-01
      vertex  1.850686e+01  2.967807e+01  8.000000e-01
      vertex  1.861114e+01  2.961294e+01  1.520000e+01
    endloop
  endfacet
  facet normal  6.343949e-01  7.730089e-01  6.505242e-04
    outer loop
      vertex  1.861114e+01  2.961294e+01  1.520000e+01
      vertex  1.891421e+01  2.936421e+01  1.520000e+01
      vertex  1.879365e+01  2.947528e+01  8.000000e-01
    endloop
  endfacet
  facet normal  7.112970e-01  7.028912e-01 -5.341137e-04
    outer loop
      vertex  1.904055e+01  2.922543e+01  8.000000e-01
      vertex  1.879365e+01  2.947528e+01  8.000000e-01
      vertex  1.891421e+01  2.936421e+01  1.520000e+01
    endloop
  endfacet
  facet normal  7.730108e-01  6.343925e-01  6.674973e-04
    outer loop
      vertex  1.891421e+01  2.936421e+01  1.520000e+01
      vertex  1.916294e+01  2.906114e+01  1.520000e+01
      vertex  1.904055e+01  2.922543e+01  8.000000e-01
    endloop
  endfacet
  facet normal  8.232976e-01  5.676098e-01 -5.218293e-04
    outer loop
      vertex  1.904055e+01  2.922543e+01  8.000000e-01
      vertex  1.916294e+01  2.906114e+01  1.520000e+01
      vertex  1.923992e+01  2.893624e+01  8.000000e-01
    endloop
  endfacet
  facet normal  8.819208e-01  4.713972e-01  6.260744e-04
    outer loop
      vertex  1.923992e+01  2.893624e+01  8.000000e-01
      vertex  1.916294e+01  2.906114e+01  1.520000e+01
      vertex  1.934776e+01  2.871537e+01  1.520000e+01
    endloop
  endfacet
  facet normal  9.099022e-01  4.148226e-01 -4.512426e-04
    outer loop
      vertex  1.923992e+01  2.893624e+01  8.000000e-01
      vertex  1.934776e+01  2.871537e+01  1.520000e+01
      vertex  1.938563e+01  2.861663e+01  8.000000e-01
    endloop
  endfacet
  facet normal  9.569399e-01  2.902855e-01  5.263361e-04
    outer loop
      vertex  1.938563e+01  2.861663e+01  8.000000e-01
      vertex  1.934776e+01  2.871537e+01  1.520000e+01
      vertex  1.946157e+01  2.834018e+01  1.520000e+01
    endloop
  endfacet
  facet normal  9.951848e-01  9.801669e-02  -0.000000e+00
    outer loop
      vertex  1.950000e+01  2.795000e+01  1.520000e+01
      vertex  1.950000e+01  2.795000e+01  5.800000e+00
      vertex  1.946157e+01  2.834018e+01  1.520000e+01
    endloop
  endfacet
  facet normal  9.966410e-01  8.189224e-02  6.752565e-04
    outer loop
      vertex  1.946157e+01  2.834018e+01  1.520000e+01
      vertex  1.950000e+01  2.795000e+01  5.800000e+00
      vertex  1.947318e+01  2.827646e+01  5.800000e+00
    endloop
  endfacet
  facet normal  9.700187e-01  2.430296e-01 -4.498611e-04
    outer loop
      vertex  1.946157e+01  2.834018e+01  1.520000e+01
      vertex  1.947318e+01  2.827646e+01  5.800000e+00
      vertex  1.938563e+01  2.861663e+01  8.000000e-01
    endloop
  endfacet
  facet normal  9.684427e-01  2.492363e-01  0.000000e+00
    outer loop
      vertex  1.938563e+01  2.861663e+01  8.000000e-01
      vertex  1.947318e+01  2.827646e+01  5.800000e+00
      vertex  1.947318e+01  2.827646e+01  8.000000e-01
    endloop
  endfacet
  facet normal  8.781568e-02  9.961367e-01  0.000000e+00
    outer loop
      vertex  1.750000e+01  2.995000e+01  8.000000e-01
      vertex  1.750000e+01  2.995000e+01  1.520000e+01
      vertex  1.784990e+01  2.991916e+01  8.000000e-01
    endloop
  endfacet
  facet normal  9.801669e-02  9.951848e-01  2.499080e-04
    outer loop
      vertex  1.784990e+01  2.991916e+01  8.000000e-01
      vertex  1.750000e+01  2.995000e+01  1.520000e+01
      vertex  1.789018e+01  2.991157e+01  1.520000e+01
    endloop
  endfacet
  facet normal  2.607315e-01  9.654113e-01 -2.209575e-04
    outer loop
      vertex  1.784990e+01  2.991916e+01  8.000000e-01
      vertex  1.789018e+01  2.991157e+01  1.520000e+01
      vertex  1.818900e+01  2.982757e+01  8.000000e-01
    endloop
  endfacet
  facet normal  1.000000e+00  0.000000e+00  0.000000e+00
    outer loop
      vertex  1.950000e+01  2.795000e+01  5.800000e+00
      vertex  1.950000e+01  2.795000e+01  1.520000e+01
      vertex  1.950000e+01  2.755000e+01  5.800000e+00
    endloop
  endfacet
  facet normal  1.000000e+00  0.000000e+00  0.000000e+00
    outer loop
      vertex  1.950000e+01  2.755000e+01  5.800000e+00
      vertex  1.950000e+01  2.795000e+01  1.520000e+01
      vertex  1.950000e+01  2.755000e+01  1.520000e+01
    endloop
  endfacet
  facet normal  0.000000e+00 -1.000000e+00  0.000000e+00
    outer loop
      vertex  2.170000e+01  2.727646e+01  5.800000e+00
      vertex  1.948121e+01  2.727646e+01  5.800000e+00
      vertex  2.170000e+01  2.727646e+01  8.000000e-01
    endloop
  endfacet
  facet normal  0.000000e+00 -1.000000e+00  0.000000e+00
    outer loop
      vertex  2.170000e+01  2.727646e+01  8.000000e-01
      vertex  1.948121e+01  2.727646e+01  5.800000e+00
      vertex  1.948121e+01  2.727646e+01  8.000000e-01
    endloop
  endfacet
  facet normal  0.000000e+00 -1.000000e+00  0.000000e+00
    outer loop
      vertex  1.371879e+01  2.727646e+01  5.800000e+00
      vertex -1.371879e+01  2.727646e+01  5.800000e+00
      vertex  1.371879e+01  2.727646e+01  8.000000e-01
    endloop
  endfacet
  facet normal  0.000000e+00 -1.000000e+00  0.000000e+00
    outer loop
      vertex  1.371879e+01  2.727646e+01  8.000000e-01
      vertex -1.371879e+01  2.727646e+01  5.800000e+00
      vertex -1.371879e+01  2.727646e+01  8.000000e-01
    endloop
  endfacet
  facet normal  0.000000e+00  1.000000e+00  0.000000e+00
    outer loop
      vertex -2.170000e+01  2.827646e+01  5.800000e+00
      vertex -1.947318e+01  2.827646e+01  5.800000e+00
      vertex -2.170000e+01  2.827646e+01  8.000000e-01
    endloop
  endfacet
  facet normal  0.000000e+00  1.000000e+00  0.000000e+00
    outer loop
      vertex -2.170000e+01  2.827646e+01  8.000000e-01
      vertex -1.947318e+01  2.827646e+01  5.800000e+00
      vertex -1.947318e+01  2.827646e+01  8.000000e-01
    endloop
  endfacet
  facet normal  0.000000e+00  1.000000e+00  0.000000e+00
    outer loop
      vertex  1.947318e+01  2.827646e+01  5.800000e+00
      vertex  2.170000e+01  2.827646e+01  5.800000e+00
      vertex  1.947318e+01  2.827646e+01  8.000000e-01
    endloop
  endfacet
  facet normal  0.000000e+00  1.000000e+00  0.000000e+00
    outer loop
      vertex  1.947318e+01  2.827646e+01  8.000000e-01
      vertex  2.170000e+01  2.827646e+01  5.800000e+00
      vertex  2.170000e+01  2.827646e+01  8.000000e-01
    endloop
  endfacet
  facet normal  0.000000e+00  1.000000e+00  0.000000e+00
    outer loop
      vertex -1.372682e+01  2.827646e+01  5.800000e+00
      vertex  1.372682e+01  2.827646e+01  5.800000e+00
      vertex -1.372682e+01  2.827646e+01  8.000000e-01
    endloop
  endfacet
  facet normal  0.000000e+00  1.000000e+00  0.000000e+00
    outer loop
      vertex -1.372682e+01  2.827646e+01  8.000000e-01
      vertex  1.372682e+01  2.827646e+01  5.800000e+00
      vertex  1.372682e+01  2.827646e+01  8.000000e-01
    endloop
  endfacet
  facet normal  0.000000e+00  0.000000e+00  1.000000e+00
    outer loop
      vertex  1.950000e+01  2.795000e+01  5.800000e+00
      vertex  2.170000e+01  2.827646e+01  5.800000e+00
      vertex  1.947318e+01  2.827646e+01  5.800000e+00
    endloop
  endfacet
  facet normal  -0.000000e+00  0.000000e+00  1.000000e+00
    outer loop
      vertex  2.170000e+01  2.827646e+01  5.800000e+00
      vertex  1.950000e+01  2.795000e+01  5.800000e+00
      vertex  2.170000e+01  2.727646e+01  5.800000e+00
    endloop
  endfacet
  facet normal  0.000000e+00  0.000000e+00  1.000000e+00
    outer loop
      vertex  2.170000e+01  2.727646e+01  5.800000e+00
      vertex  1.950000e+01  2.795000e+01  5.800000e+00
      vertex  1.950000e+01  2.755000e+01  5.800000e+00
    endloop
  endfacet
  facet normal  0.000000e+00  0.000000e+00  1.000000e+00
    outer loop
      vertex  2.170000e+01  2.727646e+01  5.800000e+00
      vertex  1.950000e+01  2.755000e+01  5.800000e+00
      vertex  1.948121e+01  2.727646e+01  5.800000e+00
    endloop
  endfacet
  facet normal  0.000000e+00  0.000000e+00  1.000000e+00
    outer loop
      vertex -1.950000e+01  2.755000e+01  5.800000e+00
      vertex -2.170000e+01  2.727646e+01  5.800000e+00
      vertex -1.948121e+01  2.727646e+01  5.800000e+00
    endloop
  endfacet
  facet normal  0.000000e+00  0.000000e+00  1.000000e+00
    outer loop
      vertex -2.170000e+01  2.727646e+01  5.800000e+00
      vertex -1.950000e+01  2.755000e+01  5.800000e+00
      vertex -2.170000e+01  2.827646e+01  5.800000e+00
    endloop
  endfacet
  facet normal  0.000000e+00  0.000000e+00  1.000000e+00
    outer loop
      vertex -2.170000e+01  2.827646e+01  5.800000e+00
      vertex -1.950000e+01  2.755000e+01  5.800000e+00
      vertex -1.950000e+01  2.795000e+01  5.800000e+00
    endloop
  endfacet
  facet normal  0.000000e+00  -0.000000e+00  1.000000e+00
    outer loop
      vertex -2.170000e+01  2.827646e+01  5.800000e+00
      vertex -1.950000e+01  2.795000e+01  5.800000e+00
      vertex -1.947318e+01  2.827646e+01  5.800000e+00
    endloop
  endfacet
  facet normal  -0.000000e+00  0.000000e+00  1.000000e+00
    outer loop
      vertex  1.372682e+01  2.827646e+01  5.800000e+00
      vertex -1.372682e+01  2.827646e+01  5.800000e+00
      vertex  1.370000e+01  2.795000e+01  5.800000e+00
    endloop
  endfacet
  facet normal  0.000000e+00  0.000000e+00  1.000000e+00
    outer loop
      vertex  1.370000e+01  2.795000e+01  5.800000e+00
      vertex -1.372682e+01  2.827646e+01  5.800000e+00
      vertex -1.370000e+01  2.795000e+01  5.800000e+00
    endloop
  endfacet
  facet normal  -0.000000e+00  0.000000e+00  1.000000e+00
    outer loop
      vertex  1.370000e+01  2.795000e+01  5.800000e+00
      vertex -1.370000e+01  2.795000e+01  5.800000e+00
      vertex  1.370000e+01  2.755000e+01  5.800000e+00
    endloop
  endfacet
  facet normal  0.000000e+00  0.000000e+00  1.000000e+00
    outer loop
      vertex  1.370000e+01  2.755000e+01  5.800000e+00
      vertex -1.370000e+01  2.795000e+01  5.800000e+00
      vertex -1.370000e+01  2.755000e+01  5.800000e+00
    endloop
  endfacet
  facet normal  -0.000000e+00  0.000000e+00  1.000000e+00
    outer loop
      vertex  1.370000e+01  2.755000e+01  5.800000e+00
      vertex -1.370000e+01  2.755000e+01  5.800000e+00
      vertex  1.371879e+01  2.727646e+01  5.800000e+00
    endloop
  endfacet
  facet normal  0.000000e+00  0.000000e+00  1.000000e+00
    outer loop
      vertex  1.371879e+01  2.727646e+01  5.800000e+00
      vertex -1.370000e+01  2.755000e+01  5.800000e+00
      vertex -1.371879e+01  2.727646e+01  5.800000e+00
    endloop
  endfacet
  facet normal  0.000000e+00  1.000000e+00  0.000000e+00
    outer loop
      vertex  2.210000e+01 -2.155000e+01  8.000000e-01
      vertex -2.130000e+01 -2.155000e+01  8.000000e-01
      vertex  2.210000e+01 -2.155000e+01  3.700000e+00
    endloop
  endfacet
  facet normal  0.000000e+00  1.000000e+00  0.000000e+00
    outer loop
      vertex  2.210000e+01 -2.155000e+01  3.700000e+00
      vertex -2.130000e+01 -2.155000e+01  8.000000e-01
      vertex  1.850000e+01 -2.155000e+01  3.700000e+00
    endloop
  endfacet
  facet normal  0.000000e+00  1.000000e+00  0.000000e+00
    outer loop
      vertex -2.130000e+01 -2.155000e+01  8.000000e-01
      vertex -2.130000e+01 -2.155000e+01  1.520000e+01
      vertex  1.850000e+01 -2.155000e+01  3.700000e+00
    endloop
  endfacet
  facet normal  0.000000e+00  1.000000e+00  -0.000000e+00
    outer loop
      vertex  1.850000e+01 -2.155000e+01  3.700000e+00
      vertex -2.130000e+01 -2.155000e+01  1.520000e+01
      vertex  1.850000e+01 -2.155000e+01  1.520000e+01
    endloop
  endfacet
  facet normal  1.000000e+00  0.000000e+00  0.000000e+00
    outer loop
      vertex  1.890000e+01 -2.195000e+01  3.700000e+00
      vertex  1.890000e+01 -2.195000e+01  1.520000e+01
      vertex  1.890000e+01 -2.655000e+01  3.700000e+00
    endloop
  endfacet
  facet normal  1.000000e+00  0.000000e+00  0.000000e+00
    outer loop
      vertex  1.890000e+01 -2.655000e+01  3.700000e+00
      vertex  1.890000e+01 -2.195000e+01  1.520000e+01
      vertex  1.890000e+01 -2.655000e+01  1.520000e+01
    endloop
  endfacet
  facet normal  0.000000e+00  0.000000e+00  9.999999e-01
    outer loop
      vertex  2.410000e+01 -2.355000e+01  3.700000e+00
      vertex  2.406157e+01 -2.315982e+01  3.700000e+00
      vertex  2.205557e+01 -2.311853e+01  3.700000e+00
    endloop
  endfacet
  facet normal  0.000000e+00  0.000000e+00  1.000000e+00
    outer loop
      vertex  2.410000e+01 -2.355000e+01  3.700000e+00
      vertex  2.205557e+01 -2.311853e+01  3.700000e+00
      vertex  2.220711e+01 -2.324289e+01  3.700000e+00
    endloop
  endfacet
  facet normal  0.000000e+00  0.000000e+00  1.000000e+00
    outer loop
      vertex  2.410000e+01 -2.355000e+01  3.700000e+00
      vertex  2.220711e+01 -2.324289e+01  3.700000e+00
      vertex  2.233147e+01 -2.339443e+01  3.700000e+00
    endloop
  endfacet
  facet normal  0.000000e+00  0.000000e+00  1.000000e+00
    outer loop
      vertex  2.410000e+01 -2.355000e+01  3.700000e+00
      vertex  2.233147e+01 -2.339443e+01  3.700000e+00
      vertex  2.242388e+01 -2.356732e+01  3.700000e+00
    endloop
  endfacet
  facet normal  -0.000000e+00  0.000000e+00  1.000000e+00
    outer loop
      vertex  2.410000e+01 -2.355000e+01  3.700000e+00
      vertex  2.242388e+01 -2.356732e+01  3.700000e+00
      vertex  2.410000e+01 -2.655000e+01  3.700000e+00
    endloop
  endfacet
  facet normal  -0.000000e+00  0.000000e+00  1.000000e+00
    outer loop
      vertex  2.210000e+01 -2.155000e+01  3.700000e+00
      vertex  1.850000e+01 -2.155000e+01  3.700000e+00
      vertex  1.857804e+01 -2.155769e+01  3.700000e+00
    endloop
  endfacet
  facet normal  -0.000000e+00  0.000000e+00  1.000000e+00
    outer loop
      vertex  2.210000e+01 -2.155000e+01  3.700000e+00
      vertex  1.857804e+01 -2.155769e+01  3.700000e+00
      vertex  1.865307e+01 -2.158045e+01  3.700000e+00
    endloop
  endfacet
  facet normal  -0.000000e+00  0.000000e+00  1.000000e+00
    outer loop
      vertex  2.210000e+01 -2.155000e+01  3.700000e+00
      vertex  1.865307e+01 -2.158045e+01  3.700000e+00
      vertex  1.872223e+01 -2.161741e+01  3.700000e+00
    endloop
  endfacet
  facet normal  -0.000000e+00  0.000000e+00  9.999999e-01
    outer loop
      vertex  2.210000e+01 -2.155000e+01  3.700000e+00
      vertex  1.872223e+01 -2.161741e+01  3.700000e+00
      vertex  2.150000e+01 -2.295000e+01  3.700000e+00
    endloop
  endfacet
  facet normal  0.000000e+00  0.000000e+00  1.000000e+00
    outer loop
      vertex  1.890000e+01 -2.655000e+01  3.700000e+00
      vertex  2.410000e+01 -2.655000e+01  3.700000e+00
      vertex  2.150000e+01 -2.495000e+01  3.700000e+00
    endloop
  endfacet
  facet normal  0.000000e+00  0.000000e+00  1.000000e+00
    outer loop
      vertex  1.890000e+01 -2.655000e+01  3.700000e+00
      vertex  2.150000e+01 -2.495000e+01  3.700000e+00
      vertex  2.130491e+01 -2.493079e+01  3.700000e+00
    endloop
  endfacet
  facet normal  0.000000e+00  0.000000e+00  1.000000e+00
    outer loop
      vertex  1.890000e+01 -2.655000e+01  3.700000e+00
      vertex  2.130491e+01 -2.493079e+01  3.700000e+00
      vertex  2.111732e+01 -2.487388e+01  3.700000e+00
    endloop
  endfacet
  facet normal  0.000000e+00  0.000000e+00  1.000000e+00
    outer loop
      vertex  1.890000e+01 -2.655000e+01  3.700000e+00
      vertex  2.111732e+01 -2.487388e+01  3.700000e+00
      vertex  2.094443e+01 -2.478147e+01  3.700000e+00
    endloop
  endfacet
  facet normal  0.000000e+00  0.000000e+00  1.000000e+00
    outer loop
      vertex  1.890000e+01 -2.655000e+01  3.700000e+00
      vertex  2.094443e+01 -2.478147e+01  3.700000e+00
      vertex  2.079289e+01 -2.465711e+01  3.700000e+00
    endloop
  endfacet
  facet normal  0.000000e+00  0.000000e+00  1.000000e+00
    outer loop
      vertex  1.890000e+01 -2.655000e+01  3.700000e+00
      vertex  2.079289e+01 -2.465711e+01  3.700000e+00
      vertex  2.066853e+01 -2.450557e+01  3.700000e+00
    endloop
  endfacet
  facet normal  0.000000e+00  0.000000e+00  1.000000e+00
    outer loop
      vertex  1.890000e+01 -2.655000e+01  3.700000e+00
      vertex  2.066853e+01 -2.450557e+01  3.700000e+00
      vertex  2.057612e+01 -2.433268e+01  3.700000e+00
    endloop
  endfacet
  facet normal  0.000000e+00  0.000000e+00  1.000000e+00
    outer loop
      vertex  1.890000e+01 -2.655000e+01  3.700000e+00
      vertex  2.057612e+01 -2.433268e+01  3.700000e+00
      vertex  2.051921e+01 -2.414509e+01  3.700000e+00
    endloop
  endfacet
  facet normal  0.000000e+00  0.000000e+00  1.000000e+00
    outer loop
      vertex  1.890000e+01 -2.655000e+01  3.700000e+00
      vertex  2.051921e+01 -2.414509e+01  3.700000e+00
      vertex  2.050000e+01 -2.395000e+01  3.700000e+00
    endloop
  endfacet
  facet normal  0.000000e+00  -0.000000e+00  1.000000e+00
    outer loop
      vertex  1.890000e+01 -2.655000e+01  3.700000e+00
      vertex  2.050000e+01 -2.395000e+01  3.700000e+00
      vertex  2.051921e+01 -2.375491e+01  3.700000e+00
    endloop
  endfacet
  facet normal  0.000000e+00  -0.000000e+00  1.000000e+00
    outer loop
      vertex  1.890000e+01 -2.655000e+01  3.700000e+00
      vertex  2.051921e+01 -2.375491e+01  3.700000e+00
      vertex  2.057612e+01 -2.356732e+01  3.700000e+00
    endloop
  endfacet
  facet normal  0.000000e+00  0.000000e+00  1.000000e+00
    outer loop
      vertex  1.890000e+01 -2.195000e+01  3.700000e+00
      vertex  1.890000e+01 -2.655000e+01  3.700000e+00
      vertex  2.057612e+01 -2.356732e+01  3.700000e+00
    endloop
  endfacet
  facet normal  0.000000e+00  -0.000000e+00  1.000000e+00
    outer loop
      vertex  1.890000e+01 -2.195000e+01  3.700000e+00
      vertex  2.057612e+01 -2.356732e+01  3.700000e+00
      vertex  2.066853e+01 -2.339443e+01  3.700000e+00
    endloop
  endfacet
  facet normal  0.000000e+00  -0.000000e+00  1.000000e+00
    outer loop
      vertex  1.890000e+01 -2.195000e+01  3.700000e+00
      vertex  2.066853e+01 -2.339443e+01  3.700000e+00
      vertex  2.079289e+01 -2.324289e+01  3.700000e+00
    endloop
  endfacet
  facet normal  0.000000e+00  -0.000000e+00  1.000000e+00
    outer loop
      vertex  1.890000e+01 -2.195000e+01  3.700000e+00
      vertex  2.079289e+01 -2.324289e+01  3.700000e+00
      vertex  2.094443e+01 -2.311853e+01  3.700000e+00
    endloop
  endfacet
  facet normal  0.000000e+00  -0.000000e+00  1.000000e+00
    outer loop
      vertex  1.890000e+01 -2.195000e+01  3.700000e+00
      vertex  2.094443e+01 -2.311853e+01  3.700000e+00
      vertex  2.111732e+01 -2.302612e+01  3.700000e+00
    endloop
  endfacet
  facet normal  0.000000e+00  -0.000000e+00  1.000000e+00
    outer loop
      vertex  1.890000e+01 -2.195000e+01  3.700000e+00
      vertex  2.111732e+01 -2.302612e+01  3.700000e+00
      vertex  2.130491e+01 -2.296922e+01  3.700000e+00
    endloop
  endfacet
  facet normal  0.000000e+00  -0.000000e+00  1.000000e+00
    outer loop
      vertex  1.890000e+01 -2.195000e+01  3.700000e+00
      vertex  2.130491e+01 -2.296922e+01  3.700000e+00
      vertex  2.150000e+01 -2.295000e+01  3.700000e+00
    endloop
  endfacet
  facet normal  0.000000e+00  0.000000e+00  1.000000e+00
    outer loop
      vertex  2.150000e+01 -2.295000e+01  3.700000e+00
      vertex  1.872223e+01 -2.161741e+01  3.700000e+00
      vertex  1.878284e+01 -2.166716e+01  3.700000e+00
    endloop
  endfacet
  facet normal  0.000000e+00  0.000000e+00  1.000000e+00
    outer loop
      vertex  2.150000e+01 -2.295000e+01  3.700000e+00
      vertex  1.878284e+01 -2.166716e+01  3.700000e+00
      vertex  1.883259e+01 -2.172777e+01  3.700000e+00
    endloop
  endfacet
  facet normal  0.000000e+00  0.000000e+00  1.000000e+00
    outer loop
      vertex  2.150000e+01 -2.295000e+01  3.700000e+00
      vertex  1.883259e+01 -2.172777e+01  3.700000e+00
      vertex  1.886955e+01 -2.179693e+01  3.700000e+00
    endloop
  endfacet
  facet normal  0.000000e+00  0.000000e+00  1.000000e+00
    outer loop
      vertex  2.150000e+01 -2.295000e+01  3.700000e+00
      vertex  1.886955e+01 -2.179693e+01  3.700000e+00
      vertex  1.889231e+01 -2.187196e+01  3.700000e+00
    endloop
  endfacet
  facet normal  0.000000e+00  0.000000e+00  1.000000e+00
    outer loop
      vertex  2.150000e+01 -2.295000e+01  3.700000e+00
      vertex  1.889231e+01 -2.187196e+01  3.700000e+00
      vertex  1.890000e+01 -2.195000e+01  3.700000e+00
    endloop
  endfacet
  facet normal  0.000000e+00  -0.000000e+00  1.000000e+00
    outer loop
      vertex  2.150000e+01 -2.295000e+01  3.700000e+00
      vertex  2.169509e+01 -2.296922e+01  3.700000e+00
      vertex  2.394776e+01 -2.278463e+01  3.700000e+00
    endloop
  endfacet
  facet normal  0.000000e+00  0.000000e+00  1.000000e+00
    outer loop
      vertex  2.150000e+01 -2.295000e+01  3.700000e+00
      vertex  2.394776e+01 -2.278463e+01  3.700000e+00
      vertex  2.376294e+01 -2.243886e+01  3.700000e+00
    endloop
  endfacet
  facet normal  0.000000e+00  0.000000e+00  1.000000e+00
    outer loop
      vertex  2.150000e+01 -2.295000e+01  3.700000e+00
      vertex  2.376294e+01 -2.243886e+01  3.700000e+00
      vertex  2.351421e+01 -2.213579e+01  3.700000e+00
    endloop
  endfacet
  facet normal  0.000000e+00  0.000000e+00  1.000000e+00
    outer loop
      vertex  2.150000e+01 -2.295000e+01  3.700000e+00
      vertex  2.351421e+01 -2.213579e+01  3.700000e+00
      vertex  2.321114e+01 -2.188706e+01  3.700000e+00
    endloop
  endfacet
  facet normal  0.000000e+00  0.000000e+00  1.000000e+00
    outer loop
      vertex  2.150000e+01 -2.295000e+01  3.700000e+00
      vertex  2.321114e+01 -2.188706e+01  3.700000e+00
      vertex  2.286537e+01 -2.170224e+01  3.700000e+00
    endloop
  endfacet
  facet normal  0.000000e+00  0.000000e+00  1.000000e+00
    outer loop
      vertex  2.150000e+01 -2.295000e+01  3.700000e+00
      vertex  2.286537e+01 -2.170224e+01  3.700000e+00
      vertex  2.249018e+01 -2.158843e+01  3.700000e+00
    endloop
  endfacet
  facet normal  0.000000e+00  0.000000e+00  1.000000e+00
    outer loop
      vertex  2.150000e+01 -2.295000e+01  3.700000e+00
      vertex  2.249018e+01 -2.158843e+01  3.700000e+00
      vertex  2.210000e+01 -2.155000e+01  3.700000e+00
    endloop
  endfacet
  facet normal  0.000000e+00  0.000000e+00  1.000000e+00
    outer loop
      vertex  2.410000e+01 -2.655000e+01  3.700000e+00
      vertex  2.242388e+01 -2.356732e+01  3.700000e+00
      vertex  2.248079e+01 -2.375491e+01  3.700000e+00
    endloop
  endfacet
  facet normal  0.000000e+00  0.000000e+00  1.000000e+00
    outer loop
      vertex  2.410000e+01 -2.655000e+01  3.700000e+00
      vertex  2.248079e+01 -2.375491e+01  3.700000e+00
      vertex  2.250000e+01 -2.395000e+01  3.700000e+00
    endloop
  endfacet
  facet normal  0.000000e+00  0.000000e+00  1.000000e+00
    outer loop
      vertex  2.410000e+01 -2.655000e+01  3.700000e+00
      vertex  2.250000e+01 -2.395000e+01  3.700000e+00
      vertex  2.248079e+01 -2.414509e+01  3.700000e+00
    endloop
  endfacet
  facet normal  0.000000e+00  0.000000e+00  1.000000e+00
    outer loop
      vertex  2.410000e+01 -2.655000e+01  3.700000e+00
      vertex  2.248079e+01 -2.414509e+01  3.700000e+00
      vertex  2.242388e+01 -2.433268e+01  3.700000e+00
    endloop
  endfacet
  facet normal  0.000000e+00  0.000000e+00  1.000000e+00
    outer loop
      vertex  2.410000e+01 -2.655000e+01  3.700000e+00
      vertex  2.242388e+01 -2.433268e+01  3.700000e+00
      vertex  2.233147e+01 -2.450557e+01  3.700000e+00
    endloop
  endfacet
  facet normal  0.000000e+00  0.000000e+00  1.000000e+00
    outer loop
      vertex  2.410000e+01 -2.655000e+01  3.700000e+00
      vertex  2.233147e+01 -2.450557e+01  3.700000e+00
      vertex  2.220711e+01 -2.465711e+01  3.700000e+00
    endloop
  endfacet
  facet normal  0.000000e+00  0.000000e+00  1.000000e+00
    outer loop
      vertex  2.410000e+01 -2.655000e+01  3.700000e+00
      vertex  2.220711e+01 -2.465711e+01  3.700000e+00
      vertex  2.205557e+01 -2.478147e+01  3.700000e+00
    endloop
  endfacet
  facet normal  0.000000e+00  0.000000e+00  1.000000e+00
    outer loop
      vertex  2.410000e+01 -2.655000e+01  3.700000e+00
      vertex  2.205557e+01 -2.478147e+01  3.700000e+00
      vertex  2.188268e+01 -2.487388e+01  3.700000e+00
    endloop
  endfacet
  facet normal  0.000000e+00  0.000000e+00  1.000000e+00
    outer loop
      vertex  2.410000e+01 -2.655000e+01  3.700000e+00
      vertex  2.188268e+01 -2.487388e+01  3.700000e+00
      vertex  2.169509e+01 -2.493079e+01  3.700000e+00
    endloop
  endfacet
  facet normal  0.000000e+00  0.000000e+00  1.000000e+00
    outer loop
      vertex  2.410000e+01 -2.655000e+01  3.700000e+00
      vertex  2.169509e+01 -2.493079e+01  3.700000e+00
      vertex  2.150000e+01 -2.495000e+01  3.700000e+00
    endloop
  endfacet
  facet normal  -0.000000e+00  0.000000e+00  1.000000e+00
    outer loop
      vertex  2.394776e+01 -2.278463e+01  3.700000e+00
      vertex  2.169509e+01 -2.296922e+01  3.700000e+00
      vertex  2.406157e+01 -2.315982e+01  3.700000e+00
    endloop
  endfacet
  facet normal  0.000000e+00  0.000000e+00  1.000000e+00
    outer loop
      vertex  2.406157e+01 -2.315982e+01  3.700000e+00
      vertex  2.169509e+01 -2.296922e+01  3.700000e+00
      vertex  2.188268e+01 -2.302612e+01  3.700000e+00
    endloop
  endfacet
  facet normal  0.000000e+00  0.000000e+00  1.000000e+00
    outer loop
      vertex  2.406157e+01 -2.315982e+01  3.700000e+00
      vertex  2.188268e+01 -2.302612e+01  3.700000e+00
      vertex  2.205557e+01 -2.311853e+01  3.700000e+00
    endloop
  endfacet
  facet normal  9.802729e-02  9.951838e-01  0.000000e+00
    outer loop
      vertex  1.850000e+01 -2.155000e+01  3.700000e+00
      vertex  1.850000e+01 -2.155000e+01  1.520000e+01
      vertex  1.857804e+01 -2.155769e+01  3.700000e+00
    endloop
  endfacet
  facet normal  9.802729e-02  9.951838e-01  -0.000000e+00
    outer loop
      vertex  1.857804e+01 -2.155769e+01  3.700000e+00
      vertex  1.850000e+01 -2.155000e+01  1.520000e+01
      vertex  1.857804e+01 -2.155769e+01  1.520000e+01
    endloop
  endfacet
  facet normal  2.902788e-01  9.569421e-01  0.000000e+00
    outer loop
      vertex  1.857804e+01 -2.155769e+01  3.700000e+00
      vertex  1.857804e+01 -2.155769e+01  1.520000e+01
      vertex  1.865307e+01 -2.158045e+01  3.700000e+00
    endloop
  endfacet
  facet normal  2.902788e-01  9.569421e-01  -0.000000e+00
    outer loop
      vertex  1.865307e+01 -2.158045e+01  3.700000e+00
      vertex  1.857804e+01 -2.155769e+01  1.520000e+01
      vertex  1.865307e+01 -2.158045e+01  1.520000e+01
    endloop
  endfacet
  facet normal  4.714011e-01  8.819190e-01  0.000000e+00
    outer loop
      vertex  1.865307e+01 -2.158045e+01  3.700000e+00
      vertex  1.865307e+01 -2.158045e+01  1.520000e+01
      vertex  1.872223e+01 -2.161741e+01  3.700000e+00
    endloop
  endfacet
  facet normal  4.714011e-01  8.819190e-01  -0.000000e+00
    outer loop
      vertex  1.872223e+01 -2.161741e+01  3.700000e+00
      vertex  1.865307e+01 -2.158045e+01  1.520000e+01
      vertex  1.872223e+01 -2.161741e+01  1.520000e+01
    endloop
  endfacet
  facet normal  6.344027e-01  7.730027e-01  0.000000e+00
    outer loop
      vertex  1.872223e+01 -2.161741e+01  3.700000e+00
      vertex  1.872223e+01 -2.161741e+01  1.520000e+01
      vertex  1.878284e+01 -2.166716e+01  3.700000e+00
    endloop
  endfacet
  facet normal  6.344027e-01  7.730027e-01  -0.000000e+00
    outer loop
      vertex  1.878284e+01 -2.166716e+01  3.700000e+00
      vertex  1.872223e+01 -2.161741e+01  1.520000e+01
      vertex  1.878284e+01 -2.166716e+01  1.520000e+01
    endloop
  endfacet
  facet normal  7.730027e-01  6.344027e-01  0.000000e+00
    outer loop
      vertex  1.878284e+01 -2.166716e+01  3.700000e+00
      vertex  1.878284e+01 -2.166716e+01  1.520000e+01
      vertex  1.883259e+01 -2.172777e+01  3.700000e+00
    endloop
  endfacet
  facet normal  7.730027e-01  6.344027e-01  -0.000000e+00
    outer loop
      vertex  1.883259e+01 -2.172777e+01  3.700000e+00
      vertex  1.878284e+01 -2.166716e+01  1.520000e+01
      vertex  1.883259e+01 -2.172777e+01  1.520000e+01
    endloop
  endfacet
  facet normal  8.819190e-01  4.714011e-01  0.000000e+00
    outer loop
      vertex  1.883259e+01 -2.172777e+01  3.700000e+00
      vertex  1.883259e+01 -2.172777e+01  1.520000e+01
      vertex  1.886955e+01 -2.179693e+01  3.700000e+00
    endloop
  endfacet
  facet normal  8.819190e-01  4.714011e-01  -0.000000e+00
    outer loop
      vertex  1.886955e+01 -2.179693e+01  3.700000e+00
      vertex  1.883259e+01 -2.172777e+01  1.520000e+01
      vertex  1.886955e+01 -2.179693e+01  1.520000e+01
    endloop
  endfacet
  facet normal  9.569401e-01  2.902855e-01  0.000000e+00
    outer loop
      vertex  1.886955e+01 -2.179693e+01  3.700000e+00
      vertex  1.886955e+01 -2.179693e+01  1.520000e+01
      vertex  1.889231e+01 -2.187196e+01  3.700000e+00
    endloop
  endfacet
  facet normal  9.569401e-01  2.902855e-01  -0.000000e+00
    outer loop
      vertex  1.889231e+01 -2.187196e+01  3.700000e+00
      vertex  1.886955e+01 -2.179693e+01  1.520000e+01
      vertex  1.889231e+01 -2.187196e+01  1.520000e+01
    endloop
  endfacet
  facet normal  9.951863e-01  9.800082e-02  0.000000e+00
    outer loop
      vertex  1.889231e+01 -2.187196e+01  3.700000e+00
      vertex  1.889231e+01 -2.187196e+01  1.520000e+01
      vertex  1.890000e+01 -2.195000e+01  3.700000e+00
    endloop
  endfacet
  facet normal  9.951863e-01  9.800082e-02  -0.000000e+00
    outer loop
      vertex  1.890000e+01 -2.195000e+01  3.700000e+00
      vertex  1.889231e+01 -2.187196e+01  1.520000e+01
      vertex  1.890000e+01 -2.195000e+01  1.520000e+01
    endloop
  endfacet
  facet normal -1.000000e+00  -0.000000e+00  0.000000e+00
    outer loop
      vertex -2.170000e+01 -2.235000e+01  1.520000e+01
      vertex -2.170000e+01 -2.195000e+01  1.520000e+01
      vertex -2.170000e+01 -2.235000e+01  8.000000e-01
    endloop
  endfacet
  facet normal -1.000000e+00  0.000000e+00  0.000000e+00
    outer loop
      vertex -2.170000e+01 -2.235000e+01  8.000000e-01
      vertex -2.170000e+01 -2.195000e+01  1.520000e+01
      vertex -2.170000e+01 -2.195000e+01  8.000000e-01
    endloop
  endfacet
  facet normal -9.951840e-01  9.802493e-02  0.000000e+00
    outer loop
      vertex -2.170000e+01 -2.195000e+01  8.000000e-01
      vertex -2.170000e+01 -2.195000e+01  1.520000e+01
      vertex -2.169231e+01 -2.187196e+01  8.000000e-01
    endloop
  endfacet
  facet normal -9.951840e-01  9.802493e-02  0.000000e+00
    outer loop
      vertex -2.169231e+01 -2.187196e+01  8.000000e-01
      vertex -2.170000e+01 -2.195000e+01  1.520000e+01
      vertex -2.169231e+01 -2.187196e+01  1.520000e+01
    endloop
  endfacet
  facet normal -9.569401e-01  2.902855e-01  0.000000e+00
    outer loop
      vertex -2.169231e+01 -2.187196e+01  8.000000e-01
      vertex -2.169231e+01 -2.187196e+01  1.520000e+01
      vertex -2.166955e+01 -2.179693e+01  8.000000e-01
    endloop
  endfacet
  facet normal -9.569401e-01  2.902855e-01  0.000000e+00
    outer loop
      vertex -2.166955e+01 -2.179693e+01  8.000000e-01
      vertex -2.169231e+01 -2.187196e+01  1.520000e+01
      vertex -2.166955e+01 -2.179693e+01  1.520000e+01
    endloop
  endfacet
  facet normal -8.819189e-01  4.714011e-01  0.000000e+00
    outer loop
      vertex -2.166955e+01 -2.179693e+01  8.000000e-01
      vertex -2.166955e+01 -2.179693e+01  1.520000e+01
      vertex -2.163259e+01 -2.172777e+01  8.000000e-01
    endloop
  endfacet
  facet normal -8.819189e-01  4.714011e-01  0.000000e+00
    outer loop
      vertex -2.163259e+01 -2.172777e+01  8.000000e-01
      vertex -2.166955e+01 -2.179693e+01  1.520000e+01
      vertex -2.163259e+01 -2.172777e+01  1.520000e+01
    endloop
  endfacet
  facet normal -7.730027e-01  6.344026e-01  0.000000e+00
    outer loop
      vertex -2.163259e+01 -2.172777e+01  8.000000e-01
      vertex -2.163259e+01 -2.172777e+01  1.520000e+01
      vertex -2.158284e+01 -2.166716e+01  8.000000e-01
    endloop
  endfacet
  facet normal -7.730027e-01  6.344026e-01  0.000000e+00
    outer loop
      vertex -2.158284e+01 -2.166716e+01  8.000000e-01
      vertex -2.163259e+01 -2.172777e+01  1.520000e+01
      vertex -2.158284e+01 -2.166716e+01  1.520000e+01
    endloop
  endfacet
  facet normal -6.344026e-01  7.730027e-01  0.000000e+00
    outer loop
      vertex -2.158284e+01 -2.166716e+01  8.000000e-01
      vertex -2.158284e+01 -2.166716e+01  1.520000e+01
      vertex -2.152223e+01 -2.161741e+01  8.000000e-01
    endloop
  endfacet
  facet normal -6.344026e-01  7.730027e-01  0.000000e+00
    outer loop
      vertex -2.152223e+01 -2.161741e+01  8.000000e-01
      vertex -2.158284e+01 -2.166716e+01  1.520000e+01
      vertex -2.152223e+01 -2.161741e+01  1.520000e+01
    endloop
  endfacet
  facet normal -4.714011e-01  8.819189e-01  0.000000e+00
    outer loop
      vertex -2.152223e+01 -2.161741e+01  8.000000e-01
      vertex -2.152223e+01 -2.161741e+01  1.520000e+01
      vertex -2.145307e+01 -2.158045e+01  8.000000e-01
    endloop
  endfacet
  facet normal -4.714011e-01  8.819189e-01  0.000000e+00
    outer loop
      vertex -2.145307e+01 -2.158045e+01  8.000000e-01
      vertex -2.152223e+01 -2.161741e+01  1.520000e+01
      vertex -2.145307e+01 -2.158045e+01  1.520000e+01
    endloop
  endfacet
  facet normal -2.902855e-01  9.569401e-01  0.000000e+00
    outer loop
      vertex -2.145307e+01 -2.158045e+01  8.000000e-01
      vertex -2.145307e+01 -2.158045e+01  1.520000e+01
      vertex -2.137804e+01 -2.155769e+01  8.000000e-01
    endloop
  endfacet
  facet normal -2.902855e-01  9.569401e-01  0.000000e+00
    outer loop
      vertex -2.137804e+01 -2.155769e+01  8.000000e-01
      vertex -2.145307e+01 -2.158045e+01  1.520000e+01
      vertex -2.137804e+01 -2.155769e+01  1.520000e+01
    endloop
  endfacet
  facet normal -9.802493e-02  9.951840e-01  0.000000e+00
    outer loop
      vertex -2.137804e+01 -2.155769e+01  8.000000e-01
      vertex -2.137804e+01 -2.155769e+01  1.520000e+01
      vertex -2.130000e+01 -2.155000e+01  8.000000e-01
    endloop
  endfacet
  facet normal -9.802493e-02  9.951840e-01  0.000000e+00
    outer loop
      vertex -2.130000e+01 -2.155000e+01  8.000000e-01
      vertex -2.137804e+01 -2.155769e+01  1.520000e+01
      vertex -2.130000e+01 -2.155000e+01  1.520000e+01
    endloop
  endfacet
  facet normal  1.000000e+00  -0.000000e+00  0.000000e+00
    outer loop
      vertex  2.410000e+01 -2.355000e+01  3.700000e+00
      vertex  2.410000e+01 -2.655000e+01  3.700000e+00
      vertex  2.410000e+01 -2.355000e+01  8.000000e-01
    endloop
  endfacet
  facet normal  1.000000e+00  0.000000e+00  0.000000e+00
    outer loop
      vertex  2.410000e+01 -2.355000e+01  8.000000e-01
      vertex  2.410000e+01 -2.655000e+01  3.700000e+00
      vertex  2.410000e+01 -2.655000e+01  8.000000e-01
    endloop
  endfacet
  facet normal  9.801670e-02  9.951847e-01  0.000000e+00
    outer loop
      vertex  2.210000e+01 -2.155000e+01  8.000000e-01
      vertex  2.210000e+01 -2.155000e+01  3.700000e+00
      vertex  2.249018e+01 -2.158843e+01  8.000000e-01
    endloop
  endfacet
  facet normal  9.801670e-02  9.951847e-01  -0.000000e+00
    outer loop
      vertex  2.249018e+01 -2.158843e+01  8.000000e-01
      vertex  2.210000e+01 -2.155000e+01  3.700000e+00
      vertex  2.249018e+01 -2.158843e+01  3.700000e+00
    endloop
  endfacet
  facet normal  2.902855e-01  9.569401e-01  0.000000e+00
    outer loop
      vertex  2.249018e+01 -2.158843e+01  8.000000e-01
      vertex  2.249018e+01 -2.158843e+01  3.700000e+00
      vertex  2.286537e+01 -2.170224e+01  8.000000e-01
    endloop
  endfacet
  facet normal  2.902855e-01  9.569401e-01  -0.000000e+00
    outer loop
      vertex  2.286537e+01 -2.170224e+01  8.000000e-01
      vertex  2.249018e+01 -2.158843e+01  3.700000e+00
      vertex  2.286537e+01 -2.170224e+01  3.700000e+00
    endloop
  endfacet
  facet normal  4.713973e-01  8.819211e-01  0.000000e+00
    outer loop
      vertex  2.286537e+01 -2.170224e+01  8.000000e-01
      vertex  2.286537e+01 -2.170224e+01  3.700000e+00
      vertex  2.321114e+01 -2.188706e+01  8.000000e-01
    endloop
  endfacet
  facet normal  4.713973e-01  8.819211e-01  -0.000000e+00
    outer loop
      vertex  2.321114e+01 -2.188706e+01  8.000000e-01
      vertex  2.286537e+01 -2.170224e+01  3.700000e+00
      vertex  2.321114e+01 -2.188706e+01  3.700000e+00
    endloop
  endfacet
  facet normal  6.343927e-01  7.730110e-01  0.000000e+00
    outer loop
      vertex  2.321114e+01 -2.188706e+01  8.000000e-01
      vertex  2.321114e+01 -2.188706e+01  3.700000e+00
      vertex  2.351421e+01 -2.213579e+01  8.000000e-01
    endloop
  endfacet
  facet normal  6.343927e-01  7.730110e-01  -0.000000e+00
    outer loop
      vertex  2.351421e+01 -2.213579e+01  8.000000e-01
      vertex  2.321114e+01 -2.188706e+01  3.700000e+00
      vertex  2.351421e+01 -2.213579e+01  3.700000e+00
    endloop
  endfacet
  facet normal  7.730110e-01  6.343927e-01  0.000000e+00
    outer loop
      vertex  2.351421e+01 -2.213579e+01  8.000000e-01
      vertex  2.351421e+01 -2.213579e+01  3.700000e+00
      vertex  2.376294e+01 -2.243886e+01  8.000000e-01
    endloop
  endfacet
  facet normal  7.730110e-01  6.343927e-01  -0.000000e+00
    outer loop
      vertex  2.376294e+01 -2.243886e+01  8.000000e-01
      vertex  2.351421e+01 -2.213579e+01  3.700000e+00
      vertex  2.376294e+01 -2.243886e+01  3.700000e+00
    endloop
  endfacet
  facet normal  8.819211e-01  4.713973e-01  0.000000e+00
    outer loop
      vertex  2.376294e+01 -2.243886e+01  8.000000e-01
      vertex  2.376294e+01 -2.243886e+01  3.700000e+00
      vertex  2.394776e+01 -2.278463e+01  8.000000e-01
    endloop
  endfacet
  facet normal  8.819211e-01  4.713973e-01  -0.000000e+00
    outer loop
      vertex  2.394776e+01 -2.278463e+01  8.000000e-01
      vertex  2.376294e+01 -2.243886e+01  3.700000e+00
      vertex  2.394776e+01 -2.278463e+01  3.700000e+00
    endloop
  endfacet
  facet normal  9.569401e-01  2.902855e-01  0.000000e+00
    outer loop
      vertex  2.394776e+01 -2.278463e+01  8.000000e-01
      vertex  2.394776e+01 -2.278463e+01  3.700000e+00
      vertex  2.406157e+01 -2.315982e+01  8.000000e-01
    endloop
  endfacet
  facet normal  9.569401e-01  2.902855e-01  -0.000000e+00
    outer loop
      vertex  2.406157e+01 -2.315982e+01  8.000000e-01
      vertex  2.394776e+01 -2.278463e+01  3.700000e+00
      vertex  2.406157e+01 -2.315982e+01  3.700000e+00
    endloop
  endfacet
  facet normal  9.951847e-01  9.801670e-02  0.000000e+00
    outer loop
      vertex  2.406157e+01 -2.315982e+01  8.000000e-01
      vertex  2.406157e+01 -2.315982e+01  3.700000e+00
      vertex  2.410000e+01 -2.355000e+01  8.000000e-01
    endloop
  endfacet
  facet normal  9.951847e-01  9.801670e-02  -0.000000e+00
    outer loop
      vertex  2.410000e+01 -2.355000e+01  8.000000e-01
      vertex  2.406157e+01 -2.315982e+01  3.700000e+00
      vertex  2.410000e+01 -2.355000e+01  3.700000e+00
    endloop
  endfacet
  facet normal  0.000000e+00  0.000000e+00  9.999999e-01
    outer loop
      vertex  2.130491e+01 -2.296922e+01  8.000000e-01
      vertex  2.169509e+01 -2.296922e+01  8.000000e-01
      vertex  2.150000e+01 -2.295000e+01  8.000000e-01
    endloop
  endfacet
  facet normal  -0.000000e+00  0.000000e+00  1.000000e+00
    outer loop
      vertex  2.169509e+01 -2.296922e+01  8.000000e-01
      vertex  2.130491e+01 -2.296922e+01  8.000000e-01
      vertex  2.188268e+01 -2.302612e+01  8.000000e-01
    endloop
  endfacet
  facet normal  0.000000e+00  0.000000e+00  1.000000e+00
    outer loop
      vertex  2.188268e+01 -2.302612e+01  8.000000e-01
      vertex  2.130491e+01 -2.296922e+01  8.000000e-01
      vertex  2.111732e+01 -2.302612e+01  8.000000e-01
    endloop
  endfacet
  facet normal  -0.000000e+00  0.000000e+00  1.000000e+00
    outer loop
      vertex  2.188268e+01 -2.302612e+01  8.000000e-01
      vertex  2.111732e+01 -2.302612e+01  8.000000e-01
      vertex  2.205557e+01 -2.311853e+01  8.000000e-01
    endloop
  endfacet
  facet normal  0.000000e+00  0.000000e+00  1.000000e+00
    outer loop
      vertex  2.205557e+01 -2.311853e+01  8.000000e-01
      vertex  2.111732e+01 -2.302612e+01  8.000000e-01
      vertex  2.094443e+01 -2.311853e+01  8.000000e-01
    endloop
  endfacet
  facet normal  -0.000000e+00  0.000000e+00  1.000000e+00
    outer loop
      vertex  2.205557e+01 -2.311853e+01  8.000000e-01
      vertex  2.094443e+01 -2.311853e+01  8.000000e-01
      vertex  2.220711e+01 -2.324289e+01  8.000000e-01
    endloop
  endfacet
  facet normal  0.000000e+00  0.000000e+00  1.000000e+00
    outer loop
      vertex  2.220711e+01 -2.324289e+01  8.000000e-01
      vertex  2.094443e+01 -2.311853e+01  8.000000e-01
      vertex  2.079289e+01 -2.324289e+01  8.000000e-01
    endloop
  endfacet
  facet normal  -0.000000e+00  0.000000e+00  1.000000e+00
    outer loop
      vertex  2.220711e+01 -2.324289e+01  8.000000e-01
      vertex  2.079289e+01 -2.324289e+01  8.000000e-01
      vertex  2.233147e+01 -2.339443e+01  8.000000e-01
    endloop
  endfacet
  facet normal  0.000000e+00  0.000000e+00  1.000000e+00
    outer loop
      vertex  2.233147e+01 -2.339443e+01  8.000000e-01
      vertex  2.079289e+01 -2.324289e+01  8.000000e-01
      vertex  2.066853e+01 -2.339443e+01  8.000000e-01
    endloop
  endfacet
  facet normal  -0.000000e+00  0.000000e+00  1.000000e+00
    outer loop
      vertex  2.233147e+01 -2.339443e+01  8.000000e-01
      vertex  2.066853e+01 -2.339443e+01  8.000000e-01
      vertex  2.242388e+01 -2.356732e+01  8.000000e-01
    endloop
  endfacet
  facet normal  0.000000e+00  0.000000e+00  1.000000e+00
    outer loop
      vertex  2.242388e+01 -2.356732e+01  8.000000e-01
      vertex  2.066853e+01 -2.339443e+01  8.000000e-01
      vertex  2.057612e+01 -2.356732e+01  8.000000e-01
    endloop
  endfacet
  facet normal  -0.000000e+00  0.000000e+00  1.000000e+00
    outer loop
      vertex  2.242388e+01 -2.356732e+01  8.000000e-01
      vertex  2.057612e+01 -2.356732e+01  8.000000e-01
      vertex  2.248079e+01 -2.375491e+01  8.000000e-01
    endloop
  endfacet
  facet normal  0.000000e+00  0.000000e+00  1.000000e+00
    outer loop
      vertex  2.248079e+01 -2.375491e+01  8.000000e-01
      vertex  2.057612e+01 -2.356732e+01  8.000000e-01
      vertex  2.051921e+01 -2.375491e+01  8.000000e-01
    endloop
  endfacet
  facet normal  -0.000000e+00  0.000000e+00  1.000000e+00
    outer loop
      vertex  2.248079e+01 -2.375491e+01  8.000000e-01
      vertex  2.051921e+01 -2.375491e+01  8.000000e-01
      vertex  2.250000e+01 -2.395000e+01  8.000000e-01
    endloop
  endfacet
  facet normal  0.000000e+00  0.000000e+00  1.000000e+00
    outer loop
      vertex  2.250000e+01 -2.395000e+01  8.000000e-01
      vertex  2.051921e+01 -2.375491e+01  8.000000e-01
      vertex  2.050000e+01 -2.395000e+01  8.000000e-01
    endloop
  endfacet
  facet normal  -0.000000e+00  0.000000e+00  1.000000e+00
    outer loop
      vertex  2.250000e+01 -2.395000e+01  8.000000e-01
      vertex  2.050000e+01 -2.395000e+01  8.000000e-01
      vertex  2.248079e+01 -2.414509e+01  8.000000e-01
    endloop
  endfacet
  facet normal  0.000000e+00  0.000000e+00  9.999999e-01
    outer loop
      vertex  2.248079e+01 -2.414509e+01  8.000000e-01
      vertex  2.050000e+01 -2.395000e+01  8.000000e-01
      vertex  2.051921e+01 -2.414509e+01  8.000000e-01
    endloop
  endfacet
  facet normal  -0.000000e+00  0.000000e+00  1.000000e+00
    outer loop
      vertex  2.248079e+01 -2.414509e+01  8.000000e-01
      vertex  2.051921e+01 -2.414509e+01  8.000000e-01
      vertex  2.242388e+01 -2.433268e+01  8.000000e-01
    endloop
  endfacet
  facet normal  0.000000e+00  0.000000e+00  1.000000e+00
    outer loop
      vertex  2.242388e+01 -2.433268e+01  8.000000e-01
      vertex  2.051921e+01 -2.414509e+01  8.000000e-01
      vertex  2.057612e+01 -2.433268e+01  8.000000e-01
    endloop
  endfacet
  facet normal  -0.000000e+00  0.000000e+00  1.000000e+00
    outer loop
      vertex  2.242388e+01 -2.433268e+01  8.000000e-01
      vertex  2.057612e+01 -2.433268e+01  8.000000e-01
      vertex  2.233147e+01 -2.450557e+01  8.000000e-01
    endloop
  endfacet
  facet normal  0.000000e+00  0.000000e+00  1.000000e+00
    outer loop
      vertex  2.233147e+01 -2.450557e+01  8.000000e-01
      vertex  2.057612e+01 -2.433268e+01  8.000000e-01
      vertex  2.066853e+01 -2.450557e+01  8.000000e-01
    endloop
  endfacet
  facet normal  -0.000000e+00  0.000000e+00  1.000000e+00
    outer loop
      vertex  2.233147e+01 -2.450557e+01  8.000000e-01
      vertex  2.066853e+01 -2.450557e+01  8.000000e-01
      vertex  2.220711e+01 -2.465711e+01  8.000000e-01
    endloop
  endfacet
  facet normal  0.000000e+00  0.000000e+00  1.000000e+00
    outer loop
      vertex  2.220711e+01 -2.465711e+01  8.000000e-01
      vertex  2.066853e+01 -2.450557e+01  8.000000e-01
      vertex  2.079289e+01 -2.465711e+01  8.000000e-01
    endloop
  endfacet
  facet normal  -0.000000e+00  0.000000e+00  1.000000e+00
    outer loop
      vertex  2.220711e+01 -2.465711e+01  8.000000e-01
      vertex  2.079289e+01 -2.465711e+01  8.000000e-01
      vertex  2.205557e+01 -2.478147e+01  8.000000e-01
    endloop
  endfacet
  facet normal  0.000000e+00  0.000000e+00  1.000000e+00
    outer loop
      vertex  2.205557e+01 -2.478147e+01  8.000000e-01
      vertex  2.079289e+01 -2.465711e+01  8.000000e-01
      vertex  2.094443e+01 -2.478147e+01  8.000000e-01
    endloop
  endfacet
  facet normal  -0.000000e+00  0.000000e+00  9.999999e-01
    outer loop
      vertex  2.205557e+01 -2.478147e+01  8.000000e-01
      vertex  2.094443e+01 -2.478147e+01  8.000000e-01
      vertex  2.188268e+01 -2.487388e+01  8.000000e-01
    endloop
  endfacet
  facet normal  0.000000e+00  0.000000e+00  1.000000e+00
    outer loop
      vertex  2.188268e+01 -2.487388e+01  8.000000e-01
      vertex  2.094443e+01 -2.478147e+01  8.000000e-01
      vertex  2.111732e+01 -2.487388e+01  8.000000e-01
    endloop
  endfacet
  facet normal  -0.000000e+00  0.000000e+00  1.000000e+00
    outer loop
      vertex  2.188268e+01 -2.487388e+01  8.000000e-01
      vertex  2.111732e+01 -2.487388e+01  8.000000e-01
      vertex  2.169509e+01 -2.493079e+01  8.000000e-01
    endloop
  endfacet
  facet normal  0.000000e+00  0.000000e+00  1.000000e+00
    outer loop
      vertex  2.169509e+01 -2.493079e+01  8.000000e-01
      vertex  2.111732e+01 -2.487388e+01  8.000000e-01
      vertex  2.130491e+01 -2.493079e+01  8.000000e-01
    endloop
  endfacet
  facet normal  -0.000000e+00  0.000000e+00  9.999999e-01
    outer loop
      vertex  2.169509e+01 -2.493079e+01  8.000000e-01
      vertex  2.130491e+01 -2.493079e+01  8.000000e-01
      vertex  2.150000e+01 -2.495000e+01  8.000000e-01
    endloop
  endfacet
  facet normal  -0.000000e+00  1.000000e+00  0.000000e+00
    outer loop
      vertex  2.410000e+01 -2.655000e+01  8.000000e-01
      vertex  2.410000e+01 -2.655000e+01  3.700000e+00
      vertex  3.610000e+01 -2.655000e+01  1.520000e+01
    endloop
  endfacet
  facet normal  0.000000e+00  9.999999e-01  0.000000e+00
    outer loop
      vertex  2.410000e+01 -2.655000e+01  8.000000e-01
      vertex  3.610000e+01 -2.655000e+01  1.520000e+01
      vertex  3.610000e+01 -2.655000e+01  1.320000e+01
    endloop
  endfacet
  facet normal  -0.000000e+00  1.000000e+00  0.000000e+00
    outer loop
      vertex  2.410000e+01 -2.655000e+01  8.000000e-01
      vertex  3.610000e+01 -2.655000e+01  1.320000e+01
      vertex  3.611728e+01 -2.655000e+01  1.320000e+01
    endloop
  endfacet
  facet normal  0.000000e+00  1.000000e+00  0.000000e+00
    outer loop
      vertex  2.410000e+01 -2.655000e+01  8.000000e-01
      vertex  3.611728e+01 -2.655000e+01  1.320000e+01
      vertex  3.710000e+01 -2.655000e+01  1.050000e+01
    endloop
  endfacet
  facet normal  0.000000e+00  1.000000e+00  0.000000e+00
    outer loop
      vertex  2.410000e+01 -2.655000e+01  8.000000e-01
      vertex  3.710000e+01 -2.655000e+01  1.050000e+01
      vertex  3.710000e+01 -2.655000e+01  8.000000e-01
    endloop
  endfacet
  facet normal  0.000000e+00  1.000000e+00  0.000000e+00
    outer loop
      vertex  1.890000e+01 -2.655000e+01  1.520000e+01
      vertex  3.610000e+01 -2.655000e+01  1.520000e+01
      vertex  1.890000e+01 -2.655000e+01  3.700000e+00
    endloop
  endfacet
  facet normal  0.000000e+00  1.000000e+00  0.000000e+00
    outer loop
      vertex  1.890000e+01 -2.655000e+01  3.700000e+00
      vertex  3.610000e+01 -2.655000e+01  1.520000e+01
      vertex  2.410000e+01 -2.655000e+01  3.700000e+00
    endloop
  endfacet
  facet normal  0.000000e+00  1.000000e+00  0.000000e+00
    outer loop
      vertex  3.710000e+01 -2.235000e+01  8.000000e-01
      vertex  3.710000e+01 -2.235000e+01  1.050000e+01
      vertex  4.070000e+01 -2.235000e+01  8.000000e-01
    endloop
  endfacet
  facet normal  0.000000e+00  1.000000e+00  0.000000e+00
    outer loop
      vertex  3.611728e+01 -2.235000e+01  1.320000e+01
      vertex  3.610000e+01 -2.235000e+01  1.320000e+01
      vertex  3.610000e+01 -2.235000e+01  1.520000e+01
    endloop
  endfacet
  facet normal  -0.000000e+00  1.000000e+00  0.000000e+00
    outer loop
      vertex  3.611728e+01 -2.235000e+01  1.320000e+01
      vertex  3.610000e+01 -2.235000e+01  1.520000e+01
      vertex  4.170000e+01 -2.235000e+01  1.520000e+01
    endloop
  endfacet
  facet normal  0.000000e+00  1.000000e+00  0.000000e+00
    outer loop
      vertex  3.611728e+01 -2.235000e+01  1.320000e+01
      vertex  4.170000e+01 -2.235000e+01  1.520000e+01
      vertex  4.170000e+01 -2.235000e+01  3.700000e+00
    endloop
  endfacet
  facet normal  0.000000e+00  1.000000e+00  0.000000e+00
    outer loop
      vertex  3.611728e+01 -2.235000e+01  1.320000e+01
      vertex  4.170000e+01 -2.235000e+01  3.700000e+00
      vertex  4.070000e+01 -2.235000e+01  3.700000e+00
    endloop
  endfacet
  facet normal  0.000000e+00  1.000000e+00  0.000000e+00
    outer loop
      vertex  3.611728e+01 -2.235000e+01  1.320000e+01
      vertex  4.070000e+01 -2.235000e+01  3.700000e+00
      vertex  4.070000e+01 -2.235000e+01  8.000000e-01
    endloop
  endfacet
  facet normal  0.000000e+00  9.999999e-01  0.000000e+00
    outer loop
      vertex  3.611728e+01 -2.235000e+01  1.320000e+01
      vertex  4.070000e+01 -2.235000e+01  8.000000e-01
      vertex  3.710000e+01 -2.235000e+01  1.050000e+01
    endloop
  endfacet
  facet normal -9.999999e-01  0.000000e+00  0.000000e+00
    outer loop
      vertex  4.170000e+01  3.600000e+00  1.320000e+01
      vertex  4.170000e+01  3.600000e+00  8.000000e-01
      vertex  4.170000e+01  1.600000e+00  8.000000e-01
    endloop
  endfacet
  facet normal -9.999999e-01  0.000000e+00  0.000000e+00
    outer loop
      vertex  4.170000e+01  3.600000e+00  1.320000e+01
      vertex  4.170000e+01  1.600000e+00  8.000000e-01
      vertex  4.170000e+01  1.600000e+00  3.700000e+00
    endloop
  endfacet
  facet normal -1.000000e+00  0.000000e+00  0.000000e+00
    outer loop
      vertex  4.170000e+01  3.600000e+00  1.320000e+01
      vertex  4.170000e+01  1.600000e+00  3.700000e+00
      vertex  4.170000e+01 -2.235000e+01  3.700000e+00
    endloop
  endfacet
  facet normal -1.000000e+00  0.000000e+00  0.000000e+00
    outer loop
      vertex  4.170000e+01  3.600000e+00  1.320000e+01
      vertex  4.170000e+01 -2.235000e+01  3.700000e+00
      vertex  4.170000e+01 -2.235000e+01  1.520000e+01
    endloop
  endfacet
  facet normal -9.999999e-01  0.000000e+00  0.000000e+00
    outer loop
      vertex  4.170000e+01  3.600000e+00  1.320000e+01
      vertex  4.170000e+01 -2.235000e+01  1.520000e+01
      vertex  4.170000e+01  7.700000e+00  1.520000e+01
    endloop
  endfacet
  facet normal -1.000000e+00  0.000000e+00  0.000000e+00
    outer loop
      vertex  4.170000e+01  3.600000e+00  1.320000e+01
      vertex  4.170000e+01  7.700000e+00  1.520000e+01
      vertex  4.170000e+01  6.600000e+00  1.320000e+01
    endloop
  endfacet
  facet normal -9.999999e-01  0.000000e+00  0.000000e+00
    outer loop
      vertex  4.170000e+01  7.700000e+00  1.520000e+01
      vertex  4.170000e+01  7.700000e+00  8.000000e-01
      vertex  4.170000e+01  6.600000e+00  1.320000e+01
    endloop
  endfacet
  facet normal -1.000000e+00  0.000000e+00  0.000000e+00
    outer loop
      vertex  4.170000e+01  6.600000e+00  1.320000e+01
      vertex  4.170000e+01  7.700000e+00  8.000000e-01
      vertex  4.170000e+01  6.600000e+00  8.000000e-01
    endloop
  endfacet
  facet normal  0.000000e+00  9.999999e-01  0.000000e+00
    outer loop
      vertex -4.170000e+01 -2.235000e+01  1.520000e+01
      vertex -2.170000e+01 -2.235000e+01  1.520000e+01
      vertex -4.170000e+01 -2.235000e+01  3.700000e+00
    endloop
  endfacet
  facet normal  0.000000e+00  1.000000e+00  0.000000e+00
    outer loop
      vertex -4.170000e+01 -2.235000e+01  3.700000e+00
      vertex -2.170000e+01 -2.235000e+01  1.520000e+01
      vertex -4.070000e+01 -2.235000e+01  3.700000e+00
    endloop
  endfacet
  facet normal  0.000000e+00  1.000000e+00  -0.000000e+00
    outer loop
      vertex -2.170000e+01 -2.235000e+01  1.520000e+01
      vertex -2.170000e+01 -2.235000e+01  8.000000e-01
      vertex -4.070000e+01 -2.235000e+01  3.700000e+00
    endloop
  endfacet
  facet normal  0.000000e+00  9.999999e-01  0.000000e+00
    outer loop
      vertex -4.070000e+01 -2.235000e+01  3.700000e+00
      vertex -2.170000e+01 -2.235000e+01  8.000000e-01
      vertex -4.070000e+01 -2.235000e+01  8.000000e-01
    endloop
  endfacet
  facet normal  9.801622e-02 -9.951848e-01  0.000000e+00
    outer loop
      vertex  2.150000e+01 -2.295000e+01  8.000000e-01
      vertex  2.130491e+01 -2.296922e+01  3.700000e+00
      vertex  2.130491e+01 -2.296922e+01  8.000000e-01
    endloop
  endfacet
  facet normal  2.902869e-01 -9.569397e-01  0.000000e+00
    outer loop
      vertex  2.130491e+01 -2.296922e+01  8.000000e-01
      vertex  2.130491e+01 -2.296922e+01  3.700000e+00
      vertex  2.111732e+01 -2.302612e+01  3.700000e+00
    endloop
  endfacet
  facet normal  2.902869e-01 -9.569397e-01  0.000000e+00
    outer loop
      vertex  2.130491e+01 -2.296922e+01  8.000000e-01
      vertex  2.111732e+01 -2.302612e+01  3.700000e+00
      vertex  2.111732e+01 -2.302612e+01  8.000000e-01
    endloop
  endfacet
  facet normal  4.713915e-01 -8.819241e-01  0.000000e+00
    outer loop
      vertex  2.111732e+01 -2.302612e+01  8.000000e-01
      vertex  2.111732e+01 -2.302612e+01  3.700000e+00
      vertex  2.094443e+01 -2.311853e+01  3.700000e+00
    endloop
  endfacet
  facet normal  4.713915e-01 -8.819241e-01  0.000000e+00
    outer loop
      vertex  2.111732e+01 -2.302612e+01  8.000000e-01
      vertex  2.094443e+01 -2.311853e+01  3.700000e+00
      vertex  2.094443e+01 -2.311853e+01  8.000000e-01
    endloop
  endfacet
  facet normal  6.343927e-01 -7.730110e-01  0.000000e+00
    outer loop
      vertex  2.094443e+01 -2.311853e+01  8.000000e-01
      vertex  2.094443e+01 -2.311853e+01  3.700000e+00
      vertex  2.079289e+01 -2.324289e+01  3.700000e+00
    endloop
  endfacet
  facet normal  6.343927e-01 -7.730110e-01  0.000000e+00
    outer loop
      vertex  2.094443e+01 -2.311853e+01  8.000000e-01
      vertex  2.079289e+01 -2.324289e+01  3.700000e+00
      vertex  2.079289e+01 -2.324289e+01  8.000000e-01
    endloop
  endfacet
  facet normal  7.730110e-01 -6.343927e-01  0.000000e+00
    outer loop
      vertex  2.079289e+01 -2.324289e+01  8.000000e-01
      vertex  2.079289e+01 -2.324289e+01  3.700000e+00
      vertex  2.066853e+01 -2.339443e+01  3.700000e+00
    endloop
  endfacet
  facet normal  7.730110e-01 -6.343927e-01  0.000000e+00
    outer loop
      vertex  2.079289e+01 -2.324289e+01  8.000000e-01
      vertex  2.066853e+01 -2.339443e+01  3.700000e+00
      vertex  2.066853e+01 -2.339443e+01  8.000000e-01
    endloop
  endfacet
  facet normal  8.819219e-01 -4.713955e-01  0.000000e+00
    outer loop
      vertex  2.066853e+01 -2.339443e+01  8.000000e-01
      vertex  2.066853e+01 -2.339443e+01  3.700000e+00
      vertex  2.057612e+01 -2.356732e+01  3.700000e+00
    endloop
  endfacet
  facet normal  8.819219e-01 -4.713955e-01  0.000000e+00
    outer loop
      vertex  2.066853e+01 -2.339443e+01  8.000000e-01
      vertex  2.057612e+01 -2.356732e+01  3.700000e+00
      vertex  2.057612e+01 -2.356732e+01  8.000000e-01
    endloop
  endfacet
  facet normal  9.569404e-01 -2.902841e-01  0.000000e+00
    outer loop
      vertex  2.057612e+01 -2.356732e+01  8.000000e-01
      vertex  2.057612e+01 -2.356732e+01  3.700000e+00
      vertex  2.051921e+01 -2.375491e+01  3.700000e+00
    endloop
  endfacet
  facet normal  9.569404e-01 -2.902841e-01  0.000000e+00
    outer loop
      vertex  2.057612e+01 -2.356732e+01  8.000000e-01
      vertex  2.051921e+01 -2.375491e+01  3.700000e+00
      vertex  2.051921e+01 -2.375491e+01  8.000000e-01
    endloop
  endfacet
  facet normal  9.951848e-01 -9.801622e-02  0.000000e+00
    outer loop
      vertex  2.051921e+01 -2.375491e+01  8.000000e-01
      vertex  2.051921e+01 -2.375491e+01  3.700000e+00
      vertex  2.050000e+01 -2.395000e+01  3.700000e+00
    endloop
  endfacet
  facet normal  9.951848e-01 -9.801622e-02  0.000000e+00
    outer loop
      vertex  2.051921e+01 -2.375491e+01  8.000000e-01
      vertex  2.050000e+01 -2.395000e+01  3.700000e+00
      vertex  2.050000e+01 -2.395000e+01  8.000000e-01
    endloop
  endfacet
  facet normal  9.801622e-02 -9.951848e-01  0.000000e+00
    outer loop
      vertex  2.130491e+01 -2.296922e+01  3.700000e+00
      vertex  2.150000e+01 -2.295000e+01  8.000000e-01
      vertex  2.150000e+01 -2.295000e+01  3.700000e+00
    endloop
  endfacet
  facet normal -9.801622e-02 -9.951848e-01  -0.000000e+00
    outer loop
      vertex  2.150000e+01 -2.295000e+01  3.700000e+00
      vertex  2.150000e+01 -2.295000e+01  8.000000e-01
      vertex  2.169509e+01 -2.296922e+01  8.000000e-01
    endloop
  endfacet
  facet normal -9.801622e-02 -9.951848e-01  0.000000e+00
    outer loop
      vertex  2.150000e+01 -2.295000e+01  3.700000e+00
      vertex  2.169509e+01 -2.296922e+01  8.000000e-01
      vertex  2.169509e+01 -2.296922e+01  3.700000e+00
    endloop
  endfacet
  facet normal -2.902869e-01 -9.569397e-01  -0.000000e+00
    outer loop
      vertex  2.169509e+01 -2.296922e+01  3.700000e+00
      vertex  2.169509e+01 -2.296922e+01  8.000000e-01
      vertex  2.188268e+01 -2.302612e+01  8.000000e-01
    endloop
  endfacet
  facet normal -2.902869e-01 -9.569397e-01  0.000000e+00
    outer loop
      vertex  2.169509e+01 -2.296922e+01  3.700000e+00
      vertex  2.188268e+01 -2.302612e+01  8.000000e-01
      vertex  2.188268e+01 -2.302612e+01  3.700000e+00
    endloop
  endfacet
  facet normal -4.713915e-01 -8.819241e-01  -0.000000e+00
    outer loop
      vertex  2.188268e+01 -2.302612e+01  3.700000e+00
      vertex  2.188268e+01 -2.302612e+01  8.000000e-01
      vertex  2.205557e+01 -2.311853e+01  8.000000e-01
    endloop
  endfacet
  facet normal -4.713915e-01 -8.819241e-01  0.000000e+00
    outer loop
      vertex  2.188268e+01 -2.302612e+01  3.700000e+00
      vertex  2.205557e+01 -2.311853e+01  8.000000e-01
      vertex  2.205557e+01 -2.311853e+01  3.700000e+00
    endloop
  endfacet
  facet normal -6.343927e-01 -7.730110e-01  -0.000000e+00
    outer loop
      vertex  2.205557e+01 -2.311853e+01  3.700000e+00
      vertex  2.205557e+01 -2.311853e+01  8.000000e-01
      vertex  2.220711e+01 -2.324289e+01  8.000000e-01
    endloop
  endfacet
  facet normal -6.343927e-01 -7.730110e-01  0.000000e+00
    outer loop
      vertex  2.205557e+01 -2.311853e+01  3.700000e+00
      vertex  2.220711e+01 -2.324289e+01  8.000000e-01
      vertex  2.220711e+01 -2.324289e+01  3.700000e+00
    endloop
  endfacet
  facet normal -7.730110e-01 -6.343927e-01  -0.000000e+00
    outer loop
      vertex  2.220711e+01 -2.324289e+01  3.700000e+00
      vertex  2.220711e+01 -2.324289e+01  8.000000e-01
      vertex  2.233147e+01 -2.339443e+01  8.000000e-01
    endloop
  endfacet
  facet normal -7.730110e-01 -6.343927e-01  0.000000e+00
    outer loop
      vertex  2.220711e+01 -2.324289e+01  3.700000e+00
      vertex  2.233147e+01 -2.339443e+01  8.000000e-01
      vertex  2.233147e+01 -2.339443e+01  3.700000e+00
    endloop
  endfacet
  facet normal -8.819219e-01 -4.713955e-01  -0.000000e+00
    outer loop
      vertex  2.233147e+01 -2.339443e+01  3.700000e+00
      vertex  2.233147e+01 -2.339443e+01  8.000000e-01
      vertex  2.242388e+01 -2.356732e+01  8.000000e-01
    endloop
  endfacet
  facet normal -8.819219e-01 -4.713955e-01  0.000000e+00
    outer loop
      vertex  2.233147e+01 -2.339443e+01  3.700000e+00
      vertex  2.242388e+01 -2.356732e+01  8.000000e-01
      vertex  2.242388e+01 -2.356732e+01  3.700000e+00
    endloop
  endfacet
  facet normal -9.569404e-01 -2.902841e-01  -0.000000e+00
    outer loop
      vertex  2.242388e+01 -2.356732e+01  3.700000e+00
      vertex  2.242388e+01 -2.356732e+01  8.000000e-01
      vertex  2.248079e+01 -2.375491e+01  8.000000e-01
    endloop
  endfacet
  facet normal -9.569404e-01 -2.902841e-01  0.000000e+00
    outer loop
      vertex  2.242388e+01 -2.356732e+01  3.700000e+00
      vertex  2.248079e+01 -2.375491e+01  8.000000e-01
      vertex  2.248079e+01 -2.375491e+01  3.700000e+00
    endloop
  endfacet
  facet normal -9.951848e-01 -9.801622e-02  -0.000000e+00
    outer loop
      vertex  2.248079e+01 -2.375491e+01  3.700000e+00
      vertex  2.248079e+01 -2.375491e+01  8.000000e-01
      vertex  2.250000e+01 -2.395000e+01  8.000000e-01
    endloop
  endfacet
  facet normal -9.951848e-01 -9.801622e-02  0.000000e+00
    outer loop
      vertex  2.248079e+01 -2.375491e+01  3.700000e+00
      vertex  2.250000e+01 -2.395000e+01  8.000000e-01
      vertex  2.250000e+01 -2.395000e+01  3.700000e+00
    endloop
  endfacet
  facet normal -9.801622e-02  9.951848e-01  0.000000e+00
    outer loop
      vertex  2.150000e+01 -2.495000e+01  8.000000e-01
      vertex  2.169509e+01 -2.493079e+01  3.700000e+00
      vertex  2.169509e+01 -2.493079e+01  8.000000e-01
    endloop
  endfacet
  facet normal -2.902869e-01  9.569397e-01  0.000000e+00
    outer loop
      vertex  2.169509e+01 -2.493079e+01  8.000000e-01
      vertex  2.169509e+01 -2.493079e+01  3.700000e+00
      vertex  2.188268e+01 -2.487388e+01  3.700000e+00
    endloop
  endfacet
  facet normal -2.902869e-01  9.569397e-01  0.000000e+00
    outer loop
      vertex  2.169509e+01 -2.493079e+01  8.000000e-01
      vertex  2.188268e+01 -2.487388e+01  3.700000e+00
      vertex  2.188268e+01 -2.487388e+01  8.000000e-01
    endloop
  endfacet
  facet normal -4.713991e-01  8.819201e-01  0.000000e+00
    outer loop
      vertex  2.188268e+01 -2.487388e+01  8.000000e-01
      vertex  2.188268e+01 -2.487388e+01  3.700000e+00
      vertex  2.205557e+01 -2.478147e+01  3.700000e+00
    endloop
  endfacet
  facet normal -4.713991e-01  8.819201e-01  0.000000e+00
    outer loop
      vertex  2.188268e+01 -2.487388e+01  8.000000e-01
      vertex  2.205557e+01 -2.478147e+01  3.700000e+00
      vertex  2.205557e+01 -2.478147e+01  8.000000e-01
    endloop
  endfacet
  facet normal -6.343927e-01  7.730110e-01  0.000000e+00
    outer loop
      vertex  2.205557e+01 -2.478147e+01  8.000000e-01
      vertex  2.205557e+01 -2.478147e+01  3.700000e+00
      vertex  2.220711e+01 -2.465711e+01  3.700000e+00
    endloop
  endfacet
  facet normal -6.343927e-01  7.730110e-01  0.000000e+00
    outer loop
      vertex  2.205557e+01 -2.478147e+01  8.000000e-01
      vertex  2.220711e+01 -2.465711e+01  3.700000e+00
      vertex  2.220711e+01 -2.465711e+01  8.000000e-01
    endloop
  endfacet
  facet normal -7.730110e-01  6.343927e-01  0.000000e+00
    outer loop
      vertex  2.220711e+01 -2.465711e+01  8.000000e-01
      vertex  2.220711e+01 -2.465711e+01  3.700000e+00
      vertex  2.233147e+01 -2.450557e+01  3.700000e+00
    endloop
  endfacet
  facet normal -7.730110e-01  6.343927e-01  0.000000e+00
    outer loop
      vertex  2.220711e+01 -2.465711e+01  8.000000e-01
      vertex  2.233147e+01 -2.450557e+01  3.700000e+00
      vertex  2.233147e+01 -2.450557e+01  8.000000e-01
    endloop
  endfacet
  facet normal -8.819219e-01  4.713955e-01  0.000000e+00
    outer loop
      vertex  2.233147e+01 -2.450557e+01  8.000000e-01
      vertex  2.233147e+01 -2.450557e+01  3.700000e+00
      vertex  2.242388e+01 -2.433268e+01  3.700000e+00
    endloop
  endfacet
  facet normal -8.819219e-01  4.713955e-01  0.000000e+00
    outer loop
      vertex  2.233147e+01 -2.450557e+01  8.000000e-01
      vertex  2.242388e+01 -2.433268e+01  3.700000e+00
      vertex  2.242388e+01 -2.433268e+01  8.000000e-01
    endloop
  endfacet
  facet normal -9.569404e-01  2.902841e-01  0.000000e+00
    outer loop
      vertex  2.242388e+01 -2.433268e+01  8.000000e-01
      vertex  2.242388e+01 -2.433268e+01  3.700000e+00
      vertex  2.248079e+01 -2.414509e+01  3.700000e+00
    endloop
  endfacet
  facet normal -9.569404e-01  2.902841e-01  0.000000e+00
    outer loop
      vertex  2.242388e+01 -2.433268e+01  8.000000e-01
      vertex  2.248079e+01 -2.414509e+01  3.700000e+00
      vertex  2.248079e+01 -2.414509e+01  8.000000e-01
    endloop
  endfacet
  facet normal -9.951848e-01  9.801718e-02  0.000000e+00
    outer loop
      vertex  2.248079e+01 -2.414509e+01  8.000000e-01
      vertex  2.248079e+01 -2.414509e+01  3.700000e+00
      vertex  2.250000e+01 -2.395000e+01  3.700000e+00
    endloop
  endfacet
  facet normal -9.951848e-01  9.801718e-02  0.000000e+00
    outer loop
      vertex  2.248079e+01 -2.414509e+01  8.000000e-01
      vertex  2.250000e+01 -2.395000e+01  3.700000e+00
      vertex  2.250000e+01 -2.395000e+01  8.000000e-01
    endloop
  endfacet
  facet normal -9.801622e-02  9.951848e-01  0.000000e+00
    outer loop
      vertex  2.169509e+01 -2.493079e+01  3.700000e+00
      vertex  2.150000e+01 -2.495000e+01  8.000000e-01
      vertex  2.150000e+01 -2.495000e+01  3.700000e+00
    endloop
  endfacet
  facet normal  9.801622e-02  9.951848e-01  0.000000e+00
    outer loop
      vertex  2.150000e+01 -2.495000e+01  3.700000e+00
      vertex  2.150000e+01 -2.495000e+01  8.000000e-01
      vertex  2.130491e+01 -2.493079e+01  8.000000e-01
    endloop
  endfacet
  facet normal  9.801622e-02  9.951848e-01  -0.000000e+00
    outer loop
      vertex  2.150000e+01 -2.495000e+01  3.700000e+00
      vertex  2.130491e+01 -2.493079e+01  8.000000e-01
      vertex  2.130491e+01 -2.493079e+01  3.700000e+00
    endloop
  endfacet
  facet normal  2.902869e-01  9.569397e-01  0.000000e+00
    outer loop
      vertex  2.130491e+01 -2.493079e+01  3.700000e+00
      vertex  2.130491e+01 -2.493079e+01  8.000000e-01
      vertex  2.111732e+01 -2.487388e+01  8.000000e-01
    endloop
  endfacet
  facet normal  2.902869e-01  9.569397e-01  -0.000000e+00
    outer loop
      vertex  2.130491e+01 -2.493079e+01  3.700000e+00
      vertex  2.111732e+01 -2.487388e+01  8.000000e-01
      vertex  2.111732e+01 -2.487388e+01  3.700000e+00
    endloop
  endfacet
  facet normal  4.713991e-01  8.819201e-01  0.000000e+00
    outer loop
      vertex  2.111732e+01 -2.487388e+01  3.700000e+00
      vertex  2.111732e+01 -2.487388e+01  8.000000e-01
      vertex  2.094443e+01 -2.478147e+01  8.000000e-01
    endloop
  endfacet
  facet normal  4.713991e-01  8.819201e-01  -0.000000e+00
    outer loop
      vertex  2.111732e+01 -2.487388e+01  3.700000e+00
      vertex  2.094443e+01 -2.478147e+01  8.000000e-01
      vertex  2.094443e+01 -2.478147e+01  3.700000e+00
    endloop
  endfacet
  facet normal  6.343927e-01  7.730110e-01  0.000000e+00
    outer loop
      vertex  2.094443e+01 -2.478147e+01  3.700000e+00
      vertex  2.094443e+01 -2.478147e+01  8.000000e-01
      vertex  2.079289e+01 -2.465711e+01  8.000000e-01
    endloop
  endfacet
  facet normal  6.343927e-01  7.730110e-01  -0.000000e+00
    outer loop
      vertex  2.094443e+01 -2.478147e+01  3.700000e+00
      vertex  2.079289e+01 -2.465711e+01  8.000000e-01
      vertex  2.079289e+01 -2.465711e+01  3.700000e+00
    endloop
  endfacet
  facet normal  7.730110e-01  6.343927e-01  0.000000e+00
    outer loop
      vertex  2.079289e+01 -2.465711e+01  3.700000e+00
      vertex  2.079289e+01 -2.465711e+01  8.000000e-01
      vertex  2.066853e+01 -2.450557e+01  8.000000e-01
    endloop
  endfacet
  facet normal  7.730110e-01  6.343927e-01  -0.000000e+00
    outer loop
      vertex  2.079289e+01 -2.465711e+01  3.700000e+00
      vertex  2.066853e+01 -2.450557e+01  8.000000e-01
      vertex  2.066853e+01 -2.450557e+01  3.700000e+00
    endloop
  endfacet
  facet normal  8.819219e-01  4.713955e-01  0.000000e+00
    outer loop
      vertex  2.066853e+01 -2.450557e+01  3.700000e+00
      vertex  2.066853e+01 -2.450557e+01  8.000000e-01
      vertex  2.057612e+01 -2.433268e+01  8.000000e-01
    endloop
  endfacet
  facet normal  8.819219e-01  4.713955e-01  -0.000000e+00
    outer loop
      vertex  2.066853e+01 -2.450557e+01  3.700000e+00
      vertex  2.057612e+01 -2.433268e+01  8.000000e-01
      vertex  2.057612e+01 -2.433268e+01  3.700000e+00
    endloop
  endfacet
  facet normal  9.569404e-01  2.902841e-01  0.000000e+00
    outer loop
      vertex  2.057612e+01 -2.433268e+01  3.700000e+00
      vertex  2.057612e+01 -2.433268e+01  8.000000e-01
      vertex  2.051921e+01 -2.414509e+01  8.000000e-01
    endloop
  endfacet
  facet normal  9.569404e-01  2.902841e-01  -0.000000e+00
    outer loop
      vertex  2.057612e+01 -2.433268e+01  3.700000e+00
      vertex  2.051921e+01 -2.414509e+01  8.000000e-01
      vertex  2.051921e+01 -2.414509e+01  3.700000e+00
    endloop
  endfacet
  facet normal  9.951848e-01  9.801718e-02  0.000000e+00
    outer loop
      vertex  2.051921e+01 -2.414509e+01  3.700000e+00
      vertex  2.051921e+01 -2.414509e+01  8.000000e-01
      vertex  2.050000e+01 -2.395000e+01  8.000000e-01
    endloop
  endfacet
  facet normal  9.951848e-01  9.801718e-02  -0.000000e+00
    outer loop
      vertex  2.051921e+01 -2.414509e+01  3.700000e+00
      vertex  2.050000e+01 -2.395000e+01  8.000000e-01
      vertex  2.050000e+01 -2.395000e+01  3.700000e+00
    endloop
  endfacet
  facet normal  0.000000e+00  0.000000e+00  1.000000e+00
    outer loop
      vertex  4.070000e+01 -2.235000e+01  3.700000e+00
      vertex  4.170000e+01 -2.235000e+01  3.700000e+00
      vertex  4.070000e+01  1.600000e+00  3.700000e+00
    endloop
  endfacet
  facet normal  -0.000000e+00  0.000000e+00  1.000000e+00
    outer loop
      vertex  4.070000e+01  1.600000e+00  3.700000e+00
      vertex  4.170000e+01 -2.235000e+01  3.700000e+00
      vertex  4.170000e+01  1.600000e+00  3.700000e+00
    endloop
  endfacet
  facet normal  0.000000e+00  9.999999e-01  0.000000e+00
    outer loop
      vertex  4.070000e+01  1.600000e+00  3.700000e+00
      vertex  4.170000e+01  1.600000e+00  3.700000e+00
      vertex  4.070000e+01  1.600000e+00  8.000000e-01
    endloop
  endfacet
  facet normal  0.000000e+00  9.999999e-01  0.000000e+00
    outer loop
      vertex  4.070000e+01  1.600000e+00  8.000000e-01
      vertex  4.170000e+01  1.600000e+00  3.700000e+00
      vertex  4.170000e+01  1.600000e+00  8.000000e-01
    endloop
  endfacet
  facet normal -1.000000e+00  0.000000e+00  0.000000e+00
    outer loop
      vertex  4.070000e+01  1.600000e+00  3.700000e+00
      vertex  4.070000e+01  1.600000e+00  8.000000e-01
      vertex  4.070000e+01 -2.235000e+01  3.700000e+00
    endloop
  endfacet
  facet normal -1.000000e+00  0.000000e+00  0.000000e+00
    outer loop
      vertex  4.070000e+01 -2.235000e+01  3.700000e+00
      vertex  4.070000e+01  1.600000e+00  8.000000e-01
      vertex  4.070000e+01 -2.235000e+01  8.000000e-01
    endloop
  endfacet
  facet normal  0.000000e+00  0.000000e+00  1.000000e+00
    outer loop
      vertex -4.170000e+01 -2.235000e+01  3.700000e+00
      vertex -4.070000e+01 -2.235000e+01  3.700000e+00
      vertex -4.170000e+01  1.600000e+00  3.700000e+00
    endloop
  endfacet
  facet normal  -0.000000e+00  0.000000e+00  1.000000e+00
    outer loop
      vertex -4.170000e+01  1.600000e+00  3.700000e+00
      vertex -4.070000e+01 -2.235000e+01  3.700000e+00
      vertex -4.070000e+01  1.600000e+00  3.700000e+00
    endloop
  endfacet
  facet normal  0.000000e+00  9.999999e-01  0.000000e+00
    outer loop
      vertex -4.170000e+01  1.600000e+00  3.700000e+00
      vertex -4.070000e+01  1.600000e+00  3.700000e+00
      vertex -4.170000e+01  1.600000e+00  8.000000e-01
    endloop
  endfacet
  facet normal  0.000000e+00  9.999999e-01  0.000000e+00
    outer loop
      vertex -4.170000e+01  1.600000e+00  8.000000e-01
      vertex -4.070000e+01  1.600000e+00  3.700000e+00
      vertex -4.070000e+01  1.600000e+00  8.000000e-01
    endloop
  endfacet
  facet normal  1.000000e+00  0.000000e+00  0.000000e+00
    outer loop
      vertex -4.070000e+01 -2.235000e+01  3.700000e+00
      vertex -4.070000e+01 -2.235000e+01  8.000000e-01
      vertex -4.070000e+01  1.600000e+00  3.700000e+00
    endloop
  endfacet
  facet normal  1.000000e+00  0.000000e+00  0.000000e+00
    outer loop
      vertex -4.070000e+01  1.600000e+00  3.700000e+00
      vertex -4.070000e+01 -2.235000e+01  8.000000e-01
      vertex -4.070000e+01  1.600000e+00  8.000000e-01
    endloop
  endfacet
  facet normal  -0.000000e+00  0.000000e+00 -1.000000e+00
    outer loop
      vertex -3.610000e+01 -2.405000e+01  1.400000e+01
      vertex -2.050000e+01 -2.405000e+01  1.400000e+01
      vertex -3.610000e+01 -2.655000e+01  1.400000e+01
    endloop
  endfacet
  facet normal  0.000000e+00  0.000000e+00 -1.000000e+00
    outer loop
      vertex -3.610000e+01 -2.655000e+01  1.400000e+01
      vertex -2.050000e+01 -2.405000e+01  1.400000e+01
      vertex -2.050000e+01 -2.655000e+01  1.400000e+01
    endloop
  endfacet
  facet normal  1.000000e+00  0.000000e+00  0.000000e+00
    outer loop
      vertex -3.610000e+01 -2.405000e+01  1.220000e+01
      vertex -3.610000e+01 -2.405000e+01  1.400000e+01
      vertex -3.610000e+01 -2.655000e+01  1.220000e+01
    endloop
  endfacet
  facet normal  1.000000e+00  0.000000e+00  0.000000e+00
    outer loop
      vertex -3.610000e+01 -2.655000e+01  1.220000e+01
      vertex -3.610000e+01 -2.405000e+01  1.400000e+01
      vertex -3.610000e+01 -2.655000e+01  1.400000e+01
    endloop
  endfacet
  facet normal  -0.000000e+00 -1.000000e+00  -0.000000e+00
    outer loop
      vertex -2.050000e+01 -2.405000e+01  8.000000e-01
      vertex -2.050000e+01 -2.405000e+01  1.400000e+01
      vertex -3.610000e+01 -2.405000e+01  1.400000e+01
    endloop
  endfacet
  facet normal  0.000000e+00 -1.000000e+00  0.000000e+00
    outer loop
      vertex -2.050000e+01 -2.405000e+01  8.000000e-01
      vertex -3.610000e+01 -2.405000e+01  1.400000e+01
      vertex -3.610000e+01 -2.405000e+01  1.220000e+01
    endloop
  endfacet
  facet normal  -0.000000e+00 -1.000000e+00  -0.000000e+00
    outer loop
      vertex -2.050000e+01 -2.405000e+01  8.000000e-01
      vertex -3.610000e+01 -2.405000e+01  1.220000e+01
      vertex -3.741678e+01 -2.405000e+01  1.220000e+01
    endloop
  endfacet
  facet normal  0.000000e+00 -1.000000e+00  0.000000e+00
    outer loop
      vertex -2.050000e+01 -2.405000e+01  8.000000e-01
      vertex -3.741678e+01 -2.405000e+01  1.220000e+01
      vertex -3.741678e+01 -2.405000e+01  1.080000e+01
    endloop
  endfacet
  facet normal  -0.000000e+00 -1.000000e+00  -0.000000e+00
    outer loop
      vertex -2.050000e+01 -2.405000e+01  8.000000e-01
      vertex -3.741678e+01 -2.405000e+01  1.080000e+01
      vertex -3.978321e+01 -2.405000e+01  1.080000e+01
    endloop
  endfacet
  facet normal  0.000000e+00 -1.000000e+00  -0.000000e+00
    outer loop
      vertex -2.050000e+01 -2.405000e+01  8.000000e-01
      vertex -3.978321e+01 -2.405000e+01  1.080000e+01
      vertex -4.110000e+01 -2.405000e+01  8.000000e-01
    endloop
  endfacet
  facet normal  0.000000e+00 -1.000000e+00  0.000000e+00
    outer loop
      vertex -3.978321e+01 -2.405000e+01  1.220000e+01
      vertex -4.110000e+01 -2.405000e+01  1.220000e+01
      vertex -3.978321e+01 -2.405000e+01  1.080000e+01
    endloop
  endfacet
  facet normal  -0.000000e+00 -1.000000e+00  0.000000e+00
    outer loop
      vertex -3.978321e+01 -2.405000e+01  1.080000e+01
      vertex -4.110000e+01 -2.405000e+01  1.220000e+01
      vertex -4.110000e+01 -2.405000e+01  8.000000e-01
    endloop
  endfacet
  facet normal  0.000000e+00  1.000000e+00  -0.000000e+00
    outer loop
      vertex -2.050000e+01 -2.655000e+01  1.400000e+01
      vertex -2.050000e+01 -2.655000e+01  8.000000e-01
      vertex -3.610000e+01 -2.655000e+01  1.400000e+01
    endloop
  endfacet
  facet normal  0.000000e+00  1.000000e+00  0.000000e+00
    outer loop
      vertex -3.610000e+01 -2.655000e+01  1.400000e+01
      vertex -2.050000e+01 -2.655000e+01  8.000000e-01
      vertex -3.610000e+01 -2.655000e+01  1.220000e+01
    endloop
  endfacet
  facet normal  0.000000e+00  1.000000e+00  0.000000e+00
    outer loop
      vertex -2.050000e+01 -2.655000e+01  8.000000e-01
      vertex -4.110000e+01 -2.655000e+01  8.000000e-01
      vertex -3.610000e+01 -2.655000e+01  1.220000e+01
    endloop
  endfacet
  facet normal  0.000000e+00  1.000000e+00  0.000000e+00
    outer loop
      vertex -3.610000e+01 -2.655000e+01  1.220000e+01
      vertex -4.110000e+01 -2.655000e+01  8.000000e-01
      vertex -4.110000e+01 -2.655000e+01  1.220000e+01
    endloop
  endfacet
  facet normal  1.000000e+00  0.000000e+00  0.000000e+00
    outer loop
      vertex -4.110000e+01 -2.655000e+01  8.000000e-01
      vertex -4.110000e+01 -2.405000e+01  8.000000e-01
      vertex -4.110000e+01 -2.655000e+01  1.220000e+01
    endloop
  endfacet
  facet normal  1.000000e+00  -0.000000e+00  0.000000e+00
    outer loop
      vertex -4.110000e+01 -2.655000e+01  1.220000e+01
      vertex -4.110000e+01 -2.405000e+01  8.000000e-01
      vertex -4.110000e+01 -2.405000e+01  1.220000e+01
    endloop
  endfacet
  facet normal  0.000000e+00  0.000000e+00  1.000000e+00
    outer loop
      vertex -4.110000e+01 -2.655000e+01  8.000000e-01
      vertex -2.050000e+01 -2.655000e+01  8.000000e-01
      vertex -4.110000e+01 -2.405000e+01  8.000000e-01
    endloop
  endfacet
  facet normal  -0.000000e+00  0.000000e+00  1.000000e+00
    outer loop
      vertex -4.110000e+01 -2.405000e+01  8.000000e-01
      vertex -2.050000e+01 -2.655000e+01  8.000000e-01
      vertex -2.050000e+01 -2.405000e+01  8.000000e-01
    endloop
  endfacet
  facet normal  -0.000000e+00  -0.000000e+00 -1.000000e+00
    outer loop
      vertex -4.110000e+01 -2.405000e+01  1.220000e+01
      vertex -3.978321e+01 -2.405000e+01  1.220000e+01
      vertex -3.972536e+01 -2.426661e+01  1.220000e+01
    endloop
  endfacet
  facet normal  -0.000000e+00  -0.000000e+00 -1.000000e+00
    outer loop
      vertex -4.110000e+01 -2.405000e+01  1.220000e+01
      vertex -3.972536e+01 -2.426661e+01  1.220000e+01
      vertex -3.962822e+01 -2.446869e+01  1.220000e+01
    endloop
  endfacet
  facet normal  -0.000000e+00  -0.000000e+00 -1.000000e+00
    outer loop
      vertex -4.110000e+01 -2.405000e+01  1.220000e+01
      vertex -3.962822e+01 -2.446869e+01  1.220000e+01
      vertex -3.949518e+01 -2.464916e+01  1.220000e+01
    endloop
  endfacet
  facet normal  -0.000000e+00  -0.000000e+00 -1.000000e+00
    outer loop
      vertex -4.110000e+01 -2.405000e+01  1.220000e+01
      vertex -3.949518e+01 -2.464916e+01  1.220000e+01
      vertex -3.933089e+01 -2.480173e+01  1.220000e+01
    endloop
  endfacet
  facet normal  -0.000000e+00  -0.000000e+00 -1.000000e+00
    outer loop
      vertex -4.110000e+01 -2.405000e+01  1.220000e+01
      vertex -3.933089e+01 -2.480173e+01  1.220000e+01
      vertex -3.914109e+01 -2.492108e+01  1.220000e+01
    endloop
  endfacet
  facet normal  0.000000e+00  0.000000e+00 -1.000000e+00
    outer loop
      vertex -4.110000e+01 -2.655000e+01  1.220000e+01
      vertex -4.110000e+01 -2.405000e+01  1.220000e+01
      vertex -3.914109e+01 -2.492108e+01  1.220000e+01
    endloop
  endfacet
  facet normal  0.000000e+00  -0.000000e+00 -1.000000e+00
    outer loop
      vertex -4.110000e+01 -2.655000e+01  1.220000e+01
      vertex -3.914109e+01 -2.492108e+01  1.220000e+01
      vertex -3.893240e+01 -2.500304e+01  1.220000e+01
    endloop
  endfacet
  facet normal  0.000000e+00  -0.000000e+00 -1.000000e+00
    outer loop
      vertex -4.110000e+01 -2.655000e+01  1.220000e+01
      vertex -3.893240e+01 -2.500304e+01  1.220000e+01
      vertex -3.871210e+01 -2.504475e+01  1.220000e+01
    endloop
  endfacet
  facet normal  0.000000e+00  -0.000000e+00 -1.000000e+00
    outer loop
      vertex -4.110000e+01 -2.655000e+01  1.220000e+01
      vertex -3.871210e+01 -2.504475e+01  1.220000e+01
      vertex -3.848790e+01 -2.504475e+01  1.220000e+01
    endloop
  endfacet
  facet normal  0.000000e+00  -0.000000e+00 -9.999999e-01
    outer loop
      vertex -4.110000e+01 -2.655000e+01  1.220000e+01
      vertex -3.848790e+01 -2.504475e+01  1.220000e+01
      vertex -3.610000e+01 -2.655000e+01  1.220000e+01
    endloop
  endfacet
  facet normal  0.000000e+00  0.000000e+00 -1.000000e+00
    outer loop
      vertex -3.610000e+01 -2.655000e+01  1.220000e+01
      vertex -3.848790e+01 -2.504475e+01  1.220000e+01
      vertex -3.826760e+01 -2.500304e+01  1.220000e+01
    endloop
  endfacet
  facet normal  0.000000e+00  0.000000e+00 -1.000000e+00
    outer loop
      vertex -3.610000e+01 -2.655000e+01  1.220000e+01
      vertex -3.826760e+01 -2.500304e+01  1.220000e+01
      vertex -3.805891e+01 -2.492108e+01  1.220000e+01
    endloop
  endfacet
  facet normal  0.000000e+00  0.000000e+00 -1.000000e+00
    outer loop
      vertex -3.610000e+01 -2.655000e+01  1.220000e+01
      vertex -3.805891e+01 -2.492108e+01  1.220000e+01
      vertex -3.786911e+01 -2.480173e+01  1.220000e+01
    endloop
  endfacet
  facet normal  0.000000e+00  0.000000e+00 -1.000000e+00
    outer loop
      vertex -3.610000e+01 -2.655000e+01  1.220000e+01
      vertex -3.786911e+01 -2.480173e+01  1.220000e+01
      vertex -3.770482e+01 -2.464916e+01  1.220000e+01
    endloop
  endfacet
  facet normal  0.000000e+00  0.000000e+00 -1.000000e+00
    outer loop
      vertex -3.610000e+01 -2.655000e+01  1.220000e+01
      vertex -3.770482e+01 -2.464916e+01  1.220000e+01
      vertex -3.757178e+01 -2.446869e+01  1.220000e+01
    endloop
  endfacet
  facet normal  0.000000e+00  0.000000e+00 -1.000000e+00
    outer loop
      vertex -3.610000e+01 -2.655000e+01  1.220000e+01
      vertex -3.757178e+01 -2.446869e+01  1.220000e+01
      vertex -3.747464e+01 -2.426661e+01  1.220000e+01
    endloop
  endfacet
  facet normal  0.000000e+00  0.000000e+00 -1.000000e+00
    outer loop
      vertex -3.610000e+01 -2.655000e+01  1.220000e+01
      vertex -3.747464e+01 -2.426661e+01  1.220000e+01
      vertex -3.741678e+01 -2.405000e+01  1.220000e+01
    endloop
  endfacet
  facet normal  0.000000e+00  0.000000e+00 -1.000000e+00
    outer loop
      vertex -3.610000e+01 -2.655000e+01  1.220000e+01
      vertex -3.741678e+01 -2.405000e+01  1.220000e+01
      vertex -3.610000e+01 -2.405000e+01  1.220000e+01
    endloop
  endfacet
  facet normal -9.964985e-01  8.361095e-02  0.000000e+00
    outer loop
      vertex -3.741678e+01 -2.405000e+01  1.220000e+01
      vertex -3.740000e+01 -2.385000e+01  1.080000e+01
      vertex -3.741678e+01 -2.405000e+01  1.080000e+01
    endloop
  endfacet
  facet normal -9.569393e-01  2.902853e-01 -1.205935e-03
    outer loop
      vertex -3.747464e+01 -2.426661e+01  1.220000e+01
      vertex -3.749134e+01 -2.430922e+01  1.520000e+01
      vertex -3.742306e+01 -2.408411e+01  1.520000e+01
    endloop
  endfacet
  facet normal -9.012588e-01  4.332794e-01  1.134832e-03
    outer loop
      vertex -3.749134e+01 -2.430922e+01  1.520000e+01
      vertex -3.747464e+01 -2.426661e+01  1.220000e+01
      vertex -3.757178e+01 -2.446869e+01  1.220000e+01
    endloop
  endfacet
  facet normal -8.819181e-01  4.714006e-01 -1.410108e-03
    outer loop
      vertex -3.757178e+01 -2.446869e+01  1.220000e+01
      vertex -3.760224e+01 -2.451668e+01  1.520000e+01
      vertex -3.749134e+01 -2.430922e+01  1.520000e+01
    endloop
  endfacet
  facet normal -8.049332e-01  5.933639e-01  1.322707e-03
    outer loop
      vertex -3.760224e+01 -2.451668e+01  1.520000e+01
      vertex -3.757178e+01 -2.446869e+01  1.220000e+01
      vertex -3.770482e+01 -2.464916e+01  1.220000e+01
    endloop
  endfacet
  facet normal -7.730123e-01  6.343892e-01 -1.580433e-03
    outer loop
      vertex -3.770482e+01 -2.464916e+01  1.220000e+01
      vertex -3.775147e+01 -2.469853e+01  1.520000e+01
      vertex -3.760224e+01 -2.451668e+01  1.520000e+01
    endloop
  endfacet
  facet normal -6.805111e-01  7.327364e-01  1.476421e-03
    outer loop
      vertex -3.775147e+01 -2.469853e+01  1.520000e+01
      vertex -3.770482e+01 -2.464916e+01  1.220000e+01
      vertex -3.786911e+01 -2.480173e+01  1.220000e+01
    endloop
  endfacet
  facet normal -6.343929e-01  7.730088e-01 -1.717365e-03
    outer loop
      vertex -3.786911e+01 -2.480173e+01  1.220000e+01
      vertex -3.793332e+01 -2.484776e+01  1.520000e+01
      vertex -3.775147e+01 -2.469853e+01  1.520000e+01
    endloop
  endfacet
  facet normal -5.323148e-01  8.465450e-01  1.595705e-03
    outer loop
      vertex -3.793332e+01 -2.484776e+01  1.520000e+01
      vertex -3.786911e+01 -2.480173e+01  1.220000e+01
      vertex -3.805891e+01 -2.492108e+01  1.220000e+01
    endloop
  endfacet
  facet normal -4.713969e-01  8.819193e-01 -1.819175e-03
    outer loop
      vertex -3.805891e+01 -2.492108e+01  1.220000e+01
      vertex -3.814078e+01 -2.495866e+01  1.520000e+01
      vertex -3.793332e+01 -2.484776e+01  1.520000e+01
    endloop
  endfacet
  facet normal -3.655555e-01  9.307880e-01  1.681320e-03
    outer loop
      vertex -3.814078e+01 -2.495866e+01  1.520000e+01
      vertex -3.805891e+01 -2.492108e+01  1.220000e+01
      vertex -3.826760e+01 -2.500304e+01  1.220000e+01
    endloop
  endfacet
  facet normal -2.902872e-01  9.569376e-01 -1.887419e-03
    outer loop
      vertex -3.826760e+01 -2.500304e+01  1.220000e+01
      vertex -3.836589e+01 -2.502694e+01  1.520000e+01
      vertex -3.814078e+01 -2.495866e+01  1.520000e+01
    endloop
  endfacet
  facet normal -1.860230e-01  9.825439e-01  1.732594e-03
    outer loop
      vertex -3.836589e+01 -2.502694e+01  1.520000e+01
      vertex -3.826760e+01 -2.500304e+01  1.220000e+01
      vertex -3.848790e+01 -2.504475e+01  1.220000e+01
    endloop
  endfacet
  facet normal -9.801026e-02  9.951836e-01 -1.921784e-03
    outer loop
      vertex -3.848790e+01 -2.504475e+01  1.220000e+01
      vertex -3.860000e+01 -2.505000e+01  1.520000e+01
      vertex -3.836589e+01 -2.502694e+01  1.520000e+01
    endloop
  endfacet
  facet normal  0.000000e+00  9.999985e-01  1.749036e-03
    outer loop
      vertex -3.871210e+01 -2.504475e+01  1.220000e+01
      vertex -3.860000e+01 -2.505000e+01  1.520000e+01
      vertex -3.848790e+01 -2.504475e+01  1.220000e+01
    endloop
  endfacet
  facet normal  9.800868e-02  9.951837e-01 -1.921849e-03
    outer loop
      vertex -3.883411e+01 -2.502694e+01  1.520000e+01
      vertex -3.860000e+01 -2.505000e+01  1.520000e+01
      vertex -3.871210e+01 -2.504475e+01  1.220000e+01
    endloop
  endfacet
  facet normal  1.860230e-01  9.825439e-01  1.732595e-03
    outer loop
      vertex -3.893240e+01 -2.500304e+01  1.220000e+01
      vertex -3.883411e+01 -2.502694e+01  1.520000e+01
      vertex -3.871210e+01 -2.504475e+01  1.220000e+01
    endloop
  endfacet
  facet normal  2.902872e-01  9.569376e-01 -1.887419e-03
    outer loop
      vertex -3.905922e+01 -2.495866e+01  1.520000e+01
      vertex -3.883411e+01 -2.502694e+01  1.520000e+01
      vertex -3.893240e+01 -2.500304e+01  1.220000e+01
    endloop
  endfacet
  facet normal  3.655555e-01  9.307880e-01  1.681320e-03
    outer loop
      vertex -3.914109e+01 -2.492108e+01  1.220000e+01
      vertex -3.905922e+01 -2.495866e+01  1.520000e+01
      vertex -3.893240e+01 -2.500304e+01  1.220000e+01
    endloop
  endfacet
  facet normal  4.713969e-01  8.819193e-01 -1.819175e-03
    outer loop
      vertex -3.926669e+01 -2.484776e+01  1.520000e+01
      vertex -3.905922e+01 -2.495866e+01  1.520000e+01
      vertex -3.914109e+01 -2.492108e+01  1.220000e+01
    endloop
  endfacet
  facet normal  5.323224e-01  8.465402e-01  1.596143e-03
    outer loop
      vertex -3.933089e+01 -2.480173e+01  1.220000e+01
      vertex -3.926669e+01 -2.484776e+01  1.520000e+01
      vertex -3.914109e+01 -2.492108e+01  1.220000e+01
    endloop
  endfacet
  facet normal  6.343929e-01  7.730088e-01 -1.716559e-03
    outer loop
      vertex -3.944853e+01 -2.469853e+01  1.520000e+01
      vertex -3.926669e+01 -2.484776e+01  1.520000e+01
      vertex -3.933089e+01 -2.480173e+01  1.220000e+01
    endloop
  endfacet
  facet normal  6.805026e-01  7.327442e-01  1.476682e-03
    outer loop
      vertex -3.949518e+01 -2.464916e+01  1.220000e+01
      vertex -3.944853e+01 -2.469853e+01  1.520000e+01
      vertex -3.933089e+01 -2.480173e+01  1.220000e+01
    endloop
  endfacet
  facet normal  7.730123e-01  6.343892e-01 -1.580433e-03
    outer loop
      vertex -3.959776e+01 -2.451668e+01  1.520000e+01
      vertex -3.944853e+01 -2.469853e+01  1.520000e+01
      vertex -3.949518e+01 -2.464916e+01  1.220000e+01
    endloop
  endfacet
  facet normal  8.049332e-01  5.933639e-01  1.322707e-03
    outer loop
      vertex -3.962822e+01 -2.446869e+01  1.220000e+01
      vertex -3.959776e+01 -2.451668e+01  1.520000e+01
      vertex -3.949518e+01 -2.464916e+01  1.220000e+01
    endloop
  endfacet
  facet normal  8.819181e-01  4.714006e-01 -1.410108e-03
    outer loop
      vertex -3.970866e+01 -2.430922e+01  1.520000e+01
      vertex -3.959776e+01 -2.451668e+01  1.520000e+01
      vertex -3.962822e+01 -2.446869e+01  1.220000e+01
    endloop
  endfacet
  facet normal  9.012656e-01  4.332656e-01  1.135745e-03
    outer loop
      vertex -3.972536e+01 -2.426661e+01  1.220000e+01
      vertex -3.970866e+01 -2.430922e+01  1.520000e+01
      vertex -3.962822e+01 -2.446869e+01  1.220000e+01
    endloop
  endfacet
  facet normal  9.569393e-01  2.902853e-01 -1.204719e-03
    outer loop
      vertex -3.977694e+01 -2.408411e+01  1.520000e+01
      vertex -3.970866e+01 -2.430922e+01  1.520000e+01
      vertex -3.972536e+01 -2.426661e+01  1.220000e+01
    endloop
  endfacet
  facet normal  9.964969e-01  8.362982e-02  -0.000000e+00
    outer loop
      vertex -3.978321e+01 -2.405000e+01  1.220000e+01
      vertex -3.978321e+01 -2.405000e+01  1.080000e+01
      vertex -3.980000e+01 -2.385000e+01  1.080000e+01
    endloop
  endfacet
  facet normal  9.964969e-01  8.362982e-02  -0.000000e+00
    outer loop
      vertex -3.978321e+01 -2.405000e+01  1.220000e+01
      vertex -3.980000e+01 -2.385000e+01  1.080000e+01
      vertex -3.980000e+01 -2.385000e+01  1.520000e+01
    endloop
  endfacet
  facet normal  9.951849e-01  9.801039e-02 -9.660392e-04
    outer loop
      vertex -3.978321e+01 -2.405000e+01  1.220000e+01
      vertex -3.980000e+01 -2.385000e+01  1.520000e+01
      vertex -3.977694e+01 -2.408411e+01  1.520000e+01
    endloop
  endfacet
  facet normal  9.661308e-01  2.580512e-01  9.143135e-04
    outer loop
      vertex -3.978321e+01 -2.405000e+01  1.220000e+01
      vertex -3.977694e+01 -2.408411e+01  1.520000e+01
      vertex -3.972536e+01 -2.426661e+01  1.220000e+01
    endloop
  endfacet
  facet normal -9.661308e-01  2.580512e-01  9.130849e-04
    outer loop
      vertex -3.747464e+01 -2.426661e+01  1.220000e+01
      vertex -3.742306e+01 -2.408411e+01  1.520000e+01
      vertex -3.741678e+01 -2.405000e+01  1.220000e+01
    endloop
  endfacet
  facet normal -9.951849e-01  9.801039e-02 -9.673045e-04
    outer loop
      vertex -3.741678e+01 -2.405000e+01  1.220000e+01
      vertex -3.742306e+01 -2.408411e+01  1.520000e+01
      vertex -3.740000e+01 -2.385000e+01  1.520000e+01
    endloop
  endfacet
  facet normal -9.964985e-01  8.361095e-02  0.000000e+00
    outer loop
      vertex -3.741678e+01 -2.405000e+01  1.220000e+01
      vertex -3.740000e+01 -2.385000e+01  1.520000e+01
      vertex -3.740000e+01 -2.385000e+01  1.080000e+01
    endloop
  endfacet
  facet normal  0.000000e+00  0.000000e+00  1.000000e+00
    outer loop
      vertex -3.978321e+01 -2.405000e+01  1.080000e+01
      vertex -3.741678e+01 -2.405000e+01  1.080000e+01
      vertex -3.980000e+01 -2.385000e+01  1.080000e+01
    endloop
  endfacet
  facet normal  -0.000000e+00  0.000000e+00  1.000000e+00
    outer loop
      vertex -3.980000e+01 -2.385000e+01  1.080000e+01
      vertex -3.741678e+01 -2.405000e+01  1.080000e+01
      vertex -3.740000e+01 -2.385000e+01  1.080000e+01
    endloop
  endfacet
  facet normal  0.000000e+00  0.000000e+00  1.000000e+00
    outer loop
      vertex -3.980000e+01 -2.385000e+01  1.080000e+01
      vertex -3.740000e+01 -2.385000e+01  1.080000e+01
      vertex -3.977694e+01 -2.361589e+01  1.080000e+01
    endloop
  endfacet
  facet normal  -0.000000e+00  0.000000e+00  1.000000e+00
    outer loop
      vertex -3.977694e+01 -2.361589e+01  1.080000e+01
      vertex -3.740000e+01 -2.385000e+01  1.080000e+01
      vertex -3.742306e+01 -2.361589e+01  1.080000e+01
    endloop
  endfacet
  facet normal  0.000000e+00  0.000000e+00  1.000000e+00
    outer loop
      vertex -3.977694e+01 -2.361589e+01  1.080000e+01
      vertex -3.742306e+01 -2.361589e+01  1.080000e+01
      vertex -3.970866e+01 -2.339078e+01  1.080000e+01
    endloop
  endfacet
  facet normal  -0.000000e+00  0.000000e+00  1.000000e+00
    outer loop
      vertex -3.970866e+01 -2.339078e+01  1.080000e+01
      vertex -3.742306e+01 -2.361589e+01  1.080000e+01
      vertex -3.749134e+01 -2.339078e+01  1.080000e+01
    endloop
  endfacet
  facet normal  0.000000e+00  0.000000e+00  1.000000e+00
    outer loop
      vertex -3.970866e+01 -2.339078e+01  1.080000e+01
      vertex -3.749134e+01 -2.339078e+01  1.080000e+01
      vertex -3.959776e+01 -2.318332e+01  1.080000e+01
    endloop
  endfacet
  facet normal  -0.000000e+00  0.000000e+00  1.000000e+00
    outer loop
      vertex -3.959776e+01 -2.318332e+01  1.080000e+01
      vertex -3.749134e+01 -2.339078e+01  1.080000e+01
      vertex -3.760224e+01 -2.318332e+01  1.080000e+01
    endloop
  endfacet
  facet normal  0.000000e+00  0.000000e+00  1.000000e+00
    outer loop
      vertex -3.959776e+01 -2.318332e+01  1.080000e+01
      vertex -3.760224e+01 -2.318332e+01  1.080000e+01
      vertex -3.944853e+01 -2.300147e+01  1.080000e+01
    endloop
  endfacet
  facet normal  -0.000000e+00  0.000000e+00  1.000000e+00
    outer loop
      vertex -3.944853e+01 -2.300147e+01  1.080000e+01
      vertex -3.760224e+01 -2.318332e+01  1.080000e+01
      vertex -3.775147e+01 -2.300147e+01  1.080000e+01
    endloop
  endfacet
  facet normal  0.000000e+00  0.000000e+00  1.000000e+00
    outer loop
      vertex -3.944853e+01 -2.300147e+01  1.080000e+01
      vertex -3.775147e+01 -2.300147e+01  1.080000e+01
      vertex -3.926669e+01 -2.285224e+01  1.080000e+01
    endloop
  endfacet
  facet normal  -0.000000e+00  0.000000e+00  1.000000e+00
    outer loop
      vertex -3.926669e+01 -2.285224e+01  1.080000e+01
      vertex -3.775147e+01 -2.300147e+01  1.080000e+01
      vertex -3.793332e+01 -2.285224e+01  1.080000e+01
    endloop
  endfacet
  facet normal  0.000000e+00  0.000000e+00  1.000000e+00
    outer loop
      vertex -3.926669e+01 -2.285224e+01  1.080000e+01
      vertex -3.793332e+01 -2.285224e+01  1.080000e+01
      vertex -3.905922e+01 -2.274134e+01  1.080000e+01
    endloop
  endfacet
  facet normal  -0.000000e+00  0.000000e+00  1.000000e+00
    outer loop
      vertex -3.905922e+01 -2.274134e+01  1.080000e+01
      vertex -3.793332e+01 -2.285224e+01  1.080000e+01
      vertex -3.814078e+01 -2.274134e+01  1.080000e+01
    endloop
  endfacet
  facet normal  0.000000e+00  0.000000e+00  1.000000e+00
    outer loop
      vertex -3.905922e+01 -2.274134e+01  1.080000e+01
      vertex -3.814078e+01 -2.274134e+01  1.080000e+01
      vertex -3.883411e+01 -2.267306e+01  1.080000e+01
    endloop
  endfacet
  facet normal  -0.000000e+00  0.000000e+00  1.000000e+00
    outer loop
      vertex -3.883411e+01 -2.267306e+01  1.080000e+01
      vertex -3.814078e+01 -2.274134e+01  1.080000e+01
      vertex -3.836589e+01 -2.267306e+01  1.080000e+01
    endloop
  endfacet
  facet normal  0.000000e+00  0.000000e+00  9.999999e-01
    outer loop
      vertex -3.883411e+01 -2.267306e+01  1.080000e+01
      vertex -3.836589e+01 -2.267306e+01  1.080000e+01
      vertex -3.860000e+01 -2.265000e+01  1.080000e+01
    endloop
  endfacet
  facet normal  0.000000e+00  0.000000e+00  1.000000e+00
    outer loop
      vertex  3.838540e+01 -2.277114e+01  1.080000e+01
      vertex  3.881460e+01 -2.277114e+01  1.080000e+01
      vertex  3.860000e+01 -2.275000e+01  1.080000e+01
    endloop
  endfacet
  facet normal  -0.000000e+00  0.000000e+00  1.000000e+00
    outer loop
      vertex  3.881460e+01 -2.277114e+01  1.080000e+01
      vertex  3.838540e+01 -2.277114e+01  1.080000e+01
      vertex  3.902095e+01 -2.283373e+01  1.080000e+01
    endloop
  endfacet
  facet normal  0.000000e+00  0.000000e+00  9.999999e-01
    outer loop
      vertex  3.902095e+01 -2.283373e+01  1.080000e+01
      vertex  3.838540e+01 -2.277114e+01  1.080000e+01
      vertex  3.817905e+01 -2.283373e+01  1.080000e+01
    endloop
  endfacet
  facet normal  -0.000000e+00  0.000000e+00  1.000000e+00
    outer loop
      vertex  3.902095e+01 -2.283373e+01  1.080000e+01
      vertex  3.817905e+01 -2.283373e+01  1.080000e+01
      vertex  3.921113e+01 -2.293538e+01  1.080000e+01
    endloop
  endfacet
  facet normal  0.000000e+00  0.000000e+00  9.999999e-01
    outer loop
      vertex  3.921113e+01 -2.293538e+01  1.080000e+01
      vertex  3.817905e+01 -2.283373e+01  1.080000e+01
      vertex  3.798887e+01 -2.293538e+01  1.080000e+01
    endloop
  endfacet
  facet normal  -0.000000e+00  0.000000e+00  1.000000e+00
    outer loop
      vertex  3.921113e+01 -2.293538e+01  1.080000e+01
      vertex  3.798887e+01 -2.293538e+01  1.080000e+01
      vertex  3.937782e+01 -2.307218e+01  1.080000e+01
    endloop
  endfacet
  facet normal  0.000000e+00  0.000000e+00  1.000000e+00
    outer loop
      vertex  3.937782e+01 -2.307218e+01  1.080000e+01
      vertex  3.798887e+01 -2.293538e+01  1.080000e+01
      vertex  3.782218e+01 -2.307218e+01  1.080000e+01
    endloop
  endfacet
  facet normal  -0.000000e+00  0.000000e+00  1.000000e+00
    outer loop
      vertex  3.937782e+01 -2.307218e+01  1.080000e+01
      vertex  3.782218e+01 -2.307218e+01  1.080000e+01
      vertex  3.951462e+01 -2.323887e+01  1.080000e+01
    endloop
  endfacet
  facet normal  0.000000e+00  0.000000e+00  1.000000e+00
    outer loop
      vertex  3.951462e+01 -2.323887e+01  1.080000e+01
      vertex  3.782218e+01 -2.307218e+01  1.080000e+01
      vertex  3.768538e+01 -2.323887e+01  1.080000e+01
    endloop
  endfacet
  facet normal  -0.000000e+00  0.000000e+00  1.000000e+00
    outer loop
      vertex  3.951462e+01 -2.323887e+01  1.080000e+01
      vertex  3.768538e+01 -2.323887e+01  1.080000e+01
      vertex  3.961627e+01 -2.342905e+01  1.080000e+01
    endloop
  endfacet
  facet normal  0.000000e+00  0.000000e+00  1.000000e+00
    outer loop
      vertex  3.961627e+01 -2.342905e+01  1.080000e+01
      vertex  3.768538e+01 -2.323887e+01  1.080000e+01
      vertex  3.758373e+01 -2.342905e+01  1.080000e+01
    endloop
  endfacet
  facet normal  -0.000000e+00  0.000000e+00  1.000000e+00
    outer loop
      vertex  3.961627e+01 -2.342905e+01  1.080000e+01
      vertex  3.758373e+01 -2.342905e+01  1.080000e+01
      vertex  3.967886e+01 -2.363540e+01  1.080000e+01
    endloop
  endfacet
  facet normal  0.000000e+00  0.000000e+00  1.000000e+00
    outer loop
      vertex  3.967886e+01 -2.363540e+01  1.080000e+01
      vertex  3.758373e+01 -2.342905e+01  1.080000e+01
      vertex  3.752114e+01 -2.363540e+01  1.080000e+01
    endloop
  endfacet
  facet normal  -0.000000e+00  0.000000e+00  9.999999e-01
    outer loop
      vertex  3.967886e+01 -2.363540e+01  1.080000e+01
      vertex  3.752114e+01 -2.363540e+01  1.080000e+01
      vertex  3.970000e+01 -2.385000e+01  1.080000e+01
    endloop
  endfacet
  facet normal  0.000000e+00  0.000000e+00  1.000000e+00
    outer loop
      vertex  3.970000e+01 -2.385000e+01  1.080000e+01
      vertex  3.752114e+01 -2.363540e+01  1.080000e+01
      vertex  3.750000e+01 -2.385000e+01  1.080000e+01
    endloop
  endfacet
  facet normal  -0.000000e+00  0.000000e+00  1.000000e+00
    outer loop
      vertex  3.970000e+01 -2.385000e+01  1.080000e+01
      vertex  3.750000e+01 -2.385000e+01  1.080000e+01
      vertex  3.967886e+01 -2.406460e+01  1.080000e+01
    endloop
  endfacet
  facet normal  0.000000e+00  0.000000e+00  9.999999e-01
    outer loop
      vertex  3.967886e+01 -2.406460e+01  1.080000e+01
      vertex  3.750000e+01 -2.385000e+01  1.080000e+01
      vertex  3.752114e+01 -2.406460e+01  1.080000e+01
    endloop
  endfacet
  facet normal  -0.000000e+00  0.000000e+00  1.000000e+00
    outer loop
      vertex  3.967886e+01 -2.406460e+01  1.080000e+01
      vertex  3.752114e+01 -2.406460e+01  1.080000e+01
      vertex  3.961627e+01 -2.427095e+01  1.080000e+01
    endloop
  endfacet
  facet normal  0.000000e+00  0.000000e+00  1.000000e+00
    outer loop
      vertex  3.961627e+01 -2.427095e+01  1.080000e+01
      vertex  3.752114e+01 -2.406460e+01  1.080000e+01
      vertex  3.758373e+01 -2.427095e+01  1.080000e+01
    endloop
  endfacet
  facet normal  -0.000000e+00  0.000000e+00  1.000000e+00
    outer loop
      vertex  3.961627e+01 -2.427095e+01  1.080000e+01
      vertex  3.758373e+01 -2.427095e+01  1.080000e+01
      vertex  3.951462e+01 -2.446113e+01  1.080000e+01
    endloop
  endfacet
  facet normal  0.000000e+00  0.000000e+00  1.000000e+00
    outer loop
      vertex  3.951462e+01 -2.446113e+01  1.080000e+01
      vertex  3.758373e+01 -2.427095e+01  1.080000e+01
      vertex  3.768538e+01 -2.446113e+01  1.080000e+01
    endloop
  endfacet
  facet normal  -0.000000e+00  0.000000e+00  1.000000e+00
    outer loop
      vertex  3.951462e+01 -2.446113e+01  1.080000e+01
      vertex  3.768538e+01 -2.446113e+01  1.080000e+01
      vertex  3.937782e+01 -2.462782e+01  1.080000e+01
    endloop
  endfacet
  facet normal  0.000000e+00  0.000000e+00  1.000000e+00
    outer loop
      vertex  3.937782e+01 -2.462782e+01  1.080000e+01
      vertex  3.768538e+01 -2.446113e+01  1.080000e+01
      vertex  3.782218e+01 -2.462782e+01  1.080000e+01
    endloop
  endfacet
  facet normal  -0.000000e+00  0.000000e+00  1.000000e+00
    outer loop
      vertex  3.937782e+01 -2.462782e+01  1.080000e+01
      vertex  3.782218e+01 -2.462782e+01  1.080000e+01
      vertex  3.921113e+01 -2.476462e+01  1.080000e+01
    endloop
  endfacet
  facet normal  0.000000e+00  0.000000e+00  1.000000e+00
    outer loop
      vertex  3.921113e+01 -2.476462e+01  1.080000e+01
      vertex  3.782218e+01 -2.462782e+01  1.080000e+01
      vertex  3.798887e+01 -2.476462e+01  1.080000e+01
    endloop
  endfacet
  facet normal  -0.000000e+00  0.000000e+00  1.000000e+00
    outer loop
      vertex  3.921113e+01 -2.476462e+01  1.080000e+01
      vertex  3.798887e+01 -2.476462e+01  1.080000e+01
      vertex  3.902095e+01 -2.486627e+01  1.080000e+01
    endloop
  endfacet
  facet normal  0.000000e+00  0.000000e+00  1.000000e+00
    outer loop
      vertex  3.902095e+01 -2.486627e+01  1.080000e+01
      vertex  3.798887e+01 -2.476462e+01  1.080000e+01
      vertex  3.817905e+01 -2.486627e+01  1.080000e+01
    endloop
  endfacet
  facet normal  -0.000000e+00  0.000000e+00  9.999999e-01
    outer loop
      vertex  3.902095e+01 -2.486627e+01  1.080000e+01
      vertex  3.817905e+01 -2.486627e+01  1.080000e+01
      vertex  3.881460e+01 -2.492886e+01  1.080000e+01
    endloop
  endfacet
  facet normal  0.000000e+00  0.000000e+00  1.000000e+00
    outer loop
      vertex  3.881460e+01 -2.492886e+01  1.080000e+01
      vertex  3.817905e+01 -2.486627e+01  1.080000e+01
      vertex  3.838540e+01 -2.492886e+01  1.080000e+01
    endloop
  endfacet
  facet normal  -0.000000e+00  0.000000e+00  1.000000e+00
    outer loop
      vertex  3.881460e+01 -2.492886e+01  1.080000e+01
      vertex  3.838540e+01 -2.492886e+01  1.080000e+01
      vertex  3.860000e+01 -2.495000e+01  1.080000e+01
    endloop
  endfacet
  facet normal -9.801846e-02  9.951845e-01  0.000000e+00
    outer loop
      vertex -1.660000e+01  2.655000e+01  1.080000e+01
      vertex -1.636589e+01  2.657306e+01  1.520000e+01
      vertex -1.636589e+01  2.657306e+01  1.080000e+01
    endloop
  endfacet
  facet normal -2.902833e-01  9.569408e-01  0.000000e+00
    outer loop
      vertex -1.636589e+01  2.657306e+01  1.080000e+01
      vertex -1.636589e+01  2.657306e+01  1.520000e+01
      vertex -1.614078e+01  2.664134e+01  1.520000e+01
    endloop
  endfacet
  facet normal -2.902833e-01  9.569408e-01  0.000000e+00
    outer loop
      vertex -1.636589e+01  2.657306e+01  1.080000e+01
      vertex -1.614078e+01  2.664134e+01  1.520000e+01
      vertex -1.614078e+01  2.664134e+01  1.080000e+01
    endloop
  endfacet
  facet normal -4.714011e-01  8.819190e-01  0.000000e+00
    outer loop
      vertex -1.614078e+01  2.664134e+01  1.080000e+01
      vertex -1.614078e+01  2.664134e+01  1.520000e+01
      vertex -1.593332e+01  2.675224e+01  1.520000e+01
    endloop
  endfacet
  facet normal -4.714011e-01  8.819190e-01  0.000000e+00
    outer loop
      vertex -1.614078e+01  2.664134e+01  1.080000e+01
      vertex -1.593332e+01  2.675224e+01  1.520000e+01
      vertex -1.593332e+01  2.675224e+01  1.080000e+01
    endloop
  endfacet
  facet normal -6.343919e-01  7.730116e-01  0.000000e+00
    outer loop
      vertex -1.593332e+01  2.675224e+01  1.080000e+01
      vertex -1.593332e+01  2.675224e+01  1.520000e+01
      vertex -1.575147e+01  2.690147e+01  1.520000e+01
    endloop
  endfacet
  facet normal -6.343919e-01  7.730116e-01  0.000000e+00
    outer loop
      vertex -1.593332e+01  2.675224e+01  1.080000e+01
      vertex -1.575147e+01  2.690147e+01  1.520000e+01
      vertex -1.575147e+01  2.690147e+01  1.080000e+01
    endloop
  endfacet
  facet normal -7.730099e-01  6.343939e-01  0.000000e+00
    outer loop
      vertex -1.575147e+01  2.690147e+01  1.080000e+01
      vertex -1.575147e+01  2.690147e+01  1.520000e+01
      vertex -1.560224e+01  2.708331e+01  1.520000e+01
    endloop
  endfacet
  facet normal -7.730099e-01  6.343939e-01  0.000000e+00
    outer loop
      vertex -1.575147e+01  2.690147e+01  1.080000e+01
      vertex -1.560224e+01  2.708331e+01  1.520000e+01
      vertex -1.560224e+01  2.708331e+01  1.080000e+01
    endloop
  endfacet
  facet normal -8.819206e-01  4.713979e-01  0.000000e+00
    outer loop
      vertex -1.560224e+01  2.708331e+01  1.080000e+01
      vertex -1.560224e+01  2.708331e+01  1.520000e+01
      vertex -1.549134e+01  2.729078e+01  1.520000e+01
    endloop
  endfacet
  facet normal -8.819206e-01  4.713979e-01  0.000000e+00
    outer loop
      vertex -1.560224e+01  2.708331e+01  1.080000e+01
      vertex -1.549134e+01  2.729078e+01  1.520000e+01
      vertex -1.549134e+01  2.729078e+01  1.080000e+01
    endloop
  endfacet
  facet normal -9.569408e-01  2.902833e-01  0.000000e+00
    outer loop
      vertex -1.549134e+01  2.729078e+01  1.080000e+01
      vertex -1.549134e+01  2.729078e+01  1.520000e+01
      vertex -1.542306e+01  2.751589e+01  1.520000e+01
    endloop
  endfacet
  facet normal -9.569408e-01  2.902833e-01  0.000000e+00
    outer loop
      vertex -1.549134e+01  2.729078e+01  1.080000e+01
      vertex -1.542306e+01  2.751589e+01  1.520000e+01
      vertex -1.542306e+01  2.751589e+01  1.080000e+01
    endloop
  endfacet
  facet normal -9.951845e-01  9.801846e-02  0.000000e+00
    outer loop
      vertex -1.542306e+01  2.751589e+01  1.080000e+01
      vertex -1.542306e+01  2.751589e+01  1.520000e+01
      vertex -1.540000e+01  2.775000e+01  1.520000e+01
    endloop
  endfacet
  facet normal -9.951845e-01  9.801846e-02  0.000000e+00
    outer loop
      vertex -1.542306e+01  2.751589e+01  1.080000e+01
      vertex -1.540000e+01  2.775000e+01  1.520000e+01
      vertex -1.540000e+01  2.775000e+01  1.080000e+01
    endloop
  endfacet
  facet normal -9.801846e-02  9.951845e-01  0.000000e+00
    outer loop
      vertex -1.636589e+01  2.657306e+01  1.520000e+01
      vertex -1.660000e+01  2.655000e+01  1.080000e+01
      vertex -1.660000e+01  2.655000e+01  1.520000e+01
    endloop
  endfacet
  facet normal  9.801846e-02  9.951845e-01  0.000000e+00
    outer loop
      vertex -1.660000e+01  2.655000e+01  1.520000e+01
      vertex -1.660000e+01  2.655000e+01  1.080000e+01
      vertex -1.683411e+01  2.657306e+01  1.080000e+01
    endloop
  endfacet
  facet normal  9.801846e-02  9.951845e-01  -0.000000e+00
    outer loop
      vertex -1.660000e+01  2.655000e+01  1.520000e+01
      vertex -1.683411e+01  2.657306e+01  1.080000e+01
      vertex -1.683411e+01  2.657306e+01  1.520000e+01
    endloop
  endfacet
  facet normal  2.902856e-01  9.569402e-01  0.000000e+00
    outer loop
      vertex -1.683411e+01  2.657306e+01  1.520000e+01
      vertex -1.683411e+01  2.657306e+01  1.080000e+01
      vertex -1.705922e+01  2.664134e+01  1.080000e+01
    endloop
  endfacet
  facet normal  2.902856e-01  9.569402e-01  -0.000000e+00
    outer loop
      vertex -1.683411e+01  2.657306e+01  1.520000e+01
      vertex -1.705922e+01  2.664134e+01  1.080000e+01
      vertex -1.705922e+01  2.664134e+01  1.520000e+01
    endloop
  endfacet
  facet normal  4.714011e-01  8.819190e-01  0.000000e+00
    outer loop
      vertex -1.705922e+01  2.664134e+01  1.520000e+01
      vertex -1.705922e+01  2.664134e+01  1.080000e+01
      vertex -1.726668e+01  2.675224e+01  1.080000e+01
    endloop
  endfacet
  facet normal  4.714011e-01  8.819190e-01  -0.000000e+00
    outer loop
      vertex -1.705922e+01  2.664134e+01  1.520000e+01
      vertex -1.726668e+01  2.675224e+01  1.080000e+01
      vertex -1.726668e+01  2.675224e+01  1.520000e+01
    endloop
  endfacet
  facet normal  6.343899e-01  7.730132e-01  0.000000e+00
    outer loop
      vertex -1.726668e+01  2.675224e+01  1.520000e+01
      vertex -1.726668e+01  2.675224e+01  1.080000e+01
      vertex -1.744853e+01  2.690147e+01  1.080000e+01
    endloop
  endfacet
  facet normal  6.343899e-01  7.730132e-01  -0.000000e+00
    outer loop
      vertex -1.726668e+01  2.675224e+01  1.520000e+01
      vertex -1.744853e+01  2.690147e+01  1.080000e+01
      vertex -1.744853e+01  2.690147e+01  1.520000e+01
    endloop
  endfacet
  facet normal  7.730099e-01  6.343939e-01  0.000000e+00
    outer loop
      vertex -1.744853e+01  2.690147e+01  1.520000e+01
      vertex -1.744853e+01  2.690147e+01  1.080000e+01
      vertex -1.759776e+01  2.708331e+01  1.080000e+01
    endloop
  endfacet
  facet normal  7.730099e-01  6.343939e-01  -0.000000e+00
    outer loop
      vertex -1.744853e+01  2.690147e+01  1.520000e+01
      vertex -1.759776e+01  2.708331e+01  1.080000e+01
      vertex -1.759776e+01  2.708331e+01  1.520000e+01
    endloop
  endfacet
  facet normal  8.819190e-01  4.714011e-01  0.000000e+00
    outer loop
      vertex -1.759776e+01  2.708331e+01  1.520000e+01
      vertex -1.759776e+01  2.708331e+01  1.080000e+01
      vertex -1.770866e+01  2.729078e+01  1.080000e+01
    endloop
  endfacet
  facet normal  8.819190e-01  4.714011e-01  -0.000000e+00
    outer loop
      vertex -1.759776e+01  2.708331e+01  1.520000e+01
      vertex -1.770866e+01  2.729078e+01  1.080000e+01
      vertex -1.770866e+01  2.729078e+01  1.520000e+01
    endloop
  endfacet
  facet normal  9.569408e-01  2.902833e-01  0.000000e+00
    outer loop
      vertex -1.770866e+01  2.729078e+01  1.520000e+01
      vertex -1.770866e+01  2.729078e+01  1.080000e+01
      vertex -1.777694e+01  2.751589e+01  1.080000e+01
    endloop
  endfacet
  facet normal  9.569408e-01  2.902833e-01  -0.000000e+00
    outer loop
      vertex -1.770866e+01  2.729078e+01  1.520000e+01
      vertex -1.777694e+01  2.751589e+01  1.080000e+01
      vertex -1.777694e+01  2.751589e+01  1.520000e+01
    endloop
  endfacet
  facet normal  9.951854e-01  9.801044e-02  0.000000e+00
    outer loop
      vertex -1.777694e+01  2.751589e+01  1.520000e+01
      vertex -1.777694e+01  2.751589e+01  1.080000e+01
      vertex -1.780000e+01  2.775000e+01  1.080000e+01
    endloop
  endfacet
  facet normal  9.951854e-01  9.801044e-02  -0.000000e+00
    outer loop
      vertex -1.777694e+01  2.751589e+01  1.520000e+01
      vertex -1.780000e+01  2.775000e+01  1.080000e+01
      vertex -1.780000e+01  2.775000e+01  1.520000e+01
    endloop
  endfacet
  facet normal  9.801846e-02 -9.951845e-01  0.000000e+00
    outer loop
      vertex -1.660000e+01  2.895000e+01  1.080000e+01
      vertex -1.683411e+01  2.892694e+01  1.520000e+01
      vertex -1.683411e+01  2.892694e+01  1.080000e+01
    endloop
  endfacet
  facet normal  2.902856e-01 -9.569402e-01  0.000000e+00
    outer loop
      vertex -1.683411e+01  2.892694e+01  1.080000e+01
      vertex -1.683411e+01  2.892694e+01  1.520000e+01
      vertex -1.705922e+01  2.885866e+01  1.520000e+01
    endloop
  endfacet
  facet normal  2.902856e-01 -9.569402e-01  0.000000e+00
    outer loop
      vertex -1.683411e+01  2.892694e+01  1.080000e+01
      vertex -1.705922e+01  2.885866e+01  1.520000e+01
      vertex -1.705922e+01  2.885866e+01  1.080000e+01
    endloop
  endfacet
  facet normal  4.714011e-01 -8.819190e-01  0.000000e+00
    outer loop
      vertex -1.705922e+01  2.885866e+01  1.080000e+01
      vertex -1.705922e+01  2.885866e+01  1.520000e+01
      vertex -1.726668e+01  2.874776e+01  1.520000e+01
    endloop
  endfacet
  facet normal  4.714011e-01 -8.819190e-01  0.000000e+00
    outer loop
      vertex -1.705922e+01  2.885866e+01  1.080000e+01
      vertex -1.726668e+01  2.874776e+01  1.520000e+01
      vertex -1.726668e+01  2.874776e+01  1.080000e+01
    endloop
  endfacet
  facet normal  6.343899e-01 -7.730132e-01  0.000000e+00
    outer loop
      vertex -1.726668e+01  2.874776e+01  1.080000e+01
      vertex -1.726668e+01  2.874776e+01  1.520000e+01
      vertex -1.744853e+01  2.859853e+01  1.520000e+01
    endloop
  endfacet
  facet normal  6.343899e-01 -7.730132e-01  0.000000e+00
    outer loop
      vertex -1.726668e+01  2.874776e+01  1.080000e+01
      vertex -1.744853e+01  2.859853e+01  1.520000e+01
      vertex -1.744853e+01  2.859853e+01  1.080000e+01
    endloop
  endfacet
  facet normal  7.730099e-01 -6.343939e-01  0.000000e+00
    outer loop
      vertex -1.744853e+01  2.859853e+01  1.080000e+01
      vertex -1.744853e+01  2.859853e+01  1.520000e+01
      vertex -1.759776e+01  2.841669e+01  1.520000e+01
    endloop
  endfacet
  facet normal  7.730099e-01 -6.343939e-01  0.000000e+00
    outer loop
      vertex -1.744853e+01  2.859853e+01  1.080000e+01
      vertex -1.759776e+01  2.841669e+01  1.520000e+01
      vertex -1.759776e+01  2.841669e+01  1.080000e+01
    endloop
  endfacet
  facet normal  8.819190e-01 -4.714011e-01  0.000000e+00
    outer loop
      vertex -1.759776e+01  2.841669e+01  1.080000e+01
      vertex -1.759776e+01  2.841669e+01  1.520000e+01
      vertex -1.770866e+01  2.820922e+01  1.520000e+01
    endloop
  endfacet
  facet normal  8.819190e-01 -4.714011e-01  0.000000e+00
    outer loop
      vertex -1.759776e+01  2.841669e+01  1.080000e+01
      vertex -1.770866e+01  2.820922e+01  1.520000e+01
      vertex -1.770866e+01  2.820922e+01  1.080000e+01
    endloop
  endfacet
  facet normal  9.569408e-01 -2.902833e-01  0.000000e+00
    outer loop
      vertex -1.770866e+01  2.820922e+01  1.080000e+01
      vertex -1.770866e+01  2.820922e+01  1.520000e+01
      vertex -1.777694e+01  2.798411e+01  1.520000e+01
    endloop
  endfacet
  facet normal  9.569408e-01 -2.902833e-01  0.000000e+00
    outer loop
      vertex -1.770866e+01  2.820922e+01  1.080000e+01
      vertex -1.777694e+01  2.798411e+01  1.520000e+01
      vertex -1.777694e+01  2.798411e+01  1.080000e+01
    endloop
  endfacet
  facet normal  9.951854e-01 -9.801044e-02  0.000000e+00
    outer loop
      vertex -1.777694e+01  2.798411e+01  1.080000e+01
      vertex -1.777694e+01  2.798411e+01  1.520000e+01
      vertex -1.780000e+01  2.775000e+01  1.520000e+01
    endloop
  endfacet
  facet normal  9.951854e-01 -9.801044e-02  0.000000e+00
    outer loop
      vertex -1.777694e+01  2.798411e+01  1.080000e+01
      vertex -1.780000e+01  2.775000e+01  1.520000e+01
      vertex -1.780000e+01  2.775000e+01  1.080000e+01
    endloop
  endfacet
  facet normal  9.801846e-02 -9.951845e-01  0.000000e+00
    outer loop
      vertex -1.683411e+01  2.892694e+01  1.520000e+01
      vertex -1.660000e+01  2.895000e+01  1.080000e+01
      vertex -1.660000e+01  2.895000e+01  1.520000e+01
    endloop
  endfacet
  facet normal -9.801846e-02 -9.951845e-01  -0.000000e+00
    outer loop
      vertex -1.660000e+01  2.895000e+01  1.520000e+01
      vertex -1.660000e+01  2.895000e+01  1.080000e+01
      vertex -1.636589e+01  2.892694e+01  1.080000e+01
    endloop
  endfacet
  facet normal -9.801846e-02 -9.951845e-01  0.000000e+00
    outer loop
      vertex -1.660000e+01  2.895000e+01  1.520000e+01
      vertex -1.636589e+01  2.892694e+01  1.080000e+01
      vertex -1.636589e+01  2.892694e+01  1.520000e+01
    endloop
  endfacet
  facet normal -2.902833e-01 -9.569408e-01  -0.000000e+00
    outer loop
      vertex -1.636589e+01  2.892694e+01  1.520000e+01
      vertex -1.636589e+01  2.892694e+01  1.080000e+01
      vertex -1.614078e+01  2.885866e+01  1.080000e+01
    endloop
  endfacet
  facet normal -2.902833e-01 -9.569408e-01  0.000000e+00
    outer loop
      vertex -1.636589e+01  2.892694e+01  1.520000e+01
      vertex -1.614078e+01  2.885866e+01  1.080000e+01
      vertex -1.614078e+01  2.885866e+01  1.520000e+01
    endloop
  endfacet
  facet normal -4.714011e-01 -8.819190e-01  -0.000000e+00
    outer loop
      vertex -1.614078e+01  2.885866e+01  1.520000e+01
      vertex -1.614078e+01  2.885866e+01  1.080000e+01
      vertex -1.593332e+01  2.874776e+01  1.080000e+01
    endloop
  endfacet
  facet normal -4.714011e-01 -8.819190e-01  0.000000e+00
    outer loop
      vertex -1.614078e+01  2.885866e+01  1.520000e+01
      vertex -1.593332e+01  2.874776e+01  1.080000e+01
      vertex -1.593332e+01  2.874776e+01  1.520000e+01
    endloop
  endfacet
  facet normal -6.343919e-01 -7.730116e-01  -0.000000e+00
    outer loop
      vertex -1.593332e+01  2.874776e+01  1.520000e+01
      vertex -1.593332e+01  2.874776e+01  1.080000e+01
      vertex -1.575147e+01  2.859853e+01  1.080000e+01
    endloop
  endfacet
  facet normal -6.343919e-01 -7.730116e-01  0.000000e+00
    outer loop
      vertex -1.593332e+01  2.874776e+01  1.520000e+01
      vertex -1.575147e+01  2.859853e+01  1.080000e+01
      vertex -1.575147e+01  2.859853e+01  1.520000e+01
    endloop
  endfacet
  facet normal -7.730099e-01 -6.343939e-01  -0.000000e+00
    outer loop
      vertex -1.575147e+01  2.859853e+01  1.520000e+01
      vertex -1.575147e+01  2.859853e+01  1.080000e+01
      vertex -1.560224e+01  2.841669e+01  1.080000e+01
    endloop
  endfacet
  facet normal -7.730099e-01 -6.343939e-01  0.000000e+00
    outer loop
      vertex -1.575147e+01  2.859853e+01  1.520000e+01
      vertex -1.560224e+01  2.841669e+01  1.080000e+01
      vertex -1.560224e+01  2.841669e+01  1.520000e+01
    endloop
  endfacet
  facet normal -8.819206e-01 -4.713979e-01  -0.000000e+00
    outer loop
      vertex -1.560224e+01  2.841669e+01  1.520000e+01
      vertex -1.560224e+01  2.841669e+01  1.080000e+01
      vertex -1.549134e+01  2.820922e+01  1.080000e+01
    endloop
  endfacet
  facet normal -8.819206e-01 -4.713979e-01  0.000000e+00
    outer loop
      vertex -1.560224e+01  2.841669e+01  1.520000e+01
      vertex -1.549134e+01  2.820922e+01  1.080000e+01
      vertex -1.549134e+01  2.820922e+01  1.520000e+01
    endloop
  endfacet
  facet normal -9.569408e-01 -2.902833e-01  -0.000000e+00
    outer loop
      vertex -1.549134e+01  2.820922e+01  1.520000e+01
      vertex -1.549134e+01  2.820922e+01  1.080000e+01
      vertex -1.542306e+01  2.798411e+01  1.080000e+01
    endloop
  endfacet
  facet normal -9.569408e-01 -2.902833e-01  0.000000e+00
    outer loop
      vertex -1.549134e+01  2.820922e+01  1.520000e+01
      vertex -1.542306e+01  2.798411e+01  1.080000e+01
      vertex -1.542306e+01  2.798411e+01  1.520000e+01
    endloop
  endfacet
  facet normal -9.951845e-01 -9.801846e-02  -0.000000e+00
    outer loop
      vertex -1.542306e+01  2.798411e+01  1.520000e+01
      vertex -1.542306e+01  2.798411e+01  1.080000e+01
      vertex -1.540000e+01  2.775000e+01  1.080000e+01
    endloop
  endfacet
  facet normal -9.951845e-01 -9.801846e-02  0.000000e+00
    outer loop
      vertex -1.542306e+01  2.798411e+01  1.520000e+01
      vertex -1.540000e+01  2.775000e+01  1.080000e+01
      vertex -1.540000e+01  2.775000e+01  1.520000e+01
    endloop
  endfacet
  facet normal  9.801688e-02 -9.951848e-01  0.000000e+00
    outer loop
      vertex -3.860000e+01 -2.265000e+01  1.080000e+01
      vertex -3.883411e+01 -2.267306e+01  1.520000e+01
      vertex -3.883411e+01 -2.267306e+01  1.080000e+01
    endloop
  endfacet
  facet normal  2.902878e-01 -9.569395e-01  0.000000e+00
    outer loop
      vertex -3.883411e+01 -2.267306e+01  1.080000e+01
      vertex -3.883411e+01 -2.267306e+01  1.520000e+01
      vertex -3.905922e+01 -2.274134e+01  1.520000e+01
    endloop
  endfacet
  facet normal  2.902878e-01 -9.569395e-01  0.000000e+00
    outer loop
      vertex -3.883411e+01 -2.267306e+01  1.080000e+01
      vertex -3.905922e+01 -2.274134e+01  1.520000e+01
      vertex -3.905922e+01 -2.274134e+01  1.080000e+01
    endloop
  endfacet
  facet normal  4.713914e-01 -8.819242e-01  0.000000e+00
    outer loop
      vertex -3.905922e+01 -2.274134e+01  1.080000e+01
      vertex -3.905922e+01 -2.274134e+01  1.520000e+01
      vertex -3.926669e+01 -2.285224e+01  1.520000e+01
    endloop
  endfacet
  facet normal  4.713914e-01 -8.819242e-01  0.000000e+00
    outer loop
      vertex -3.905922e+01 -2.274134e+01  1.080000e+01
      vertex -3.926669e+01 -2.285224e+01  1.520000e+01
      vertex -3.926669e+01 -2.285224e+01  1.080000e+01
    endloop
  endfacet
  facet normal  6.343987e-01 -7.730060e-01  0.000000e+00
    outer loop
      vertex -3.926669e+01 -2.285224e+01  1.080000e+01
      vertex -3.926669e+01 -2.285224e+01  1.520000e+01
      vertex -3.944853e+01 -2.300147e+01  1.520000e+01
    endloop
  endfacet
  facet normal  6.343987e-01 -7.730060e-01  0.000000e+00
    outer loop
      vertex -3.926669e+01 -2.285224e+01  1.080000e+01
      vertex -3.944853e+01 -2.300147e+01  1.520000e+01
      vertex -3.944853e+01 -2.300147e+01  1.080000e+01
    endloop
  endfacet
  facet normal  7.730099e-01 -6.343939e-01  0.000000e+00
    outer loop
      vertex -3.944853e+01 -2.300147e+01  1.080000e+01
      vertex -3.944853e+01 -2.300147e+01  1.520000e+01
      vertex -3.959776e+01 -2.318332e+01  1.520000e+01
    endloop
  endfacet
  facet normal  7.730099e-01 -6.343939e-01  0.000000e+00
    outer loop
      vertex -3.944853e+01 -2.300147e+01  1.080000e+01
      vertex -3.959776e+01 -2.318332e+01  1.520000e+01
      vertex -3.959776e+01 -2.318332e+01  1.080000e+01
    endloop
  endfacet
  facet normal  8.819190e-01 -4.714011e-01  0.000000e+00
    outer loop
      vertex -3.959776e+01 -2.318332e+01  1.080000e+01
      vertex -3.959776e+01 -2.318332e+01  1.520000e+01
      vertex -3.970866e+01 -2.339078e+01  1.520000e+01
    endloop
  endfacet
  facet normal  8.819190e-01 -4.714011e-01  0.000000e+00
    outer loop
      vertex -3.959776e+01 -2.318332e+01  1.080000e+01
      vertex -3.970866e+01 -2.339078e+01  1.520000e+01
      vertex -3.970866e+01 -2.339078e+01  1.080000e+01
    endloop
  endfacet
  facet normal  9.569408e-01 -2.902833e-01  0.000000e+00
    outer loop
      vertex -3.970866e+01 -2.339078e+01  1.080000e+01
      vertex -3.970866e+01 -2.339078e+01  1.520000e+01
      vertex -3.977694e+01 -2.361589e+01  1.520000e+01
    endloop
  endfacet
  facet normal  9.569408e-01 -2.902833e-01  0.000000e+00
    outer loop
      vertex -3.970866e+01 -2.339078e+01  1.080000e+01
      vertex -3.977694e+01 -2.361589e+01  1.520000e+01
      vertex -3.977694e+01 -2.361589e+01  1.080000e+01
    endloop
  endfacet
  facet normal  9.951854e-01 -9.801044e-02  0.000000e+00
    outer loop
      vertex -3.977694e+01 -2.361589e+01  1.080000e+01
      vertex -3.977694e+01 -2.361589e+01  1.520000e+01
      vertex -3.980000e+01 -2.385000e+01  1.520000e+01
    endloop
  endfacet
  facet normal  9.951854e-01 -9.801044e-02  0.000000e+00
    outer loop
      vertex -3.977694e+01 -2.361589e+01  1.080000e+01
      vertex -3.980000e+01 -2.385000e+01  1.520000e+01
      vertex -3.980000e+01 -2.385000e+01  1.080000e+01
    endloop
  endfacet
  facet normal  9.801688e-02 -9.951848e-01  0.000000e+00
    outer loop
      vertex -3.883411e+01 -2.267306e+01  1.520000e+01
      vertex -3.860000e+01 -2.265000e+01  1.080000e+01
      vertex -3.860000e+01 -2.265000e+01  1.520000e+01
    endloop
  endfacet
  facet normal -9.801846e-02 -9.951845e-01  -0.000000e+00
    outer loop
      vertex -3.860000e+01 -2.265000e+01  1.520000e+01
      vertex -3.860000e+01 -2.265000e+01  1.080000e+01
      vertex -3.836589e+01 -2.267306e+01  1.080000e+01
    endloop
  endfacet
  facet normal -9.801846e-02 -9.951845e-01  0.000000e+00
    outer loop
      vertex -3.860000e+01 -2.265000e+01  1.520000e+01
      vertex -3.836589e+01 -2.267306e+01  1.080000e+01
      vertex -3.836589e+01 -2.267306e+01  1.520000e+01
    endloop
  endfacet
  facet normal -2.902878e-01 -9.569395e-01  -0.000000e+00
    outer loop
      vertex -3.836589e+01 -2.267306e+01  1.520000e+01
      vertex -3.836589e+01 -2.267306e+01  1.080000e+01
      vertex -3.814078e+01 -2.274134e+01  1.080000e+01
    endloop
  endfacet
  facet normal -2.902878e-01 -9.569395e-01  0.000000e+00
    outer loop
      vertex -3.836589e+01 -2.267306e+01  1.520000e+01
      vertex -3.814078e+01 -2.274134e+01  1.080000e+01
      vertex -3.814078e+01 -2.274134e+01  1.520000e+01
    endloop
  endfacet
  facet normal -4.713914e-01 -8.819242e-01  -0.000000e+00
    outer loop
      vertex -3.814078e+01 -2.274134e+01  1.520000e+01
      vertex -3.814078e+01 -2.274134e+01  1.080000e+01
      vertex -3.793332e+01 -2.285224e+01  1.080000e+01
    endloop
  endfacet
  facet normal -4.713914e-01 -8.819242e-01  0.000000e+00
    outer loop
      vertex -3.814078e+01 -2.274134e+01  1.520000e+01
      vertex -3.793332e+01 -2.285224e+01  1.080000e+01
      vertex -3.793332e+01 -2.285224e+01  1.520000e+01
    endloop
  endfacet
  facet normal -6.343987e-01 -7.730060e-01  -0.000000e+00
    outer loop
      vertex -3.793332e+01 -2.285224e+01  1.520000e+01
      vertex -3.793332e+01 -2.285224e+01  1.080000e+01
      vertex -3.775147e+01 -2.300147e+01  1.080000e+01
    endloop
  endfacet
  facet normal -6.343987e-01 -7.730060e-01  0.000000e+00
    outer loop
      vertex -3.793332e+01 -2.285224e+01  1.520000e+01
      vertex -3.775147e+01 -2.300147e+01  1.080000e+01
      vertex -3.775147e+01 -2.300147e+01  1.520000e+01
    endloop
  endfacet
  facet normal -7.730099e-01 -6.343939e-01  -0.000000e+00
    outer loop
      vertex -3.775147e+01 -2.300147e+01  1.520000e+01
      vertex -3.775147e+01 -2.300147e+01  1.080000e+01
      vertex -3.760224e+01 -2.318332e+01  1.080000e+01
    endloop
  endfacet
  facet normal -7.730099e-01 -6.343939e-01  0.000000e+00
    outer loop
      vertex -3.775147e+01 -2.300147e+01  1.520000e+01
      vertex -3.760224e+01 -2.318332e+01  1.080000e+01
      vertex -3.760224e+01 -2.318332e+01  1.520000e+01
    endloop
  endfacet
  facet normal -8.819190e-01 -4.714011e-01  -0.000000e+00
    outer loop
      vertex -3.760224e+01 -2.318332e+01  1.520000e+01
      vertex -3.760224e+01 -2.318332e+01  1.080000e+01
      vertex -3.749134e+01 -2.339078e+01  1.080000e+01
    endloop
  endfacet
  facet normal -8.819190e-01 -4.714011e-01  0.000000e+00
    outer loop
      vertex -3.760224e+01 -2.318332e+01  1.520000e+01
      vertex -3.749134e+01 -2.339078e+01  1.080000e+01
      vertex -3.749134e+01 -2.339078e+01  1.520000e+01
    endloop
  endfacet
  facet normal -9.569408e-01 -2.902833e-01  -0.000000e+00
    outer loop
      vertex -3.749134e+01 -2.339078e+01  1.520000e+01
      vertex -3.749134e+01 -2.339078e+01  1.080000e+01
      vertex -3.742306e+01 -2.361589e+01  1.080000e+01
    endloop
  endfacet
  facet normal -9.569408e-01 -2.902833e-01  0.000000e+00
    outer loop
      vertex -3.749134e+01 -2.339078e+01  1.520000e+01
      vertex -3.742306e+01 -2.361589e+01  1.080000e+01
      vertex -3.742306e+01 -2.361589e+01  1.520000e+01
    endloop
  endfacet
  facet normal -9.951854e-01 -9.801044e-02  -0.000000e+00
    outer loop
      vertex -3.742306e+01 -2.361589e+01  1.520000e+01
      vertex -3.742306e+01 -2.361589e+01  1.080000e+01
      vertex -3.740000e+01 -2.385000e+01  1.080000e+01
    endloop
  endfacet
  facet normal -9.951854e-01 -9.801044e-02  0.000000e+00
    outer loop
      vertex -3.742306e+01 -2.361589e+01  1.520000e+01
      vertex -3.740000e+01 -2.385000e+01  1.080000e+01
      vertex -3.740000e+01 -2.385000e+01  1.520000e+01
    endloop
  endfacet
  facet normal  9.801307e-02 -9.951851e-01  0.000000e+00
    outer loop
      vertex  3.860000e+01 -2.275000e+01  1.080000e+01
      vertex  3.838540e+01 -2.277114e+01  1.520000e+01
      vertex  3.838540e+01 -2.277114e+01  1.080000e+01
    endloop
  endfacet
  facet normal  2.902890e-01 -9.569390e-01  0.000000e+00
    outer loop
      vertex  3.838540e+01 -2.277114e+01  1.080000e+01
      vertex  3.838540e+01 -2.277114e+01  1.520000e+01
      vertex  3.817905e+01 -2.283373e+01  1.520000e+01
    endloop
  endfacet
  facet normal  2.902890e-01 -9.569390e-01  0.000000e+00
    outer loop
      vertex  3.838540e+01 -2.277114e+01  1.080000e+01
      vertex  3.817905e+01 -2.283373e+01  1.520000e+01
      vertex  3.817905e+01 -2.283373e+01  1.080000e+01
    endloop
  endfacet
  facet normal  4.713970e-01 -8.819212e-01  0.000000e+00
    outer loop
      vertex  3.817905e+01 -2.283373e+01  1.080000e+01
      vertex  3.817905e+01 -2.283373e+01  1.520000e+01
      vertex  3.798887e+01 -2.293538e+01  1.520000e+01
    endloop
  endfacet
  facet normal  4.713970e-01 -8.819212e-01  0.000000e+00
    outer loop
      vertex  3.817905e+01 -2.283373e+01  1.080000e+01
      vertex  3.798887e+01 -2.293538e+01  1.520000e+01
      vertex  3.798887e+01 -2.293538e+01  1.080000e+01
    endloop
  endfacet
  facet normal  6.343912e-01 -7.730122e-01  0.000000e+00
    outer loop
      vertex  3.798887e+01 -2.293538e+01  1.080000e+01
      vertex  3.798887e+01 -2.293538e+01  1.520000e+01
      vertex  3.782218e+01 -2.307218e+01  1.520000e+01
    endloop
  endfacet
  facet normal  6.343912e-01 -7.730122e-01  0.000000e+00
    outer loop
      vertex  3.798887e+01 -2.293538e+01  1.080000e+01
      vertex  3.782218e+01 -2.307218e+01  1.520000e+01
      vertex  3.782218e+01 -2.307218e+01  1.080000e+01
    endloop
  endfacet
  facet normal  7.730122e-01 -6.343912e-01  0.000000e+00
    outer loop
      vertex  3.782218e+01 -2.307218e+01  1.080000e+01
      vertex  3.782218e+01 -2.307218e+01  1.520000e+01
      vertex  3.768538e+01 -2.323887e+01  1.520000e+01
    endloop
  endfacet
  facet normal  7.730122e-01 -6.343912e-01  0.000000e+00
    outer loop
      vertex  3.782218e+01 -2.307218e+01  1.080000e+01
      vertex  3.768538e+01 -2.323887e+01  1.520000e+01
      vertex  3.768538e+01 -2.323887e+01  1.080000e+01
    endloop
  endfacet
  facet normal  8.819231e-01 -4.713933e-01  0.000000e+00
    outer loop
      vertex  3.768538e+01 -2.323887e+01  1.080000e+01
      vertex  3.768538e+01 -2.323887e+01  1.520000e+01
      vertex  3.758373e+01 -2.342905e+01  1.520000e+01
    endloop
  endfacet
  facet normal  8.819231e-01 -4.713933e-01  0.000000e+00
    outer loop
      vertex  3.768538e+01 -2.323887e+01  1.080000e+01
      vertex  3.758373e+01 -2.342905e+01  1.520000e+01
      vertex  3.758373e+01 -2.342905e+01  1.080000e+01
    endloop
  endfacet
  facet normal  9.569415e-01 -2.902808e-01  0.000000e+00
    outer loop
      vertex  3.758373e+01 -2.342905e+01  1.080000e+01
      vertex  3.758373e+01 -2.342905e+01  1.520000e+01
      vertex  3.752114e+01 -2.363540e+01  1.520000e+01
    endloop
  endfacet
  facet normal  9.569415e-01 -2.902808e-01  0.000000e+00
    outer loop
      vertex  3.758373e+01 -2.342905e+01  1.080000e+01
      vertex  3.752114e+01 -2.363540e+01  1.520000e+01
      vertex  3.752114e+01 -2.363540e+01  1.080000e+01
    endloop
  endfacet
  facet normal  9.951842e-01 -9.802183e-02  0.000000e+00
    outer loop
      vertex  3.752114e+01 -2.363540e+01  1.080000e+01
      vertex  3.752114e+01 -2.363540e+01  1.520000e+01
      vertex  3.750000e+01 -2.385000e+01  1.520000e+01
    endloop
  endfacet
  facet normal  9.951842e-01 -9.802183e-02  0.000000e+00
    outer loop
      vertex  3.752114e+01 -2.363540e+01  1.080000e+01
      vertex  3.750000e+01 -2.385000e+01  1.520000e+01
      vertex  3.750000e+01 -2.385000e+01  1.080000e+01
    endloop
  endfacet
  facet normal  9.801307e-02 -9.951851e-01  0.000000e+00
    outer loop
      vertex  3.838540e+01 -2.277114e+01  1.520000e+01
      vertex  3.860000e+01 -2.275000e+01  1.080000e+01
      vertex  3.860000e+01 -2.275000e+01  1.520000e+01
    endloop
  endfacet
  facet normal -9.801307e-02 -9.951851e-01  -0.000000e+00
    outer loop
      vertex  3.860000e+01 -2.275000e+01  1.520000e+01
      vertex  3.860000e+01 -2.275000e+01  1.080000e+01
      vertex  3.881460e+01 -2.277114e+01  1.080000e+01
    endloop
  endfacet
  facet normal -9.801307e-02 -9.951851e-01  0.000000e+00
    outer loop
      vertex  3.860000e+01 -2.275000e+01  1.520000e+01
      vertex  3.881460e+01 -2.277114e+01  1.080000e+01
      vertex  3.881460e+01 -2.277114e+01  1.520000e+01
    endloop
  endfacet
  facet normal -2.902890e-01 -9.569390e-01  -0.000000e+00
    outer loop
      vertex  3.881460e+01 -2.277114e+01  1.520000e+01
      vertex  3.881460e+01 -2.277114e+01  1.080000e+01
      vertex  3.902095e+01 -2.283373e+01  1.080000e+01
    endloop
  endfacet
  facet normal -2.902890e-01 -9.569390e-01  0.000000e+00
    outer loop
      vertex  3.881460e+01 -2.277114e+01  1.520000e+01
      vertex  3.902095e+01 -2.283373e+01  1.080000e+01
      vertex  3.902095e+01 -2.283373e+01  1.520000e+01
    endloop
  endfacet
  facet normal -4.713896e-01 -8.819250e-01  -0.000000e+00
    outer loop
      vertex  3.902095e+01 -2.283373e+01  1.520000e+01
      vertex  3.902095e+01 -2.283373e+01  1.080000e+01
      vertex  3.921113e+01 -2.293538e+01  1.080000e+01
    endloop
  endfacet
  facet normal -4.713896e-01 -8.819250e-01  0.000000e+00
    outer loop
      vertex  3.902095e+01 -2.283373e+01  1.520000e+01
      vertex  3.921113e+01 -2.293538e+01  1.080000e+01
      vertex  3.921113e+01 -2.293538e+01  1.520000e+01
    endloop
  endfacet
  facet normal -6.343912e-01 -7.730122e-01  -0.000000e+00
    outer loop
      vertex  3.921113e+01 -2.293538e+01  1.520000e+01
      vertex  3.921113e+01 -2.293538e+01  1.080000e+01
      vertex  3.937782e+01 -2.307218e+01  1.080000e+01
    endloop
  endfacet
  facet normal -6.343912e-01 -7.730122e-01  0.000000e+00
    outer loop
      vertex  3.921113e+01 -2.293538e+01  1.520000e+01
      vertex  3.937782e+01 -2.307218e+01  1.080000e+01
      vertex  3.937782e+01 -2.307218e+01  1.520000e+01
    endloop
  endfacet
  facet normal -7.730122e-01 -6.343912e-01  -0.000000e+00
    outer loop
      vertex  3.937782e+01 -2.307218e+01  1.520000e+01
      vertex  3.937782e+01 -2.307218e+01  1.080000e+01
      vertex  3.951462e+01 -2.323887e+01  1.080000e+01
    endloop
  endfacet
  facet normal -7.730122e-01 -6.343912e-01  0.000000e+00
    outer loop
      vertex  3.937782e+01 -2.307218e+01  1.520000e+01
      vertex  3.951462e+01 -2.323887e+01  1.080000e+01
      vertex  3.951462e+01 -2.323887e+01  1.520000e+01
    endloop
  endfacet
  facet normal -8.819231e-01 -4.713933e-01  -0.000000e+00
    outer loop
      vertex  3.951462e+01 -2.323887e+01  1.520000e+01
      vertex  3.951462e+01 -2.323887e+01  1.080000e+01
      vertex  3.961627e+01 -2.342905e+01  1.080000e+01
    endloop
  endfacet
  facet normal -8.819231e-01 -4.713933e-01  0.000000e+00
    outer loop
      vertex  3.951462e+01 -2.323887e+01  1.520000e+01
      vertex  3.961627e+01 -2.342905e+01  1.080000e+01
      vertex  3.961627e+01 -2.342905e+01  1.520000e+01
    endloop
  endfacet
  facet normal -9.569415e-01 -2.902808e-01  -0.000000e+00
    outer loop
      vertex  3.961627e+01 -2.342905e+01  1.520000e+01
      vertex  3.961627e+01 -2.342905e+01  1.080000e+01
      vertex  3.967886e+01 -2.363540e+01  1.080000e+01
    endloop
  endfacet
  facet normal -9.569415e-01 -2.902808e-01  0.000000e+00
    outer loop
      vertex  3.961627e+01 -2.342905e+01  1.520000e+01
      vertex  3.967886e+01 -2.363540e+01  1.080000e+01
      vertex  3.967886e+01 -2.363540e+01  1.520000e+01
    endloop
  endfacet
  facet normal -9.951842e-01 -9.802183e-02  -0.000000e+00
    outer loop
      vertex  3.967886e+01 -2.363540e+01  1.520000e+01
      vertex  3.967886e+01 -2.363540e+01  1.080000e+01
      vertex  3.970000e+01 -2.385000e+01  1.080000e+01
    endloop
  endfacet
  facet normal -9.951842e-01 -9.802183e-02  0.000000e+00
    outer loop
      vertex  3.967886e+01 -2.363540e+01  1.520000e+01
      vertex  3.970000e+01 -2.385000e+01  1.080000e+01
      vertex  3.970000e+01 -2.385000e+01  1.520000e+01
    endloop
  endfacet
  facet normal -9.802183e-02  9.951842e-01  0.000000e+00
    outer loop
      vertex  3.860000e+01 -2.495000e+01  1.080000e+01
      vertex  3.881460e+01 -2.492886e+01  1.520000e+01
      vertex  3.881460e+01 -2.492886e+01  1.080000e+01
    endloop
  endfacet
  facet normal -2.902808e-01  9.569415e-01  0.000000e+00
    outer loop
      vertex  3.881460e+01 -2.492886e+01  1.080000e+01
      vertex  3.881460e+01 -2.492886e+01  1.520000e+01
      vertex  3.902095e+01 -2.486627e+01  1.520000e+01
    endloop
  endfacet
  facet normal -2.902808e-01  9.569415e-01  0.000000e+00
    outer loop
      vertex  3.881460e+01 -2.492886e+01  1.080000e+01
      vertex  3.902095e+01 -2.486627e+01  1.520000e+01
      vertex  3.902095e+01 -2.486627e+01  1.080000e+01
    endloop
  endfacet
  facet normal -4.713965e-01  8.819214e-01  0.000000e+00
    outer loop
      vertex  3.902095e+01 -2.486627e+01  1.080000e+01
      vertex  3.902095e+01 -2.486627e+01  1.520000e+01
      vertex  3.921113e+01 -2.476462e+01  1.520000e+01
    endloop
  endfacet
  facet normal -4.713965e-01  8.819214e-01  0.000000e+00
    outer loop
      vertex  3.902095e+01 -2.486627e+01  1.080000e+01
      vertex  3.921113e+01 -2.476462e+01  1.520000e+01
      vertex  3.921113e+01 -2.476462e+01  1.080000e+01
    endloop
  endfacet
  facet normal -6.343912e-01  7.730122e-01  0.000000e+00
    outer loop
      vertex  3.921113e+01 -2.476462e+01  1.080000e+01
      vertex  3.921113e+01 -2.476462e+01  1.520000e+01
      vertex  3.937782e+01 -2.462782e+01  1.520000e+01
    endloop
  endfacet
  facet normal -6.343912e-01  7.730122e-01  0.000000e+00
    outer loop
      vertex  3.921113e+01 -2.476462e+01  1.080000e+01
      vertex  3.937782e+01 -2.462782e+01  1.520000e+01
      vertex  3.937782e+01 -2.462782e+01  1.080000e+01
    endloop
  endfacet
  facet normal -7.730122e-01  6.343912e-01  0.000000e+00
    outer loop
      vertex  3.937782e+01 -2.462782e+01  1.080000e+01
      vertex  3.937782e+01 -2.462782e+01  1.520000e+01
      vertex  3.951462e+01 -2.446113e+01  1.520000e+01
    endloop
  endfacet
  facet normal -7.730122e-01  6.343912e-01  0.000000e+00
    outer loop
      vertex  3.937782e+01 -2.462782e+01  1.080000e+01
      vertex  3.951462e+01 -2.446113e+01  1.520000e+01
      vertex  3.951462e+01 -2.446113e+01  1.080000e+01
    endloop
  endfacet
  facet normal -8.819212e-01  4.713970e-01  0.000000e+00
    outer loop
      vertex  3.951462e+01 -2.446113e+01  1.080000e+01
      vertex  3.951462e+01 -2.446113e+01  1.520000e+01
      vertex  3.961627e+01 -2.427095e+01  1.520000e+01
    endloop
  endfacet
  facet normal -8.819212e-01  4.713970e-01  0.000000e+00
    outer loop
      vertex  3.951462e+01 -2.446113e+01  1.080000e+01
      vertex  3.961627e+01 -2.427095e+01  1.520000e+01
      vertex  3.961627e+01 -2.427095e+01  1.080000e+01
    endloop
  endfacet
  facet normal -9.569415e-01  2.902808e-01  0.000000e+00
    outer loop
      vertex  3.961627e+01 -2.427095e+01  1.080000e+01
      vertex  3.961627e+01 -2.427095e+01  1.520000e+01
      vertex  3.967886e+01 -2.406460e+01  1.520000e+01
    endloop
  endfacet
  facet normal -9.569415e-01  2.902808e-01  0.000000e+00
    outer loop
      vertex  3.961627e+01 -2.427095e+01  1.080000e+01
      vertex  3.967886e+01 -2.406460e+01  1.520000e+01
      vertex  3.967886e+01 -2.406460e+01  1.080000e+01
    endloop
  endfacet
  facet normal -9.951842e-01  9.802183e-02  0.000000e+00
    outer loop
      vertex  3.967886e+01 -2.406460e+01  1.080000e+01
      vertex  3.967886e+01 -2.406460e+01  1.520000e+01
      vertex  3.970000e+01 -2.385000e+01  1.520000e+01
    endloop
  endfacet
  facet normal -9.951842e-01  9.802183e-02  0.000000e+00
    outer loop
      vertex  3.967886e+01 -2.406460e+01  1.080000e+01
      vertex  3.970000e+01 -2.385000e+01  1.520000e+01
      vertex  3.970000e+01 -2.385000e+01  1.080000e+01
    endloop
  endfacet
  facet normal -9.802183e-02  9.951842e-01  0.000000e+00
    outer loop
      vertex  3.881460e+01 -2.492886e+01  1.520000e+01
      vertex  3.860000e+01 -2.495000e+01  1.080000e+01
      vertex  3.860000e+01 -2.495000e+01  1.520000e+01
    endloop
  endfacet
  facet normal  9.802183e-02  9.951842e-01  0.000000e+00
    outer loop
      vertex  3.860000e+01 -2.495000e+01  1.520000e+01
      vertex  3.860000e+01 -2.495000e+01  1.080000e+01
      vertex  3.838540e+01 -2.492886e+01  1.080000e+01
    endloop
  endfacet
  facet normal  9.802183e-02  9.951842e-01  -0.000000e+00
    outer loop
      vertex  3.860000e+01 -2.495000e+01  1.520000e+01
      vertex  3.838540e+01 -2.492886e+01  1.080000e+01
      vertex  3.838540e+01 -2.492886e+01  1.520000e+01
    endloop
  endfacet
  facet normal  2.902808e-01  9.569415e-01  0.000000e+00
    outer loop
      vertex  3.838540e+01 -2.492886e+01  1.520000e+01
      vertex  3.838540e+01 -2.492886e+01  1.080000e+01
      vertex  3.817905e+01 -2.486627e+01  1.080000e+01
    endloop
  endfacet
  facet normal  2.902808e-01  9.569415e-01  -0.000000e+00
    outer loop
      vertex  3.838540e+01 -2.492886e+01  1.520000e+01
      vertex  3.817905e+01 -2.486627e+01  1.080000e+01
      vertex  3.817905e+01 -2.486627e+01  1.520000e+01
    endloop
  endfacet
  facet normal  4.714038e-01  8.819175e-01  0.000000e+00
    outer loop
      vertex  3.817905e+01 -2.486627e+01  1.520000e+01
      vertex  3.817905e+01 -2.486627e+01  1.080000e+01
      vertex  3.798887e+01 -2.476462e+01  1.080000e+01
    endloop
  endfacet
  facet normal  4.714038e-01  8.819175e-01  -0.000000e+00
    outer loop
      vertex  3.817905e+01 -2.486627e+01  1.520000e+01
      vertex  3.798887e+01 -2.476462e+01  1.080000e+01
      vertex  3.798887e+01 -2.476462e+01  1.520000e+01
    endloop
  endfacet
  facet normal  6.343912e-01  7.730122e-01  0.000000e+00
    outer loop
      vertex  3.798887e+01 -2.476462e+01  1.520000e+01
      vertex  3.798887e+01 -2.476462e+01  1.080000e+01
      vertex  3.782218e+01 -2.462782e+01  1.080000e+01
    endloop
  endfacet
  facet normal  6.343912e-01  7.730122e-01  -0.000000e+00
    outer loop
      vertex  3.798887e+01 -2.476462e+01  1.520000e+01
      vertex  3.782218e+01 -2.462782e+01  1.080000e+01
      vertex  3.782218e+01 -2.462782e+01  1.520000e+01
    endloop
  endfacet
  facet normal  7.730122e-01  6.343912e-01  0.000000e+00
    outer loop
      vertex  3.782218e+01 -2.462782e+01  1.520000e+01
      vertex  3.782218e+01 -2.462782e+01  1.080000e+01
      vertex  3.768538e+01 -2.446113e+01  1.080000e+01
    endloop
  endfacet
  facet normal  7.730122e-01  6.343912e-01  -0.000000e+00
    outer loop
      vertex  3.782218e+01 -2.462782e+01  1.520000e+01
      vertex  3.768538e+01 -2.446113e+01  1.080000e+01
      vertex  3.768538e+01 -2.446113e+01  1.520000e+01
    endloop
  endfacet
  facet normal  8.819212e-01  4.713970e-01  0.000000e+00
    outer loop
      vertex  3.768538e+01 -2.446113e+01  1.520000e+01
      vertex  3.768538e+01 -2.446113e+01  1.080000e+01
      vertex  3.758373e+01 -2.427095e+01  1.080000e+01
    endloop
  endfacet
  facet normal  8.819212e-01  4.713970e-01  -0.000000e+00
    outer loop
      vertex  3.768538e+01 -2.446113e+01  1.520000e+01
      vertex  3.758373e+01 -2.427095e+01  1.080000e+01
      vertex  3.758373e+01 -2.427095e+01  1.520000e+01
    endloop
  endfacet
  facet normal  9.569415e-01  2.902808e-01  0.000000e+00
    outer loop
      vertex  3.758373e+01 -2.427095e+01  1.520000e+01
      vertex  3.758373e+01 -2.427095e+01  1.080000e+01
      vertex  3.752114e+01 -2.406460e+01  1.080000e+01
    endloop
  endfacet
  facet normal  9.569415e-01  2.902808e-01  -0.000000e+00
    outer loop
      vertex  3.758373e+01 -2.427095e+01  1.520000e+01
      vertex  3.752114e+01 -2.406460e+01  1.080000e+01
      vertex  3.752114e+01 -2.406460e+01  1.520000e+01
    endloop
  endfacet
  facet normal  9.951842e-01  9.802183e-02  0.000000e+00
    outer loop
      vertex  3.752114e+01 -2.406460e+01  1.520000e+01
      vertex  3.752114e+01 -2.406460e+01  1.080000e+01
      vertex  3.750000e+01 -2.385000e+01  1.080000e+01
    endloop
  endfacet
  facet normal  9.951842e-01  9.802183e-02  -0.000000e+00
    outer loop
      vertex  3.752114e+01 -2.406460e+01  1.520000e+01
      vertex  3.750000e+01 -2.385000e+01  1.080000e+01
      vertex  3.750000e+01 -2.385000e+01  1.520000e+01
    endloop
  endfacet
  facet normal -9.801846e-02  9.951845e-01  0.000000e+00
    outer loop
      vertex  1.660000e+01  2.655000e+01  1.080000e+01
      vertex  1.683411e+01  2.657306e+01  1.520000e+01
      vertex  1.683411e+01  2.657306e+01  1.080000e+01
    endloop
  endfacet
  facet normal -2.902856e-01  9.569402e-01  0.000000e+00
    outer loop
      vertex  1.683411e+01  2.657306e+01  1.080000e+01
      vertex  1.683411e+01  2.657306e+01  1.520000e+01
      vertex  1.705922e+01  2.664134e+01  1.520000e+01
    endloop
  endfacet
  facet normal -2.902856e-01  9.569402e-01  0.000000e+00
    outer loop
      vertex  1.683411e+01  2.657306e+01  1.080000e+01
      vertex  1.705922e+01  2.664134e+01  1.520000e+01
      vertex  1.705922e+01  2.664134e+01  1.080000e+01
    endloop
  endfacet
  facet normal -4.714011e-01  8.819190e-01  0.000000e+00
    outer loop
      vertex  1.705922e+01  2.664134e+01  1.080000e+01
      vertex  1.705922e+01  2.664134e+01  1.520000e+01
      vertex  1.726668e+01  2.675224e+01  1.520000e+01
    endloop
  endfacet
  facet normal -4.714011e-01  8.819190e-01  0.000000e+00
    outer loop
      vertex  1.705922e+01  2.664134e+01  1.080000e+01
      vertex  1.726668e+01  2.675224e+01  1.520000e+01
      vertex  1.726668e+01  2.675224e+01  1.080000e+01
    endloop
  endfacet
  facet normal -6.343899e-01  7.730132e-01  0.000000e+00
    outer loop
      vertex  1.726668e+01  2.675224e+01  1.080000e+01
      vertex  1.726668e+01  2.675224e+01  1.520000e+01
      vertex  1.744853e+01  2.690147e+01  1.520000e+01
    endloop
  endfacet
  facet normal -6.343899e-01  7.730132e-01  0.000000e+00
    outer loop
      vertex  1.726668e+01  2.675224e+01  1.080000e+01
      vertex  1.744853e+01  2.690147e+01  1.520000e+01
      vertex  1.744853e+01  2.690147e+01  1.080000e+01
    endloop
  endfacet
  facet normal -7.730099e-01  6.343939e-01  0.000000e+00
    outer loop
      vertex  1.744853e+01  2.690147e+01  1.080000e+01
      vertex  1.744853e+01  2.690147e+01  1.520000e+01
      vertex  1.759776e+01  2.708331e+01  1.520000e+01
    endloop
  endfacet
  facet normal -7.730099e-01  6.343939e-01  0.000000e+00
    outer loop
      vertex  1.744853e+01  2.690147e+01  1.080000e+01
      vertex  1.759776e+01  2.708331e+01  1.520000e+01
      vertex  1.759776e+01  2.708331e+01  1.080000e+01
    endloop
  endfacet
  facet normal -8.819190e-01  4.714011e-01  0.000000e+00
    outer loop
      vertex  1.759776e+01  2.708331e+01  1.080000e+01
      vertex  1.759776e+01  2.708331e+01  1.520000e+01
      vertex  1.770866e+01  2.729078e+01  1.520000e+01
    endloop
  endfacet
  facet normal -8.819190e-01  4.714011e-01  0.000000e+00
    outer loop
      vertex  1.759776e+01  2.708331e+01  1.080000e+01
      vertex  1.770866e+01  2.729078e+01  1.520000e+01
      vertex  1.770866e+01  2.729078e+01  1.080000e+01
    endloop
  endfacet
  facet normal -9.569408e-01  2.902833e-01  0.000000e+00
    outer loop
      vertex  1.770866e+01  2.729078e+01  1.080000e+01
      vertex  1.770866e+01  2.729078e+01  1.520000e+01
      vertex  1.777694e+01  2.751589e+01  1.520000e+01
    endloop
  endfacet
  facet normal -9.569408e-01  2.902833e-01  0.000000e+00
    outer loop
      vertex  1.770866e+01  2.729078e+01  1.080000e+01
      vertex  1.777694e+01  2.751589e+01  1.520000e+01
      vertex  1.777694e+01  2.751589e+01  1.080000e+01
    endloop
  endfacet
  facet normal -9.951854e-01  9.801044e-02  0.000000e+00
    outer loop
      vertex  1.777694e+01  2.751589e+01  1.080000e+01
      vertex  1.777694e+01  2.751589e+01  1.520000e+01
      vertex  1.780000e+01  2.775000e+01  1.520000e+01
    endloop
  endfacet
  facet normal -9.951854e-01  9.801044e-02  0.000000e+00
    outer loop
      vertex  1.777694e+01  2.751589e+01  1.080000e+01
      vertex  1.780000e+01  2.775000e+01  1.520000e+01
      vertex  1.780000e+01  2.775000e+01  1.080000e+01
    endloop
  endfacet
  facet normal -9.801846e-02  9.951845e-01  0.000000e+00
    outer loop
      vertex  1.683411e+01  2.657306e+01  1.520000e+01
      vertex  1.660000e+01  2.655000e+01  1.080000e+01
      vertex  1.660000e+01  2.655000e+01  1.520000e+01
    endloop
  endfacet
  facet normal  9.801846e-02  9.951845e-01  0.000000e+00
    outer loop
      vertex  1.660000e+01  2.655000e+01  1.520000e+01
      vertex  1.660000e+01  2.655000e+01  1.080000e+01
      vertex  1.636589e+01  2.657306e+01  1.080000e+01
    endloop
  endfacet
  facet normal  9.801846e-02  9.951845e-01  -0.000000e+00
    outer loop
      vertex  1.660000e+01  2.655000e+01  1.520000e+01
      vertex  1.636589e+01  2.657306e+01  1.080000e+01
      vertex  1.636589e+01  2.657306e+01  1.520000e+01
    endloop
  endfacet
  facet normal  2.902833e-01  9.569408e-01  0.000000e+00
    outer loop
      vertex  1.636589e+01  2.657306e+01  1.520000e+01
      vertex  1.636589e+01  2.657306e+01  1.080000e+01
      vertex  1.614078e+01  2.664134e+01  1.080000e+01
    endloop
  endfacet
  facet normal  2.902833e-01  9.569408e-01  -0.000000e+00
    outer loop
      vertex  1.636589e+01  2.657306e+01  1.520000e+01
      vertex  1.614078e+01  2.664134e+01  1.080000e+01
      vertex  1.614078e+01  2.664134e+01  1.520000e+01
    endloop
  endfacet
  facet normal  4.714011e-01  8.819190e-01  0.000000e+00
    outer loop
      vertex  1.614078e+01  2.664134e+01  1.520000e+01
      vertex  1.614078e+01  2.664134e+01  1.080000e+01
      vertex  1.593332e+01  2.675224e+01  1.080000e+01
    endloop
  endfacet
  facet normal  4.714011e-01  8.819190e-01  -0.000000e+00
    outer loop
      vertex  1.614078e+01  2.664134e+01  1.520000e+01
      vertex  1.593332e+01  2.675224e+01  1.080000e+01
      vertex  1.593332e+01  2.675224e+01  1.520000e+01
    endloop
  endfacet
  facet normal  6.343919e-01  7.730116e-01  0.000000e+00
    outer loop
      vertex  1.593332e+01  2.675224e+01  1.520000e+01
      vertex  1.593332e+01  2.675224e+01  1.080000e+01
      vertex  1.575147e+01  2.690147e+01  1.080000e+01
    endloop
  endfacet
  facet normal  6.343919e-01  7.730116e-01  -0.000000e+00
    outer loop
      vertex  1.593332e+01  2.675224e+01  1.520000e+01
      vertex  1.575147e+01  2.690147e+01  1.080000e+01
      vertex  1.575147e+01  2.690147e+01  1.520000e+01
    endloop
  endfacet
  facet normal  7.730099e-01  6.343939e-01  0.000000e+00
    outer loop
      vertex  1.575147e+01  2.690147e+01  1.520000e+01
      vertex  1.575147e+01  2.690147e+01  1.080000e+01
      vertex  1.560224e+01  2.708331e+01  1.080000e+01
    endloop
  endfacet
  facet normal  7.730099e-01  6.343939e-01  -0.000000e+00
    outer loop
      vertex  1.575147e+01  2.690147e+01  1.520000e+01
      vertex  1.560224e+01  2.708331e+01  1.080000e+01
      vertex  1.560224e+01  2.708331e+01  1.520000e+01
    endloop
  endfacet
  facet normal  8.819206e-01  4.713979e-01  0.000000e+00
    outer loop
      vertex  1.560224e+01  2.708331e+01  1.520000e+01
      vertex  1.560224e+01  2.708331e+01  1.080000e+01
      vertex  1.549134e+01  2.729078e+01  1.080000e+01
    endloop
  endfacet
  facet normal  8.819206e-01  4.713979e-01  -0.000000e+00
    outer loop
      vertex  1.560224e+01  2.708331e+01  1.520000e+01
      vertex  1.549134e+01  2.729078e+01  1.080000e+01
      vertex  1.549134e+01  2.729078e+01  1.520000e+01
    endloop
  endfacet
  facet normal  9.569408e-01  2.902833e-01  0.000000e+00
    outer loop
      vertex  1.549134e+01  2.729078e+01  1.520000e+01
      vertex  1.549134e+01  2.729078e+01  1.080000e+01
      vertex  1.542306e+01  2.751589e+01  1.080000e+01
    endloop
  endfacet
  facet normal  9.569408e-01  2.902833e-01  -0.000000e+00
    outer loop
      vertex  1.549134e+01  2.729078e+01  1.520000e+01
      vertex  1.542306e+01  2.751589e+01  1.080000e+01
      vertex  1.542306e+01  2.751589e+01  1.520000e+01
    endloop
  endfacet
  facet normal  9.951845e-01  9.801846e-02  0.000000e+00
    outer loop
      vertex  1.542306e+01  2.751589e+01  1.520000e+01
      vertex  1.542306e+01  2.751589e+01  1.080000e+01
      vertex  1.540000e+01  2.775000e+01  1.080000e+01
    endloop
  endfacet
  facet normal  9.951845e-01  9.801846e-02  -0.000000e+00
    outer loop
      vertex  1.542306e+01  2.751589e+01  1.520000e+01
      vertex  1.540000e+01  2.775000e+01  1.080000e+01
      vertex  1.540000e+01  2.775000e+01  1.520000e+01
    endloop
  endfacet
  facet normal  9.801846e-02 -9.951845e-01  0.000000e+00
    outer loop
      vertex  1.660000e+01  2.895000e+01  1.080000e+01
      vertex  1.636589e+01  2.892694e+01  1.520000e+01
      vertex  1.636589e+01  2.892694e+01  1.080000e+01
    endloop
  endfacet
  facet normal  2.902833e-01 -9.569408e-01  0.000000e+00
    outer loop
      vertex  1.636589e+01  2.892694e+01  1.080000e+01
      vertex  1.636589e+01  2.892694e+01  1.520000e+01
      vertex  1.614078e+01  2.885866e+01  1.520000e+01
    endloop
  endfacet
  facet normal  2.902833e-01 -9.569408e-01  0.000000e+00
    outer loop
      vertex  1.636589e+01  2.892694e+01  1.080000e+01
      vertex  1.614078e+01  2.885866e+01  1.520000e+01
      vertex  1.614078e+01  2.885866e+01  1.080000e+01
    endloop
  endfacet
  facet normal  4.714011e-01 -8.819190e-01  0.000000e+00
    outer loop
      vertex  1.614078e+01  2.885866e+01  1.080000e+01
      vertex  1.614078e+01  2.885866e+01  1.520000e+01
      vertex  1.593332e+01  2.874776e+01  1.520000e+01
    endloop
  endfacet
  facet normal  4.714011e-01 -8.819190e-01  0.000000e+00
    outer loop
      vertex  1.614078e+01  2.885866e+01  1.080000e+01
      vertex  1.593332e+01  2.874776e+01  1.520000e+01
      vertex  1.593332e+01  2.874776e+01  1.080000e+01
    endloop
  endfacet
  facet normal  6.343919e-01 -7.730116e-01  0.000000e+00
    outer loop
      vertex  1.593332e+01  2.874776e+01  1.080000e+01
      vertex  1.593332e+01  2.874776e+01  1.520000e+01
      vertex  1.575147e+01  2.859853e+01  1.520000e+01
    endloop
  endfacet
  facet normal  6.343919e-01 -7.730116e-01  0.000000e+00
    outer loop
      vertex  1.593332e+01  2.874776e+01  1.080000e+01
      vertex  1.575147e+01  2.859853e+01  1.520000e+01
      vertex  1.575147e+01  2.859853e+01  1.080000e+01
    endloop
  endfacet
  facet normal  7.730099e-01 -6.343939e-01  0.000000e+00
    outer loop
      vertex  1.575147e+01  2.859853e+01  1.080000e+01
      vertex  1.575147e+01  2.859853e+01  1.520000e+01
      vertex  1.560224e+01  2.841669e+01  1.520000e+01
    endloop
  endfacet
  facet normal  7.730099e-01 -6.343939e-01  0.000000e+00
    outer loop
      vertex  1.575147e+01  2.859853e+01  1.080000e+01
      vertex  1.560224e+01  2.841669e+01  1.520000e+01
      vertex  1.560224e+01  2.841669e+01  1.080000e+01
    endloop
  endfacet
  facet normal  8.819206e-01 -4.713979e-01  0.000000e+00
    outer loop
      vertex  1.560224e+01  2.841669e+01  1.080000e+01
      vertex  1.560224e+01  2.841669e+01  1.520000e+01
      vertex  1.549134e+01  2.820922e+01  1.520000e+01
    endloop
  endfacet
  facet normal  8.819206e-01 -4.713979e-01  0.000000e+00
    outer loop
      vertex  1.560224e+01  2.841669e+01  1.080000e+01
      vertex  1.549134e+01  2.820922e+01  1.520000e+01
      vertex  1.549134e+01  2.820922e+01  1.080000e+01
    endloop
  endfacet
  facet normal  9.569408e-01 -2.902833e-01  0.000000e+00
    outer loop
      vertex  1.549134e+01  2.820922e+01  1.080000e+01
      vertex  1.549134e+01  2.820922e+01  1.520000e+01
      vertex  1.542306e+01  2.798411e+01  1.520000e+01
    endloop
  endfacet
  facet normal  9.569408e-01 -2.902833e-01  0.000000e+00
    outer loop
      vertex  1.549134e+01  2.820922e+01  1.080000e+01
      vertex  1.542306e+01  2.798411e+01  1.520000e+01
      vertex  1.542306e+01  2.798411e+01  1.080000e+01
    endloop
  endfacet
  facet normal  9.951845e-01 -9.801846e-02  0.000000e+00
    outer loop
      vertex  1.542306e+01  2.798411e+01  1.080000e+01
      vertex  1.542306e+01  2.798411e+01  1.520000e+01
      vertex  1.540000e+01  2.775000e+01  1.520000e+01
    endloop
  endfacet
  facet normal  9.951845e-01 -9.801846e-02  0.000000e+00
    outer loop
      vertex  1.542306e+01  2.798411e+01  1.080000e+01
      vertex  1.540000e+01  2.775000e+01  1.520000e+01
      vertex  1.540000e+01  2.775000e+01  1.080000e+01
    endloop
  endfacet
  facet normal  9.801846e-02 -9.951845e-01  0.000000e+00
    outer loop
      vertex  1.636589e+01  2.892694e+01  1.520000e+01
      vertex  1.660000e+01  2.895000e+01  1.080000e+01
      vertex  1.660000e+01  2.895000e+01  1.520000e+01
    endloop
  endfacet
  facet normal -9.801846e-02 -9.951845e-01  -0.000000e+00
    outer loop
      vertex  1.660000e+01  2.895000e+01  1.520000e+01
      vertex  1.660000e+01  2.895000e+01  1.080000e+01
      vertex  1.683411e+01  2.892694e+01  1.080000e+01
    endloop
  endfacet
  facet normal -9.801846e-02 -9.951845e-01  0.000000e+00
    outer loop
      vertex  1.660000e+01  2.895000e+01  1.520000e+01
      vertex  1.683411e+01  2.892694e+01  1.080000e+01
      vertex  1.683411e+01  2.892694e+01  1.520000e+01
    endloop
  endfacet
  facet normal -2.902856e-01 -9.569402e-01  -0.000000e+00
    outer loop
      vertex  1.683411e+01  2.892694e+01  1.520000e+01
      vertex  1.683411e+01  2.892694e+01  1.080000e+01
      vertex  1.705922e+01  2.885866e+01  1.080000e+01
    endloop
  endfacet
  facet normal -2.902856e-01 -9.569402e-01  0.000000e+00
    outer loop
      vertex  1.683411e+01  2.892694e+01  1.520000e+01
      vertex  1.705922e+01  2.885866e+01  1.080000e+01
      vertex  1.705922e+01  2.885866e+01  1.520000e+01
    endloop
  endfacet
  facet normal -4.714011e-01 -8.819190e-01  -0.000000e+00
    outer loop
      vertex  1.705922e+01  2.885866e+01  1.520000e+01
      vertex  1.705922e+01  2.885866e+01  1.080000e+01
      vertex  1.726668e+01  2.874776e+01  1.080000e+01
    endloop
  endfacet
  facet normal -4.714011e-01 -8.819190e-01  0.000000e+00
    outer loop
      vertex  1.705922e+01  2.885866e+01  1.520000e+01
      vertex  1.726668e+01  2.874776e+01  1.080000e+01
      vertex  1.726668e+01  2.874776e+01  1.520000e+01
    endloop
  endfacet
  facet normal -6.343899e-01 -7.730132e-01  -0.000000e+00
    outer loop
      vertex  1.726668e+01  2.874776e+01  1.520000e+01
      vertex  1.726668e+01  2.874776e+01  1.080000e+01
      vertex  1.744853e+01  2.859853e+01  1.080000e+01
    endloop
  endfacet
  facet normal -6.343899e-01 -7.730132e-01  0.000000e+00
    outer loop
      vertex  1.726668e+01  2.874776e+01  1.520000e+01
      vertex  1.744853e+01  2.859853e+01  1.080000e+01
      vertex  1.744853e+01  2.859853e+01  1.520000e+01
    endloop
  endfacet
  facet normal -7.730099e-01 -6.343939e-01  -0.000000e+00
    outer loop
      vertex  1.744853e+01  2.859853e+01  1.520000e+01
      vertex  1.744853e+01  2.859853e+01  1.080000e+01
      vertex  1.759776e+01  2.841669e+01  1.080000e+01
    endloop
  endfacet
  facet normal -7.730099e-01 -6.343939e-01  0.000000e+00
    outer loop
      vertex  1.744853e+01  2.859853e+01  1.520000e+01
      vertex  1.759776e+01  2.841669e+01  1.080000e+01
      vertex  1.759776e+01  2.841669e+01  1.520000e+01
    endloop
  endfacet
  facet normal -8.819190e-01 -4.714011e-01  -0.000000e+00
    outer loop
      vertex  1.759776e+01  2.841669e+01  1.520000e+01
      vertex  1.759776e+01  2.841669e+01  1.080000e+01
      vertex  1.770866e+01  2.820922e+01  1.080000e+01
    endloop
  endfacet
  facet normal -8.819190e-01 -4.714011e-01  0.000000e+00
    outer loop
      vertex  1.759776e+01  2.841669e+01  1.520000e+01
      vertex  1.770866e+01  2.820922e+01  1.080000e+01
      vertex  1.770866e+01  2.820922e+01  1.520000e+01
    endloop
  endfacet
  facet normal -9.569408e-01 -2.902833e-01  -0.000000e+00
    outer loop
      vertex  1.770866e+01  2.820922e+01  1.520000e+01
      vertex  1.770866e+01  2.820922e+01  1.080000e+01
      vertex  1.777694e+01  2.798411e+01  1.080000e+01
    endloop
  endfacet
  facet normal -9.569408e-01 -2.902833e-01  0.000000e+00
    outer loop
      vertex  1.770866e+01  2.820922e+01  1.520000e+01
      vertex  1.777694e+01  2.798411e+01  1.080000e+01
      vertex  1.777694e+01  2.798411e+01  1.520000e+01
    endloop
  endfacet
  facet normal -9.951854e-01 -9.801044e-02  -0.000000e+00
    outer loop
      vertex  1.777694e+01  2.798411e+01  1.520000e+01
      vertex  1.777694e+01  2.798411e+01  1.080000e+01
      vertex  1.780000e+01  2.775000e+01  1.080000e+01
    endloop
  endfacet
  facet normal -9.951854e-01 -9.801044e-02  0.000000e+00
    outer loop
      vertex  1.777694e+01  2.798411e+01  1.520000e+01
      vertex  1.780000e+01  2.775000e+01  1.080000e+01
      vertex  1.780000e+01  2.775000e+01  1.520000e+01
    endloop
  endfacet
  facet normal  0.000000e+00  0.000000e+00  1.000000e+00
    outer loop
      vertex  1.636589e+01  2.892694e+01  1.080000e+01
      vertex  1.683411e+01  2.892694e+01  1.080000e+01
      vertex  1.660000e+01  2.895000e+01  1.080000e+01
    endloop
  endfacet
  facet normal  -0.000000e+00  0.000000e+00  1.000000e+00
    outer loop
      vertex  1.683411e+01  2.892694e+01  1.080000e+01
      vertex  1.636589e+01  2.892694e+01  1.080000e+01
      vertex  1.705922e+01  2.885866e+01  1.080000e+01
    endloop
  endfacet
  facet normal  0.000000e+00  0.000000e+00  1.000000e+00
    outer loop
      vertex  1.705922e+01  2.885866e+01  1.080000e+01
      vertex  1.636589e+01  2.892694e+01  1.080000e+01
      vertex  1.614078e+01  2.885866e+01  1.080000e+01
    endloop
  endfacet
  facet normal  -0.000000e+00  0.000000e+00  1.000000e+00
    outer loop
      vertex  1.705922e+01  2.885866e+01  1.080000e+01
      vertex  1.614078e+01  2.885866e+01  1.080000e+01
      vertex  1.726668e+01  2.874776e+01  1.080000e+01
    endloop
  endfacet
  facet normal  0.000000e+00  0.000000e+00  1.000000e+00
    outer loop
      vertex  1.726668e+01  2.874776e+01  1.080000e+01
      vertex  1.614078e+01  2.885866e+01  1.080000e+01
      vertex  1.593332e+01  2.874776e+01  1.080000e+01
    endloop
  endfacet
  facet normal  -0.000000e+00  0.000000e+00  1.000000e+00
    outer loop
      vertex  1.726668e+01  2.874776e+01  1.080000e+01
      vertex  1.593332e+01  2.874776e+01  1.080000e+01
      vertex  1.744853e+01  2.859853e+01  1.080000e+01
    endloop
  endfacet
  facet normal  0.000000e+00  0.000000e+00  1.000000e+00
    outer loop
      vertex  1.744853e+01  2.859853e+01  1.080000e+01
      vertex  1.593332e+01  2.874776e+01  1.080000e+01
      vertex  1.575147e+01  2.859853e+01  1.080000e+01
    endloop
  endfacet
  facet normal  -0.000000e+00  0.000000e+00  1.000000e+00
    outer loop
      vertex  1.744853e+01  2.859853e+01  1.080000e+01
      vertex  1.575147e+01  2.859853e+01  1.080000e+01
      vertex  1.759776e+01  2.841669e+01  1.080000e+01
    endloop
  endfacet
  facet normal  0.000000e+00  0.000000e+00  1.000000e+00
    outer loop
      vertex  1.759776e+01  2.841669e+01  1.080000e+01
      vertex  1.575147e+01  2.859853e+01  1.080000e+01
      vertex  1.560224e+01  2.841669e+01  1.080000e+01
    endloop
  endfacet
  facet normal  -0.000000e+00  0.000000e+00  1.000000e+00
    outer loop
      vertex  1.759776e+01  2.841669e+01  1.080000e+01
      vertex  1.560224e+01  2.841669e+01  1.080000e+01
      vertex  1.770866e+01  2.820922e+01  1.080000e+01
    endloop
  endfacet
  facet normal  0.000000e+00  0.000000e+00  1.000000e+00
    outer loop
      vertex  1.770866e+01  2.820922e+01  1.080000e+01
      vertex  1.560224e+01  2.841669e+01  1.080000e+01
      vertex  1.549134e+01  2.820922e+01  1.080000e+01
    endloop
  endfacet
  facet normal  -0.000000e+00  0.000000e+00  1.000000e+00
    outer loop
      vertex  1.770866e+01  2.820922e+01  1.080000e+01
      vertex  1.549134e+01  2.820922e+01  1.080000e+01
      vertex  1.777694e+01  2.798411e+01  1.080000e+01
    endloop
  endfacet
  facet normal  0.000000e+00  0.000000e+00  1.000000e+00
    outer loop
      vertex  1.777694e+01  2.798411e+01  1.080000e+01
      vertex  1.549134e+01  2.820922e+01  1.080000e+01
      vertex  1.542306e+01  2.798411e+01  1.080000e+01
    endloop
  endfacet
  facet normal  -0.000000e+00  0.000000e+00  1.000000e+00
    outer loop
      vertex  1.777694e+01  2.798411e+01  1.080000e+01
      vertex  1.542306e+01  2.798411e+01  1.080000e+01
      vertex  1.780000e+01  2.775000e+01  1.080000e+01
    endloop
  endfacet
  facet normal  0.000000e+00  0.000000e+00  1.000000e+00
    outer loop
      vertex  1.780000e+01  2.775000e+01  1.080000e+01
      vertex  1.542306e+01  2.798411e+01  1.080000e+01
      vertex  1.540000e+01  2.775000e+01  1.080000e+01
    endloop
  endfacet
  facet normal  -0.000000e+00  0.000000e+00  1.000000e+00
    outer loop
      vertex  1.780000e+01  2.775000e+01  1.080000e+01
      vertex  1.540000e+01  2.775000e+01  1.080000e+01
      vertex  1.777694e+01  2.751589e+01  1.080000e+01
    endloop
  endfacet
  facet normal  0.000000e+00  0.000000e+00  1.000000e+00
    outer loop
      vertex  1.777694e+01  2.751589e+01  1.080000e+01
      vertex  1.540000e+01  2.775000e+01  1.080000e+01
      vertex  1.542306e+01  2.751589e+01  1.080000e+01
    endloop
  endfacet
  facet normal  -0.000000e+00  0.000000e+00  1.000000e+00
    outer loop
      vertex  1.777694e+01  2.751589e+01  1.080000e+01
      vertex  1.542306e+01  2.751589e+01  1.080000e+01
      vertex  1.770866e+01  2.729078e+01  1.080000e+01
    endloop
  endfacet
  facet normal  0.000000e+00  0.000000e+00  1.000000e+00
    outer loop
      vertex  1.770866e+01  2.729078e+01  1.080000e+01
      vertex  1.542306e+01  2.751589e+01  1.080000e+01
      vertex  1.549134e+01  2.729078e+01  1.080000e+01
    endloop
  endfacet
  facet normal  -0.000000e+00  0.000000e+00  1.000000e+00
    outer loop
      vertex  1.770866e+01  2.729078e+01  1.080000e+01
      vertex  1.549134e+01  2.729078e+01  1.080000e+01
      vertex  1.759776e+01  2.708331e+01  1.080000e+01
    endloop
  endfacet
  facet normal  0.000000e+00  0.000000e+00  1.000000e+00
    outer loop
      vertex  1.759776e+01  2.708331e+01  1.080000e+01
      vertex  1.549134e+01  2.729078e+01  1.080000e+01
      vertex  1.560224e+01  2.708331e+01  1.080000e+01
    endloop
  endfacet
  facet normal  -0.000000e+00  0.000000e+00  1.000000e+00
    outer loop
      vertex  1.759776e+01  2.708331e+01  1.080000e+01
      vertex  1.560224e+01  2.708331e+01  1.080000e+01
      vertex  1.744853e+01  2.690147e+01  1.080000e+01
    endloop
  endfacet
  facet normal  0.000000e+00  0.000000e+00  1.000000e+00
    outer loop
      vertex  1.744853e+01  2.690147e+01  1.080000e+01
      vertex  1.560224e+01  2.708331e+01  1.080000e+01
      vertex  1.575147e+01  2.690147e+01  1.080000e+01
    endloop
  endfacet
  facet normal  -0.000000e+00  0.000000e+00  1.000000e+00
    outer loop
      vertex  1.744853e+01  2.690147e+01  1.080000e+01
      vertex  1.575147e+01  2.690147e+01  1.080000e+01
      vertex  1.726668e+01  2.675224e+01  1.080000e+01
    endloop
  endfacet
  facet normal  0.000000e+00  0.000000e+00  1.000000e+00
    outer loop
      vertex  1.726668e+01  2.675224e+01  1.080000e+01
      vertex  1.575147e+01  2.690147e+01  1.080000e+01
      vertex  1.593332e+01  2.675224e+01  1.080000e+01
    endloop
  endfacet
  facet normal  -0.000000e+00  0.000000e+00  1.000000e+00
    outer loop
      vertex  1.726668e+01  2.675224e+01  1.080000e+01
      vertex  1.593332e+01  2.675224e+01  1.080000e+01
      vertex  1.705922e+01  2.664134e+01  1.080000e+01
    endloop
  endfacet
  facet normal  0.000000e+00  0.000000e+00  1.000000e+00
    outer loop
      vertex  1.705922e+01  2.664134e+01  1.080000e+01
      vertex  1.593332e+01  2.675224e+01  1.080000e+01
      vertex  1.614078e+01  2.664134e+01  1.080000e+01
    endloop
  endfacet
  facet normal  -0.000000e+00  0.000000e+00  1.000000e+00
    outer loop
      vertex  1.705922e+01  2.664134e+01  1.080000e+01
      vertex  1.614078e+01  2.664134e+01  1.080000e+01
      vertex  1.683411e+01  2.657306e+01  1.080000e+01
    endloop
  endfacet
  facet normal  0.000000e+00  0.000000e+00  1.000000e+00
    outer loop
      vertex  1.683411e+01  2.657306e+01  1.080000e+01
      vertex  1.614078e+01  2.664134e+01  1.080000e+01
      vertex  1.636589e+01  2.657306e+01  1.080000e+01
    endloop
  endfacet
  facet normal  -0.000000e+00  0.000000e+00  1.000000e+00
    outer loop
      vertex  1.683411e+01  2.657306e+01  1.080000e+01
      vertex  1.636589e+01  2.657306e+01  1.080000e+01
      vertex  1.660000e+01  2.655000e+01  1.080000e+01
    endloop
  endfacet
  facet normal  0.000000e+00  0.000000e+00  1.000000e+00
    outer loop
      vertex -1.683411e+01  2.892694e+01  1.080000e+01
      vertex -1.636589e+01  2.892694e+01  1.080000e+01
      vertex -1.660000e+01  2.895000e+01  1.080000e+01
    endloop
  endfacet
  facet normal  -0.000000e+00  0.000000e+00  1.000000e+00
    outer loop
      vertex -1.636589e+01  2.892694e+01  1.080000e+01
      vertex -1.683411e+01  2.892694e+01  1.080000e+01
      vertex -1.614078e+01  2.885866e+01  1.080000e+01
    endloop
  endfacet
  facet normal  0.000000e+00  0.000000e+00  1.000000e+00
    outer loop
      vertex -1.614078e+01  2.885866e+01  1.080000e+01
      vertex -1.683411e+01  2.892694e+01  1.080000e+01
      vertex -1.705922e+01  2.885866e+01  1.080000e+01
    endloop
  endfacet
  facet normal  -0.000000e+00  0.000000e+00  1.000000e+00
    outer loop
      vertex -1.614078e+01  2.885866e+01  1.080000e+01
      vertex -1.705922e+01  2.885866e+01  1.080000e+01
      vertex -1.593332e+01  2.874776e+01  1.080000e+01
    endloop
  endfacet
  facet normal  0.000000e+00  0.000000e+00  1.000000e+00
    outer loop
      vertex -1.593332e+01  2.874776e+01  1.080000e+01
      vertex -1.705922e+01  2.885866e+01  1.080000e+01
      vertex -1.726668e+01  2.874776e+01  1.080000e+01
    endloop
  endfacet
  facet normal  -0.000000e+00  0.000000e+00  1.000000e+00
    outer loop
      vertex -1.593332e+01  2.874776e+01  1.080000e+01
      vertex -1.726668e+01  2.874776e+01  1.080000e+01
      vertex -1.575147e+01  2.859853e+01  1.080000e+01
    endloop
  endfacet
  facet normal  0.000000e+00  0.000000e+00  1.000000e+00
    outer loop
      vertex -1.575147e+01  2.859853e+01  1.080000e+01
      vertex -1.726668e+01  2.874776e+01  1.080000e+01
      vertex -1.744853e+01  2.859853e+01  1.080000e+01
    endloop
  endfacet
  facet normal  -0.000000e+00  0.000000e+00  1.000000e+00
    outer loop
      vertex -1.575147e+01  2.859853e+01  1.080000e+01
      vertex -1.744853e+01  2.859853e+01  1.080000e+01
      vertex -1.560224e+01  2.841669e+01  1.080000e+01
    endloop
  endfacet
  facet normal  0.000000e+00  0.000000e+00  1.000000e+00
    outer loop
      vertex -1.560224e+01  2.841669e+01  1.080000e+01
      vertex -1.744853e+01  2.859853e+01  1.080000e+01
      vertex -1.759776e+01  2.841669e+01  1.080000e+01
    endloop
  endfacet
  facet normal  -0.000000e+00  0.000000e+00  1.000000e+00
    outer loop
      vertex -1.560224e+01  2.841669e+01  1.080000e+01
      vertex -1.759776e+01  2.841669e+01  1.080000e+01
      vertex -1.549134e+01  2.820922e+01  1.080000e+01
    endloop
  endfacet
  facet normal  0.000000e+00  0.000000e+00  1.000000e+00
    outer loop
      vertex -1.549134e+01  2.820922e+01  1.080000e+01
      vertex -1.759776e+01  2.841669e+01  1.080000e+01
      vertex -1.770866e+01  2.820922e+01  1.080000e+01
    endloop
  endfacet
  facet normal  -0.000000e+00  0.000000e+00  1.000000e+00
    outer loop
      vertex -1.549134e+01  2.820922e+01  1.080000e+01
      vertex -1.770866e+01  2.820922e+01  1.080000e+01
      vertex -1.542306e+01  2.798411e+01  1.080000e+01
    endloop
  endfacet
  facet normal  0.000000e+00  0.000000e+00  1.000000e+00
    outer loop
      vertex -1.542306e+01  2.798411e+01  1.080000e+01
      vertex -1.770866e+01  2.820922e+01  1.080000e+01
      vertex -1.777694e+01  2.798411e+01  1.080000e+01
    endloop
  endfacet
  facet normal  -0.000000e+00  0.000000e+00  1.000000e+00
    outer loop
      vertex -1.542306e+01  2.798411e+01  1.080000e+01
      vertex -1.777694e+01  2.798411e+01  1.080000e+01
      vertex -1.540000e+01  2.775000e+01  1.080000e+01
    endloop
  endfacet
  facet normal  0.000000e+00  0.000000e+00  1.000000e+00
    outer loop
      vertex -1.540000e+01  2.775000e+01  1.080000e+01
      vertex -1.777694e+01  2.798411e+01  1.080000e+01
      vertex -1.780000e+01  2.775000e+01  1.080000e+01
    endloop
  endfacet
  facet normal  -0.000000e+00  0.000000e+00  1.000000e+00
    outer loop
      vertex -1.540000e+01  2.775000e+01  1.080000e+01
      vertex -1.780000e+01  2.775000e+01  1.080000e+01
      vertex -1.542306e+01  2.751589e+01  1.080000e+01
    endloop
  endfacet
  facet normal  0.000000e+00  0.000000e+00  1.000000e+00
    outer loop
      vertex -1.542306e+01  2.751589e+01  1.080000e+01
      vertex -1.780000e+01  2.775000e+01  1.080000e+01
      vertex -1.777694e+01  2.751589e+01  1.080000e+01
    endloop
  endfacet
  facet normal  -0.000000e+00  0.000000e+00  1.000000e+00
    outer loop
      vertex -1.542306e+01  2.751589e+01  1.080000e+01
      vertex -1.777694e+01  2.751589e+01  1.080000e+01
      vertex -1.549134e+01  2.729078e+01  1.080000e+01
    endloop
  endfacet
  facet normal  0.000000e+00  0.000000e+00  1.000000e+00
    outer loop
      vertex -1.549134e+01  2.729078e+01  1.080000e+01
      vertex -1.777694e+01  2.751589e+01  1.080000e+01
      vertex -1.770866e+01  2.729078e+01  1.080000e+01
    endloop
  endfacet
  facet normal  -0.000000e+00  0.000000e+00  1.000000e+00
    outer loop
      vertex -1.549134e+01  2.729078e+01  1.080000e+01
      vertex -1.770866e+01  2.729078e+01  1.080000e+01
      vertex -1.560224e+01  2.708331e+01  1.080000e+01
    endloop
  endfacet
  facet normal  0.000000e+00  0.000000e+00  1.000000e+00
    outer loop
      vertex -1.560224e+01  2.708331e+01  1.080000e+01
      vertex -1.770866e+01  2.729078e+01  1.080000e+01
      vertex -1.759776e+01  2.708331e+01  1.080000e+01
    endloop
  endfacet
  facet normal  -0.000000e+00  0.000000e+00  1.000000e+00
    outer loop
      vertex -1.560224e+01  2.708331e+01  1.080000e+01
      vertex -1.759776e+01  2.708331e+01  1.080000e+01
      vertex -1.575147e+01  2.690147e+01  1.080000e+01
    endloop
  endfacet
  facet normal  0.000000e+00  0.000000e+00  1.000000e+00
    outer loop
      vertex -1.575147e+01  2.690147e+01  1.080000e+01
      vertex -1.759776e+01  2.708331e+01  1.080000e+01
      vertex -1.744853e+01  2.690147e+01  1.080000e+01
    endloop
  endfacet
  facet normal  -0.000000e+00  0.000000e+00  1.000000e+00
    outer loop
      vertex -1.575147e+01  2.690147e+01  1.080000e+01
      vertex -1.744853e+01  2.690147e+01  1.080000e+01
      vertex -1.593332e+01  2.675224e+01  1.080000e+01
    endloop
  endfacet
  facet normal  0.000000e+00  0.000000e+00  1.000000e+00
    outer loop
      vertex -1.593332e+01  2.675224e+01  1.080000e+01
      vertex -1.744853e+01  2.690147e+01  1.080000e+01
      vertex -1.726668e+01  2.675224e+01  1.080000e+01
    endloop
  endfacet
  facet normal  -0.000000e+00  0.000000e+00  1.000000e+00
    outer loop
      vertex -1.593332e+01  2.675224e+01  1.080000e+01
      vertex -1.726668e+01  2.675224e+01  1.080000e+01
      vertex -1.614078e+01  2.664134e+01  1.080000e+01
    endloop
  endfacet
  facet normal  0.000000e+00  0.000000e+00  1.000000e+00
    outer loop
      vertex -1.614078e+01  2.664134e+01  1.080000e+01
      vertex -1.726668e+01  2.675224e+01  1.080000e+01
      vertex -1.705922e+01  2.664134e+01  1.080000e+01
    endloop
  endfacet
  facet normal  -0.000000e+00  0.000000e+00  1.000000e+00
    outer loop
      vertex -1.614078e+01  2.664134e+01  1.080000e+01
      vertex -1.705922e+01  2.664134e+01  1.080000e+01
      vertex -1.636589e+01  2.657306e+01  1.080000e+01
    endloop
  endfacet
  facet normal  0.000000e+00  0.000000e+00  1.000000e+00
    outer loop
      vertex -1.636589e+01  2.657306e+01  1.080000e+01
      vertex -1.705922e+01  2.664134e+01  1.080000e+01
      vertex -1.683411e+01  2.657306e+01  1.080000e+01
    endloop
  endfacet
  facet normal  -0.000000e+00  0.000000e+00  1.000000e+00
    outer loop
      vertex -1.636589e+01  2.657306e+01  1.080000e+01
      vertex -1.683411e+01  2.657306e+01  1.080000e+01
      vertex -1.660000e+01  2.655000e+01  1.080000e+01
    endloop
  endfacet
  facet normal -1.000000e+00  0.000000e+00  0.000000e+00
    outer loop
      vertex  3.710000e+01 -2.655000e+01  8.000000e-01
      vertex  3.710000e+01 -2.655000e+01  1.050000e+01
      vertex  3.710000e+01 -2.235000e+01  8.000000e-01
    endloop
  endfacet
  facet normal -1.000000e+00  0.000000e+00  0.000000e+00
    outer loop
      vertex  3.710000e+01 -2.235000e+01  8.000000e-01
      vertex  3.710000e+01 -2.655000e+01  1.050000e+01
      vertex  3.710000e+01 -2.235000e+01  1.050000e+01
    endloop
  endfacet
  facet normal  -0.000000e+00  0.000000e+00 -9.999999e-01
    outer loop
      vertex  3.610000e+01 -2.235000e+01  1.320000e+01
      vertex  3.611728e+01 -2.235000e+01  1.320000e+01
      vertex  3.610000e+01 -2.655000e+01  1.320000e+01
    endloop
  endfacet
  facet normal  0.000000e+00  0.000000e+00 -9.999999e-01
    outer loop
      vertex  3.610000e+01 -2.655000e+01  1.320000e+01
      vertex  3.611728e+01 -2.235000e+01  1.320000e+01
      vertex  3.611728e+01 -2.655000e+01  1.320000e+01
    endloop
  endfacet
  facet normal -9.396926e-01  0.000000e+00 -3.420201e-01
    outer loop
      vertex  3.611728e+01 -2.235000e+01  1.320000e+01
      vertex  3.710000e+01 -2.235000e+01  1.050000e+01
      vertex  3.611728e+01 -2.655000e+01  1.320000e+01
    endloop
  endfacet
  facet normal -9.396926e-01  0.000000e+00 -3.420201e-01
    outer loop
      vertex  3.611728e+01 -2.655000e+01  1.320000e+01
      vertex  3.710000e+01 -2.235000e+01  1.050000e+01
      vertex  3.710000e+01 -2.655000e+01  1.050000e+01
    endloop
  endfacet
  facet normal -1.000000e+00  0.000000e+00  0.000000e+00
    outer loop
      vertex  3.610000e+01 -2.235000e+01  1.320000e+01
      vertex  3.610000e+01 -2.655000e+01  1.320000e+01
      vertex  3.610000e+01 -2.235000e+01  1.520000e+01
    endloop
  endfacet
  facet normal -1.000000e+00  -0.000000e+00  0.000000e+00
    outer loop
      vertex  3.610000e+01 -2.235000e+01  1.520000e+01
      vertex  3.610000e+01 -2.655000e+01  1.320000e+01
      vertex  3.610000e+01 -2.655000e+01  1.520000e+01
    endloop
  endfacet
  facet normal  -0.000000e+00  -0.000000e+00  1.000000e+00
    outer loop
      vertex -1.916294e+01  2.643886e+01  1.520000e+01
      vertex -1.891421e+01  2.613579e+01  1.520000e+01
      vertex -1.861114e+01  2.588706e+01  1.520000e+01
    endloop
  endfacet
  facet normal  -0.000000e+00  -0.000000e+00  1.000000e+00
    outer loop
      vertex -1.916294e+01  2.643886e+01  1.520000e+01
      vertex -1.861114e+01  2.588706e+01  1.520000e+01
      vertex -1.826537e+01  2.570224e+01  1.520000e+01
    endloop
  endfacet
  facet normal  -0.000000e+00  -0.000000e+00  1.000000e+00
    outer loop
      vertex -1.916294e+01  2.643886e+01  1.520000e+01
      vertex -1.826537e+01  2.570224e+01  1.520000e+01
      vertex -1.789018e+01  2.558843e+01  1.520000e+01
    endloop
  endfacet
  facet normal  -0.000000e+00  -0.000000e+00  1.000000e+00
    outer loop
      vertex -1.916294e+01  2.643886e+01  1.520000e+01
      vertex -1.789018e+01  2.558843e+01  1.520000e+01
      vertex -1.750000e+01  2.555000e+01  1.520000e+01
    endloop
  endfacet
  facet normal  0.000000e+00  -0.000000e+00  1.000000e+00
    outer loop
      vertex -1.916294e+01  2.643886e+01  1.520000e+01
      vertex -1.750000e+01  2.555000e+01  1.520000e+01
      vertex -1.570000e+01  2.555000e+01  1.520000e+01
    endloop
  endfacet
  facet normal  0.000000e+00  0.000000e+00  1.000000e+00
    outer loop
      vertex -1.916294e+01  2.643886e+01  1.520000e+01
      vertex -1.570000e+01  2.555000e+01  1.520000e+01
      vertex -1.660000e+01  2.655000e+01  1.520000e+01
    endloop
  endfacet
  facet normal  0.000000e+00  0.000000e+00  1.000000e+00
    outer loop
      vertex -1.916294e+01  2.643886e+01  1.520000e+01
      vertex -1.660000e+01  2.655000e+01  1.520000e+01
      vertex -1.683411e+01  2.657306e+01  1.520000e+01
    endloop
  endfacet
  facet normal  0.000000e+00  0.000000e+00  9.999999e-01
    outer loop
      vertex -1.916294e+01  2.643886e+01  1.520000e+01
      vertex -1.683411e+01  2.657306e+01  1.520000e+01
      vertex -1.705922e+01  2.664134e+01  1.520000e+01
    endloop
  endfacet
  facet normal  0.000000e+00  0.000000e+00  1.000000e+00
    outer loop
      vertex -1.916294e+01  2.643886e+01  1.520000e+01
      vertex -1.705922e+01  2.664134e+01  1.520000e+01
      vertex -1.726668e+01  2.675224e+01  1.520000e+01
    endloop
  endfacet
  facet normal  0.000000e+00  0.000000e+00  1.000000e+00
    outer loop
      vertex -1.916294e+01  2.643886e+01  1.520000e+01
      vertex -1.726668e+01  2.675224e+01  1.520000e+01
      vertex -1.934776e+01  2.678463e+01  1.520000e+01
    endloop
  endfacet
  facet normal  0.000000e+00  -0.000000e+00  1.000000e+00
    outer loop
      vertex -1.660000e+01  2.655000e+01  1.520000e+01
      vertex -1.570000e+01  2.555000e+01  1.520000e+01
      vertex -1.530982e+01  2.558843e+01  1.520000e+01
    endloop
  endfacet
  facet normal  0.000000e+00  -0.000000e+00  1.000000e+00
    outer loop
      vertex -1.660000e+01  2.655000e+01  1.520000e+01
      vertex -1.530982e+01  2.558843e+01  1.520000e+01
      vertex -1.493463e+01  2.570224e+01  1.520000e+01
    endloop
  endfacet
  facet normal  0.000000e+00  -0.000000e+00  1.000000e+00
    outer loop
      vertex -1.660000e+01  2.655000e+01  1.520000e+01
      vertex -1.493463e+01  2.570224e+01  1.520000e+01
      vertex -1.458886e+01  2.588706e+01  1.520000e+01
    endloop
  endfacet
  facet normal  0.000000e+00  -0.000000e+00  1.000000e+00
    outer loop
      vertex -1.660000e+01  2.655000e+01  1.520000e+01
      vertex -1.458886e+01  2.588706e+01  1.520000e+01
      vertex -1.428579e+01  2.613579e+01  1.520000e+01
    endloop
  endfacet
  facet normal  0.000000e+00  -0.000000e+00  1.000000e+00
    outer loop
      vertex -1.660000e+01  2.655000e+01  1.520000e+01
      vertex -1.428579e+01  2.613579e+01  1.520000e+01
      vertex -1.403706e+01  2.643886e+01  1.520000e+01
    endloop
  endfacet
  facet normal  0.000000e+00  -0.000000e+00  1.000000e+00
    outer loop
      vertex -1.660000e+01  2.895000e+01  1.520000e+01
      vertex -1.636589e+01  2.892694e+01  1.520000e+01
      vertex -1.403706e+01  2.906114e+01  1.520000e+01
    endloop
  endfacet
  facet normal  0.000000e+00  0.000000e+00  1.000000e+00
    outer loop
      vertex -1.660000e+01  2.895000e+01  1.520000e+01
      vertex -1.403706e+01  2.906114e+01  1.520000e+01
      vertex -1.428579e+01  2.936421e+01  1.520000e+01
    endloop
  endfacet
  facet normal  0.000000e+00  0.000000e+00  1.000000e+00
    outer loop
      vertex -1.660000e+01  2.895000e+01  1.520000e+01
      vertex -1.428579e+01  2.936421e+01  1.520000e+01
      vertex -1.458886e+01  2.961294e+01  1.520000e+01
    endloop
  endfacet
  facet normal  0.000000e+00  0.000000e+00  1.000000e+00
    outer loop
      vertex -1.660000e+01  2.895000e+01  1.520000e+01
      vertex -1.458886e+01  2.961294e+01  1.520000e+01
      vertex -1.493463e+01  2.979776e+01  1.520000e+01
    endloop
  endfacet
  facet normal  0.000000e+00  0.000000e+00  1.000000e+00
    outer loop
      vertex -1.660000e+01  2.895000e+01  1.520000e+01
      vertex -1.493463e+01  2.979776e+01  1.520000e+01
      vertex -1.530982e+01  2.991157e+01  1.520000e+01
    endloop
  endfacet
  facet normal  0.000000e+00  0.000000e+00  1.000000e+00
    outer loop
      vertex -1.660000e+01  2.895000e+01  1.520000e+01
      vertex -1.530982e+01  2.991157e+01  1.520000e+01
      vertex -1.570000e+01  2.995000e+01  1.520000e+01
    endloop
  endfacet
  facet normal  0.000000e+00  0.000000e+00  1.000000e+00
    outer loop
      vertex -1.660000e+01  2.895000e+01  1.520000e+01
      vertex -1.570000e+01  2.995000e+01  1.520000e+01
      vertex -1.750000e+01  2.995000e+01  1.520000e+01
    endloop
  endfacet
  facet normal  0.000000e+00  0.000000e+00  9.999999e-01
    outer loop
      vertex -1.660000e+01  2.895000e+01  1.520000e+01
      vertex -1.750000e+01  2.995000e+01  1.520000e+01
      vertex -1.789018e+01  2.991157e+01  1.520000e+01
    endloop
  endfacet
  facet normal  0.000000e+00  0.000000e+00  1.000000e+00
    outer loop
      vertex -1.660000e+01  2.895000e+01  1.520000e+01
      vertex -1.789018e+01  2.991157e+01  1.520000e+01
      vertex -1.826537e+01  2.979776e+01  1.520000e+01
    endloop
  endfacet
  facet normal  0.000000e+00  0.000000e+00  1.000000e+00
    outer loop
      vertex -1.660000e+01  2.895000e+01  1.520000e+01
      vertex -1.826537e+01  2.979776e+01  1.520000e+01
      vertex -1.861114e+01  2.961294e+01  1.520000e+01
    endloop
  endfacet
  facet normal  0.000000e+00  0.000000e+00  1.000000e+00
    outer loop
      vertex -1.660000e+01  2.895000e+01  1.520000e+01
      vertex -1.861114e+01  2.961294e+01  1.520000e+01
      vertex -1.891421e+01  2.936421e+01  1.520000e+01
    endloop
  endfacet
  facet normal  0.000000e+00  0.000000e+00  1.000000e+00
    outer loop
      vertex -1.660000e+01  2.895000e+01  1.520000e+01
      vertex -1.891421e+01  2.936421e+01  1.520000e+01
      vertex -1.916294e+01  2.906114e+01  1.520000e+01
    endloop
  endfacet
  facet normal  0.000000e+00  0.000000e+00  1.000000e+00
    outer loop
      vertex -1.660000e+01  2.895000e+01  1.520000e+01
      vertex -1.916294e+01  2.906114e+01  1.520000e+01
      vertex -1.683411e+01  2.892694e+01  1.520000e+01
    endloop
  endfacet
  facet normal  0.000000e+00  0.000000e+00  1.000000e+00
    outer loop
      vertex -1.403706e+01  2.643886e+01  1.520000e+01
      vertex -1.385224e+01  2.678463e+01  1.520000e+01
      vertex -1.593332e+01  2.675224e+01  1.520000e+01
    endloop
  endfacet
  facet normal  0.000000e+00  0.000000e+00  1.000000e+00
    outer loop
      vertex -1.403706e+01  2.643886e+01  1.520000e+01
      vertex -1.593332e+01  2.675224e+01  1.520000e+01
      vertex -1.614078e+01  2.664134e+01  1.520000e+01
    endloop
  endfacet
  facet normal  0.000000e+00  0.000000e+00  1.000000e+00
    outer loop
      vertex -1.403706e+01  2.643886e+01  1.520000e+01
      vertex -1.614078e+01  2.664134e+01  1.520000e+01
      vertex -1.636589e+01  2.657306e+01  1.520000e+01
    endloop
  endfacet
  facet normal  0.000000e+00  0.000000e+00  1.000000e+00
    outer loop
      vertex -1.403706e+01  2.643886e+01  1.520000e+01
      vertex -1.636589e+01  2.657306e+01  1.520000e+01
      vertex -1.660000e+01  2.655000e+01  1.520000e+01
    endloop
  endfacet
  facet normal  0.000000e+00  0.000000e+00  9.999999e-01
    outer loop
      vertex -1.683411e+01  2.892694e+01  1.520000e+01
      vertex -1.916294e+01  2.906114e+01  1.520000e+01
      vertex -1.705922e+01  2.885866e+01  1.520000e+01
    endloop
  endfacet
  facet normal  0.000000e+00  0.000000e+00  1.000000e+00
    outer loop
      vertex -1.705922e+01  2.885866e+01  1.520000e+01
      vertex -1.916294e+01  2.906114e+01  1.520000e+01
      vertex -1.934776e+01  2.871537e+01  1.520000e+01
    endloop
  endfacet
  facet normal  0.000000e+00  0.000000e+00  1.000000e+00
    outer loop
      vertex -1.705922e+01  2.885866e+01  1.520000e+01
      vertex -1.934776e+01  2.871537e+01  1.520000e+01
      vertex -1.726668e+01  2.874776e+01  1.520000e+01
    endloop
  endfacet
  facet normal  -0.000000e+00  0.000000e+00  1.000000e+00
    outer loop
      vertex -1.726668e+01  2.874776e+01  1.520000e+01
      vertex -1.934776e+01  2.871537e+01  1.520000e+01
      vertex -1.744853e+01  2.859853e+01  1.520000e+01
    endloop
  endfacet
  facet normal  0.000000e+00  0.000000e+00  1.000000e+00
    outer loop
      vertex -1.744853e+01  2.859853e+01  1.520000e+01
      vertex -1.934776e+01  2.871537e+01  1.520000e+01
      vertex -1.946157e+01  2.834018e+01  1.520000e+01
    endloop
  endfacet
  facet normal  0.000000e+00  0.000000e+00  1.000000e+00
    outer loop
      vertex -1.744853e+01  2.859853e+01  1.520000e+01
      vertex -1.946157e+01  2.834018e+01  1.520000e+01
      vertex -1.759776e+01  2.841669e+01  1.520000e+01
    endloop
  endfacet
  facet normal  -0.000000e+00  0.000000e+00  1.000000e+00
    outer loop
      vertex -1.759776e+01  2.841669e+01  1.520000e+01
      vertex -1.946157e+01  2.834018e+01  1.520000e+01
      vertex -1.770866e+01  2.820922e+01  1.520000e+01
    endloop
  endfacet
  facet normal  0.000000e+00  0.000000e+00  1.000000e+00
    outer loop
      vertex -1.770866e+01  2.820922e+01  1.520000e+01
      vertex -1.946157e+01  2.834018e+01  1.520000e+01
      vertex -1.950000e+01  2.795000e+01  1.520000e+01
    endloop
  endfacet
  facet normal  0.000000e+00  0.000000e+00  1.000000e+00
    outer loop
      vertex -1.770866e+01  2.820922e+01  1.520000e+01
      vertex -1.950000e+01  2.795000e+01  1.520000e+01
      vertex -1.777694e+01  2.798411e+01  1.520000e+01
    endloop
  endfacet
  facet normal  -0.000000e+00  0.000000e+00  1.000000e+00
    outer loop
      vertex -1.777694e+01  2.798411e+01  1.520000e+01
      vertex -1.950000e+01  2.795000e+01  1.520000e+01
      vertex -1.780000e+01  2.775000e+01  1.520000e+01
    endloop
  endfacet
  facet normal  0.000000e+00  0.000000e+00  1.000000e+00
    outer loop
      vertex -1.780000e+01  2.775000e+01  1.520000e+01
      vertex -1.950000e+01  2.795000e+01  1.520000e+01
      vertex -1.950000e+01  2.755000e+01  1.520000e+01
    endloop
  endfacet
  facet normal  -0.000000e+00  0.000000e+00  1.000000e+00
    outer loop
      vertex -1.780000e+01  2.775000e+01  1.520000e+01
      vertex -1.950000e+01  2.755000e+01  1.520000e+01
      vertex -1.777694e+01  2.751589e+01  1.520000e+01
    endloop
  endfacet
  facet normal  0.000000e+00  0.000000e+00  1.000000e+00
    outer loop
      vertex -1.777694e+01  2.751589e+01  1.520000e+01
      vertex -1.950000e+01  2.755000e+01  1.520000e+01
      vertex -1.770866e+01  2.729078e+01  1.520000e+01
    endloop
  endfacet
  facet normal  0.000000e+00  0.000000e+00  1.000000e+00
    outer loop
      vertex -1.770866e+01  2.729078e+01  1.520000e+01
      vertex -1.950000e+01  2.755000e+01  1.520000e+01
      vertex -1.946157e+01  2.715982e+01  1.520000e+01
    endloop
  endfacet
  facet normal  -0.000000e+00  0.000000e+00  1.000000e+00
    outer loop
      vertex -1.770866e+01  2.729078e+01  1.520000e+01
      vertex -1.946157e+01  2.715982e+01  1.520000e+01
      vertex -1.759776e+01  2.708331e+01  1.520000e+01
    endloop
  endfacet
  facet normal  0.000000e+00  0.000000e+00  1.000000e+00
    outer loop
      vertex -1.759776e+01  2.708331e+01  1.520000e+01
      vertex -1.946157e+01  2.715982e+01  1.520000e+01
      vertex -1.744853e+01  2.690147e+01  1.520000e+01
    endloop
  endfacet
  facet normal  0.000000e+00  0.000000e+00  1.000000e+00
    outer loop
      vertex -1.744853e+01  2.690147e+01  1.520000e+01
      vertex -1.946157e+01  2.715982e+01  1.520000e+01
      vertex -1.934776e+01  2.678463e+01  1.520000e+01
    endloop
  endfacet
  facet normal  -0.000000e+00  0.000000e+00  1.000000e+00
    outer loop
      vertex -1.744853e+01  2.690147e+01  1.520000e+01
      vertex -1.934776e+01  2.678463e+01  1.520000e+01
      vertex -1.726668e+01  2.675224e+01  1.520000e+01
    endloop
  endfacet
  facet normal  -0.000000e+00  0.000000e+00  1.000000e+00
    outer loop
      vertex -1.403706e+01  2.906114e+01  1.520000e+01
      vertex -1.636589e+01  2.892694e+01  1.520000e+01
      vertex -1.385224e+01  2.871537e+01  1.520000e+01
    endloop
  endfacet
  facet normal  0.000000e+00  0.000000e+00  1.000000e+00
    outer loop
      vertex -1.385224e+01  2.871537e+01  1.520000e+01
      vertex -1.636589e+01  2.892694e+01  1.520000e+01
      vertex -1.614078e+01  2.885866e+01  1.520000e+01
    endloop
  endfacet
  facet normal  0.000000e+00  0.000000e+00  1.000000e+00
    outer loop
      vertex -1.385224e+01  2.871537e+01  1.520000e+01
      vertex -1.614078e+01  2.885866e+01  1.520000e+01
      vertex -1.593332e+01  2.874776e+01  1.520000e+01
    endloop
  endfacet
  facet normal  0.000000e+00  0.000000e+00  1.000000e+00
    outer loop
      vertex -1.385224e+01  2.871537e+01  1.520000e+01
      vertex -1.593332e+01  2.874776e+01  1.520000e+01
      vertex -1.373843e+01  2.834018e+01  1.520000e+01
    endloop
  endfacet
  facet normal  0.000000e+00  0.000000e+00  1.000000e+00
    outer loop
      vertex -1.373843e+01  2.834018e+01  1.520000e+01
      vertex -1.593332e+01  2.874776e+01  1.520000e+01
      vertex -1.575147e+01  2.859853e+01  1.520000e+01
    endloop
  endfacet
  facet normal  0.000000e+00  0.000000e+00  1.000000e+00
    outer loop
      vertex -1.373843e+01  2.834018e+01  1.520000e+01
      vertex -1.575147e+01  2.859853e+01  1.520000e+01
      vertex -1.560224e+01  2.841669e+01  1.520000e+01
    endloop
  endfacet
  facet normal  0.000000e+00  0.000000e+00  1.000000e+00
    outer loop
      vertex -1.373843e+01  2.834018e+01  1.520000e+01
      vertex -1.560224e+01  2.841669e+01  1.520000e+01
      vertex -1.370000e+01  2.795000e+01  1.520000e+01
    endloop
  endfacet
  facet normal  0.000000e+00  0.000000e+00  1.000000e+00
    outer loop
      vertex -1.370000e+01  2.795000e+01  1.520000e+01
      vertex -1.560224e+01  2.841669e+01  1.520000e+01
      vertex -1.549134e+01  2.820922e+01  1.520000e+01
    endloop
  endfacet
  facet normal  0.000000e+00  0.000000e+00  1.000000e+00
    outer loop
      vertex -1.370000e+01  2.795000e+01  1.520000e+01
      vertex -1.549134e+01  2.820922e+01  1.520000e+01
      vertex -1.542306e+01  2.798411e+01  1.520000e+01
    endloop
  endfacet
  facet normal  0.000000e+00  0.000000e+00  1.000000e+00
    outer loop
      vertex -1.370000e+01  2.795000e+01  1.520000e+01
      vertex -1.542306e+01  2.798411e+01  1.520000e+01
      vertex -1.370000e+01  2.755000e+01  1.520000e+01
    endloop
  endfacet
  facet normal  0.000000e+00  0.000000e+00  1.000000e+00
    outer loop
      vertex -1.370000e+01  2.755000e+01  1.520000e+01
      vertex -1.542306e+01  2.798411e+01  1.520000e+01
      vertex -1.540000e+01  2.775000e+01  1.520000e+01
    endloop
  endfacet
  facet normal  0.000000e+00  0.000000e+00  1.000000e+00
    outer loop
      vertex -1.370000e+01  2.755000e+01  1.520000e+01
      vertex -1.540000e+01  2.775000e+01  1.520000e+01
      vertex -1.542306e+01  2.751589e+01  1.520000e+01
    endloop
  endfacet
  facet normal  -0.000000e+00  0.000000e+00  1.000000e+00
    outer loop
      vertex -1.370000e+01  2.755000e+01  1.520000e+01
      vertex -1.542306e+01  2.751589e+01  1.520000e+01
      vertex -1.373843e+01  2.715982e+01  1.520000e+01
    endloop
  endfacet
  facet normal  0.000000e+00  0.000000e+00  1.000000e+00
    outer loop
      vertex -1.373843e+01  2.715982e+01  1.520000e+01
      vertex -1.542306e+01  2.751589e+01  1.520000e+01
      vertex -1.549134e+01  2.729078e+01  1.520000e+01
    endloop
  endfacet
  facet normal  0.000000e+00  0.000000e+00  1.000000e+00
    outer loop
      vertex -1.373843e+01  2.715982e+01  1.520000e+01
      vertex -1.549134e+01  2.729078e+01  1.520000e+01
      vertex -1.560224e+01  2.708331e+01  1.520000e+01
    endloop
  endfacet
  facet normal  -0.000000e+00  0.000000e+00  1.000000e+00
    outer loop
      vertex -1.373843e+01  2.715982e+01  1.520000e+01
      vertex -1.560224e+01  2.708331e+01  1.520000e+01
      vertex -1.385224e+01  2.678463e+01  1.520000e+01
    endloop
  endfacet
  facet normal  0.000000e+00  0.000000e+00  9.999999e-01
    outer loop
      vertex -1.385224e+01  2.678463e+01  1.520000e+01
      vertex -1.560224e+01  2.708331e+01  1.520000e+01
      vertex -1.575147e+01  2.690147e+01  1.520000e+01
    endloop
  endfacet
  facet normal  0.000000e+00  0.000000e+00  1.000000e+00
    outer loop
      vertex -1.385224e+01  2.678463e+01  1.520000e+01
      vertex -1.575147e+01  2.690147e+01  1.520000e+01
      vertex -1.593332e+01  2.675224e+01  1.520000e+01
    endloop
  endfacet
  facet normal  0.000000e+00  9.999999e-01  0.000000e+00
    outer loop
      vertex -1.750000e+01  2.995000e+01  1.520000e+01
      vertex -1.570000e+01  2.995000e+01  1.520000e+01
      vertex -1.750000e+01  2.995000e+01  8.000000e-01
    endloop
  endfacet
  facet normal  0.000000e+00  9.999999e-01  0.000000e+00
    outer loop
      vertex -1.750000e+01  2.995000e+01  8.000000e-01
      vertex -1.570000e+01  2.995000e+01  1.520000e+01
      vertex -1.570000e+01  2.995000e+01  8.000000e-01
    endloop
  endfacet
  facet normal  -0.000000e+00  -0.000000e+00  1.000000e+00
    outer loop
      vertex  1.403706e+01  2.643886e+01  1.520000e+01
      vertex  1.428579e+01  2.613579e+01  1.520000e+01
      vertex  1.458886e+01  2.588706e+01  1.520000e+01
    endloop
  endfacet
  facet normal  -0.000000e+00  -0.000000e+00  1.000000e+00
    outer loop
      vertex  1.403706e+01  2.643886e+01  1.520000e+01
      vertex  1.458886e+01  2.588706e+01  1.520000e+01
      vertex  1.493463e+01  2.570224e+01  1.520000e+01
    endloop
  endfacet
  facet normal  -0.000000e+00  -0.000000e+00  9.999999e-01
    outer loop
      vertex  1.403706e+01  2.643886e+01  1.520000e+01
      vertex  1.493463e+01  2.570224e+01  1.520000e+01
      vertex  1.530982e+01  2.558843e+01  1.520000e+01
    endloop
  endfacet
  facet normal  -0.000000e+00  -0.000000e+00  1.000000e+00
    outer loop
      vertex  1.403706e+01  2.643886e+01  1.520000e+01
      vertex  1.530982e+01  2.558843e+01  1.520000e+01
      vertex  1.570000e+01  2.555000e+01  1.520000e+01
    endloop
  endfacet
  facet normal  0.000000e+00  -0.000000e+00  1.000000e+00
    outer loop
      vertex  1.403706e+01  2.643886e+01  1.520000e+01
      vertex  1.570000e+01  2.555000e+01  1.520000e+01
      vertex  1.750000e+01  2.555000e+01  1.520000e+01
    endloop
  endfacet
  facet normal  0.000000e+00  0.000000e+00  1.000000e+00
    outer loop
      vertex  1.403706e+01  2.643886e+01  1.520000e+01
      vertex  1.750000e+01  2.555000e+01  1.520000e+01
      vertex  1.660000e+01  2.655000e+01  1.520000e+01
    endloop
  endfacet
  facet normal  0.000000e+00  0.000000e+00  1.000000e+00
    outer loop
      vertex  1.403706e+01  2.643886e+01  1.520000e+01
      vertex  1.660000e+01  2.655000e+01  1.520000e+01
      vertex  1.636589e+01  2.657306e+01  1.520000e+01
    endloop
  endfacet
  facet normal  0.000000e+00  0.000000e+00  1.000000e+00
    outer loop
      vertex  1.403706e+01  2.643886e+01  1.520000e+01
      vertex  1.636589e+01  2.657306e+01  1.520000e+01
      vertex  1.614078e+01  2.664134e+01  1.520000e+01
    endloop
  endfacet
  facet normal  0.000000e+00  0.000000e+00  1.000000e+00
    outer loop
      vertex  1.403706e+01  2.643886e+01  1.520000e+01
      vertex  1.614078e+01  2.664134e+01  1.520000e+01
      vertex  1.593332e+01  2.675224e+01  1.520000e+01
    endloop
  endfacet
  facet normal  0.000000e+00  0.000000e+00  1.000000e+00
    outer loop
      vertex  1.403706e+01  2.643886e+01  1.520000e+01
      vertex  1.593332e+01  2.675224e+01  1.520000e+01
      vertex  1.385224e+01  2.678463e+01  1.520000e+01
    endloop
  endfacet
  facet normal  0.000000e+00  -0.000000e+00  9.999999e-01
    outer loop
      vertex  1.660000e+01  2.655000e+01  1.520000e+01
      vertex  1.750000e+01  2.555000e+01  1.520000e+01
      vertex  1.789018e+01  2.558843e+01  1.520000e+01
    endloop
  endfacet
  facet normal  0.000000e+00  -0.000000e+00  1.000000e+00
    outer loop
      vertex  1.660000e+01  2.655000e+01  1.520000e+01
      vertex  1.789018e+01  2.558843e+01  1.520000e+01
      vertex  1.826537e+01  2.570224e+01  1.520000e+01
    endloop
  endfacet
  facet normal  0.000000e+00  -0.000000e+00  1.000000e+00
    outer loop
      vertex  1.660000e+01  2.655000e+01  1.520000e+01
      vertex  1.826537e+01  2.570224e+01  1.520000e+01
      vertex  1.861114e+01  2.588706e+01  1.520000e+01
    endloop
  endfacet
  facet normal  0.000000e+00  -0.000000e+00  1.000000e+00
    outer loop
      vertex  1.660000e+01  2.655000e+01  1.520000e+01
      vertex  1.861114e+01  2.588706e+01  1.520000e+01
      vertex  1.891421e+01  2.613579e+01  1.520000e+01
    endloop
  endfacet
  facet normal  0.000000e+00  -0.000000e+00  1.000000e+00
    outer loop
      vertex  1.660000e+01  2.655000e+01  1.520000e+01
      vertex  1.891421e+01  2.613579e+01  1.520000e+01
      vertex  1.916294e+01  2.643886e+01  1.520000e+01
    endloop
  endfacet
  facet normal  0.000000e+00  -0.000000e+00  1.000000e+00
    outer loop
      vertex  1.660000e+01  2.895000e+01  1.520000e+01
      vertex  1.683411e+01  2.892694e+01  1.520000e+01
      vertex  1.916294e+01  2.906114e+01  1.520000e+01
    endloop
  endfacet
  facet normal  0.000000e+00  0.000000e+00  1.000000e+00
    outer loop
      vertex  1.660000e+01  2.895000e+01  1.520000e+01
      vertex  1.916294e+01  2.906114e+01  1.520000e+01
      vertex  1.891421e+01  2.936421e+01  1.520000e+01
    endloop
  endfacet
  facet normal  0.000000e+00  0.000000e+00  1.000000e+00
    outer loop
      vertex  1.660000e+01  2.895000e+01  1.520000e+01
      vertex  1.891421e+01  2.936421e+01  1.520000e+01
      vertex  1.861114e+01  2.961294e+01  1.520000e+01
    endloop
  endfacet
  facet normal  0.000000e+00  0.000000e+00  1.000000e+00
    outer loop
      vertex  1.660000e+01  2.895000e+01  1.520000e+01
      vertex  1.861114e+01  2.961294e+01  1.520000e+01
      vertex  1.826537e+01  2.979776e+01  1.520000e+01
    endloop
  endfacet
  facet normal  0.000000e+00  0.000000e+00  1.000000e+00
    outer loop
      vertex  1.660000e+01  2.895000e+01  1.520000e+01
      vertex  1.826537e+01  2.979776e+01  1.520000e+01
      vertex  1.789018e+01  2.991157e+01  1.520000e+01
    endloop
  endfacet
  facet normal  0.000000e+00  0.000000e+00  9.999999e-01
    outer loop
      vertex  1.660000e+01  2.895000e+01  1.520000e+01
      vertex  1.789018e+01  2.991157e+01  1.520000e+01
      vertex  1.750000e+01  2.995000e+01  1.520000e+01
    endloop
  endfacet
  facet normal  0.000000e+00  0.000000e+00  1.000000e+00
    outer loop
      vertex  1.660000e+01  2.895000e+01  1.520000e+01
      vertex  1.750000e+01  2.995000e+01  1.520000e+01
      vertex  1.570000e+01  2.995000e+01  1.520000e+01
    endloop
  endfacet
  facet normal  0.000000e+00  0.000000e+00  1.000000e+00
    outer loop
      vertex  1.660000e+01  2.895000e+01  1.520000e+01
      vertex  1.570000e+01  2.995000e+01  1.520000e+01
      vertex  1.530982e+01  2.991157e+01  1.520000e+01
    endloop
  endfacet
  facet normal  0.000000e+00  0.000000e+00  1.000000e+00
    outer loop
      vertex  1.660000e+01  2.895000e+01  1.520000e+01
      vertex  1.530982e+01  2.991157e+01  1.520000e+01
      vertex  1.493463e+01  2.979776e+01  1.520000e+01
    endloop
  endfacet
  facet normal  0.000000e+00  0.000000e+00  1.000000e+00
    outer loop
      vertex  1.660000e+01  2.895000e+01  1.520000e+01
      vertex  1.493463e+01  2.979776e+01  1.520000e+01
      vertex  1.458886e+01  2.961294e+01  1.520000e+01
    endloop
  endfacet
  facet normal  0.000000e+00  0.000000e+00  1.000000e+00
    outer loop
      vertex  1.660000e+01  2.895000e+01  1.520000e+01
      vertex  1.458886e+01  2.961294e+01  1.520000e+01
      vertex  1.428579e+01  2.936421e+01  1.520000e+01
    endloop
  endfacet
  facet normal  0.000000e+00  0.000000e+00  1.000000e+00
    outer loop
      vertex  1.660000e+01  2.895000e+01  1.520000e+01
      vertex  1.428579e+01  2.936421e+01  1.520000e+01
      vertex  1.403706e+01  2.906114e+01  1.520000e+01
    endloop
  endfacet
  facet normal  0.000000e+00  0.000000e+00  1.000000e+00
    outer loop
      vertex  1.660000e+01  2.895000e+01  1.520000e+01
      vertex  1.403706e+01  2.906114e+01  1.520000e+01
      vertex  1.636589e+01  2.892694e+01  1.520000e+01
    endloop
  endfacet
  facet normal  0.000000e+00  0.000000e+00  1.000000e+00
    outer loop
      vertex  1.916294e+01  2.643886e+01  1.520000e+01
      vertex  1.934776e+01  2.678463e+01  1.520000e+01
      vertex  1.726668e+01  2.675224e+01  1.520000e+01
    endloop
  endfacet
  facet normal  0.000000e+00  0.000000e+00  1.000000e+00
    outer loop
      vertex  1.916294e+01  2.643886e+01  1.520000e+01
      vertex  1.726668e+01  2.675224e+01  1.520000e+01
      vertex  1.705922e+01  2.664134e+01  1.520000e+01
    endloop
  endfacet
  facet normal  0.000000e+00  0.000000e+00  9.999999e-01
    outer loop
      vertex  1.916294e+01  2.643886e+01  1.520000e+01
      vertex  1.705922e+01  2.664134e+01  1.520000e+01
      vertex  1.683411e+01  2.657306e+01  1.520000e+01
    endloop
  endfacet
  facet normal  0.000000e+00  0.000000e+00  1.000000e+00
    outer loop
      vertex  1.916294e+01  2.643886e+01  1.520000e+01
      vertex  1.683411e+01  2.657306e+01  1.520000e+01
      vertex  1.660000e+01  2.655000e+01  1.520000e+01
    endloop
  endfacet
  facet normal  0.000000e+00  0.000000e+00  1.000000e+00
    outer loop
      vertex  1.636589e+01  2.892694e+01  1.520000e+01
      vertex  1.403706e+01  2.906114e+01  1.520000e+01
      vertex  1.614078e+01  2.885866e+01  1.520000e+01
    endloop
  endfacet
  facet normal  0.000000e+00  0.000000e+00  9.999999e-01
    outer loop
      vertex  1.614078e+01  2.885866e+01  1.520000e+01
      vertex  1.403706e+01  2.906114e+01  1.520000e+01
      vertex  1.385224e+01  2.871537e+01  1.520000e+01
    endloop
  endfacet
  facet normal  0.000000e+00  0.000000e+00  1.000000e+00
    outer loop
      vertex  1.614078e+01  2.885866e+01  1.520000e+01
      vertex  1.385224e+01  2.871537e+01  1.520000e+01
      vertex  1.593332e+01  2.874776e+01  1.520000e+01
    endloop
  endfacet
  facet normal  -0.000000e+00  0.000000e+00  1.000000e+00
    outer loop
      vertex  1.593332e+01  2.874776e+01  1.520000e+01
      vertex  1.385224e+01  2.871537e+01  1.520000e+01
      vertex  1.575147e+01  2.859853e+01  1.520000e+01
    endloop
  endfacet
  facet normal  0.000000e+00  0.000000e+00  1.000000e+00
    outer loop
      vertex  1.575147e+01  2.859853e+01  1.520000e+01
      vertex  1.385224e+01  2.871537e+01  1.520000e+01
      vertex  1.373843e+01  2.834018e+01  1.520000e+01
    endloop
  endfacet
  facet normal  0.000000e+00  0.000000e+00  1.000000e+00
    outer loop
      vertex  1.575147e+01  2.859853e+01  1.520000e+01
      vertex  1.373843e+01  2.834018e+01  1.520000e+01
      vertex  1.560224e+01  2.841669e+01  1.520000e+01
    endloop
  endfacet
  facet normal  -0.000000e+00  0.000000e+00  1.000000e+00
    outer loop
      vertex  1.560224e+01  2.841669e+01  1.520000e+01
      vertex  1.373843e+01  2.834018e+01  1.520000e+01
      vertex  1.549134e+01  2.820922e+01  1.520000e+01
    endloop
  endfacet
  facet normal  0.000000e+00  0.000000e+00  1.000000e+00
    outer loop
      vertex  1.549134e+01  2.820922e+01  1.520000e+01
      vertex  1.373843e+01  2.834018e+01  1.520000e+01
      vertex  1.370000e+01  2.795000e+01  1.520000e+01
    endloop
  endfacet
  facet normal  0.000000e+00  0.000000e+00  1.000000e+00
    outer loop
      vertex  1.549134e+01  2.820922e+01  1.520000e+01
      vertex  1.370000e+01  2.795000e+01  1.520000e+01
      vertex  1.542306e+01  2.798411e+01  1.520000e+01
    endloop
  endfacet
  facet normal  -0.000000e+00  0.000000e+00  9.999999e-01
    outer loop
      vertex  1.542306e+01  2.798411e+01  1.520000e+01
      vertex  1.370000e+01  2.795000e+01  1.520000e+01
      vertex  1.540000e+01  2.775000e+01  1.520000e+01
    endloop
  endfacet
  facet normal  0.000000e+00  0.000000e+00  1.000000e+00
    outer loop
      vertex  1.540000e+01  2.775000e+01  1.520000e+01
      vertex  1.370000e+01  2.795000e+01  1.520000e+01
      vertex  1.370000e+01  2.755000e+01  1.520000e+01
    endloop
  endfacet
  facet normal  -0.000000e+00  0.000000e+00  9.999999e-01
    outer loop
      vertex  1.540000e+01  2.775000e+01  1.520000e+01
      vertex  1.370000e+01  2.755000e+01  1.520000e+01
      vertex  1.542306e+01  2.751589e+01  1.520000e+01
    endloop
  endfacet
  facet normal  0.000000e+00  0.000000e+00  1.000000e+00
    outer loop
      vertex  1.542306e+01  2.751589e+01  1.520000e+01
      vertex  1.370000e+01  2.755000e+01  1.520000e+01
      vertex  1.549134e+01  2.729078e+01  1.520000e+01
    endloop
  endfacet
  facet normal  0.000000e+00  0.000000e+00  1.000000e+00
    outer loop
      vertex  1.549134e+01  2.729078e+01  1.520000e+01
      vertex  1.370000e+01  2.755000e+01  1.520000e+01
      vertex  1.373843e+01  2.715982e+01  1.520000e+01
    endloop
  endfacet
  facet normal  -0.000000e+00  0.000000e+00  1.000000e+00
    outer loop
      vertex  1.549134e+01  2.729078e+01  1.520000e+01
      vertex  1.373843e+01  2.715982e+01  1.520000e+01
      vertex  1.560224e+01  2.708331e+01  1.520000e+01
    endloop
  endfacet
  facet normal  0.000000e+00  0.000000e+00  1.000000e+00
    outer loop
      vertex  1.560224e+01  2.708331e+01  1.520000e+01
      vertex  1.373843e+01  2.715982e+01  1.520000e+01
      vertex  1.575147e+01  2.690147e+01  1.520000e+01
    endloop
  endfacet
  facet normal  0.000000e+00  0.000000e+00  1.000000e+00
    outer loop
      vertex  1.575147e+01  2.690147e+01  1.520000e+01
      vertex  1.373843e+01  2.715982e+01  1.520000e+01
      vertex  1.385224e+01  2.678463e+01  1.520000e+01
    endloop
  endfacet
  facet normal  -0.000000e+00  0.000000e+00  1.000000e+00
    outer loop
      vertex  1.575147e+01  2.690147e+01  1.520000e+01
      vertex  1.385224e+01  2.678463e+01  1.520000e+01
      vertex  1.593332e+01  2.675224e+01  1.520000e+01
    endloop
  endfacet
  facet normal  -0.000000e+00  0.000000e+00  9.999999e-01
    outer loop
      vertex  1.916294e+01  2.906114e+01  1.520000e+01
      vertex  1.683411e+01  2.892694e+01  1.520000e+01
      vertex  1.934776e+01  2.871537e+01  1.520000e+01
    endloop
  endfacet
  facet normal  0.000000e+00  0.000000e+00  9.999999e-01
    outer loop
      vertex  1.934776e+01  2.871537e+01  1.520000e+01
      vertex  1.683411e+01  2.892694e+01  1.520000e+01
      vertex  1.705922e+01  2.885866e+01  1.520000e+01
    endloop
  endfacet
  facet normal  0.000000e+00  0.000000e+00  1.000000e+00
    outer loop
      vertex  1.934776e+01  2.871537e+01  1.520000e+01
      vertex  1.705922e+01  2.885866e+01  1.520000e+01
      vertex  1.726668e+01  2.874776e+01  1.520000e+01
    endloop
  endfacet
  facet normal  0.000000e+00  0.000000e+00  9.999999e-01
    outer loop
      vertex  1.934776e+01  2.871537e+01  1.520000e+01
      vertex  1.726668e+01  2.874776e+01  1.520000e+01
      vertex  1.946157e+01  2.834018e+01  1.520000e+01
    endloop
  endfacet
  facet normal  0.000000e+00  0.000000e+00  1.000000e+00
    outer loop
      vertex  1.946157e+01  2.834018e+01  1.520000e+01
      vertex  1.726668e+01  2.874776e+01  1.520000e+01
      vertex  1.744853e+01  2.859853e+01  1.520000e+01
    endloop
  endfacet
  facet normal  0.000000e+00  0.000000e+00  1.000000e+00
    outer loop
      vertex  1.946157e+01  2.834018e+01  1.520000e+01
      vertex  1.744853e+01  2.859853e+01  1.520000e+01
      vertex  1.759776e+01  2.841669e+01  1.520000e+01
    endloop
  endfacet
  facet normal  0.000000e+00  0.000000e+00  1.000000e+00
    outer loop
      vertex  1.946157e+01  2.834018e+01  1.520000e+01
      vertex  1.759776e+01  2.841669e+01  1.520000e+01
      vertex  1.950000e+01  2.795000e+01  1.520000e+01
    endloop
  endfacet
  facet normal  0.000000e+00  0.000000e+00  1.000000e+00
    outer loop
      vertex  1.950000e+01  2.795000e+01  1.520000e+01
      vertex  1.759776e+01  2.841669e+01  1.520000e+01
      vertex  1.770866e+01  2.820922e+01  1.520000e+01
    endloop
  endfacet
  facet normal  0.000000e+00  0.000000e+00  1.000000e+00
    outer loop
      vertex  1.950000e+01  2.795000e+01  1.520000e+01
      vertex  1.770866e+01  2.820922e+01  1.520000e+01
      vertex  1.777694e+01  2.798411e+01  1.520000e+01
    endloop
  endfacet
  facet normal  0.000000e+00  0.000000e+00  1.000000e+00
    outer loop
      vertex  1.950000e+01  2.795000e+01  1.520000e+01
      vertex  1.777694e+01  2.798411e+01  1.520000e+01
      vertex  1.950000e+01  2.755000e+01  1.520000e+01
    endloop
  endfacet
  facet normal  0.000000e+00  0.000000e+00  1.000000e+00
    outer loop
      vertex  1.950000e+01  2.755000e+01  1.520000e+01
      vertex  1.777694e+01  2.798411e+01  1.520000e+01
      vertex  1.780000e+01  2.775000e+01  1.520000e+01
    endloop
  endfacet
  facet normal  0.000000e+00  0.000000e+00  1.000000e+00
    outer loop
      vertex  1.950000e+01  2.755000e+01  1.520000e+01
      vertex  1.780000e+01  2.775000e+01  1.520000e+01
      vertex  1.777694e+01  2.751589e+01  1.520000e+01
    endloop
  endfacet
  facet normal  -0.000000e+00  0.000000e+00  1.000000e+00
    outer loop
      vertex  1.950000e+01  2.755000e+01  1.520000e+01
      vertex  1.777694e+01  2.751589e+01  1.520000e+01
      vertex  1.946157e+01  2.715982e+01  1.520000e+01
    endloop
  endfacet
  facet normal  0.000000e+00  0.000000e+00  1.000000e+00
    outer loop
      vertex  1.946157e+01  2.715982e+01  1.520000e+01
      vertex  1.777694e+01  2.751589e+01  1.520000e+01
      vertex  1.770866e+01  2.729078e+01  1.520000e+01
    endloop
  endfacet
  facet normal  0.000000e+00  0.000000e+00  1.000000e+00
    outer loop
      vertex  1.946157e+01  2.715982e+01  1.520000e+01
      vertex  1.770866e+01  2.729078e+01  1.520000e+01
      vertex  1.759776e+01  2.708331e+01  1.520000e+01
    endloop
  endfacet
  facet normal  -0.000000e+00  0.000000e+00  1.000000e+00
    outer loop
      vertex  1.946157e+01  2.715982e+01  1.520000e+01
      vertex  1.759776e+01  2.708331e+01  1.520000e+01
      vertex  1.934776e+01  2.678463e+01  1.520000e+01
    endloop
  endfacet
  facet normal  0.000000e+00  0.000000e+00  9.999999e-01
    outer loop
      vertex  1.934776e+01  2.678463e+01  1.520000e+01
      vertex  1.759776e+01  2.708331e+01  1.520000e+01
      vertex  1.744853e+01  2.690147e+01  1.520000e+01
    endloop
  endfacet
  facet normal  0.000000e+00  0.000000e+00  1.000000e+00
    outer loop
      vertex  1.934776e+01  2.678463e+01  1.520000e+01
      vertex  1.744853e+01  2.690147e+01  1.520000e+01
      vertex  1.726668e+01  2.675224e+01  1.520000e+01
    endloop
  endfacet
  facet normal  0.000000e+00  9.999999e-01  0.000000e+00
    outer loop
      vertex  1.570000e+01  2.995000e+01  1.520000e+01
      vertex  1.750000e+01  2.995000e+01  1.520000e+01
      vertex  1.570000e+01  2.995000e+01  8.000000e-01
    endloop
  endfacet
  facet normal  0.000000e+00  9.999999e-01  0.000000e+00
    outer loop
      vertex  1.570000e+01  2.995000e+01  8.000000e-01
      vertex  1.750000e+01  2.995000e+01  1.520000e+01
      vertex  1.750000e+01  2.995000e+01  8.000000e-01
    endloop
  endfacet
  facet normal  0.000000e+00 -9.999999e-01  0.000000e+00
    outer loop
      vertex  1.750000e+01  2.555000e+01  1.520000e+01
      vertex  1.570000e+01  2.555000e+01  1.520000e+01
      vertex  1.750000e+01  2.555000e+01  8.000000e-01
    endloop
  endfacet
  facet normal  0.000000e+00 -9.999999e-01  0.000000e+00
    outer loop
      vertex  1.750000e+01  2.555000e+01  8.000000e-01
      vertex  1.570000e+01  2.555000e+01  1.520000e+01
      vertex  1.570000e+01  2.555000e+01  8.000000e-01
    endloop
  endfacet
  facet normal  0.000000e+00 -9.999999e-01  0.000000e+00
    outer loop
      vertex -1.570000e+01  2.555000e+01  1.520000e+01
      vertex -1.750000e+01  2.555000e+01  1.520000e+01
      vertex -1.570000e+01  2.555000e+01  8.000000e-01
    endloop
  endfacet
  facet normal  0.000000e+00 -9.999999e-01  0.000000e+00
    outer loop
      vertex -1.570000e+01  2.555000e+01  8.000000e-01
      vertex -1.750000e+01  2.555000e+01  1.520000e+01
      vertex -1.750000e+01  2.555000e+01  8.000000e-01
    endloop
  endfacet
  facet normal  0.000000e+00  1.000000e+00  -0.000000e+00
    outer loop
      vertex  4.250000e+01  8.500000e+00  3.300000e+00
      vertex  3.850000e+01  8.500000e+00  3.300000e+00
      vertex  3.620000e+01  8.500000e+00  5.700000e+00
    endloop
  endfacet
  facet normal  -0.000000e+00  1.000000e+00  0.000000e+00
    outer loop
      vertex  4.250000e+01  8.500000e+00  3.300000e+00
      vertex  3.620000e+01  8.500000e+00  5.700000e+00
      vertex  3.630000e+01  8.500000e+00  5.700000e+00
    endloop
  endfacet
  facet normal  -0.000000e+00  1.000000e+00  0.000000e+00
    outer loop
      vertex  4.250000e+01  8.500000e+00  3.300000e+00
      vertex  3.630000e+01  8.500000e+00  5.700000e+00
      vertex  3.653411e+01  8.500000e+00  5.723058e+00
    endloop
  endfacet
  facet normal  -0.000000e+00  9.999999e-01  0.000000e+00
    outer loop
      vertex  4.250000e+01  8.500000e+00  3.300000e+00
      vertex  3.653411e+01  8.500000e+00  5.723058e+00
      vertex  3.675922e+01  8.500000e+00  5.791345e+00
    endloop
  endfacet
  facet normal  -0.000000e+00  1.000000e+00  0.000000e+00
    outer loop
      vertex  4.250000e+01  8.500000e+00  3.300000e+00
      vertex  3.675922e+01  8.500000e+00  5.791345e+00
      vertex  3.696668e+01  8.500000e+00  5.902236e+00
    endloop
  endfacet
  facet normal  -0.000000e+00  1.000000e+00  0.000000e+00
    outer loop
      vertex  4.250000e+01  8.500000e+00  3.300000e+00
      vertex  3.696668e+01  8.500000e+00  5.902236e+00
      vertex  3.714853e+01  8.500000e+00  6.051472e+00
    endloop
  endfacet
  facet normal  -0.000000e+00  1.000000e+00  0.000000e+00
    outer loop
      vertex  4.250000e+01  8.500000e+00  3.300000e+00
      vertex  3.714853e+01  8.500000e+00  6.051472e+00
      vertex  3.729776e+01  8.500000e+00  6.233316e+00
    endloop
  endfacet
  facet normal  -0.000000e+00  1.000000e+00  0.000000e+00
    outer loop
      vertex  4.250000e+01  8.500000e+00  3.300000e+00
      vertex  3.729776e+01  8.500000e+00  6.233316e+00
      vertex  3.740866e+01  8.500000e+00  6.440780e+00
    endloop
  endfacet
  facet normal  -0.000000e+00  1.000000e+00  0.000000e+00
    outer loop
      vertex  4.250000e+01  8.500000e+00  3.300000e+00
      vertex  3.740866e+01  8.500000e+00  6.440780e+00
      vertex  3.747694e+01  8.500000e+00  6.665892e+00
    endloop
  endfacet
  facet normal  -0.000000e+00  1.000000e+00  0.000000e+00
    outer loop
      vertex  4.250000e+01  8.500000e+00  3.300000e+00
      vertex  3.747694e+01  8.500000e+00  6.665892e+00
      vertex  3.750000e+01  8.500000e+00  6.900000e+00
    endloop
  endfacet
  facet normal  -0.000000e+00  1.000000e+00  0.000000e+00
    outer loop
      vertex  4.250000e+01  8.500000e+00  3.300000e+00
      vertex  3.750000e+01  8.500000e+00  6.900000e+00
      vertex  3.750000e+01  8.500000e+00  1.520000e+01
    endloop
  endfacet
  facet normal  -0.000000e+00  1.000000e+00  0.000000e+00
    outer loop
      vertex  4.250000e+01  8.500000e+00  3.300000e+00
      vertex  3.750000e+01  8.500000e+00  1.520000e+01
      vertex  4.250000e+01  8.500000e+00  1.520000e+01
    endloop
  endfacet
  facet normal  -0.000000e+00  1.000000e+00  0.000000e+00
    outer loop
      vertex  3.250000e+01  8.500000e+00  3.300000e+00
      vertex  3.250000e+01  8.500000e+00  1.520000e+01
      vertex  3.500000e+01  8.500000e+00  1.520000e+01
    endloop
  endfacet
  facet normal  0.000000e+00  1.000000e+00  0.000000e+00
    outer loop
      vertex  3.250000e+01  8.500000e+00  3.300000e+00
      vertex  3.500000e+01  8.500000e+00  1.520000e+01
      vertex  3.500000e+01  8.500000e+00  6.900000e+00
    endloop
  endfacet
  facet normal  0.000000e+00  1.000000e+00  0.000000e+00
    outer loop
      vertex  3.250000e+01  8.500000e+00  3.300000e+00
      vertex  3.500000e+01  8.500000e+00  6.900000e+00
      vertex  3.502306e+01  8.500000e+00  6.665892e+00
    endloop
  endfacet
  facet normal  0.000000e+00  1.000000e+00  0.000000e+00
    outer loop
      vertex  3.250000e+01  8.500000e+00  3.300000e+00
      vertex  3.502306e+01  8.500000e+00  6.665892e+00
      vertex  3.509134e+01  8.500000e+00  6.440780e+00
    endloop
  endfacet
  facet normal  0.000000e+00  1.000000e+00  0.000000e+00
    outer loop
      vertex  3.250000e+01  8.500000e+00  3.300000e+00
      vertex  3.509134e+01  8.500000e+00  6.440780e+00
      vertex  3.520224e+01  8.500000e+00  6.233316e+00
    endloop
  endfacet
  facet normal  0.000000e+00  1.000000e+00  0.000000e+00
    outer loop
      vertex  3.250000e+01  8.500000e+00  3.300000e+00
      vertex  3.520224e+01  8.500000e+00  6.233316e+00
      vertex  3.535147e+01  8.500000e+00  6.051472e+00
    endloop
  endfacet
  facet normal  0.000000e+00  9.999999e-01  0.000000e+00
    outer loop
      vertex  3.250000e+01  8.500000e+00  3.300000e+00
      vertex  3.535147e+01  8.500000e+00  6.051472e+00
      vertex  3.553332e+01  8.500000e+00  5.902236e+00
    endloop
  endfacet
  facet normal  0.000000e+00  9.999999e-01  0.000000e+00
    outer loop
      vertex  3.250000e+01  8.500000e+00  3.300000e+00
      vertex  3.553332e+01  8.500000e+00  5.902236e+00
      vertex  3.574078e+01  8.500000e+00  5.791345e+00
    endloop
  endfacet
  facet normal  0.000000e+00  1.000000e+00  0.000000e+00
    outer loop
      vertex  3.250000e+01  8.500000e+00  3.300000e+00
      vertex  3.574078e+01  8.500000e+00  5.791345e+00
      vertex  3.596589e+01  8.500000e+00  5.723058e+00
    endloop
  endfacet
  facet normal  0.000000e+00  1.000000e+00  0.000000e+00
    outer loop
      vertex  3.250000e+01  8.500000e+00  3.300000e+00
      vertex  3.596589e+01  8.500000e+00  5.723058e+00
      vertex  3.620000e+01  8.500000e+00  5.700000e+00
    endloop
  endfacet
  facet normal  0.000000e+00  1.000000e+00  0.000000e+00
    outer loop
      vertex  3.250000e+01  8.500000e+00  3.300000e+00
      vertex  3.620000e+01  8.500000e+00  5.700000e+00
      vertex  3.350000e+01  8.500000e+00  3.300000e+00
    endloop
  endfacet
  facet normal  0.000000e+00  1.000000e+00  0.000000e+00
    outer loop
      vertex  3.620000e+01  8.500000e+00  5.700000e+00
      vertex  3.850000e+01  8.500000e+00  3.300000e+00
      vertex  3.350000e+01  8.500000e+00  3.300000e+00
    endloop
  endfacet
  facet normal  -0.000000e+00  1.000000e+00  0.000000e+00
    outer loop
      vertex  3.350000e+01  8.500000e+00  3.300000e+00
      vertex  3.850000e+01  8.500000e+00  3.300000e+00
      vertex  3.850000e+01  8.500000e+00  2.300000e+00
    endloop
  endfacet
  facet normal  0.000000e+00  1.000000e+00  0.000000e+00
    outer loop
      vertex  3.350000e+01  8.500000e+00  3.300000e+00
      vertex  3.850000e+01  8.500000e+00  2.300000e+00
      vertex  3.350000e+01  8.500000e+00  2.300000e+00
    endloop
  endfacet
  facet normal -1.000000e+00  0.000000e+00  0.000000e+00
    outer loop
      vertex  2.150000e+01  5.600000e+00  8.000000e-01
      vertex  2.150000e+01  5.600000e+00  1.800000e+00
      vertex  2.150000e+01  6.600000e+00  8.000000e-01
    endloop
  endfacet
  facet normal -1.000000e+00  0.000000e+00  0.000000e+00
    outer loop
      vertex  2.150000e+01  6.600000e+00  8.000000e-01
      vertex  2.150000e+01  5.600000e+00  1.800000e+00
      vertex  2.150000e+01  6.600000e+00  1.800000e+00
    endloop
  endfacet
  facet normal  1.000000e+00  0.000000e+00  0.000000e+00
    outer loop
      vertex -1.350000e+01  6.600000e+00  8.000000e-01
      vertex -1.350000e+01  6.600000e+00  1.800000e+00
      vertex -1.350000e+01  5.600000e+00  8.000000e-01
    endloop
  endfacet
  facet normal  1.000000e+00  0.000000e+00  0.000000e+00
    outer loop
      vertex -1.350000e+01  5.600000e+00  8.000000e-01
      vertex -1.350000e+01  6.600000e+00  1.800000e+00
      vertex -1.350000e+01  5.600000e+00  1.800000e+00
    endloop
  endfacet
  facet normal  0.000000e+00  1.000000e+00  -0.000000e+00
    outer loop
      vertex  4.170000e+01  6.600000e+00  1.320000e+01
      vertex  4.170000e+01  6.600000e+00  8.000000e-01
      vertex  3.870000e+01  6.600000e+00  1.320000e+01
    endloop
  endfacet
  facet normal  0.000000e+00  1.000000e+00  0.000000e+00
    outer loop
      vertex  3.870000e+01  6.600000e+00  1.320000e+01
      vertex  4.170000e+01  6.600000e+00  8.000000e-01
      vertex  3.870000e+01  6.600000e+00  1.800000e+00
    endloop
  endfacet
  facet normal  0.000000e+00  1.000000e+00  0.000000e+00
    outer loop
      vertex  4.170000e+01  6.600000e+00  8.000000e-01
      vertex  2.150000e+01  6.600000e+00  8.000000e-01
      vertex  3.870000e+01  6.600000e+00  1.800000e+00
    endloop
  endfacet
  facet normal  0.000000e+00  1.000000e+00  0.000000e+00
    outer loop
      vertex  3.870000e+01  6.600000e+00  1.800000e+00
      vertex  2.150000e+01  6.600000e+00  8.000000e-01
      vertex  2.150000e+01  6.600000e+00  1.800000e+00
    endloop
  endfacet
  facet normal  0.000000e+00 -1.000000e+00  0.000000e+00
    outer loop
      vertex  3.870000e+01  5.600000e+00  1.800000e+00
      vertex  2.150000e+01  5.600000e+00  1.800000e+00
      vertex  3.870000e+01  5.600000e+00  8.000000e-01
    endloop
  endfacet
  facet normal  0.000000e+00 -1.000000e+00  0.000000e+00
    outer loop
      vertex  3.870000e+01  5.600000e+00  8.000000e-01
      vertex  2.150000e+01  5.600000e+00  1.800000e+00
      vertex  2.150000e+01  5.600000e+00  8.000000e-01
    endloop
  endfacet
  facet normal  0.000000e+00 -1.000000e+00  0.000000e+00
    outer loop
      vertex -1.350000e+01  5.600000e+00  1.800000e+00
      vertex -2.870000e+01  5.600000e+00  1.800000e+00
      vertex -1.350000e+01  5.600000e+00  8.000000e-01
    endloop
  endfacet
  facet normal  0.000000e+00 -1.000000e+00  0.000000e+00
    outer loop
      vertex -1.350000e+01  5.600000e+00  8.000000e-01
      vertex -2.870000e+01  5.600000e+00  1.800000e+00
      vertex -2.870000e+01  5.600000e+00  8.000000e-01
    endloop
  endfacet
  facet normal  0.000000e+00  0.000000e+00  1.000000e+00
    outer loop
      vertex  2.150000e+01  5.600000e+00  1.800000e+00
      vertex  3.870000e+01  5.600000e+00  1.800000e+00
      vertex  2.150000e+01  6.600000e+00  1.800000e+00
    endloop
  endfacet
  facet normal  -0.000000e+00  0.000000e+00  1.000000e+00
    outer loop
      vertex  2.150000e+01  6.600000e+00  1.800000e+00
      vertex  3.870000e+01  5.600000e+00  1.800000e+00
      vertex  3.870000e+01  6.600000e+00  1.800000e+00
    endloop
  endfacet
  facet normal  0.000000e+00  0.000000e+00  1.000000e+00
    outer loop
      vertex  2.060000e+01  3.365000e+01  1.000000e+00
      vertex  2.170000e+01  3.365000e+01  1.000000e+00
      vertex  2.060000e+01  3.425000e+01  1.000000e+00
    endloop
  endfacet
  facet normal  -0.000000e+00  0.000000e+00  1.000000e+00
    outer loop
      vertex  2.060000e+01  3.425000e+01  1.000000e+00
      vertex  2.170000e+01  3.365000e+01  1.000000e+00
      vertex  2.170000e+01  3.425000e+01  1.000000e+00
    endloop
  endfacet
  facet normal  0.000000e+00  0.000000e+00  1.000000e+00
    outer loop
      vertex -2.170000e+01  3.365000e+01  1.000000e+00
      vertex -2.060000e+01  3.365000e+01  1.000000e+00
      vertex -2.170000e+01  3.425000e+01  1.000000e+00
    endloop
  endfacet
  facet normal  -0.000000e+00  0.000000e+00  1.000000e+00
    outer loop
      vertex -2.170000e+01  3.425000e+01  1.000000e+00
      vertex -2.060000e+01  3.365000e+01  1.000000e+00
      vertex -2.060000e+01  3.425000e+01  1.000000e+00
    endloop
  endfacet
  facet normal  0.000000e+00 -1.000000e+00  0.000000e+00
    outer loop
      vertex -2.170000e+01  3.425000e+01  1.520000e+01
      vertex -2.170000e+01  3.425000e+01  1.000000e+00
      vertex -2.060000e+01  3.425000e+01  1.520000e+01
    endloop
  endfacet
  facet normal  0.000000e+00 -1.000000e+00  -0.000000e+00
    outer loop
      vertex -2.060000e+01  3.425000e+01  1.520000e+01
      vertex -2.170000e+01  3.425000e+01  1.000000e+00
      vertex -2.060000e+01  3.425000e+01  1.000000e+00
    endloop
  endfacet
  facet normal  0.000000e+00 -1.000000e+00  0.000000e+00
    outer loop
      vertex  2.060000e+01  3.425000e+01  1.520000e+01
      vertex  2.060000e+01  3.425000e+01  1.000000e+00
      vertex  2.170000e+01  3.425000e+01  1.520000e+01
    endloop
  endfacet
  facet normal  0.000000e+00 -1.000000e+00  -0.000000e+00
    outer loop
      vertex  2.170000e+01  3.425000e+01  1.520000e+01
      vertex  2.060000e+01  3.425000e+01  1.000000e+00
      vertex  2.170000e+01  3.425000e+01  1.000000e+00
    endloop
  endfacet
  facet normal  -0.000000e+00 -1.000000e+00  -0.000000e+00
    outer loop
      vertex  4.170000e+01  7.700000e+00  8.000000e-01
      vertex  4.170000e+01  7.700000e+00  1.520000e+01
      vertex  3.750000e+01  7.700000e+00  1.520000e+01
    endloop
  endfacet
  facet normal  0.000000e+00 -1.000000e+00  0.000000e+00
    outer loop
      vertex  4.170000e+01  7.700000e+00  8.000000e-01
      vertex  3.750000e+01  7.700000e+00  1.520000e+01
      vertex  3.750000e+01  7.700000e+00  6.900000e+00
    endloop
  endfacet
  facet normal  0.000000e+00 -1.000000e+00  -0.000000e+00
    outer loop
      vertex  4.170000e+01  7.700000e+00  8.000000e-01
      vertex  3.750000e+01  7.700000e+00  6.900000e+00
      vertex  3.747694e+01  7.700000e+00  6.665892e+00
    endloop
  endfacet
  facet normal  0.000000e+00 -1.000000e+00  -0.000000e+00
    outer loop
      vertex  4.170000e+01  7.700000e+00  8.000000e-01
      vertex  3.747694e+01  7.700000e+00  6.665892e+00
      vertex  3.740866e+01  7.700000e+00  6.440780e+00
    endloop
  endfacet
  facet normal  0.000000e+00 -1.000000e+00  -0.000000e+00
    outer loop
      vertex  4.170000e+01  7.700000e+00  8.000000e-01
      vertex  3.740866e+01  7.700000e+00  6.440780e+00
      vertex  3.729776e+01  7.700000e+00  6.233316e+00
    endloop
  endfacet
  facet normal  0.000000e+00 -9.999999e-01  -0.000000e+00
    outer loop
      vertex  4.170000e+01  7.700000e+00  8.000000e-01
      vertex  3.729776e+01  7.700000e+00  6.233316e+00
      vertex  3.714853e+01  7.700000e+00  6.051472e+00
    endloop
  endfacet
  facet normal  0.000000e+00 -9.999999e-01  -0.000000e+00
    outer loop
      vertex  4.170000e+01  7.700000e+00  8.000000e-01
      vertex  3.714853e+01  7.700000e+00  6.051472e+00
      vertex  3.696668e+01  7.700000e+00  5.902236e+00
    endloop
  endfacet
  facet normal  0.000000e+00 -1.000000e+00  -0.000000e+00
    outer loop
      vertex  4.170000e+01  7.700000e+00  8.000000e-01
      vertex  3.696668e+01  7.700000e+00  5.902236e+00
      vertex  3.675922e+01  7.700000e+00  5.791345e+00
    endloop
  endfacet
  facet normal  0.000000e+00 -1.000000e+00  -0.000000e+00
    outer loop
      vertex  4.170000e+01  7.700000e+00  8.000000e-01
      vertex  3.675922e+01  7.700000e+00  5.791345e+00
      vertex  3.653411e+01  7.700000e+00  5.723058e+00
    endloop
  endfacet
  facet normal  0.000000e+00 -1.000000e+00  -0.000000e+00
    outer loop
      vertex  4.170000e+01  7.700000e+00  8.000000e-01
      vertex  3.653411e+01  7.700000e+00  5.723058e+00
      vertex  3.630000e+01  7.700000e+00  5.700000e+00
    endloop
  endfacet
  facet normal  -0.000000e+00 -1.000000e+00  -0.000000e+00
    outer loop
      vertex  4.170000e+01  7.700000e+00  8.000000e-01
      vertex  3.630000e+01  7.700000e+00  5.700000e+00
      vertex  3.620000e+01  7.700000e+00  5.700000e+00
    endloop
  endfacet
  facet normal  -0.000000e+00 -1.000000e+00  -0.000000e+00
    outer loop
      vertex  4.170000e+01  7.700000e+00  8.000000e-01
      vertex  3.620000e+01  7.700000e+00  5.700000e+00
      vertex  3.596589e+01  7.700000e+00  5.723058e+00
    endloop
  endfacet
  facet normal  -0.000000e+00 -1.000000e+00  -0.000000e+00
    outer loop
      vertex  4.170000e+01  7.700000e+00  8.000000e-01
      vertex  3.596589e+01  7.700000e+00  5.723058e+00
      vertex  3.574078e+01  7.700000e+00  5.791345e+00
    endloop
  endfacet
  facet normal  -0.000000e+00 -1.000000e+00  -0.000000e+00
    outer loop
      vertex  4.170000e+01  7.700000e+00  8.000000e-01
      vertex  3.574078e+01  7.700000e+00  5.791345e+00
      vertex  3.553332e+01  7.700000e+00  5.902236e+00
    endloop
  endfacet
  facet normal  0.000000e+00 -1.000000e+00  0.000000e+00
    outer loop
      vertex  3.170000e+01  7.700000e+00  8.000000e-01
      vertex  4.170000e+01  7.700000e+00  8.000000e-01
      vertex  3.553332e+01  7.700000e+00  5.902236e+00
    endloop
  endfacet
  facet normal  -0.000000e+00 -1.000000e+00  0.000000e+00
    outer loop
      vertex  3.170000e+01  7.700000e+00  8.000000e-01
      vertex  3.553332e+01  7.700000e+00  5.902236e+00
      vertex  3.535147e+01  7.700000e+00  6.051472e+00
    endloop
  endfacet
  facet normal  -0.000000e+00 -1.000000e+00  0.000000e+00
    outer loop
      vertex  3.170000e+01  7.700000e+00  8.000000e-01
      vertex  3.535147e+01  7.700000e+00  6.051472e+00
      vertex  3.520224e+01  7.700000e+00  6.233316e+00
    endloop
  endfacet
  facet normal  -0.000000e+00 -9.999999e-01  0.000000e+00
    outer loop
      vertex  3.170000e+01  7.700000e+00  8.000000e-01
      vertex  3.520224e+01  7.700000e+00  6.233316e+00
      vertex  3.509134e+01  7.700000e+00  6.440780e+00
    endloop
  endfacet
  facet normal  -0.000000e+00 -1.000000e+00  0.000000e+00
    outer loop
      vertex  3.170000e+01  7.700000e+00  8.000000e-01
      vertex  3.509134e+01  7.700000e+00  6.440780e+00
      vertex  3.502306e+01  7.700000e+00  6.665892e+00
    endloop
  endfacet
  facet normal  -0.000000e+00 -1.000000e+00  0.000000e+00
    outer loop
      vertex  3.170000e+01  7.700000e+00  8.000000e-01
      vertex  3.502306e+01  7.700000e+00  6.665892e+00
      vertex  3.500000e+01  7.700000e+00  6.900000e+00
    endloop
  endfacet
  facet normal  -0.000000e+00 -1.000000e+00  0.000000e+00
    outer loop
      vertex  3.170000e+01  7.700000e+00  8.000000e-01
      vertex  3.500000e+01  7.700000e+00  6.900000e+00
      vertex  3.500000e+01  7.700000e+00  1.520000e+01
    endloop
  endfacet
  facet normal  -0.000000e+00 -1.000000e+00  0.000000e+00
    outer loop
      vertex  3.170000e+01  7.700000e+00  8.000000e-01
      vertex  3.500000e+01  7.700000e+00  1.520000e+01
      vertex  3.170000e+01  7.700000e+00  1.520000e+01
    endloop
  endfacet
  facet normal -9.999999e-01  -0.000000e+00  0.000000e+00
    outer loop
      vertex  3.750000e+01  7.700000e+00  1.520000e+01
      vertex  3.750000e+01  8.500000e+00  1.520000e+01
      vertex  3.750000e+01  7.700000e+00  6.900000e+00
    endloop
  endfacet
  facet normal -9.999999e-01  0.000000e+00  0.000000e+00
    outer loop
      vertex  3.750000e+01  7.700000e+00  6.900000e+00
      vertex  3.750000e+01  8.500000e+00  1.520000e+01
      vertex  3.750000e+01  8.500000e+00  6.900000e+00
    endloop
  endfacet
  facet normal -6.343873e-01  0.000000e+00  7.730156e-01
    outer loop
      vertex  3.714853e+01  7.700000e+00  6.051472e+00
      vertex  3.696668e+01  8.500000e+00  5.902236e+00
      vertex  3.696668e+01  7.700000e+00  5.902236e+00
    endloop
  endfacet
  facet normal -4.713997e-01  0.000000e+00  8.819196e-01
    outer loop
      vertex  3.696668e+01  7.700000e+00  5.902236e+00
      vertex  3.696668e+01  8.500000e+00  5.902236e+00
      vertex  3.675922e+01  8.500000e+00  5.791345e+00
    endloop
  endfacet
  facet normal -4.713997e-01  0.000000e+00  8.819196e-01
    outer loop
      vertex  3.696668e+01  7.700000e+00  5.902236e+00
      vertex  3.675922e+01  8.500000e+00  5.791345e+00
      vertex  3.675922e+01  7.700000e+00  5.791345e+00
    endloop
  endfacet
  facet normal -2.902833e-01  0.000000e+00  9.569407e-01
    outer loop
      vertex  3.675922e+01  7.700000e+00  5.791345e+00
      vertex  3.675922e+01  8.500000e+00  5.791345e+00
      vertex  3.653411e+01  8.500000e+00  5.723058e+00
    endloop
  endfacet
  facet normal -2.902833e-01  0.000000e+00  9.569407e-01
    outer loop
      vertex  3.675922e+01  7.700000e+00  5.791345e+00
      vertex  3.653411e+01  8.500000e+00  5.723058e+00
      vertex  3.653411e+01  7.700000e+00  5.723058e+00
    endloop
  endfacet
  facet normal -9.801847e-02  0.000000e+00  9.951846e-01
    outer loop
      vertex  3.653411e+01  7.700000e+00  5.723058e+00
      vertex  3.653411e+01  8.500000e+00  5.723058e+00
      vertex  3.630000e+01  8.500000e+00  5.700000e+00
    endloop
  endfacet
  facet normal -9.801847e-02  0.000000e+00  9.951846e-01
    outer loop
      vertex  3.653411e+01  7.700000e+00  5.723058e+00
      vertex  3.630000e+01  8.500000e+00  5.700000e+00
      vertex  3.630000e+01  7.700000e+00  5.700000e+00
    endloop
  endfacet
  facet normal -6.343873e-01  0.000000e+00  7.730156e-01
    outer loop
      vertex  3.696668e+01  8.500000e+00  5.902236e+00
      vertex  3.714853e+01  7.700000e+00  6.051472e+00
      vertex  3.714853e+01  8.500000e+00  6.051472e+00
    endloop
  endfacet
  facet normal -7.730124e-01  0.000000e+00  6.343909e-01
    outer loop
      vertex  3.714853e+01  8.500000e+00  6.051472e+00
      vertex  3.714853e+01  7.700000e+00  6.051472e+00
      vertex  3.729776e+01  7.700000e+00  6.233316e+00
    endloop
  endfacet
  facet normal -7.730124e-01  0.000000e+00  6.343909e-01
    outer loop
      vertex  3.714853e+01  8.500000e+00  6.051472e+00
      vertex  3.729776e+01  7.700000e+00  6.233316e+00
      vertex  3.729776e+01  8.500000e+00  6.233316e+00
    endloop
  endfacet
  facet normal -8.819185e-01  0.000000e+00  4.714020e-01
    outer loop
      vertex  3.729776e+01  8.500000e+00  6.233316e+00
      vertex  3.729776e+01  7.700000e+00  6.233316e+00
      vertex  3.740866e+01  7.700000e+00  6.440780e+00
    endloop
  endfacet
  facet normal -8.819185e-01  0.000000e+00  4.714020e-01
    outer loop
      vertex  3.729776e+01  8.500000e+00  6.233316e+00
      vertex  3.740866e+01  7.700000e+00  6.440780e+00
      vertex  3.740866e+01  8.500000e+00  6.440780e+00
    endloop
  endfacet
  facet normal -9.569404e-01  0.000000e+00  2.902844e-01
    outer loop
      vertex  3.740866e+01  8.500000e+00  6.440780e+00
      vertex  3.740866e+01  7.700000e+00  6.440780e+00
      vertex  3.747694e+01  7.700000e+00  6.665892e+00
    endloop
  endfacet
  facet normal -9.569404e-01  0.000000e+00  2.902844e-01
    outer loop
      vertex  3.740866e+01  8.500000e+00  6.440780e+00
      vertex  3.747694e+01  7.700000e+00  6.665892e+00
      vertex  3.747694e+01  8.500000e+00  6.665892e+00
    endloop
  endfacet
  facet normal -9.951853e-01  0.000000e+00  9.801023e-02
    outer loop
      vertex  3.747694e+01  8.500000e+00  6.665892e+00
      vertex  3.747694e+01  7.700000e+00  6.665892e+00
      vertex  3.750000e+01  7.700000e+00  6.900000e+00
    endloop
  endfacet
  facet normal -9.951853e-01  0.000000e+00  9.801023e-02
    outer loop
      vertex  3.747694e+01  8.500000e+00  6.665892e+00
      vertex  3.750000e+01  7.700000e+00  6.900000e+00
      vertex  3.750000e+01  8.500000e+00  6.900000e+00
    endloop
  endfacet
  facet normal  0.000000e+00  0.000000e+00  1.000000e+00
    outer loop
      vertex  3.620000e+01  7.700000e+00  5.700000e+00
      vertex  3.630000e+01  7.700000e+00  5.700000e+00
      vertex  3.620000e+01  8.500000e+00  5.700000e+00
    endloop
  endfacet
  facet normal  -0.000000e+00  0.000000e+00  1.000000e+00
    outer loop
      vertex  3.620000e+01  8.500000e+00  5.700000e+00
      vertex  3.630000e+01  7.700000e+00  5.700000e+00
      vertex  3.630000e+01  8.500000e+00  5.700000e+00
    endloop
  endfacet
  facet normal  6.343873e-01  -0.000000e+00  7.730156e-01
    outer loop
      vertex  3.535147e+01  8.500000e+00  6.051472e+00
      vertex  3.553332e+01  7.700000e+00  5.902236e+00
      vertex  3.553332e+01  8.500000e+00  5.902236e+00
    endloop
  endfacet
  facet normal  4.713997e-01  0.000000e+00  8.819196e-01
    outer loop
      vertex  3.553332e+01  8.500000e+00  5.902236e+00
      vertex  3.553332e+01  7.700000e+00  5.902236e+00
      vertex  3.574078e+01  7.700000e+00  5.791345e+00
    endloop
  endfacet
  facet normal  4.713997e-01  -0.000000e+00  8.819196e-01
    outer loop
      vertex  3.553332e+01  8.500000e+00  5.902236e+00
      vertex  3.574078e+01  7.700000e+00  5.791345e+00
      vertex  3.574078e+01  8.500000e+00  5.791345e+00
    endloop
  endfacet
  facet normal  2.902833e-01  0.000000e+00  9.569407e-01
    outer loop
      vertex  3.574078e+01  8.500000e+00  5.791345e+00
      vertex  3.574078e+01  7.700000e+00  5.791345e+00
      vertex  3.596589e+01  7.700000e+00  5.723058e+00
    endloop
  endfacet
  facet normal  2.902833e-01  -0.000000e+00  9.569407e-01
    outer loop
      vertex  3.574078e+01  8.500000e+00  5.791345e+00
      vertex  3.596589e+01  7.700000e+00  5.723058e+00
      vertex  3.596589e+01  8.500000e+00  5.723058e+00
    endloop
  endfacet
  facet normal  9.801847e-02  0.000000e+00  9.951846e-01
    outer loop
      vertex  3.596589e+01  8.500000e+00  5.723058e+00
      vertex  3.596589e+01  7.700000e+00  5.723058e+00
      vertex  3.620000e+01  7.700000e+00  5.700000e+00
    endloop
  endfacet
  facet normal  9.801847e-02  -0.000000e+00  9.951846e-01
    outer loop
      vertex  3.596589e+01  8.500000e+00  5.723058e+00
      vertex  3.620000e+01  7.700000e+00  5.700000e+00
      vertex  3.620000e+01  8.500000e+00  5.700000e+00
    endloop
  endfacet
  facet normal  6.343873e-01  0.000000e+00  7.730156e-01
    outer loop
      vertex  3.553332e+01  7.700000e+00  5.902236e+00
      vertex  3.535147e+01  8.500000e+00  6.051472e+00
      vertex  3.535147e+01  7.700000e+00  6.051472e+00
    endloop
  endfacet
  facet normal  7.730124e-01  -0.000000e+00  6.343909e-01
    outer loop
      vertex  3.535147e+01  7.700000e+00  6.051472e+00
      vertex  3.535147e+01  8.500000e+00  6.051472e+00
      vertex  3.520224e+01  8.500000e+00  6.233316e+00
    endloop
  endfacet
  facet normal  7.730124e-01  0.000000e+00  6.343909e-01
    outer loop
      vertex  3.535147e+01  7.700000e+00  6.051472e+00
      vertex  3.520224e+01  8.500000e+00  6.233316e+00
      vertex  3.520224e+01  7.700000e+00  6.233316e+00
    endloop
  endfacet
  facet normal  8.819185e-01  -0.000000e+00  4.714020e-01
    outer loop
      vertex  3.520224e+01  7.700000e+00  6.233316e+00
      vertex  3.520224e+01  8.500000e+00  6.233316e+00
      vertex  3.509134e+01  8.500000e+00  6.440780e+00
    endloop
  endfacet
  facet normal  8.819185e-01  0.000000e+00  4.714020e-01
    outer loop
      vertex  3.520224e+01  7.700000e+00  6.233316e+00
      vertex  3.509134e+01  8.500000e+00  6.440780e+00
      vertex  3.509134e+01  7.700000e+00  6.440780e+00
    endloop
  endfacet
  facet normal  9.569404e-01  -0.000000e+00  2.902844e-01
    outer loop
      vertex  3.509134e+01  7.700000e+00  6.440780e+00
      vertex  3.509134e+01  8.500000e+00  6.440780e+00
      vertex  3.502306e+01  8.500000e+00  6.665892e+00
    endloop
  endfacet
  facet normal  9.569404e-01  0.000000e+00  2.902844e-01
    outer loop
      vertex  3.509134e+01  7.700000e+00  6.440780e+00
      vertex  3.502306e+01  8.500000e+00  6.665892e+00
      vertex  3.502306e+01  7.700000e+00  6.665892e+00
    endloop
  endfacet
  facet normal  9.951853e-01  -0.000000e+00  9.801023e-02
    outer loop
      vertex  3.502306e+01  7.700000e+00  6.665892e+00
      vertex  3.502306e+01  8.500000e+00  6.665892e+00
      vertex  3.500000e+01  8.500000e+00  6.900000e+00
    endloop
  endfacet
  facet normal  9.951853e-01  0.000000e+00  9.801023e-02
    outer loop
      vertex  3.502306e+01  7.700000e+00  6.665892e+00
      vertex  3.500000e+01  8.500000e+00  6.900000e+00
      vertex  3.500000e+01  7.700000e+00  6.900000e+00
    endloop
  endfacet
  facet normal  9.999999e-01  -0.000000e+00  0.000000e+00
    outer loop
      vertex  3.500000e+01  8.500000e+00  1.520000e+01
      vertex  3.500000e+01  7.700000e+00  1.520000e+01
      vertex  3.500000e+01  8.500000e+00  6.900000e+00
    endloop
  endfacet
  facet normal  9.999999e-01  0.000000e+00  0.000000e+00
    outer loop
      vertex  3.500000e+01  8.500000e+00  6.900000e+00
      vertex  3.500000e+01  7.700000e+00  1.520000e+01
      vertex  3.500000e+01  7.700000e+00  6.900000e+00
    endloop
  endfacet
  facet normal -1.000000e+00  0.000000e+00  0.000000e+00
    outer loop
      vertex  3.170000e+01  2.045000e+01  8.000000e-01
      vertex  3.170000e+01  7.700000e+00  8.000000e-01
      vertex  3.170000e+01  2.045000e+01  1.520000e+01
    endloop
  endfacet
  facet normal -1.000000e+00  -0.000000e+00  0.000000e+00
    outer loop
      vertex  3.170000e+01  2.045000e+01  1.520000e+01
      vertex  3.170000e+01  7.700000e+00  8.000000e-01
      vertex  3.170000e+01  7.700000e+00  1.520000e+01
    endloop
  endfacet
  facet normal  -0.000000e+00  0.000000e+00  1.000000e+00
    outer loop
      vertex  3.350000e+01  2.125000e+01  3.300000e+00
      vertex  3.250000e+01  2.125000e+01  3.300000e+00
      vertex  3.350000e+01  8.500000e+00  3.300000e+00
    endloop
  endfacet
  facet normal  0.000000e+00  0.000000e+00  1.000000e+00
    outer loop
      vertex  3.350000e+01  8.500000e+00  3.300000e+00
      vertex  3.250000e+01  2.125000e+01  3.300000e+00
      vertex  3.250000e+01  8.500000e+00  3.300000e+00
    endloop
  endfacet
  facet normal  1.000000e+00  0.000000e+00  0.000000e+00
    outer loop
      vertex  3.350000e+01  2.125000e+01  2.300000e+00
      vertex  3.350000e+01  2.125000e+01  3.300000e+00
      vertex  3.350000e+01  8.500000e+00  2.300000e+00
    endloop
  endfacet
  facet normal  1.000000e+00  0.000000e+00  0.000000e+00
    outer loop
      vertex  3.350000e+01  8.500000e+00  2.300000e+00
      vertex  3.350000e+01  2.125000e+01  3.300000e+00
      vertex  3.350000e+01  8.500000e+00  3.300000e+00
    endloop
  endfacet
  facet normal  -0.000000e+00  0.000000e+00  1.000000e+00
    outer loop
      vertex  3.850000e+01  2.125000e+01  2.300000e+00
      vertex  3.350000e+01  2.125000e+01  2.300000e+00
      vertex  3.850000e+01  8.500000e+00  2.300000e+00
    endloop
  endfacet
  facet normal  0.000000e+00  0.000000e+00  1.000000e+00
    outer loop
      vertex  3.850000e+01  8.500000e+00  2.300000e+00
      vertex  3.350000e+01  2.125000e+01  2.300000e+00
      vertex  3.350000e+01  8.500000e+00  2.300000e+00
    endloop
  endfacet
  facet normal -1.000000e+00  0.000000e+00  0.000000e+00
    outer loop
      vertex  3.850000e+01  2.125000e+01  3.300000e+00
      vertex  3.850000e+01  2.125000e+01  2.300000e+00
      vertex  3.850000e+01  8.500000e+00  3.300000e+00
    endloop
  endfacet
  facet normal -1.000000e+00  0.000000e+00  0.000000e+00
    outer loop
      vertex  3.850000e+01  8.500000e+00  3.300000e+00
      vertex  3.850000e+01  2.125000e+01  2.300000e+00
      vertex  3.850000e+01  8.500000e+00  2.300000e+00
    endloop
  endfacet
  facet normal  1.000000e+00  0.000000e+00  0.000000e+00
    outer loop
      vertex  3.250000e+01  8.500000e+00  3.300000e+00
      vertex  3.250000e+01  2.125000e+01  3.300000e+00
      vertex  3.250000e+01  8.500000e+00  1.520000e+01
    endloop
  endfacet
  facet normal  1.000000e+00  -0.000000e+00  0.000000e+00
    outer loop
      vertex  3.250000e+01  8.500000e+00  1.520000e+01
      vertex  3.250000e+01  2.125000e+01  3.300000e+00
      vertex  3.250000e+01  2.125000e+01  1.520000e+01
    endloop
  endfacet
  facet normal  0.000000e+00 -1.000000e+00  0.000000e+00
    outer loop
      vertex  2.170000e+01  2.045000e+01  1.520000e+01
      vertex  2.170000e+01  2.045000e+01  8.000000e-01
      vertex  3.170000e+01  2.045000e+01  1.520000e+01
    endloop
  endfacet
  facet normal  0.000000e+00 -1.000000e+00  -0.000000e+00
    outer loop
      vertex  3.170000e+01  2.045000e+01  1.520000e+01
      vertex  2.170000e+01  2.045000e+01  8.000000e-01
      vertex  3.170000e+01  2.045000e+01  8.000000e-01
    endloop
  endfacet
  facet normal  0.000000e+00  0.000000e+00  1.000000e+00
    outer loop
      vertex  3.870000e+01  6.600000e+00  1.320000e+01
      vertex  3.870000e+01  3.600000e+00  1.320000e+01
      vertex  4.170000e+01  6.600000e+00  1.320000e+01
    endloop
  endfacet
  facet normal  0.000000e+00  0.000000e+00  1.000000e+00
    outer loop
      vertex  4.170000e+01  6.600000e+00  1.320000e+01
      vertex  3.870000e+01  3.600000e+00  1.320000e+01
      vertex  4.170000e+01  3.600000e+00  1.320000e+01
    endloop
  endfacet
  facet normal -1.000000e+00  0.000000e+00  0.000000e+00
    outer loop
      vertex  3.870000e+01  6.600000e+00  1.320000e+01
      vertex  3.870000e+01  6.600000e+00  1.800000e+00
      vertex  3.870000e+01  3.600000e+00  1.320000e+01
    endloop
  endfacet
  facet normal -1.000000e+00  0.000000e+00  0.000000e+00
    outer loop
      vertex  3.870000e+01  3.600000e+00  1.320000e+01
      vertex  3.870000e+01  6.600000e+00  1.800000e+00
      vertex  3.870000e+01  5.600000e+00  1.800000e+00
    endloop
  endfacet
  facet normal -1.000000e+00  -0.000000e+00  0.000000e+00
    outer loop
      vertex  3.870000e+01  3.600000e+00  1.320000e+01
      vertex  3.870000e+01  5.600000e+00  1.800000e+00
      vertex  3.870000e+01  3.600000e+00  8.000000e-01
    endloop
  endfacet
  facet normal -1.000000e+00  0.000000e+00  0.000000e+00
    outer loop
      vertex  3.870000e+01  3.600000e+00  8.000000e-01
      vertex  3.870000e+01  5.600000e+00  1.800000e+00
      vertex  3.870000e+01  5.600000e+00  8.000000e-01
    endloop
  endfacet
  facet normal  0.000000e+00 -1.000000e+00  0.000000e+00
    outer loop
      vertex  3.870000e+01  3.600000e+00  8.000000e-01
      vertex  4.170000e+01  3.600000e+00  8.000000e-01
      vertex  3.870000e+01  3.600000e+00  1.320000e+01
    endloop
  endfacet
  facet normal  0.000000e+00 -1.000000e+00  0.000000e+00
    outer loop
      vertex  3.870000e+01  3.600000e+00  1.320000e+01
      vertex  4.170000e+01  3.600000e+00  8.000000e-01
      vertex  4.170000e+01  3.600000e+00  1.320000e+01
    endloop
  endfacet
  facet normal  0.000000e+00 -1.000000e+00  -0.000000e+00
    outer loop
      vertex -3.970000e+01  3.600000e+00  8.000000e-01
      vertex -3.970000e+01  3.600000e+00  1.320000e+01
      vertex -4.170000e+01  3.600000e+00  8.000000e-01
    endloop
  endfacet
  facet normal  0.000000e+00 -1.000000e+00  0.000000e+00
    outer loop
      vertex -4.170000e+01  3.600000e+00  8.000000e-01
      vertex -3.970000e+01  3.600000e+00  1.320000e+01
      vertex -4.170000e+01  3.600000e+00  1.320000e+01
    endloop
  endfacet
  facet normal  0.000000e+00  1.000000e+00  0.000000e+00
    outer loop
      vertex -1.320000e+01  8.700000e+00  1.800000e+00
      vertex -1.020000e+01  8.700000e+00  1.800000e+00
      vertex -1.320000e+01  8.700000e+00  8.000000e-01
    endloop
  endfacet
  facet normal  0.000000e+00  1.000000e+00  0.000000e+00
    outer loop
      vertex -1.320000e+01  8.700000e+00  8.000000e-01
      vertex -1.020000e+01  8.700000e+00  1.800000e+00
      vertex -1.020000e+01  8.700000e+00  8.000000e-01
    endloop
  endfacet
  facet normal  1.000000e+00  0.000000e+00  0.000000e+00
    outer loop
      vertex -1.020000e+01  7.700000e+00  8.000000e-01
      vertex -1.020000e+01  8.700000e+00  8.000000e-01
      vertex -1.020000e+01  7.700000e+00  1.800000e+00
    endloop
  endfacet
  facet normal  1.000000e+00  -0.000000e+00  0.000000e+00
    outer loop
      vertex -1.020000e+01  7.700000e+00  1.800000e+00
      vertex -1.020000e+01  8.700000e+00  8.000000e-01
      vertex -1.020000e+01  8.700000e+00  1.800000e+00
    endloop
  endfacet
  facet normal  0.000000e+00 -1.000000e+00  0.000000e+00
    outer loop
      vertex -1.020000e+01  7.700000e+00  1.800000e+00
      vertex -1.320000e+01  7.700000e+00  1.800000e+00
      vertex -1.020000e+01  7.700000e+00  8.000000e-01
    endloop
  endfacet
  facet normal  0.000000e+00 -1.000000e+00  0.000000e+00
    outer loop
      vertex -1.020000e+01  7.700000e+00  8.000000e-01
      vertex -1.320000e+01  7.700000e+00  1.800000e+00
      vertex -1.320000e+01  7.700000e+00  8.000000e-01
    endloop
  endfacet
  facet normal -1.000000e+00  0.000000e+00  0.000000e+00
    outer loop
      vertex -1.320000e+01  8.700000e+00  8.000000e-01
      vertex -1.320000e+01  7.700000e+00  8.000000e-01
      vertex -1.320000e+01  8.700000e+00  1.800000e+00
    endloop
  endfacet
  facet normal -1.000000e+00  -0.000000e+00  0.000000e+00
    outer loop
      vertex -1.320000e+01  8.700000e+00  1.800000e+00
      vertex -1.320000e+01  7.700000e+00  8.000000e-01
      vertex -1.320000e+01  7.700000e+00  1.800000e+00
    endloop
  endfacet
  facet normal  0.000000e+00  0.000000e+00  1.000000e+00
    outer loop
      vertex -1.320000e+01  7.700000e+00  1.800000e+00
      vertex -1.020000e+01  7.700000e+00  1.800000e+00
      vertex -1.320000e+01  8.700000e+00  1.800000e+00
    endloop
  endfacet
  facet normal  -0.000000e+00  0.000000e+00  1.000000e+00
    outer loop
      vertex -1.320000e+01  8.700000e+00  1.800000e+00
      vertex -1.020000e+01  7.700000e+00  1.800000e+00
      vertex -1.020000e+01  8.700000e+00  1.800000e+00
    endloop
  endfacet
endsolid CATIA STL
