solid CATIA STL
  facet normal  0.000000e+00  0.000000e+00  1.000000e+00
    outer loop
      vertex  4.250000e+01  8.350000e+00  8.000000e-01
      vertex  3.336756e+01  8.450000e+00  8.000000e-01
      vertex  3.236756e+01  8.450000e+00  8.000000e-01
    endloop
  endfacet
  facet normal  0.000000e+00  0.000000e+00  1.000000e+00
    outer loop
      vertex  4.170000e+01  8.350000e+00  8.000000e-01
      vertex  3.710000e+01  7.350000e+00  8.000000e-01
      vertex  4.170000e+01  7.350000e+00  8.000000e-01
    endloop
  endfacet
  facet normal  0.000000e+00  0.000000e+00  1.000000e+00
    outer loop
      vertex  2.170000e+01  2.120000e+01  8.000000e-01
      vertex  2.170000e+01  2.798400e+01  8.000000e-01
      vertex  1.949663e+01  2.798400e+01  8.000000e-01
    endloop
  endfacet
  facet normal  0.000000e+00  0.000000e+00  1.000000e+00
    outer loop
      vertex  2.170000e+01  2.120000e+01  8.000000e-01
      vertex  1.949663e+01  2.798400e+01  8.000000e-01
      vertex  1.943924e+01  2.761076e+01  8.000000e-01
    endloop
  endfacet
  facet normal  0.000000e+00  0.000000e+00  1.000000e+00
    outer loop
      vertex  2.170000e+01  2.120000e+01  8.000000e-01
      vertex  1.943924e+01  2.761076e+01  8.000000e-01
      vertex  1.931271e+01  2.725496e+01  8.000000e-01
    endloop
  endfacet
  facet normal  0.000000e+00  0.000000e+00  9.999999e-01
    outer loop
      vertex  2.170000e+01  2.120000e+01  8.000000e-01
      vertex  1.931271e+01  2.725496e+01  8.000000e-01
      vertex  1.912156e+01  2.692929e+01  8.000000e-01
    endloop
  endfacet
  facet normal  0.000000e+00  0.000000e+00  1.000000e+00
    outer loop
      vertex  2.170000e+01  2.120000e+01  8.000000e-01
      vertex  1.912156e+01  2.692929e+01  8.000000e-01
      vertex  1.887259e+01  2.664535e+01  8.000000e-01
    endloop
  endfacet
  facet normal  0.000000e+00  0.000000e+00  1.000000e+00
    outer loop
      vertex  2.170000e+01  2.120000e+01  8.000000e-01
      vertex  1.887259e+01  2.664535e+01  8.000000e-01
      vertex  1.857469e+01  2.641328e+01  8.000000e-01
    endloop
  endfacet
  facet normal  0.000000e+00  0.000000e+00  1.000000e+00
    outer loop
      vertex  2.170000e+01  2.120000e+01  8.000000e-01
      vertex  1.857469e+01  2.641328e+01  8.000000e-01
      vertex  1.823848e+01  2.624133e+01  8.000000e-01
    endloop
  endfacet
  facet normal  0.000000e+00  0.000000e+00  1.000000e+00
    outer loop
      vertex  2.170000e+01  2.120000e+01  8.000000e-01
      vertex  1.823848e+01  2.624133e+01  8.000000e-01
      vertex  1.787594e+01  2.613565e+01  8.000000e-01
    endloop
  endfacet
  facet normal  0.000000e+00  0.000000e+00  9.999999e-01
    outer loop
      vertex  2.170000e+01  2.120000e+01  8.000000e-01
      vertex  1.787594e+01  2.613565e+01  8.000000e-01
      vertex  1.750000e+01  2.610000e+01  8.000000e-01
    endloop
  endfacet
  facet normal  0.000000e+00  0.000000e+00  1.000000e+00
    outer loop
      vertex  2.170000e+01  2.120000e+01  8.000000e-01
      vertex  1.750000e+01  2.610000e+01  8.000000e-01
      vertex  1.570000e+01  2.610000e+01  8.000000e-01
    endloop
  endfacet
  facet normal  0.000000e+00  0.000000e+00  1.000000e+00
    outer loop
      vertex  2.170000e+01  2.120000e+01  8.000000e-01
      vertex  1.570000e+01  2.610000e+01  8.000000e-01
      vertex -1.570000e+01  2.610000e+01  8.000000e-01
    endloop
  endfacet
  facet normal  0.000000e+00  0.000000e+00  1.000000e+00
    outer loop
      vertex  2.170000e+01  2.120000e+01  8.000000e-01
      vertex -1.570000e+01  2.610000e+01  8.000000e-01
      vertex -2.170000e+01  2.120000e+01  8.000000e-01
    endloop
  endfacet
  facet normal  -0.000000e+00  0.000000e+00  1.000000e+00
    outer loop
      vertex  2.170000e+01  2.120000e+01  8.000000e-01
      vertex -2.170000e+01  2.120000e+01  8.000000e-01
      vertex -2.320000e+01  1.155000e+01  8.000000e-01
    endloop
  endfacet
  facet normal  0.000000e+00  0.000000e+00  1.000000e+00
    outer loop
      vertex  2.170000e+01  2.120000e+01  8.000000e-01
      vertex -2.320000e+01  1.155000e+01  8.000000e-01
      vertex  3.236756e+01  2.120000e+01  8.000000e-01
    endloop
  endfacet
  facet normal  0.000000e+00  0.000000e+00  1.000000e+00
    outer loop
      vertex  3.710000e+01 -2.160000e+01  8.000000e-01
      vertex  4.070000e+01 -2.160000e+01  8.000000e-01
      vertex  2.351421e+01 -2.138579e+01  8.000000e-01
    endloop
  endfacet
  facet normal  0.000000e+00  0.000000e+00  1.000000e+00
    outer loop
      vertex  3.710000e+01 -2.160000e+01  8.000000e-01
      vertex  2.351421e+01 -2.138579e+01  8.000000e-01
      vertex  2.376294e+01 -2.168886e+01  8.000000e-01
    endloop
  endfacet
  facet normal  -0.000000e+00  0.000000e+00  1.000000e+00
    outer loop
      vertex  3.710000e+01 -2.160000e+01  8.000000e-01
      vertex  2.376294e+01 -2.168886e+01  8.000000e-01
      vertex  2.394776e+01 -2.203463e+01  8.000000e-01
    endloop
  endfacet
  facet normal  -0.000000e+00  0.000000e+00  9.999999e-01
    outer loop
      vertex  3.710000e+01 -2.160000e+01  8.000000e-01
      vertex  2.394776e+01 -2.203463e+01  8.000000e-01
      vertex  2.406157e+01 -2.240982e+01  8.000000e-01
    endloop
  endfacet
  facet normal  -0.000000e+00  0.000000e+00  1.000000e+00
    outer loop
      vertex  3.710000e+01 -2.160000e+01  8.000000e-01
      vertex  2.406157e+01 -2.240982e+01  8.000000e-01
      vertex  2.410000e+01 -2.280000e+01  8.000000e-01
    endloop
  endfacet
  facet normal  -0.000000e+00  0.000000e+00  1.000000e+00
    outer loop
      vertex  3.710000e+01 -2.160000e+01  8.000000e-01
      vertex  2.410000e+01 -2.280000e+01  8.000000e-01
      vertex  2.410000e+01 -2.580000e+01  8.000000e-01
    endloop
  endfacet
  facet normal  0.000000e+00  0.000000e+00  1.000000e+00
    outer loop
      vertex  3.710000e+01 -2.160000e+01  8.000000e-01
      vertex  2.410000e+01 -2.580000e+01  8.000000e-01
      vertex  3.710000e+01 -2.580000e+01  8.000000e-01
    endloop
  endfacet
  facet normal  -0.000000e+00  0.000000e+00  1.000000e+00
    outer loop
      vertex -3.190000e+01  8.550000e+00  8.000000e-01
      vertex -4.170000e+01  8.550000e+00  8.000000e-01
      vertex -4.170000e+01  7.350000e+00  8.000000e-01
    endloop
  endfacet
  facet normal  0.000000e+00  0.000000e+00  1.000000e+00
    outer loop
      vertex -3.190000e+01  8.550000e+00  8.000000e-01
      vertex -4.170000e+01  7.350000e+00  8.000000e-01
      vertex -2.980000e+01  8.550000e+00  8.000000e-01
    endloop
  endfacet
  facet normal  0.000000e+00  0.000000e+00  1.000000e+00
    outer loop
      vertex -3.190000e+01  8.550000e+00  8.000000e-01
      vertex -2.980000e+01  8.550000e+00  8.000000e-01
      vertex -3.003411e+01  8.573058e+00  8.000000e-01
    endloop
  endfacet
  facet normal  0.000000e+00  0.000000e+00  1.000000e+00
    outer loop
      vertex -3.190000e+01  8.550000e+00  8.000000e-01
      vertex -3.003411e+01  8.573058e+00  8.000000e-01
      vertex -3.025922e+01  8.641345e+00  8.000000e-01
    endloop
  endfacet
  facet normal  0.000000e+00  0.000000e+00  1.000000e+00
    outer loop
      vertex -3.190000e+01  8.550000e+00  8.000000e-01
      vertex -3.025922e+01  8.641345e+00  8.000000e-01
      vertex -3.046668e+01  8.752236e+00  8.000000e-01
    endloop
  endfacet
  facet normal  0.000000e+00  0.000000e+00  1.000000e+00
    outer loop
      vertex -3.190000e+01  8.550000e+00  8.000000e-01
      vertex -3.046668e+01  8.752236e+00  8.000000e-01
      vertex -3.064853e+01  8.901472e+00  8.000000e-01
    endloop
  endfacet
  facet normal  0.000000e+00  0.000000e+00  1.000000e+00
    outer loop
      vertex -3.190000e+01  8.550000e+00  8.000000e-01
      vertex -3.064853e+01  8.901472e+00  8.000000e-01
      vertex -3.079776e+01  9.083316e+00  8.000000e-01
    endloop
  endfacet
  facet normal  0.000000e+00  0.000000e+00  1.000000e+00
    outer loop
      vertex -3.190000e+01  8.550000e+00  8.000000e-01
      vertex -3.079776e+01  9.083316e+00  8.000000e-01
      vertex -3.090866e+01  9.290780e+00  8.000000e-01
    endloop
  endfacet
  facet normal  0.000000e+00  0.000000e+00  1.000000e+00
    outer loop
      vertex -3.190000e+01  8.550000e+00  8.000000e-01
      vertex -3.090866e+01  9.290780e+00  8.000000e-01
      vertex -3.097694e+01  9.515892e+00  8.000000e-01
    endloop
  endfacet
  facet normal  0.000000e+00  0.000000e+00  1.000000e+00
    outer loop
      vertex -3.190000e+01  8.550000e+00  8.000000e-01
      vertex -3.097694e+01  9.515892e+00  8.000000e-01
      vertex -3.100000e+01  9.750000e+00  8.000000e-01
    endloop
  endfacet
  facet normal  0.000000e+00  -0.000000e+00  1.000000e+00
    outer loop
      vertex -3.190000e+01  8.550000e+00  8.000000e-01
      vertex -3.100000e+01  9.750000e+00  8.000000e-01
      vertex -3.100000e+01  1.035000e+01  8.000000e-01
    endloop
  endfacet
  facet normal  0.000000e+00  0.000000e+00  9.999999e-01
    outer loop
      vertex -3.190000e+01  8.550000e+00  8.000000e-01
      vertex -3.100000e+01  1.035000e+01  8.000000e-01
      vertex -3.190000e+01  2.120000e+01  8.000000e-01
    endloop
  endfacet
  facet normal  0.000000e+00  -0.000000e+00  1.000000e+00
    outer loop
      vertex -3.190000e+01  2.120000e+01  8.000000e-01
      vertex -3.100000e+01  1.035000e+01  8.000000e-01
      vertex -3.097694e+01  1.058411e+01  8.000000e-01
    endloop
  endfacet
  facet normal  0.000000e+00  -0.000000e+00  1.000000e+00
    outer loop
      vertex -3.190000e+01  2.120000e+01  8.000000e-01
      vertex -3.097694e+01  1.058411e+01  8.000000e-01
      vertex -3.090866e+01  1.080922e+01  8.000000e-01
    endloop
  endfacet
  facet normal  0.000000e+00  -0.000000e+00  1.000000e+00
    outer loop
      vertex -3.190000e+01  2.120000e+01  8.000000e-01
      vertex -3.090866e+01  1.080922e+01  8.000000e-01
      vertex -3.079776e+01  1.101668e+01  8.000000e-01
    endloop
  endfacet
  facet normal  0.000000e+00  -0.000000e+00  1.000000e+00
    outer loop
      vertex -3.190000e+01  2.120000e+01  8.000000e-01
      vertex -3.079776e+01  1.101668e+01  8.000000e-01
      vertex -3.064853e+01  1.119853e+01  8.000000e-01
    endloop
  endfacet
  facet normal  0.000000e+00  -0.000000e+00  1.000000e+00
    outer loop
      vertex -3.190000e+01  2.120000e+01  8.000000e-01
      vertex -3.064853e+01  1.119853e+01  8.000000e-01
      vertex -3.046668e+01  1.134776e+01  8.000000e-01
    endloop
  endfacet
  facet normal  0.000000e+00  -0.000000e+00  1.000000e+00
    outer loop
      vertex -3.190000e+01  2.120000e+01  8.000000e-01
      vertex -3.046668e+01  1.134776e+01  8.000000e-01
      vertex -3.025922e+01  1.145866e+01  8.000000e-01
    endloop
  endfacet
  facet normal  0.000000e+00  -0.000000e+00  1.000000e+00
    outer loop
      vertex -3.190000e+01  2.120000e+01  8.000000e-01
      vertex -3.025922e+01  1.145866e+01  8.000000e-01
      vertex -3.003411e+01  1.152694e+01  8.000000e-01
    endloop
  endfacet
  facet normal  0.000000e+00  -0.000000e+00  1.000000e+00
    outer loop
      vertex -3.190000e+01  2.120000e+01  8.000000e-01
      vertex -3.003411e+01  1.152694e+01  8.000000e-01
      vertex -2.980000e+01  1.155000e+01  8.000000e-01
    endloop
  endfacet
  facet normal  0.000000e+00  -0.000000e+00  1.000000e+00
    outer loop
      vertex -3.190000e+01  2.120000e+01  8.000000e-01
      vertex -2.980000e+01  1.155000e+01  8.000000e-01
      vertex -2.320000e+01  1.155000e+01  8.000000e-01
    endloop
  endfacet
  facet normal  0.000000e+00  -0.000000e+00  9.999999e-01
    outer loop
      vertex -3.190000e+01  2.120000e+01  8.000000e-01
      vertex -2.320000e+01  1.155000e+01  8.000000e-01
      vertex -2.170000e+01  2.120000e+01  8.000000e-01
    endloop
  endfacet
  facet normal  0.000000e+00  0.000000e+00  9.999999e-01
    outer loop
      vertex -4.070000e+01 -2.160000e+01  8.000000e-01
      vertex -3.713843e+01  3.959819e+00  8.000000e-01
      vertex -3.725224e+01  3.584633e+00  8.000000e-01
    endloop
  endfacet
  facet normal  0.000000e+00  0.000000e+00  1.000000e+00
    outer loop
      vertex -4.070000e+01 -2.160000e+01  8.000000e-01
      vertex -3.725224e+01  3.584633e+00  8.000000e-01
      vertex -3.743706e+01  3.238859e+00  8.000000e-01
    endloop
  endfacet
  facet normal  0.000000e+00  0.000000e+00  1.000000e+00
    outer loop
      vertex -4.070000e+01 -2.160000e+01  8.000000e-01
      vertex -3.743706e+01  3.238859e+00  8.000000e-01
      vertex -3.768579e+01  2.935786e+00  8.000000e-01
    endloop
  endfacet
  facet normal  0.000000e+00  0.000000e+00  1.000000e+00
    outer loop
      vertex -4.070000e+01 -2.160000e+01  8.000000e-01
      vertex -3.768579e+01  2.935786e+00  8.000000e-01
      vertex -3.798886e+01  2.687061e+00  8.000000e-01
    endloop
  endfacet
  facet normal  0.000000e+00  0.000000e+00  1.000000e+00
    outer loop
      vertex -4.070000e+01 -2.160000e+01  8.000000e-01
      vertex -3.798886e+01  2.687061e+00  8.000000e-01
      vertex -3.833463e+01  2.502241e+00  8.000000e-01
    endloop
  endfacet
  facet normal  0.000000e+00  0.000000e+00  1.000000e+00
    outer loop
      vertex -4.070000e+01 -2.160000e+01  8.000000e-01
      vertex -3.833463e+01  2.502241e+00  8.000000e-01
      vertex -3.870982e+01  2.388429e+00  8.000000e-01
    endloop
  endfacet
  facet normal  0.000000e+00  0.000000e+00  1.000000e+00
    outer loop
      vertex -4.070000e+01 -2.160000e+01  8.000000e-01
      vertex -3.870982e+01  2.388429e+00  8.000000e-01
      vertex -3.910000e+01  2.350000e+00  8.000000e-01
    endloop
  endfacet
  facet normal  0.000000e+00  0.000000e+00  9.999999e-01
    outer loop
      vertex -4.070000e+01 -2.160000e+01  8.000000e-01
      vertex -3.910000e+01  2.350000e+00  8.000000e-01
      vertex -4.070000e+01  2.350000e+00  8.000000e-01
    endloop
  endfacet
  facet normal  0.000000e+00  -0.000000e+00  1.000000e+00
    outer loop
      vertex -2.320000e+01  8.550000e+00  8.000000e-01
      vertex -2.170000e+01 -2.160000e+01  8.000000e-01
      vertex -2.170000e+01 -2.120000e+01  8.000000e-01
    endloop
  endfacet
  facet normal  0.000000e+00  -0.000000e+00  1.000000e+00
    outer loop
      vertex -2.320000e+01  8.550000e+00  8.000000e-01
      vertex -2.170000e+01 -2.120000e+01  8.000000e-01
      vertex -2.169231e+01 -2.112196e+01  8.000000e-01
    endloop
  endfacet
  facet normal  0.000000e+00  -0.000000e+00  1.000000e+00
    outer loop
      vertex -2.320000e+01  8.550000e+00  8.000000e-01
      vertex -2.169231e+01 -2.112196e+01  8.000000e-01
      vertex -2.166955e+01 -2.104693e+01  8.000000e-01
    endloop
  endfacet
  facet normal  0.000000e+00  -0.000000e+00  1.000000e+00
    outer loop
      vertex -2.320000e+01  8.550000e+00  8.000000e-01
      vertex -2.166955e+01 -2.104693e+01  8.000000e-01
      vertex -2.163259e+01 -2.097777e+01  8.000000e-01
    endloop
  endfacet
  facet normal  0.000000e+00  -0.000000e+00  1.000000e+00
    outer loop
      vertex -2.320000e+01  8.550000e+00  8.000000e-01
      vertex -2.163259e+01 -2.097777e+01  8.000000e-01
      vertex -2.158284e+01 -2.091716e+01  8.000000e-01
    endloop
  endfacet
  facet normal  0.000000e+00  -0.000000e+00  1.000000e+00
    outer loop
      vertex -2.320000e+01  8.550000e+00  8.000000e-01
      vertex -2.158284e+01 -2.091716e+01  8.000000e-01
      vertex -2.152223e+01 -2.086741e+01  8.000000e-01
    endloop
  endfacet
  facet normal  0.000000e+00  -0.000000e+00  1.000000e+00
    outer loop
      vertex -2.320000e+01  8.550000e+00  8.000000e-01
      vertex -2.152223e+01 -2.086741e+01  8.000000e-01
      vertex -2.145307e+01 -2.083045e+01  8.000000e-01
    endloop
  endfacet
  facet normal  0.000000e+00  -0.000000e+00  1.000000e+00
    outer loop
      vertex -2.320000e+01  8.550000e+00  8.000000e-01
      vertex -2.145307e+01 -2.083045e+01  8.000000e-01
      vertex -2.137804e+01 -2.080769e+01  8.000000e-01
    endloop
  endfacet
  facet normal  0.000000e+00  -0.000000e+00  1.000000e+00
    outer loop
      vertex -2.320000e+01  8.550000e+00  8.000000e-01
      vertex -2.137804e+01 -2.080769e+01  8.000000e-01
      vertex -2.130000e+01 -2.080000e+01  8.000000e-01
    endloop
  endfacet
  facet normal  0.000000e+00  -0.000000e+00  1.000000e+00
    outer loop
      vertex -2.320000e+01  8.550000e+00  8.000000e-01
      vertex -2.130000e+01 -2.080000e+01  8.000000e-01
      vertex  2.150000e+01  7.350000e+00  8.000000e-01
    endloop
  endfacet
  facet normal  0.000000e+00  -0.000000e+00  1.000000e+00
    outer loop
      vertex -2.320000e+01  8.550000e+00  8.000000e-01
      vertex  2.150000e+01  7.350000e+00  8.000000e-01
      vertex  3.236756e+01  8.450000e+00  8.000000e-01
    endloop
  endfacet
  facet normal  0.000000e+00  0.000000e+00  1.000000e+00
    outer loop
      vertex -2.980000e+01  8.550000e+00  8.000000e-01
      vertex -4.170000e+01  7.350000e+00  8.000000e-01
      vertex -3.910000e+01  7.350000e+00  8.000000e-01
    endloop
  endfacet
  facet normal  -0.000000e+00  0.000000e+00  9.999999e-01
    outer loop
      vertex -2.980000e+01  8.550000e+00  8.000000e-01
      vertex -3.910000e+01  7.350000e+00  8.000000e-01
      vertex -3.870982e+01  7.311571e+00  8.000000e-01
    endloop
  endfacet
  facet normal  -0.000000e+00  0.000000e+00  1.000000e+00
    outer loop
      vertex -2.980000e+01  8.550000e+00  8.000000e-01
      vertex -3.870982e+01  7.311571e+00  8.000000e-01
      vertex -3.833463e+01  7.197759e+00  8.000000e-01
    endloop
  endfacet
  facet normal  -0.000000e+00  0.000000e+00  1.000000e+00
    outer loop
      vertex -2.980000e+01  8.550000e+00  8.000000e-01
      vertex -3.833463e+01  7.197759e+00  8.000000e-01
      vertex -3.798886e+01  7.012939e+00  8.000000e-01
    endloop
  endfacet
  facet normal  -0.000000e+00  0.000000e+00  1.000000e+00
    outer loop
      vertex -2.980000e+01  8.550000e+00  8.000000e-01
      vertex -3.798886e+01  7.012939e+00  8.000000e-01
      vertex -3.768579e+01  6.764214e+00  8.000000e-01
    endloop
  endfacet
  facet normal  -0.000000e+00  0.000000e+00  1.000000e+00
    outer loop
      vertex -2.980000e+01  8.550000e+00  8.000000e-01
      vertex -3.768579e+01  6.764214e+00  8.000000e-01
      vertex -3.743706e+01  6.461141e+00  8.000000e-01
    endloop
  endfacet
  facet normal  -0.000000e+00  0.000000e+00  1.000000e+00
    outer loop
      vertex -2.980000e+01  8.550000e+00  8.000000e-01
      vertex -3.743706e+01  6.461141e+00  8.000000e-01
      vertex -3.725224e+01  6.115367e+00  8.000000e-01
    endloop
  endfacet
  facet normal  -0.000000e+00  0.000000e+00  9.999999e-01
    outer loop
      vertex -2.980000e+01  8.550000e+00  8.000000e-01
      vertex -3.725224e+01  6.115367e+00  8.000000e-01
      vertex -3.713843e+01  5.740180e+00  8.000000e-01
    endloop
  endfacet
  facet normal  -0.000000e+00  0.000000e+00  1.000000e+00
    outer loop
      vertex -2.980000e+01  8.550000e+00  8.000000e-01
      vertex -3.713843e+01  5.740180e+00  8.000000e-01
      vertex -3.710000e+01  5.350000e+00  8.000000e-01
    endloop
  endfacet
  facet normal  -0.000000e+00  0.000000e+00  1.000000e+00
    outer loop
      vertex -2.980000e+01  8.550000e+00  8.000000e-01
      vertex -3.710000e+01  5.350000e+00  8.000000e-01
      vertex -3.710000e+01  4.350000e+00  8.000000e-01
    endloop
  endfacet
  facet normal  -0.000000e+00  0.000000e+00  1.000000e+00
    outer loop
      vertex -2.980000e+01  8.550000e+00  8.000000e-01
      vertex -3.710000e+01  4.350000e+00  8.000000e-01
      vertex -3.713843e+01  3.959819e+00  8.000000e-01
    endloop
  endfacet
  facet normal  -0.000000e+00  0.000000e+00  1.000000e+00
    outer loop
      vertex -2.980000e+01  8.550000e+00  8.000000e-01
      vertex -3.713843e+01  3.959819e+00  8.000000e-01
      vertex -4.070000e+01 -2.160000e+01  8.000000e-01
    endloop
  endfacet
  facet normal  0.000000e+00  0.000000e+00  1.000000e+00
    outer loop
      vertex -2.980000e+01  8.550000e+00  8.000000e-01
      vertex -4.070000e+01 -2.160000e+01  8.000000e-01
      vertex -2.170000e+01 -2.160000e+01  8.000000e-01
    endloop
  endfacet
  facet normal  0.000000e+00  0.000000e+00  1.000000e+00
    outer loop
      vertex -2.980000e+01  8.550000e+00  8.000000e-01
      vertex -2.170000e+01 -2.160000e+01  8.000000e-01
      vertex -2.320000e+01  8.550000e+00  8.000000e-01
    endloop
  endfacet
  facet normal  -0.000000e+00  0.000000e+00  9.999999e-01
    outer loop
      vertex  3.236756e+01  2.120000e+01  8.000000e-01
      vertex -2.320000e+01  1.155000e+01  8.000000e-01
      vertex -2.296589e+01  1.152694e+01  8.000000e-01
    endloop
  endfacet
  facet normal  -0.000000e+00  0.000000e+00  9.999999e-01
    outer loop
      vertex  3.236756e+01  2.120000e+01  8.000000e-01
      vertex -2.296589e+01  1.152694e+01  8.000000e-01
      vertex -2.274078e+01  1.145866e+01  8.000000e-01
    endloop
  endfacet
  facet normal  -0.000000e+00  0.000000e+00  1.000000e+00
    outer loop
      vertex  3.236756e+01  2.120000e+01  8.000000e-01
      vertex -2.274078e+01  1.145866e+01  8.000000e-01
      vertex -2.253332e+01  1.134776e+01  8.000000e-01
    endloop
  endfacet
  facet normal  -0.000000e+00  0.000000e+00  9.999999e-01
    outer loop
      vertex  3.236756e+01  2.120000e+01  8.000000e-01
      vertex -2.253332e+01  1.134776e+01  8.000000e-01
      vertex -2.235147e+01  1.119853e+01  8.000000e-01
    endloop
  endfacet
  facet normal  -0.000000e+00  0.000000e+00  9.999999e-01
    outer loop
      vertex  3.236756e+01  2.120000e+01  8.000000e-01
      vertex -2.235147e+01  1.119853e+01  8.000000e-01
      vertex -2.220224e+01  1.101668e+01  8.000000e-01
    endloop
  endfacet
  facet normal  -0.000000e+00  0.000000e+00  1.000000e+00
    outer loop
      vertex  3.236756e+01  2.120000e+01  8.000000e-01
      vertex -2.220224e+01  1.101668e+01  8.000000e-01
      vertex -2.209134e+01  1.080922e+01  8.000000e-01
    endloop
  endfacet
  facet normal  -0.000000e+00  0.000000e+00  1.000000e+00
    outer loop
      vertex  3.236756e+01  2.120000e+01  8.000000e-01
      vertex -2.209134e+01  1.080922e+01  8.000000e-01
      vertex -2.202306e+01  1.058411e+01  8.000000e-01
    endloop
  endfacet
  facet normal  -0.000000e+00  0.000000e+00  1.000000e+00
    outer loop
      vertex  3.236756e+01  2.120000e+01  8.000000e-01
      vertex -2.202306e+01  1.058411e+01  8.000000e-01
      vertex -2.200000e+01  1.035000e+01  8.000000e-01
    endloop
  endfacet
  facet normal  -0.000000e+00  0.000000e+00  1.000000e+00
    outer loop
      vertex  3.236756e+01  2.120000e+01  8.000000e-01
      vertex -2.200000e+01  1.035000e+01  8.000000e-01
      vertex -2.200000e+01  9.750000e+00  8.000000e-01
    endloop
  endfacet
  facet normal  -0.000000e+00  0.000000e+00  1.000000e+00
    outer loop
      vertex  3.236756e+01  2.120000e+01  8.000000e-01
      vertex -2.200000e+01  9.750000e+00  8.000000e-01
      vertex  3.236756e+01  8.450000e+00  8.000000e-01
    endloop
  endfacet
  facet normal  0.000000e+00  0.000000e+00  1.000000e+00
    outer loop
      vertex  4.070000e+01 -2.160000e+01  8.000000e-01
      vertex  4.070000e+01  2.350000e+00  8.000000e-01
      vertex  2.210000e+01 -2.080000e+01  8.000000e-01
    endloop
  endfacet
  facet normal  0.000000e+00  0.000000e+00  9.999999e-01
    outer loop
      vertex  4.070000e+01 -2.160000e+01  8.000000e-01
      vertex  2.210000e+01 -2.080000e+01  8.000000e-01
      vertex  2.249018e+01 -2.083843e+01  8.000000e-01
    endloop
  endfacet
  facet normal  0.000000e+00  0.000000e+00  1.000000e+00
    outer loop
      vertex  4.070000e+01 -2.160000e+01  8.000000e-01
      vertex  2.249018e+01 -2.083843e+01  8.000000e-01
      vertex  2.286537e+01 -2.095224e+01  8.000000e-01
    endloop
  endfacet
  facet normal  0.000000e+00  0.000000e+00  1.000000e+00
    outer loop
      vertex  4.070000e+01 -2.160000e+01  8.000000e-01
      vertex  2.286537e+01 -2.095224e+01  8.000000e-01
      vertex  2.321114e+01 -2.113706e+01  8.000000e-01
    endloop
  endfacet
  facet normal  0.000000e+00  0.000000e+00  1.000000e+00
    outer loop
      vertex  4.070000e+01 -2.160000e+01  8.000000e-01
      vertex  2.321114e+01 -2.113706e+01  8.000000e-01
      vertex  2.351421e+01 -2.138579e+01  8.000000e-01
    endloop
  endfacet
  facet normal  0.000000e+00  -0.000000e+00  9.999999e-01
    outer loop
      vertex -2.130000e+01 -2.080000e+01  8.000000e-01
      vertex  2.210000e+01 -2.080000e+01  8.000000e-01
      vertex  4.070000e+01  2.350000e+00  8.000000e-01
    endloop
  endfacet
  facet normal  0.000000e+00  0.000000e+00  1.000000e+00
    outer loop
      vertex -2.130000e+01 -2.080000e+01  8.000000e-01
      vertex  4.070000e+01  2.350000e+00  8.000000e-01
      vertex  3.910000e+01  2.350000e+00  8.000000e-01
    endloop
  endfacet
  facet normal  0.000000e+00  0.000000e+00  1.000000e+00
    outer loop
      vertex -2.130000e+01 -2.080000e+01  8.000000e-01
      vertex  3.910000e+01  2.350000e+00  8.000000e-01
      vertex  3.870982e+01  2.388429e+00  8.000000e-01
    endloop
  endfacet
  facet normal  0.000000e+00  0.000000e+00  1.000000e+00
    outer loop
      vertex -2.130000e+01 -2.080000e+01  8.000000e-01
      vertex  3.870982e+01  2.388429e+00  8.000000e-01
      vertex  3.833463e+01  2.502241e+00  8.000000e-01
    endloop
  endfacet
  facet normal  0.000000e+00  0.000000e+00  1.000000e+00
    outer loop
      vertex -2.130000e+01 -2.080000e+01  8.000000e-01
      vertex  3.833463e+01  2.502241e+00  8.000000e-01
      vertex  3.798886e+01  2.687061e+00  8.000000e-01
    endloop
  endfacet
  facet normal  0.000000e+00  0.000000e+00  1.000000e+00
    outer loop
      vertex -2.130000e+01 -2.080000e+01  8.000000e-01
      vertex  3.798886e+01  2.687061e+00  8.000000e-01
      vertex  3.768579e+01  2.935786e+00  8.000000e-01
    endloop
  endfacet
  facet normal  0.000000e+00  0.000000e+00  1.000000e+00
    outer loop
      vertex -2.130000e+01 -2.080000e+01  8.000000e-01
      vertex  3.768579e+01  2.935786e+00  8.000000e-01
      vertex  3.743706e+01  3.238859e+00  8.000000e-01
    endloop
  endfacet
  facet normal  0.000000e+00  0.000000e+00  1.000000e+00
    outer loop
      vertex -2.130000e+01 -2.080000e+01  8.000000e-01
      vertex  3.743706e+01  3.238859e+00  8.000000e-01
      vertex  3.725224e+01  3.584633e+00  8.000000e-01
    endloop
  endfacet
  facet normal  0.000000e+00  0.000000e+00  9.999999e-01
    outer loop
      vertex -2.130000e+01 -2.080000e+01  8.000000e-01
      vertex  3.725224e+01  3.584633e+00  8.000000e-01
      vertex  3.713843e+01  3.959819e+00  8.000000e-01
    endloop
  endfacet
  facet normal  0.000000e+00  0.000000e+00  1.000000e+00
    outer loop
      vertex -2.130000e+01 -2.080000e+01  8.000000e-01
      vertex  3.713843e+01  3.959819e+00  8.000000e-01
      vertex  3.710000e+01  4.350000e+00  8.000000e-01
    endloop
  endfacet
  facet normal  0.000000e+00  -0.000000e+00  9.999999e-01
    outer loop
      vertex -2.130000e+01 -2.080000e+01  8.000000e-01
      vertex  3.710000e+01  4.350000e+00  8.000000e-01
      vertex  3.710000e+01  6.350000e+00  8.000000e-01
    endloop
  endfacet
  facet normal  0.000000e+00  0.000000e+00  1.000000e+00
    outer loop
      vertex -2.130000e+01 -2.080000e+01  8.000000e-01
      vertex  3.710000e+01  6.350000e+00  8.000000e-01
      vertex  2.150000e+01  6.350000e+00  8.000000e-01
    endloop
  endfacet
  facet normal  0.000000e+00  -0.000000e+00  1.000000e+00
    outer loop
      vertex -2.130000e+01 -2.080000e+01  8.000000e-01
      vertex  2.150000e+01  6.350000e+00  8.000000e-01
      vertex  2.150000e+01  7.350000e+00  8.000000e-01
    endloop
  endfacet
  facet normal  0.000000e+00  0.000000e+00  9.999999e-01
    outer loop
      vertex  3.236756e+01  8.450000e+00  8.000000e-01
      vertex -2.200000e+01  9.750000e+00  8.000000e-01
      vertex -2.202306e+01  9.515892e+00  8.000000e-01
    endloop
  endfacet
  facet normal  0.000000e+00  0.000000e+00  1.000000e+00
    outer loop
      vertex  3.236756e+01  8.450000e+00  8.000000e-01
      vertex -2.202306e+01  9.515892e+00  8.000000e-01
      vertex -2.209134e+01  9.290780e+00  8.000000e-01
    endloop
  endfacet
  facet normal  0.000000e+00  0.000000e+00  1.000000e+00
    outer loop
      vertex  3.236756e+01  8.450000e+00  8.000000e-01
      vertex -2.209134e+01  9.290780e+00  8.000000e-01
      vertex -2.220224e+01  9.083316e+00  8.000000e-01
    endloop
  endfacet
  facet normal  0.000000e+00  0.000000e+00  1.000000e+00
    outer loop
      vertex  3.236756e+01  8.450000e+00  8.000000e-01
      vertex -2.220224e+01  9.083316e+00  8.000000e-01
      vertex -2.235147e+01  8.901472e+00  8.000000e-01
    endloop
  endfacet
  facet normal  0.000000e+00  0.000000e+00  9.999999e-01
    outer loop
      vertex  3.236756e+01  8.450000e+00  8.000000e-01
      vertex -2.235147e+01  8.901472e+00  8.000000e-01
      vertex -2.253332e+01  8.752236e+00  8.000000e-01
    endloop
  endfacet
  facet normal  0.000000e+00  0.000000e+00  9.999999e-01
    outer loop
      vertex  3.236756e+01  8.450000e+00  8.000000e-01
      vertex -2.253332e+01  8.752236e+00  8.000000e-01
      vertex -2.274078e+01  8.641345e+00  8.000000e-01
    endloop
  endfacet
  facet normal  0.000000e+00  0.000000e+00  9.999999e-01
    outer loop
      vertex  3.236756e+01  8.450000e+00  8.000000e-01
      vertex -2.274078e+01  8.641345e+00  8.000000e-01
      vertex -2.296589e+01  8.573058e+00  8.000000e-01
    endloop
  endfacet
  facet normal  0.000000e+00  0.000000e+00  1.000000e+00
    outer loop
      vertex  3.236756e+01  8.450000e+00  8.000000e-01
      vertex -2.296589e+01  8.573058e+00  8.000000e-01
      vertex -2.320000e+01  8.550000e+00  8.000000e-01
    endloop
  endfacet
  facet normal  0.000000e+00  0.000000e+00  1.000000e+00
    outer loop
      vertex -2.170000e+01  2.120000e+01  8.000000e-01
      vertex -1.570000e+01  2.610000e+01  8.000000e-01
      vertex -1.750000e+01  2.610000e+01  8.000000e-01
    endloop
  endfacet
  facet normal  0.000000e+00  0.000000e+00  1.000000e+00
    outer loop
      vertex -2.170000e+01  2.120000e+01  8.000000e-01
      vertex -1.750000e+01  2.610000e+01  8.000000e-01
      vertex -1.788419e+01  2.613725e+01  8.000000e-01
    endloop
  endfacet
  facet normal  0.000000e+00  0.000000e+00  1.000000e+00
    outer loop
      vertex -2.170000e+01  2.120000e+01  8.000000e-01
      vertex -1.788419e+01  2.613725e+01  8.000000e-01
      vertex -1.825406e+01  2.624760e+01  8.000000e-01
    endloop
  endfacet
  facet normal  0.000000e+00  0.000000e+00  1.000000e+00
    outer loop
      vertex -2.170000e+01  2.120000e+01  8.000000e-01
      vertex -1.825406e+01  2.624760e+01  8.000000e-01
      vertex -1.859585e+01  2.642695e+01  8.000000e-01
    endloop
  endfacet
  facet normal  0.000000e+00  0.000000e+00  1.000000e+00
    outer loop
      vertex -2.170000e+01  2.120000e+01  8.000000e-01
      vertex -1.859585e+01  2.642695e+01  8.000000e-01
      vertex -1.889683e+01  2.666861e+01  8.000000e-01
    endloop
  endfacet
  facet normal  0.000000e+00  0.000000e+00  1.000000e+00
    outer loop
      vertex -2.170000e+01  2.120000e+01  8.000000e-01
      vertex -1.889683e+01  2.666861e+01  8.000000e-01
      vertex -1.914577e+01  2.696359e+01  8.000000e-01
    endloop
  endfacet
  facet normal  0.000000e+00  0.000000e+00  1.000000e+00
    outer loop
      vertex -2.170000e+01  2.120000e+01  8.000000e-01
      vertex -1.914577e+01  2.696359e+01  8.000000e-01
      vertex -1.933342e+01  2.730089e+01  8.000000e-01
    endloop
  endfacet
  facet normal  0.000000e+00  0.000000e+00  9.999999e-01
    outer loop
      vertex -2.170000e+01  2.120000e+01  8.000000e-01
      vertex -1.933342e+01  2.730089e+01  8.000000e-01
      vertex -1.945278e+01  2.766796e+01  8.000000e-01
    endloop
  endfacet
  facet normal  0.000000e+00  0.000000e+00  1.000000e+00
    outer loop
      vertex -2.170000e+01  2.120000e+01  8.000000e-01
      vertex -1.945278e+01  2.766796e+01  8.000000e-01
      vertex -1.949940e+01  2.805112e+01  8.000000e-01
    endloop
  endfacet
  facet normal  0.000000e+00  0.000000e+00  1.000000e+00
    outer loop
      vertex -2.170000e+01  2.120000e+01  8.000000e-01
      vertex -1.949940e+01  2.805112e+01  8.000000e-01
      vertex -2.170000e+01  2.805112e+01  8.000000e-01
    endloop
  endfacet
  facet normal  0.000000e+00  0.000000e+00  1.000000e+00
    outer loop
      vertex  2.150000e+01  7.350000e+00  8.000000e-01
      vertex  3.710000e+01  7.350000e+00  8.000000e-01
      vertex  3.236756e+01  8.450000e+00  8.000000e-01
    endloop
  endfacet
  facet normal  0.000000e+00  0.000000e+00  1.000000e+00
    outer loop
      vertex  3.236756e+01  8.450000e+00  8.000000e-01
      vertex  3.710000e+01  7.350000e+00  8.000000e-01
      vertex  4.170000e+01  8.350000e+00  8.000000e-01
    endloop
  endfacet
  facet normal  0.000000e+00  -0.000000e+00  1.000000e+00
    outer loop
      vertex  3.236756e+01  8.450000e+00  8.000000e-01
      vertex  4.170000e+01  8.350000e+00  8.000000e-01
      vertex  4.250000e+01  8.350000e+00  8.000000e-01
    endloop
  endfacet
  facet normal  -0.000000e+00  0.000000e+00  1.000000e+00
    outer loop
      vertex  4.170000e+01  2.120000e+01  8.000000e-01
      vertex  3.336756e+01  2.120000e+01  8.000000e-01
      vertex  4.170000e+01  1.585000e+01  8.000000e-01
    endloop
  endfacet
  facet normal  0.000000e+00  0.000000e+00  1.000000e+00
    outer loop
      vertex  4.170000e+01  1.585000e+01  8.000000e-01
      vertex  3.336756e+01  2.120000e+01  8.000000e-01
      vertex  3.336756e+01  8.450000e+00  8.000000e-01
    endloop
  endfacet
  facet normal  0.000000e+00  0.000000e+00  1.000000e+00
    outer loop
      vertex  4.170000e+01  1.585000e+01  8.000000e-01
      vertex  3.336756e+01  8.450000e+00  8.000000e-01
      vertex  4.250000e+01  1.585000e+01  8.000000e-01
    endloop
  endfacet
  facet normal  0.000000e+00  0.000000e+00  1.000000e+00
    outer loop
      vertex  4.250000e+01  1.585000e+01  8.000000e-01
      vertex  3.336756e+01  8.450000e+00  8.000000e-01
      vertex  4.250000e+01  8.350000e+00  8.000000e-01
    endloop
  endfacet
  facet normal  -0.000000e+00  0.000000e+00  9.999999e-01
    outer loop
      vertex  1.370060e+01  2.805112e+01  8.000000e-01
      vertex -1.370060e+01  2.805112e+01  8.000000e-01
      vertex  1.374722e+01  2.766796e+01  8.000000e-01
    endloop
  endfacet
  facet normal  0.000000e+00  0.000000e+00  1.000000e+00
    outer loop
      vertex  1.374722e+01  2.766796e+01  8.000000e-01
      vertex -1.370060e+01  2.805112e+01  8.000000e-01
      vertex -1.374722e+01  2.766796e+01  8.000000e-01
    endloop
  endfacet
  facet normal  -0.000000e+00  0.000000e+00  1.000000e+00
    outer loop
      vertex  1.374722e+01  2.766796e+01  8.000000e-01
      vertex -1.374722e+01  2.766796e+01  8.000000e-01
      vertex  1.386658e+01  2.730089e+01  8.000000e-01
    endloop
  endfacet
  facet normal  0.000000e+00  0.000000e+00  1.000000e+00
    outer loop
      vertex  1.386658e+01  2.730089e+01  8.000000e-01
      vertex -1.374722e+01  2.766796e+01  8.000000e-01
      vertex -1.386658e+01  2.730089e+01  8.000000e-01
    endloop
  endfacet
  facet normal  -0.000000e+00  0.000000e+00  1.000000e+00
    outer loop
      vertex  1.386658e+01  2.730089e+01  8.000000e-01
      vertex -1.386658e+01  2.730089e+01  8.000000e-01
      vertex  1.405423e+01  2.696359e+01  8.000000e-01
    endloop
  endfacet
  facet normal  0.000000e+00  0.000000e+00  1.000000e+00
    outer loop
      vertex  1.405423e+01  2.696359e+01  8.000000e-01
      vertex -1.386658e+01  2.730089e+01  8.000000e-01
      vertex -1.405423e+01  2.696359e+01  8.000000e-01
    endloop
  endfacet
  facet normal  -0.000000e+00  0.000000e+00  1.000000e+00
    outer loop
      vertex  1.405423e+01  2.696359e+01  8.000000e-01
      vertex -1.405423e+01  2.696359e+01  8.000000e-01
      vertex  1.430317e+01  2.666861e+01  8.000000e-01
    endloop
  endfacet
  facet normal  0.000000e+00  0.000000e+00  1.000000e+00
    outer loop
      vertex  1.430317e+01  2.666861e+01  8.000000e-01
      vertex -1.405423e+01  2.696359e+01  8.000000e-01
      vertex -1.430317e+01  2.666861e+01  8.000000e-01
    endloop
  endfacet
  facet normal  -0.000000e+00  0.000000e+00  1.000000e+00
    outer loop
      vertex  1.430317e+01  2.666861e+01  8.000000e-01
      vertex -1.430317e+01  2.666861e+01  8.000000e-01
      vertex  1.460415e+01  2.642695e+01  8.000000e-01
    endloop
  endfacet
  facet normal  0.000000e+00  0.000000e+00  1.000000e+00
    outer loop
      vertex  1.460415e+01  2.642695e+01  8.000000e-01
      vertex -1.430317e+01  2.666861e+01  8.000000e-01
      vertex -1.460415e+01  2.642695e+01  8.000000e-01
    endloop
  endfacet
  facet normal  -0.000000e+00  0.000000e+00  1.000000e+00
    outer loop
      vertex  1.460415e+01  2.642695e+01  8.000000e-01
      vertex -1.460415e+01  2.642695e+01  8.000000e-01
      vertex  1.494594e+01  2.624760e+01  8.000000e-01
    endloop
  endfacet
  facet normal  0.000000e+00  0.000000e+00  1.000000e+00
    outer loop
      vertex  1.494594e+01  2.624760e+01  8.000000e-01
      vertex -1.460415e+01  2.642695e+01  8.000000e-01
      vertex -1.494594e+01  2.624760e+01  8.000000e-01
    endloop
  endfacet
  facet normal  -0.000000e+00  0.000000e+00  1.000000e+00
    outer loop
      vertex  1.494594e+01  2.624760e+01  8.000000e-01
      vertex -1.494594e+01  2.624760e+01  8.000000e-01
      vertex  1.531581e+01  2.613725e+01  8.000000e-01
    endloop
  endfacet
  facet normal  0.000000e+00  0.000000e+00  1.000000e+00
    outer loop
      vertex  1.531581e+01  2.613725e+01  8.000000e-01
      vertex -1.494594e+01  2.624760e+01  8.000000e-01
      vertex -1.531581e+01  2.613725e+01  8.000000e-01
    endloop
  endfacet
  facet normal  -0.000000e+00  0.000000e+00  1.000000e+00
    outer loop
      vertex  1.531581e+01  2.613725e+01  8.000000e-01
      vertex -1.531581e+01  2.613725e+01  8.000000e-01
      vertex  1.570000e+01  2.610000e+01  8.000000e-01
    endloop
  endfacet
  facet normal  0.000000e+00  0.000000e+00  1.000000e+00
    outer loop
      vertex  1.570000e+01  2.610000e+01  8.000000e-01
      vertex -1.531581e+01  2.613725e+01  8.000000e-01
      vertex -1.570000e+01  2.610000e+01  8.000000e-01
    endloop
  endfacet
  facet normal  0.000000e+00  0.000000e+00  1.000000e+00
    outer loop
      vertex  3.236756e+01  8.450000e+00  1.380000e+01
      vertex  3.336756e+01  8.450000e+00  1.380000e+01
      vertex  3.236756e+01  2.120000e+01  1.380000e+01
    endloop
  endfacet
  facet normal  -0.000000e+00  0.000000e+00  1.000000e+00
    outer loop
      vertex  3.236756e+01  2.120000e+01  1.380000e+01
      vertex  3.336756e+01  8.450000e+00  1.380000e+01
      vertex  3.336756e+01  2.120000e+01  1.380000e+01
    endloop
  endfacet
  facet normal  0.000000e+00 -1.000000e+00  -0.000000e+00
    outer loop
      vertex  3.336756e+01  8.450000e+00  8.000000e-01
      vertex  3.336756e+01  8.450000e+00  1.380000e+01
      vertex  3.236756e+01  8.450000e+00  8.000000e-01
    endloop
  endfacet
  facet normal  0.000000e+00 -1.000000e+00  0.000000e+00
    outer loop
      vertex  3.236756e+01  8.450000e+00  8.000000e-01
      vertex  3.336756e+01  8.450000e+00  1.380000e+01
      vertex  3.236756e+01  8.450000e+00  1.380000e+01
    endloop
  endfacet
  facet normal  1.000000e+00  0.000000e+00  0.000000e+00
    outer loop
      vertex  3.336756e+01  8.450000e+00  8.000000e-01
      vertex  3.336756e+01  2.120000e+01  8.000000e-01
      vertex  3.336756e+01  8.450000e+00  1.380000e+01
    endloop
  endfacet
  facet normal  1.000000e+00  -0.000000e+00  0.000000e+00
    outer loop
      vertex  3.336756e+01  8.450000e+00  1.380000e+01
      vertex  3.336756e+01  2.120000e+01  8.000000e-01
      vertex  3.336756e+01  2.120000e+01  1.380000e+01
    endloop
  endfacet
  facet normal -1.000000e+00  0.000000e+00  0.000000e+00
    outer loop
      vertex  3.236756e+01  2.120000e+01  8.000000e-01
      vertex  3.236756e+01  8.450000e+00  8.000000e-01
      vertex  3.236756e+01  2.120000e+01  1.380000e+01
    endloop
  endfacet
  facet normal -1.000000e+00  -0.000000e+00  0.000000e+00
    outer loop
      vertex  3.236756e+01  2.120000e+01  1.380000e+01
      vertex  3.236756e+01  8.450000e+00  8.000000e-01
      vertex  3.236756e+01  8.450000e+00  1.380000e+01
    endloop
  endfacet
  facet normal  0.000000e+00 -1.000000e+00  0.000000e+00
    outer loop
      vertex  2.170000e+01  2.120000e+01  1.520000e+01
      vertex  2.170000e+01  2.120000e+01  8.000000e-01
      vertex  3.236756e+01  2.120000e+01  8.000000e-01
    endloop
  endfacet
  facet normal  0.000000e+00 -1.000000e+00  0.000000e+00
    outer loop
      vertex  2.170000e+01  2.120000e+01  1.520000e+01
      vertex  3.236756e+01  2.120000e+01  8.000000e-01
      vertex  3.236756e+01  2.120000e+01  1.380000e+01
    endloop
  endfacet
  facet normal  0.000000e+00 -1.000000e+00  0.000000e+00
    outer loop
      vertex  2.170000e+01  2.120000e+01  1.520000e+01
      vertex  3.236756e+01  2.120000e+01  1.380000e+01
      vertex  3.336756e+01  2.120000e+01  1.380000e+01
    endloop
  endfacet
  facet normal  0.000000e+00 -1.000000e+00  0.000000e+00
    outer loop
      vertex  2.170000e+01  2.120000e+01  1.520000e+01
      vertex  3.336756e+01  2.120000e+01  1.380000e+01
      vertex  4.170000e+01  2.120000e+01  1.520000e+01
    endloop
  endfacet
  facet normal  0.000000e+00 -1.000000e+00  0.000000e+00
    outer loop
      vertex  3.336756e+01  2.120000e+01  8.000000e-01
      vertex  4.170000e+01  2.120000e+01  8.000000e-01
      vertex  3.336756e+01  2.120000e+01  1.380000e+01
    endloop
  endfacet
  facet normal  0.000000e+00 -9.999999e-01  0.000000e+00
    outer loop
      vertex  3.336756e+01  2.120000e+01  1.380000e+01
      vertex  4.170000e+01  2.120000e+01  8.000000e-01
      vertex  4.170000e+01  2.120000e+01  1.520000e+01
    endloop
  endfacet
  facet normal  0.000000e+00  0.000000e+00  1.000000e+00
    outer loop
      vertex -4.250000e+01  2.200000e+01  2.300000e+00
      vertex -4.250000e+01  9.350000e+00  2.300000e+00
      vertex -3.270000e+01  2.200000e+01  2.300000e+00
    endloop
  endfacet
  facet normal  0.000000e+00  0.000000e+00  1.000000e+00
    outer loop
      vertex -3.270000e+01  2.200000e+01  2.300000e+00
      vertex -4.250000e+01  9.350000e+00  2.300000e+00
      vertex -3.270000e+01  9.350000e+00  2.300000e+00
    endloop
  endfacet
  facet normal  0.000000e+00 -1.000000e+00  0.000000e+00
    outer loop
      vertex  2.060000e+01  3.440000e+01  8.000000e-01
      vertex  2.170000e+01  3.440000e+01  8.000000e-01
      vertex  2.060000e+01  3.440000e+01  1.000000e+00
    endloop
  endfacet
  facet normal  0.000000e+00 -1.000000e+00  0.000000e+00
    outer loop
      vertex  2.060000e+01  3.440000e+01  1.000000e+00
      vertex  2.170000e+01  3.440000e+01  8.000000e-01
      vertex  2.170000e+01  3.440000e+01  1.000000e+00
    endloop
  endfacet
  facet normal  0.000000e+00  0.000000e+00  9.999999e-01
    outer loop
      vertex  2.060000e+01  3.600000e+01  1.520000e+01
      vertex  2.060000e+01  3.500000e+01  1.520000e+01
      vertex  2.250000e+01  3.600000e+01  1.520000e+01
    endloop
  endfacet
  facet normal  0.000000e+00  0.000000e+00  1.000000e+00
    outer loop
      vertex  2.250000e+01  3.600000e+01  1.520000e+01
      vertex  2.060000e+01  3.500000e+01  1.520000e+01
      vertex  2.170000e+01  3.500000e+01  1.520000e+01
    endloop
  endfacet
  facet normal  -0.000000e+00  0.000000e+00  1.000000e+00
    outer loop
      vertex  2.250000e+01  3.600000e+01  1.520000e+01
      vertex  2.170000e+01  3.500000e+01  1.520000e+01
      vertex  2.250000e+01  2.200000e+01  1.520000e+01
    endloop
  endfacet
  facet normal  0.000000e+00  0.000000e+00  1.000000e+00
    outer loop
      vertex  2.250000e+01  2.200000e+01  1.520000e+01
      vertex  2.170000e+01  3.500000e+01  1.520000e+01
      vertex  2.170000e+01  2.120000e+01  1.520000e+01
    endloop
  endfacet
  facet normal  0.000000e+00  0.000000e+00  1.000000e+00
    outer loop
      vertex  2.250000e+01  2.200000e+01  1.520000e+01
      vertex  2.170000e+01  2.120000e+01  1.520000e+01
      vertex  4.250000e+01  2.200000e+01  1.520000e+01
    endloop
  endfacet
  facet normal  0.000000e+00  0.000000e+00  1.000000e+00
    outer loop
      vertex  4.250000e+01  2.200000e+01  1.520000e+01
      vertex  2.170000e+01  2.120000e+01  1.520000e+01
      vertex  4.170000e+01  2.120000e+01  1.520000e+01
    endloop
  endfacet
  facet normal  -0.000000e+00  0.000000e+00  1.000000e+00
    outer loop
      vertex  4.250000e+01  2.200000e+01  1.520000e+01
      vertex  4.170000e+01  2.120000e+01  1.520000e+01
      vertex  4.250000e+01  1.585000e+01  1.520000e+01
    endloop
  endfacet
  facet normal  0.000000e+00  0.000000e+00  1.000000e+00
    outer loop
      vertex  4.250000e+01  1.585000e+01  1.520000e+01
      vertex  4.170000e+01  2.120000e+01  1.520000e+01
      vertex  4.170000e+01  1.585000e+01  1.520000e+01
    endloop
  endfacet
  facet normal  0.000000e+00  -0.000000e+00  9.999999e-01
    outer loop
      vertex -2.250000e+01  3.600000e+01  1.520000e+01
      vertex -2.170000e+01  3.500000e+01  1.520000e+01
      vertex -2.060000e+01  3.600000e+01  1.520000e+01
    endloop
  endfacet
  facet normal  0.000000e+00  0.000000e+00  1.000000e+00
    outer loop
      vertex -2.250000e+01  3.600000e+01  1.520000e+01
      vertex -2.250000e+01  2.200000e+01  1.520000e+01
      vertex -2.170000e+01  3.500000e+01  1.520000e+01
    endloop
  endfacet
  facet normal  0.000000e+00  0.000000e+00  1.000000e+00
    outer loop
      vertex -2.060000e+01  3.600000e+01  1.520000e+01
      vertex -2.170000e+01  3.500000e+01  1.520000e+01
      vertex -2.060000e+01  3.500000e+01  1.520000e+01
    endloop
  endfacet
  facet normal  0.000000e+00  0.000000e+00  1.000000e+00
    outer loop
      vertex -3.190000e+01  2.120000e+01  1.520000e+01
      vertex -3.270000e+01  2.200000e+01  1.520000e+01
      vertex -3.270000e+01  2.120000e+01  1.520000e+01
    endloop
  endfacet
  facet normal  0.000000e+00  -0.000000e+00  1.000000e+00
    outer loop
      vertex -3.270000e+01  2.200000e+01  1.520000e+01
      vertex -3.190000e+01  2.120000e+01  1.520000e+01
      vertex -2.250000e+01  2.200000e+01  1.520000e+01
    endloop
  endfacet
  facet normal  0.000000e+00  0.000000e+00  1.000000e+00
    outer loop
      vertex -2.250000e+01  2.200000e+01  1.520000e+01
      vertex -3.190000e+01  2.120000e+01  1.520000e+01
      vertex -2.170000e+01  2.120000e+01  1.520000e+01
    endloop
  endfacet
  facet normal  0.000000e+00  -0.000000e+00  1.000000e+00
    outer loop
      vertex -2.250000e+01  2.200000e+01  1.520000e+01
      vertex -2.170000e+01  2.120000e+01  1.520000e+01
      vertex -2.170000e+01  3.500000e+01  1.520000e+01
    endloop
  endfacet
  facet normal  0.000000e+00 -1.000000e+00  0.000000e+00
    outer loop
      vertex -2.170000e+01  3.440000e+01  8.000000e-01
      vertex -2.060000e+01  3.440000e+01  8.000000e-01
      vertex -2.170000e+01  3.440000e+01  1.000000e+00
    endloop
  endfacet
  facet normal  0.000000e+00 -1.000000e+00  0.000000e+00
    outer loop
      vertex -2.170000e+01  3.440000e+01  1.000000e+00
      vertex -2.060000e+01  3.440000e+01  8.000000e-01
      vertex -2.060000e+01  3.440000e+01  1.000000e+00
    endloop
  endfacet
  facet normal  0.000000e+00  0.000000e+00  1.000000e+00
    outer loop
      vertex  2.170000e+01  3.440000e+01  8.000000e-01
      vertex -1.570000e+01  3.050000e+01  8.000000e-01
      vertex  1.570000e+01  3.050000e+01  8.000000e-01
    endloop
  endfacet
  facet normal  0.000000e+00  0.000000e+00  1.000000e+00
    outer loop
      vertex  2.170000e+01  3.440000e+01  8.000000e-01
      vertex  1.570000e+01  3.050000e+01  8.000000e-01
      vertex  1.750000e+01  3.050000e+01  8.000000e-01
    endloop
  endfacet
  facet normal  -0.000000e+00  0.000000e+00  1.000000e+00
    outer loop
      vertex  2.170000e+01  3.440000e+01  8.000000e-01
      vertex  1.750000e+01  3.050000e+01  8.000000e-01
      vertex  1.786695e+01  3.046605e+01  8.000000e-01
    endloop
  endfacet
  facet normal  -0.000000e+00  0.000000e+00  1.000000e+00
    outer loop
      vertex  2.170000e+01  3.440000e+01  8.000000e-01
      vertex  1.786695e+01  3.046605e+01  8.000000e-01
      vertex  1.822143e+01  3.036535e+01  8.000000e-01
    endloop
  endfacet
  facet normal  -0.000000e+00  0.000000e+00  1.000000e+00
    outer loop
      vertex  2.170000e+01  3.440000e+01  8.000000e-01
      vertex  1.822143e+01  3.036535e+01  8.000000e-01
      vertex  2.170000e+01  2.905112e+01  8.000000e-01
    endloop
  endfacet
  facet normal  0.000000e+00  -0.000000e+00  1.000000e+00
    outer loop
      vertex -2.170000e+01  2.905112e+01  8.000000e-01
      vertex -1.942257e+01  2.905112e+01  8.000000e-01
      vertex -1.928881e+01  2.939451e+01  8.000000e-01
    endloop
  endfacet
  facet normal  0.000000e+00  -0.000000e+00  1.000000e+00
    outer loop
      vertex -2.170000e+01  2.905112e+01  8.000000e-01
      vertex -1.928881e+01  2.939451e+01  8.000000e-01
      vertex -1.909433e+01  2.970752e+01  8.000000e-01
    endloop
  endfacet
  facet normal  0.000000e+00  -0.000000e+00  1.000000e+00
    outer loop
      vertex -2.170000e+01  2.905112e+01  8.000000e-01
      vertex -1.909433e+01  2.970752e+01  8.000000e-01
      vertex -1.884572e+01  2.997954e+01  8.000000e-01
    endloop
  endfacet
  facet normal  0.000000e+00  -0.000000e+00  1.000000e+00
    outer loop
      vertex -2.170000e+01  2.905112e+01  8.000000e-01
      vertex -1.884572e+01  2.997954e+01  8.000000e-01
      vertex -1.855142e+01  3.020132e+01  8.000000e-01
    endloop
  endfacet
  facet normal  0.000000e+00  -0.000000e+00  1.000000e+00
    outer loop
      vertex -2.170000e+01  2.905112e+01  8.000000e-01
      vertex -1.855142e+01  3.020132e+01  8.000000e-01
      vertex -1.822143e+01  3.036535e+01  8.000000e-01
    endloop
  endfacet
  facet normal  0.000000e+00  0.000000e+00  1.000000e+00
    outer loop
      vertex -2.170000e+01  3.440000e+01  8.000000e-01
      vertex -2.170000e+01  2.905112e+01  8.000000e-01
      vertex -1.822143e+01  3.036535e+01  8.000000e-01
    endloop
  endfacet
  facet normal  0.000000e+00  -0.000000e+00  1.000000e+00
    outer loop
      vertex -2.170000e+01  3.440000e+01  8.000000e-01
      vertex -1.822143e+01  3.036535e+01  8.000000e-01
      vertex -1.786695e+01  3.046605e+01  8.000000e-01
    endloop
  endfacet
  facet normal  0.000000e+00  -0.000000e+00  1.000000e+00
    outer loop
      vertex -2.170000e+01  3.440000e+01  8.000000e-01
      vertex -1.786695e+01  3.046605e+01  8.000000e-01
      vertex -1.750000e+01  3.050000e+01  8.000000e-01
    endloop
  endfacet
  facet normal  0.000000e+00  -0.000000e+00  1.000000e+00
    outer loop
      vertex -2.170000e+01  3.440000e+01  8.000000e-01
      vertex -1.750000e+01  3.050000e+01  8.000000e-01
      vertex -1.570000e+01  3.050000e+01  8.000000e-01
    endloop
  endfacet
  facet normal  0.000000e+00  0.000000e+00  1.000000e+00
    outer loop
      vertex -1.570000e+01  3.050000e+01  8.000000e-01
      vertex  2.170000e+01  3.440000e+01  8.000000e-01
      vertex  2.060000e+01  3.440000e+01  8.000000e-01
    endloop
  endfacet
  facet normal  0.000000e+00  0.000000e+00  1.000000e+00
    outer loop
      vertex -1.570000e+01  3.050000e+01  8.000000e-01
      vertex  2.060000e+01  3.440000e+01  8.000000e-01
      vertex -2.060000e+01  3.440000e+01  8.000000e-01
    endloop
  endfacet
  facet normal  0.000000e+00  0.000000e+00  1.000000e+00
    outer loop
      vertex -1.570000e+01  3.050000e+01  8.000000e-01
      vertex -2.060000e+01  3.440000e+01  8.000000e-01
      vertex -2.170000e+01  3.440000e+01  8.000000e-01
    endloop
  endfacet
  facet normal  0.000000e+00  0.000000e+00  1.000000e+00
    outer loop
      vertex  2.170000e+01  2.905112e+01  8.000000e-01
      vertex  1.822143e+01  3.036535e+01  8.000000e-01
      vertex  1.855142e+01  3.020132e+01  8.000000e-01
    endloop
  endfacet
  facet normal  0.000000e+00  0.000000e+00  1.000000e+00
    outer loop
      vertex  2.170000e+01  2.905112e+01  8.000000e-01
      vertex  1.855142e+01  3.020132e+01  8.000000e-01
      vertex  1.884572e+01  2.997954e+01  8.000000e-01
    endloop
  endfacet
  facet normal  0.000000e+00  0.000000e+00  1.000000e+00
    outer loop
      vertex  2.170000e+01  2.905112e+01  8.000000e-01
      vertex  1.884572e+01  2.997954e+01  8.000000e-01
      vertex  1.909433e+01  2.970752e+01  8.000000e-01
    endloop
  endfacet
  facet normal  0.000000e+00  0.000000e+00  1.000000e+00
    outer loop
      vertex  2.170000e+01  2.905112e+01  8.000000e-01
      vertex  1.909433e+01  2.970752e+01  8.000000e-01
      vertex  1.928881e+01  2.939451e+01  8.000000e-01
    endloop
  endfacet
  facet normal  0.000000e+00  0.000000e+00  1.000000e+00
    outer loop
      vertex  2.170000e+01  2.905112e+01  8.000000e-01
      vertex  1.928881e+01  2.939451e+01  8.000000e-01
      vertex  1.942257e+01  2.905112e+01  8.000000e-01
    endloop
  endfacet
  facet normal  -0.000000e+00  0.000000e+00  1.000000e+00
    outer loop
      vertex  1.570000e+01  3.050000e+01  8.000000e-01
      vertex -1.570000e+01  3.050000e+01  8.000000e-01
      vertex  1.533306e+01  3.046605e+01  8.000000e-01
    endloop
  endfacet
  facet normal  0.000000e+00  0.000000e+00  1.000000e+00
    outer loop
      vertex  1.533306e+01  3.046605e+01  8.000000e-01
      vertex -1.570000e+01  3.050000e+01  8.000000e-01
      vertex -1.533306e+01  3.046605e+01  8.000000e-01
    endloop
  endfacet
  facet normal  -0.000000e+00  0.000000e+00  9.999999e-01
    outer loop
      vertex  1.533306e+01  3.046605e+01  8.000000e-01
      vertex -1.533306e+01  3.046605e+01  8.000000e-01
      vertex  1.497857e+01  3.036535e+01  8.000000e-01
    endloop
  endfacet
  facet normal  0.000000e+00  0.000000e+00  1.000000e+00
    outer loop
      vertex  1.497857e+01  3.036535e+01  8.000000e-01
      vertex -1.533306e+01  3.046605e+01  8.000000e-01
      vertex -1.497857e+01  3.036535e+01  8.000000e-01
    endloop
  endfacet
  facet normal  -0.000000e+00  0.000000e+00  1.000000e+00
    outer loop
      vertex  1.497857e+01  3.036535e+01  8.000000e-01
      vertex -1.497857e+01  3.036535e+01  8.000000e-01
      vertex  1.464858e+01  3.020132e+01  8.000000e-01
    endloop
  endfacet
  facet normal  0.000000e+00  0.000000e+00  1.000000e+00
    outer loop
      vertex  1.464858e+01  3.020132e+01  8.000000e-01
      vertex -1.497857e+01  3.036535e+01  8.000000e-01
      vertex -1.464858e+01  3.020132e+01  8.000000e-01
    endloop
  endfacet
  facet normal  -0.000000e+00  0.000000e+00  1.000000e+00
    outer loop
      vertex  1.464858e+01  3.020132e+01  8.000000e-01
      vertex -1.464858e+01  3.020132e+01  8.000000e-01
      vertex  1.435428e+01  2.997954e+01  8.000000e-01
    endloop
  endfacet
  facet normal  0.000000e+00  0.000000e+00  1.000000e+00
    outer loop
      vertex  1.435428e+01  2.997954e+01  8.000000e-01
      vertex -1.464858e+01  3.020132e+01  8.000000e-01
      vertex -1.435428e+01  2.997954e+01  8.000000e-01
    endloop
  endfacet
  facet normal  -0.000000e+00  0.000000e+00  1.000000e+00
    outer loop
      vertex  1.435428e+01  2.997954e+01  8.000000e-01
      vertex -1.435428e+01  2.997954e+01  8.000000e-01
      vertex  1.410567e+01  2.970752e+01  8.000000e-01
    endloop
  endfacet
  facet normal  0.000000e+00  0.000000e+00  1.000000e+00
    outer loop
      vertex  1.410567e+01  2.970752e+01  8.000000e-01
      vertex -1.435428e+01  2.997954e+01  8.000000e-01
      vertex -1.410567e+01  2.970752e+01  8.000000e-01
    endloop
  endfacet
  facet normal  -0.000000e+00  0.000000e+00  1.000000e+00
    outer loop
      vertex  1.410567e+01  2.970752e+01  8.000000e-01
      vertex -1.410567e+01  2.970752e+01  8.000000e-01
      vertex  1.391119e+01  2.939451e+01  8.000000e-01
    endloop
  endfacet
  facet normal  0.000000e+00  0.000000e+00  1.000000e+00
    outer loop
      vertex  1.391119e+01  2.939451e+01  8.000000e-01
      vertex -1.410567e+01  2.970752e+01  8.000000e-01
      vertex -1.391119e+01  2.939451e+01  8.000000e-01
    endloop
  endfacet
  facet normal  -0.000000e+00  0.000000e+00  1.000000e+00
    outer loop
      vertex  1.391119e+01  2.939451e+01  8.000000e-01
      vertex -1.391119e+01  2.939451e+01  8.000000e-01
      vertex  1.377743e+01  2.905112e+01  8.000000e-01
    endloop
  endfacet
  facet normal  0.000000e+00  0.000000e+00  1.000000e+00
    outer loop
      vertex  1.377743e+01  2.905112e+01  8.000000e-01
      vertex -1.391119e+01  2.939451e+01  8.000000e-01
      vertex -1.377743e+01  2.905112e+01  8.000000e-01
    endloop
  endfacet
  facet normal  0.000000e+00  0.000000e+00 -1.000000e+00
    outer loop
      vertex -2.050000e+01 -2.200000e+01 -2.000000e-01
      vertex -2.301205e+01  8.564965e+00 -2.000000e-01
      vertex -2.282865e+01  8.609204e+00 -2.000000e-01
    endloop
  endfacet
  facet normal  0.000000e+00  0.000000e+00 -9.999999e-01
    outer loop
      vertex -2.050000e+01 -2.200000e+01 -2.000000e-01
      vertex -2.320000e+01  8.550000e+00 -2.000000e-01
      vertex -2.301205e+01  8.564965e+00 -2.000000e-01
    endloop
  endfacet
  facet normal  -0.000000e+00  0.000000e+00 -9.999999e-01
    outer loop
      vertex  2.250000e+01  2.200000e+01 -2.000000e-01
      vertex  4.250000e+01  2.200000e+01 -2.000000e-01
      vertex -2.320000e+01  1.155000e+01 -2.000000e-01
    endloop
  endfacet
  facet normal  0.000000e+00  0.000000e+00 -1.000000e+00
    outer loop
      vertex  2.250000e+01  2.200000e+01 -2.000000e-01
      vertex -2.320000e+01  1.155000e+01 -2.000000e-01
      vertex -2.250000e+01  2.200000e+01 -2.000000e-01
    endloop
  endfacet
  facet normal  0.000000e+00  0.000000e+00 -1.000000e+00
    outer loop
      vertex  2.250000e+01  2.200000e+01 -2.000000e-01
      vertex -2.250000e+01  2.200000e+01 -2.000000e-01
      vertex -2.060000e+01  3.440000e+01 -2.000000e-01
    endloop
  endfacet
  facet normal  0.000000e+00  0.000000e+00 -1.000000e+00
    outer loop
      vertex  2.250000e+01  2.200000e+01 -2.000000e-01
      vertex -2.060000e+01  3.440000e+01 -2.000000e-01
      vertex  2.060000e+01  3.440000e+01 -2.000000e-01
    endloop
  endfacet
  facet normal  0.000000e+00  0.000000e+00 -1.000000e+00
    outer loop
      vertex  2.250000e+01  2.200000e+01 -2.000000e-01
      vertex  2.060000e+01  3.440000e+01 -2.000000e-01
      vertex  2.060000e+01  3.600000e+01 -2.000000e-01
    endloop
  endfacet
  facet normal  0.000000e+00  0.000000e+00 -1.000000e+00
    outer loop
      vertex  2.250000e+01  2.200000e+01 -2.000000e-01
      vertex  2.060000e+01  3.600000e+01 -2.000000e-01
      vertex  2.250000e+01  3.600000e+01 -2.000000e-01
    endloop
  endfacet
  facet normal  0.000000e+00  0.000000e+00 -1.000000e+00
    outer loop
      vertex -4.250000e+01 -2.700000e+01 -2.000000e-01
      vertex -4.250000e+01  2.200000e+01 -2.000000e-01
      vertex -3.100000e+01  1.035000e+01 -2.000000e-01
    endloop
  endfacet
  facet normal  0.000000e+00  -0.000000e+00 -1.000000e+00
    outer loop
      vertex -4.250000e+01 -2.700000e+01 -2.000000e-01
      vertex -3.100000e+01  1.035000e+01 -2.000000e-01
      vertex -3.100000e+01  9.750000e+00 -2.000000e-01
    endloop
  endfacet
  facet normal  0.000000e+00  -0.000000e+00 -1.000000e+00
    outer loop
      vertex -4.250000e+01 -2.700000e+01 -2.000000e-01
      vertex -3.100000e+01  9.750000e+00 -2.000000e-01
      vertex -3.098503e+01  9.562049e+00 -2.000000e-01
    endloop
  endfacet
  facet normal  0.000000e+00  -0.000000e+00 -9.999999e-01
    outer loop
      vertex -4.250000e+01 -2.700000e+01 -2.000000e-01
      vertex -3.098503e+01  9.562049e+00 -2.000000e-01
      vertex -3.094080e+01  9.378649e+00 -2.000000e-01
    endloop
  endfacet
  facet normal  0.000000e+00  -0.000000e+00 -1.000000e+00
    outer loop
      vertex -4.250000e+01 -2.700000e+01 -2.000000e-01
      vertex -3.094080e+01  9.378649e+00 -2.000000e-01
      vertex -3.086864e+01  9.204620e+00 -2.000000e-01
    endloop
  endfacet
  facet normal  0.000000e+00  -0.000000e+00 -1.000000e+00
    outer loop
      vertex -4.250000e+01 -2.700000e+01 -2.000000e-01
      vertex -3.086864e+01  9.204620e+00 -2.000000e-01
      vertex -3.077043e+01  9.044292e+00 -2.000000e-01
    endloop
  endfacet
  facet normal  0.000000e+00  -0.000000e+00 -9.999999e-01
    outer loop
      vertex -4.250000e+01 -2.700000e+01 -2.000000e-01
      vertex -3.077043e+01  9.044292e+00 -2.000000e-01
      vertex -3.064850e+01  8.901496e+00 -2.000000e-01
    endloop
  endfacet
  facet normal  0.000000e+00  -0.000000e+00 -1.000000e+00
    outer loop
      vertex -4.250000e+01 -2.700000e+01 -2.000000e-01
      vertex -3.064850e+01  8.901496e+00 -2.000000e-01
      vertex -3.050571e+01  8.779571e+00 -2.000000e-01
    endloop
  endfacet
  facet normal  0.000000e+00  -0.000000e+00 -1.000000e+00
    outer loop
      vertex -4.250000e+01 -2.700000e+01 -2.000000e-01
      vertex -3.050571e+01  8.779571e+00 -2.000000e-01
      vertex -3.034538e+01  8.681356e+00 -2.000000e-01
    endloop
  endfacet
  facet normal  0.000000e+00  -0.000000e+00 -1.000000e+00
    outer loop
      vertex -4.250000e+01 -2.700000e+01 -2.000000e-01
      vertex -3.034538e+01  8.681356e+00 -2.000000e-01
      vertex -3.017135e+01  8.609204e+00 -2.000000e-01
    endloop
  endfacet
  facet normal  0.000000e+00  -0.000000e+00 -9.999999e-01
    outer loop
      vertex -4.250000e+01 -2.700000e+01 -2.000000e-01
      vertex -3.017135e+01  8.609204e+00 -2.000000e-01
      vertex -2.998795e+01  8.564965e+00 -2.000000e-01
    endloop
  endfacet
  facet normal  0.000000e+00  -0.000000e+00 -1.000000e+00
    outer loop
      vertex -4.250000e+01 -2.700000e+01 -2.000000e-01
      vertex -2.998795e+01  8.564965e+00 -2.000000e-01
      vertex -2.980000e+01  8.550000e+00 -2.000000e-01
    endloop
  endfacet
  facet normal  0.000000e+00  -0.000000e+00 -1.000000e+00
    outer loop
      vertex -4.250000e+01 -2.700000e+01 -2.000000e-01
      vertex -2.980000e+01  8.550000e+00 -2.000000e-01
      vertex -2.320000e+01  8.550000e+00 -2.000000e-01
    endloop
  endfacet
  facet normal  0.000000e+00  -0.000000e+00 -9.999999e-01
    outer loop
      vertex -4.250000e+01 -2.700000e+01 -2.000000e-01
      vertex -2.320000e+01  8.550000e+00 -2.000000e-01
      vertex -2.050000e+01 -2.200000e+01 -2.000000e-01
    endloop
  endfacet
  facet normal  0.000000e+00  -0.000000e+00 -9.999999e-01
    outer loop
      vertex -4.250000e+01 -2.700000e+01 -2.000000e-01
      vertex -2.050000e+01 -2.200000e+01 -2.000000e-01
      vertex -2.050000e+01 -2.700000e+01 -2.000000e-01
    endloop
  endfacet
  facet normal  -0.000000e+00  0.000000e+00 -9.999999e-01
    outer loop
      vertex -4.250000e+01  2.200000e+01 -2.000000e-01
      vertex -2.250000e+01  2.200000e+01 -2.000000e-01
      vertex -2.320000e+01  1.155000e+01 -2.000000e-01
    endloop
  endfacet
  facet normal  0.000000e+00  0.000000e+00 -1.000000e+00
    outer loop
      vertex -4.250000e+01  2.200000e+01 -2.000000e-01
      vertex -2.320000e+01  1.155000e+01 -2.000000e-01
      vertex -2.980000e+01  1.155000e+01 -2.000000e-01
    endloop
  endfacet
  facet normal  -0.000000e+00  0.000000e+00 -1.000000e+00
    outer loop
      vertex -4.250000e+01  2.200000e+01 -2.000000e-01
      vertex -2.980000e+01  1.155000e+01 -2.000000e-01
      vertex -2.998795e+01  1.153503e+01 -2.000000e-01
    endloop
  endfacet
  facet normal  -0.000000e+00  0.000000e+00 -1.000000e+00
    outer loop
      vertex -4.250000e+01  2.200000e+01 -2.000000e-01
      vertex -2.998795e+01  1.153503e+01 -2.000000e-01
      vertex -3.017135e+01  1.149080e+01 -2.000000e-01
    endloop
  endfacet
  facet normal  -0.000000e+00  0.000000e+00 -1.000000e+00
    outer loop
      vertex -4.250000e+01  2.200000e+01 -2.000000e-01
      vertex -3.017135e+01  1.149080e+01 -2.000000e-01
      vertex -3.034538e+01  1.141864e+01 -2.000000e-01
    endloop
  endfacet
  facet normal  -0.000000e+00  0.000000e+00 -1.000000e+00
    outer loop
      vertex -4.250000e+01  2.200000e+01 -2.000000e-01
      vertex -3.034538e+01  1.141864e+01 -2.000000e-01
      vertex -3.050571e+01  1.132043e+01 -2.000000e-01
    endloop
  endfacet
  facet normal  -0.000000e+00  0.000000e+00 -1.000000e+00
    outer loop
      vertex -4.250000e+01  2.200000e+01 -2.000000e-01
      vertex -3.050571e+01  1.132043e+01 -2.000000e-01
      vertex -3.064850e+01  1.119850e+01 -2.000000e-01
    endloop
  endfacet
  facet normal  -0.000000e+00  0.000000e+00 -9.999999e-01
    outer loop
      vertex -4.250000e+01  2.200000e+01 -2.000000e-01
      vertex -3.064850e+01  1.119850e+01 -2.000000e-01
      vertex -3.077043e+01  1.105571e+01 -2.000000e-01
    endloop
  endfacet
  facet normal  -0.000000e+00  0.000000e+00 -1.000000e+00
    outer loop
      vertex -4.250000e+01  2.200000e+01 -2.000000e-01
      vertex -3.077043e+01  1.105571e+01 -2.000000e-01
      vertex -3.086864e+01  1.089538e+01 -2.000000e-01
    endloop
  endfacet
  facet normal  -0.000000e+00  0.000000e+00 -1.000000e+00
    outer loop
      vertex -4.250000e+01  2.200000e+01 -2.000000e-01
      vertex -3.086864e+01  1.089538e+01 -2.000000e-01
      vertex -3.094080e+01  1.072135e+01 -2.000000e-01
    endloop
  endfacet
  facet normal  -0.000000e+00  0.000000e+00 -1.000000e+00
    outer loop
      vertex -4.250000e+01  2.200000e+01 -2.000000e-01
      vertex -3.094080e+01  1.072135e+01 -2.000000e-01
      vertex -3.098503e+01  1.053795e+01 -2.000000e-01
    endloop
  endfacet
  facet normal  -0.000000e+00  0.000000e+00 -1.000000e+00
    outer loop
      vertex -4.250000e+01  2.200000e+01 -2.000000e-01
      vertex -3.098503e+01  1.053795e+01 -2.000000e-01
      vertex -3.100000e+01  1.035000e+01 -2.000000e-01
    endloop
  endfacet
  facet normal  0.000000e+00  0.000000e+00 -9.999999e-01
    outer loop
      vertex  4.250000e+01  2.200000e+01 -2.000000e-01
      vertex  4.250000e+01 -2.700000e+01 -2.000000e-01
      vertex  1.770000e+01 -2.320000e+01 -2.000000e-01
    endloop
  endfacet
  facet normal  0.000000e+00  0.000000e+00 -9.999999e-01
    outer loop
      vertex  4.250000e+01  2.200000e+01 -2.000000e-01
      vertex  1.770000e+01 -2.320000e+01 -2.000000e-01
      vertex  1.770000e+01 -2.200000e+01 -2.000000e-01
    endloop
  endfacet
  facet normal  0.000000e+00  0.000000e+00 -1.000000e+00
    outer loop
      vertex  4.250000e+01  2.200000e+01 -2.000000e-01
      vertex  1.770000e+01 -2.200000e+01 -2.000000e-01
      vertex -2.050000e+01 -2.200000e+01 -2.000000e-01
    endloop
  endfacet
  facet normal  0.000000e+00  0.000000e+00 -9.999999e-01
    outer loop
      vertex  4.250000e+01  2.200000e+01 -2.000000e-01
      vertex -2.050000e+01 -2.200000e+01 -2.000000e-01
      vertex -2.282865e+01  8.609204e+00 -2.000000e-01
    endloop
  endfacet
  facet normal  0.000000e+00  0.000000e+00 -1.000000e+00
    outer loop
      vertex  4.250000e+01  2.200000e+01 -2.000000e-01
      vertex -2.282865e+01  8.609204e+00 -2.000000e-01
      vertex -2.265462e+01  8.681356e+00 -2.000000e-01
    endloop
  endfacet
  facet normal  0.000000e+00  0.000000e+00 -1.000000e+00
    outer loop
      vertex  4.250000e+01  2.200000e+01 -2.000000e-01
      vertex -2.265462e+01  8.681356e+00 -2.000000e-01
      vertex -2.249429e+01  8.779571e+00 -2.000000e-01
    endloop
  endfacet
  facet normal  0.000000e+00  0.000000e+00 -1.000000e+00
    outer loop
      vertex  4.250000e+01  2.200000e+01 -2.000000e-01
      vertex -2.249429e+01  8.779571e+00 -2.000000e-01
      vertex -2.235150e+01  8.901496e+00 -2.000000e-01
    endloop
  endfacet
  facet normal  0.000000e+00  0.000000e+00 -1.000000e+00
    outer loop
      vertex  4.250000e+01  2.200000e+01 -2.000000e-01
      vertex -2.235150e+01  8.901496e+00 -2.000000e-01
      vertex -2.222957e+01  9.044292e+00 -2.000000e-01
    endloop
  endfacet
  facet normal  0.000000e+00  0.000000e+00 -1.000000e+00
    outer loop
      vertex  4.250000e+01  2.200000e+01 -2.000000e-01
      vertex -2.222957e+01  9.044292e+00 -2.000000e-01
      vertex -2.213136e+01  9.204620e+00 -2.000000e-01
    endloop
  endfacet
  facet normal  0.000000e+00  0.000000e+00 -1.000000e+00
    outer loop
      vertex  4.250000e+01  2.200000e+01 -2.000000e-01
      vertex -2.213136e+01  9.204620e+00 -2.000000e-01
      vertex -2.205920e+01  9.378649e+00 -2.000000e-01
    endloop
  endfacet
  facet normal  0.000000e+00  0.000000e+00 -1.000000e+00
    outer loop
      vertex  4.250000e+01  2.200000e+01 -2.000000e-01
      vertex -2.205920e+01  9.378649e+00 -2.000000e-01
      vertex -2.201497e+01  9.562049e+00 -2.000000e-01
    endloop
  endfacet
  facet normal  0.000000e+00  0.000000e+00 -1.000000e+00
    outer loop
      vertex  4.250000e+01  2.200000e+01 -2.000000e-01
      vertex -2.201497e+01  9.562049e+00 -2.000000e-01
      vertex -2.200000e+01  9.750000e+00 -2.000000e-01
    endloop
  endfacet
  facet normal  0.000000e+00  0.000000e+00 -1.000000e+00
    outer loop
      vertex  4.250000e+01  2.200000e+01 -2.000000e-01
      vertex -2.200000e+01  9.750000e+00 -2.000000e-01
      vertex -2.200000e+01  1.035000e+01 -2.000000e-01
    endloop
  endfacet
  facet normal  0.000000e+00  0.000000e+00 -1.000000e+00
    outer loop
      vertex  4.250000e+01  2.200000e+01 -2.000000e-01
      vertex -2.200000e+01  1.035000e+01 -2.000000e-01
      vertex -2.201497e+01  1.053795e+01 -2.000000e-01
    endloop
  endfacet
  facet normal  0.000000e+00  0.000000e+00 -1.000000e+00
    outer loop
      vertex  4.250000e+01  2.200000e+01 -2.000000e-01
      vertex -2.201497e+01  1.053795e+01 -2.000000e-01
      vertex -2.205920e+01  1.072135e+01 -2.000000e-01
    endloop
  endfacet
  facet normal  0.000000e+00  0.000000e+00 -1.000000e+00
    outer loop
      vertex  4.250000e+01  2.200000e+01 -2.000000e-01
      vertex -2.205920e+01  1.072135e+01 -2.000000e-01
      vertex -2.213136e+01  1.089538e+01 -2.000000e-01
    endloop
  endfacet
  facet normal  0.000000e+00  0.000000e+00 -1.000000e+00
    outer loop
      vertex  4.250000e+01  2.200000e+01 -2.000000e-01
      vertex -2.213136e+01  1.089538e+01 -2.000000e-01
      vertex -2.222957e+01  1.105571e+01 -2.000000e-01
    endloop
  endfacet
  facet normal  0.000000e+00  0.000000e+00 -1.000000e+00
    outer loop
      vertex  4.250000e+01  2.200000e+01 -2.000000e-01
      vertex -2.222957e+01  1.105571e+01 -2.000000e-01
      vertex -2.235150e+01  1.119850e+01 -2.000000e-01
    endloop
  endfacet
  facet normal  0.000000e+00  0.000000e+00 -1.000000e+00
    outer loop
      vertex  4.250000e+01  2.200000e+01 -2.000000e-01
      vertex -2.235150e+01  1.119850e+01 -2.000000e-01
      vertex -2.249429e+01  1.132043e+01 -2.000000e-01
    endloop
  endfacet
  facet normal  0.000000e+00  0.000000e+00 -1.000000e+00
    outer loop
      vertex  4.250000e+01  2.200000e+01 -2.000000e-01
      vertex -2.249429e+01  1.132043e+01 -2.000000e-01
      vertex -2.265462e+01  1.141864e+01 -2.000000e-01
    endloop
  endfacet
  facet normal  0.000000e+00  0.000000e+00 -1.000000e+00
    outer loop
      vertex  4.250000e+01  2.200000e+01 -2.000000e-01
      vertex -2.265462e+01  1.141864e+01 -2.000000e-01
      vertex -2.282865e+01  1.149080e+01 -2.000000e-01
    endloop
  endfacet
  facet normal  0.000000e+00  0.000000e+00 -1.000000e+00
    outer loop
      vertex  4.250000e+01  2.200000e+01 -2.000000e-01
      vertex -2.282865e+01  1.149080e+01 -2.000000e-01
      vertex -2.301205e+01  1.153503e+01 -2.000000e-01
    endloop
  endfacet
  facet normal  0.000000e+00  0.000000e+00 -1.000000e+00
    outer loop
      vertex  4.250000e+01  2.200000e+01 -2.000000e-01
      vertex -2.301205e+01  1.153503e+01 -2.000000e-01
      vertex -2.320000e+01  1.155000e+01 -2.000000e-01
    endloop
  endfacet
  facet normal  0.000000e+00  0.000000e+00 -1.000000e+00
    outer loop
      vertex  1.670000e+01 -2.346795e+01 -2.000000e-01
      vertex  1.770000e+01 -2.320000e+01 -2.000000e-01
      vertex  1.670000e+01 -2.700000e+01 -2.000000e-01
    endloop
  endfacet
  facet normal  0.000000e+00  0.000000e+00 -9.999999e-01
    outer loop
      vertex  1.670000e+01 -2.700000e+01 -2.000000e-01
      vertex  1.770000e+01 -2.320000e+01 -2.000000e-01
      vertex  4.250000e+01 -2.700000e+01 -2.000000e-01
    endloop
  endfacet
  facet normal  -0.000000e+00  0.000000e+00 -1.000000e+00
    outer loop
      vertex -2.250000e+01  3.600000e+01 -2.000000e-01
      vertex -2.060000e+01  3.600000e+01 -2.000000e-01
      vertex -2.250000e+01  2.200000e+01 -2.000000e-01
    endloop
  endfacet
  facet normal  0.000000e+00  0.000000e+00 -1.000000e+00
    outer loop
      vertex -2.250000e+01  2.200000e+01 -2.000000e-01
      vertex -2.060000e+01  3.600000e+01 -2.000000e-01
      vertex -2.060000e+01  3.440000e+01 -2.000000e-01
    endloop
  endfacet
  facet normal  -0.000000e+00  0.000000e+00  1.000000e+00
    outer loop
      vertex  1.850000e+01 -2.080000e+01  1.520000e+01
      vertex -2.130000e+01 -2.080000e+01  1.520000e+01
      vertex -2.137804e+01 -2.080769e+01  1.520000e+01
    endloop
  endfacet
  facet normal  0.000000e+00  0.000000e+00  1.000000e+00
    outer loop
      vertex -4.170000e+01 -2.160000e+01  1.520000e+01
      vertex -4.170000e+01 -2.155000e+01  1.520000e+01
      vertex -4.250000e+01 -2.155000e+01  1.520000e+01
    endloop
  endfacet
  facet normal  0.000000e+00  0.000000e+00  1.000000e+00
    outer loop
      vertex -4.170000e+01 -2.160000e+01  1.520000e+01
      vertex -4.250000e+01 -2.155000e+01  1.520000e+01
      vertex -4.250000e+01 -2.700000e+01  1.520000e+01
    endloop
  endfacet
  facet normal  0.000000e+00  0.000000e+00  1.000000e+00
    outer loop
      vertex -4.170000e+01 -2.160000e+01  1.520000e+01
      vertex -4.250000e+01 -2.700000e+01  1.520000e+01
      vertex -3.959776e+01 -2.243332e+01  1.520000e+01
    endloop
  endfacet
  facet normal  0.000000e+00  -0.000000e+00  1.000000e+00
    outer loop
      vertex -4.170000e+01 -2.160000e+01  1.520000e+01
      vertex -3.959776e+01 -2.243332e+01  1.520000e+01
      vertex -3.944853e+01 -2.225147e+01  1.520000e+01
    endloop
  endfacet
  facet normal  0.000000e+00  -0.000000e+00  1.000000e+00
    outer loop
      vertex -4.170000e+01 -2.160000e+01  1.520000e+01
      vertex -3.944853e+01 -2.225147e+01  1.520000e+01
      vertex -3.926669e+01 -2.210224e+01  1.520000e+01
    endloop
  endfacet
  facet normal  0.000000e+00  -0.000000e+00  1.000000e+00
    outer loop
      vertex -4.170000e+01 -2.160000e+01  1.520000e+01
      vertex -3.926669e+01 -2.210224e+01  1.520000e+01
      vertex -3.905922e+01 -2.199134e+01  1.520000e+01
    endloop
  endfacet
  facet normal  0.000000e+00  -0.000000e+00  1.000000e+00
    outer loop
      vertex -4.170000e+01 -2.160000e+01  1.520000e+01
      vertex -3.905922e+01 -2.199134e+01  1.520000e+01
      vertex -3.883411e+01 -2.192306e+01  1.520000e+01
    endloop
  endfacet
  facet normal  0.000000e+00  -0.000000e+00  9.999999e-01
    outer loop
      vertex -4.170000e+01 -2.160000e+01  1.520000e+01
      vertex -3.883411e+01 -2.192306e+01  1.520000e+01
      vertex -3.860000e+01 -2.190000e+01  1.520000e+01
    endloop
  endfacet
  facet normal  -0.000000e+00  -0.000000e+00  1.000000e+00
    outer loop
      vertex -4.170000e+01 -2.160000e+01  1.520000e+01
      vertex -3.860000e+01 -2.190000e+01  1.520000e+01
      vertex  1.770000e+01 -2.200000e+01  1.520000e+01
    endloop
  endfacet
  facet normal  0.000000e+00  0.000000e+00  1.000000e+00
    outer loop
      vertex -4.170000e+01 -2.160000e+01  1.520000e+01
      vertex  1.770000e+01 -2.200000e+01  1.520000e+01
      vertex -2.170000e+01 -2.160000e+01  1.520000e+01
    endloop
  endfacet
  facet normal  0.000000e+00  0.000000e+00  1.000000e+00
    outer loop
      vertex  1.890000e+01 -2.580000e+01  1.520000e+01
      vertex  1.890000e+01 -2.120000e+01  1.520000e+01
      vertex  1.770000e+01 -2.200000e+01  1.520000e+01
    endloop
  endfacet
  facet normal  0.000000e+00  0.000000e+00  1.000000e+00
    outer loop
      vertex  1.890000e+01 -2.580000e+01  1.520000e+01
      vertex  1.770000e+01 -2.200000e+01  1.520000e+01
      vertex  1.770000e+01 -2.320000e+01  1.520000e+01
    endloop
  endfacet
  facet normal  0.000000e+00  0.000000e+00  9.999999e-01
    outer loop
      vertex  1.890000e+01 -2.580000e+01  1.520000e+01
      vertex  1.770000e+01 -2.320000e+01  1.520000e+01
      vertex  1.670000e+01 -2.346795e+01  1.520000e+01
    endloop
  endfacet
  facet normal  0.000000e+00  0.000000e+00  9.999999e-01
    outer loop
      vertex  1.890000e+01 -2.580000e+01  1.520000e+01
      vertex  1.670000e+01 -2.346795e+01  1.520000e+01
      vertex  1.670000e+01 -2.700000e+01  1.520000e+01
    endloop
  endfacet
  facet normal  0.000000e+00  0.000000e+00  1.000000e+00
    outer loop
      vertex  1.890000e+01 -2.580000e+01  1.520000e+01
      vertex  1.670000e+01 -2.700000e+01  1.520000e+01
      vertex  4.250000e+01 -2.700000e+01  1.520000e+01
    endloop
  endfacet
  facet normal  0.000000e+00  0.000000e+00  1.000000e+00
    outer loop
      vertex  1.890000e+01 -2.580000e+01  1.520000e+01
      vertex  4.250000e+01 -2.700000e+01  1.520000e+01
      vertex  3.610000e+01 -2.580000e+01  1.520000e+01
    endloop
  endfacet
  facet normal  0.000000e+00  0.000000e+00  1.000000e+00
    outer loop
      vertex  1.770000e+01 -2.200000e+01  1.520000e+01
      vertex -3.860000e+01 -2.190000e+01  1.520000e+01
      vertex -3.836589e+01 -2.192306e+01  1.520000e+01
    endloop
  endfacet
  facet normal  0.000000e+00  0.000000e+00  1.000000e+00
    outer loop
      vertex  1.770000e+01 -2.200000e+01  1.520000e+01
      vertex -3.836589e+01 -2.192306e+01  1.520000e+01
      vertex -3.814078e+01 -2.199134e+01  1.520000e+01
    endloop
  endfacet
  facet normal  0.000000e+00  0.000000e+00  1.000000e+00
    outer loop
      vertex  1.770000e+01 -2.200000e+01  1.520000e+01
      vertex -3.814078e+01 -2.199134e+01  1.520000e+01
      vertex -2.050000e+01 -2.200000e+01  1.520000e+01
    endloop
  endfacet
  facet normal  0.000000e+00  0.000000e+00  1.000000e+00
    outer loop
      vertex  3.610000e+01 -2.160000e+01  1.520000e+01
      vertex  3.610000e+01 -2.580000e+01  1.520000e+01
      vertex  3.758373e+01 -2.267905e+01  1.520000e+01
    endloop
  endfacet
  facet normal  0.000000e+00  -0.000000e+00  9.999999e-01
    outer loop
      vertex  3.610000e+01 -2.160000e+01  1.520000e+01
      vertex  3.758373e+01 -2.267905e+01  1.520000e+01
      vertex  3.768538e+01 -2.248887e+01  1.520000e+01
    endloop
  endfacet
  facet normal  0.000000e+00  -0.000000e+00  1.000000e+00
    outer loop
      vertex  3.610000e+01 -2.160000e+01  1.520000e+01
      vertex  3.768538e+01 -2.248887e+01  1.520000e+01
      vertex  3.782218e+01 -2.232218e+01  1.520000e+01
    endloop
  endfacet
  facet normal  0.000000e+00  -0.000000e+00  1.000000e+00
    outer loop
      vertex  3.610000e+01 -2.160000e+01  1.520000e+01
      vertex  3.782218e+01 -2.232218e+01  1.520000e+01
      vertex  3.798887e+01 -2.218538e+01  1.520000e+01
    endloop
  endfacet
  facet normal  0.000000e+00  -0.000000e+00  1.000000e+00
    outer loop
      vertex  3.610000e+01 -2.160000e+01  1.520000e+01
      vertex  3.798887e+01 -2.218538e+01  1.520000e+01
      vertex  3.817905e+01 -2.208373e+01  1.520000e+01
    endloop
  endfacet
  facet normal  0.000000e+00  -0.000000e+00  1.000000e+00
    outer loop
      vertex  3.610000e+01 -2.160000e+01  1.520000e+01
      vertex  3.817905e+01 -2.208373e+01  1.520000e+01
      vertex  3.838540e+01 -2.202114e+01  1.520000e+01
    endloop
  endfacet
  facet normal  0.000000e+00  -0.000000e+00  1.000000e+00
    outer loop
      vertex  3.610000e+01 -2.160000e+01  1.520000e+01
      vertex  3.838540e+01 -2.202114e+01  1.520000e+01
      vertex  3.860000e+01 -2.200000e+01  1.520000e+01
    endloop
  endfacet
  facet normal  0.000000e+00  -0.000000e+00  1.000000e+00
    outer loop
      vertex  3.610000e+01 -2.160000e+01  1.520000e+01
      vertex  3.860000e+01 -2.200000e+01  1.520000e+01
      vertex  4.170000e+01 -2.160000e+01  1.520000e+01
    endloop
  endfacet
  facet normal  0.000000e+00  0.000000e+00  9.999999e-01
    outer loop
      vertex -4.250000e+01 -2.700000e+01  1.520000e+01
      vertex -2.050000e+01 -2.700000e+01  1.520000e+01
      vertex -3.860000e+01 -2.430000e+01  1.520000e+01
    endloop
  endfacet
  facet normal  0.000000e+00  0.000000e+00  1.000000e+00
    outer loop
      vertex -4.250000e+01 -2.700000e+01  1.520000e+01
      vertex -3.860000e+01 -2.430000e+01  1.520000e+01
      vertex -3.883411e+01 -2.427694e+01  1.520000e+01
    endloop
  endfacet
  facet normal  0.000000e+00  0.000000e+00  9.999999e-01
    outer loop
      vertex -4.250000e+01 -2.700000e+01  1.520000e+01
      vertex -3.883411e+01 -2.427694e+01  1.520000e+01
      vertex -3.905922e+01 -2.420866e+01  1.520000e+01
    endloop
  endfacet
  facet normal  0.000000e+00  0.000000e+00  1.000000e+00
    outer loop
      vertex -4.250000e+01 -2.700000e+01  1.520000e+01
      vertex -3.905922e+01 -2.420866e+01  1.520000e+01
      vertex -3.926669e+01 -2.409776e+01  1.520000e+01
    endloop
  endfacet
  facet normal  0.000000e+00  0.000000e+00  1.000000e+00
    outer loop
      vertex -4.250000e+01 -2.700000e+01  1.520000e+01
      vertex -3.926669e+01 -2.409776e+01  1.520000e+01
      vertex -3.944853e+01 -2.394853e+01  1.520000e+01
    endloop
  endfacet
  facet normal  0.000000e+00  0.000000e+00  1.000000e+00
    outer loop
      vertex -4.250000e+01 -2.700000e+01  1.520000e+01
      vertex -3.944853e+01 -2.394853e+01  1.520000e+01
      vertex -3.959776e+01 -2.376668e+01  1.520000e+01
    endloop
  endfacet
  facet normal  0.000000e+00  0.000000e+00  1.000000e+00
    outer loop
      vertex -4.250000e+01 -2.700000e+01  1.520000e+01
      vertex -3.959776e+01 -2.376668e+01  1.520000e+01
      vertex -3.970866e+01 -2.355922e+01  1.520000e+01
    endloop
  endfacet
  facet normal  0.000000e+00  0.000000e+00  1.000000e+00
    outer loop
      vertex -4.250000e+01 -2.700000e+01  1.520000e+01
      vertex -3.970866e+01 -2.355922e+01  1.520000e+01
      vertex -3.977694e+01 -2.333411e+01  1.520000e+01
    endloop
  endfacet
  facet normal  0.000000e+00  0.000000e+00  1.000000e+00
    outer loop
      vertex -4.250000e+01 -2.700000e+01  1.520000e+01
      vertex -3.977694e+01 -2.333411e+01  1.520000e+01
      vertex -3.980000e+01 -2.310000e+01  1.520000e+01
    endloop
  endfacet
  facet normal  0.000000e+00  -0.000000e+00  1.000000e+00
    outer loop
      vertex -4.250000e+01 -2.700000e+01  1.520000e+01
      vertex -3.980000e+01 -2.310000e+01  1.520000e+01
      vertex -3.977694e+01 -2.286589e+01  1.520000e+01
    endloop
  endfacet
  facet normal  0.000000e+00  -0.000000e+00  1.000000e+00
    outer loop
      vertex -4.250000e+01 -2.700000e+01  1.520000e+01
      vertex -3.977694e+01 -2.286589e+01  1.520000e+01
      vertex -3.970866e+01 -2.264078e+01  1.520000e+01
    endloop
  endfacet
  facet normal  0.000000e+00  -0.000000e+00  1.000000e+00
    outer loop
      vertex -4.250000e+01 -2.700000e+01  1.520000e+01
      vertex -3.970866e+01 -2.264078e+01  1.520000e+01
      vertex -3.959776e+01 -2.243332e+01  1.520000e+01
    endloop
  endfacet
  facet normal  0.000000e+00  0.000000e+00  1.000000e+00
    outer loop
      vertex  3.610000e+01 -2.580000e+01  1.520000e+01
      vertex  4.250000e+01 -2.700000e+01  1.520000e+01
      vertex  3.860000e+01 -2.420000e+01  1.520000e+01
    endloop
  endfacet
  facet normal  0.000000e+00  0.000000e+00  1.000000e+00
    outer loop
      vertex  3.610000e+01 -2.580000e+01  1.520000e+01
      vertex  3.860000e+01 -2.420000e+01  1.520000e+01
      vertex  3.838540e+01 -2.417886e+01  1.520000e+01
    endloop
  endfacet
  facet normal  0.000000e+00  0.000000e+00  9.999999e-01
    outer loop
      vertex  3.610000e+01 -2.580000e+01  1.520000e+01
      vertex  3.838540e+01 -2.417886e+01  1.520000e+01
      vertex  3.817905e+01 -2.411627e+01  1.520000e+01
    endloop
  endfacet
  facet normal  0.000000e+00  0.000000e+00  1.000000e+00
    outer loop
      vertex  3.610000e+01 -2.580000e+01  1.520000e+01
      vertex  3.817905e+01 -2.411627e+01  1.520000e+01
      vertex  3.798887e+01 -2.401462e+01  1.520000e+01
    endloop
  endfacet
  facet normal  0.000000e+00  0.000000e+00  1.000000e+00
    outer loop
      vertex  3.610000e+01 -2.580000e+01  1.520000e+01
      vertex  3.798887e+01 -2.401462e+01  1.520000e+01
      vertex  3.782218e+01 -2.387782e+01  1.520000e+01
    endloop
  endfacet
  facet normal  0.000000e+00  0.000000e+00  1.000000e+00
    outer loop
      vertex  3.610000e+01 -2.580000e+01  1.520000e+01
      vertex  3.782218e+01 -2.387782e+01  1.520000e+01
      vertex  3.768538e+01 -2.371113e+01  1.520000e+01
    endloop
  endfacet
  facet normal  0.000000e+00  0.000000e+00  1.000000e+00
    outer loop
      vertex  3.610000e+01 -2.580000e+01  1.520000e+01
      vertex  3.768538e+01 -2.371113e+01  1.520000e+01
      vertex  3.758373e+01 -2.352095e+01  1.520000e+01
    endloop
  endfacet
  facet normal  0.000000e+00  0.000000e+00  1.000000e+00
    outer loop
      vertex  3.610000e+01 -2.580000e+01  1.520000e+01
      vertex  3.758373e+01 -2.352095e+01  1.520000e+01
      vertex  3.752114e+01 -2.331460e+01  1.520000e+01
    endloop
  endfacet
  facet normal  0.000000e+00  0.000000e+00  1.000000e+00
    outer loop
      vertex  3.610000e+01 -2.580000e+01  1.520000e+01
      vertex  3.752114e+01 -2.331460e+01  1.520000e+01
      vertex  3.750000e+01 -2.310000e+01  1.520000e+01
    endloop
  endfacet
  facet normal  0.000000e+00  -0.000000e+00  1.000000e+00
    outer loop
      vertex  3.610000e+01 -2.580000e+01  1.520000e+01
      vertex  3.750000e+01 -2.310000e+01  1.520000e+01
      vertex  3.752114e+01 -2.288540e+01  1.520000e+01
    endloop
  endfacet
  facet normal  0.000000e+00  -0.000000e+00  1.000000e+00
    outer loop
      vertex  3.610000e+01 -2.580000e+01  1.520000e+01
      vertex  3.752114e+01 -2.288540e+01  1.520000e+01
      vertex  3.758373e+01 -2.267905e+01  1.520000e+01
    endloop
  endfacet
  facet normal  0.000000e+00  0.000000e+00  1.000000e+00
    outer loop
      vertex -2.050000e+01 -2.700000e+01  1.520000e+01
      vertex -2.050000e+01 -2.200000e+01  1.520000e+01
      vertex -3.814078e+01 -2.199134e+01  1.520000e+01
    endloop
  endfacet
  facet normal  0.000000e+00  0.000000e+00  9.999999e-01
    outer loop
      vertex -2.050000e+01 -2.700000e+01  1.520000e+01
      vertex -3.814078e+01 -2.199134e+01  1.520000e+01
      vertex -3.793332e+01 -2.210224e+01  1.520000e+01
    endloop
  endfacet
  facet normal  0.000000e+00  0.000000e+00  9.999999e-01
    outer loop
      vertex -2.050000e+01 -2.700000e+01  1.520000e+01
      vertex -3.793332e+01 -2.210224e+01  1.520000e+01
      vertex -3.775147e+01 -2.225147e+01  1.520000e+01
    endloop
  endfacet
  facet normal  0.000000e+00  0.000000e+00  1.000000e+00
    outer loop
      vertex -2.050000e+01 -2.700000e+01  1.520000e+01
      vertex -3.775147e+01 -2.225147e+01  1.520000e+01
      vertex -3.760224e+01 -2.243332e+01  1.520000e+01
    endloop
  endfacet
  facet normal  0.000000e+00  0.000000e+00  1.000000e+00
    outer loop
      vertex -2.050000e+01 -2.700000e+01  1.520000e+01
      vertex -3.760224e+01 -2.243332e+01  1.520000e+01
      vertex -3.749134e+01 -2.264078e+01  1.520000e+01
    endloop
  endfacet
  facet normal  0.000000e+00  0.000000e+00  1.000000e+00
    outer loop
      vertex -2.050000e+01 -2.700000e+01  1.520000e+01
      vertex -3.749134e+01 -2.264078e+01  1.520000e+01
      vertex -3.742306e+01 -2.286589e+01  1.520000e+01
    endloop
  endfacet
  facet normal  0.000000e+00  0.000000e+00  1.000000e+00
    outer loop
      vertex -2.050000e+01 -2.700000e+01  1.520000e+01
      vertex -3.742306e+01 -2.286589e+01  1.520000e+01
      vertex -3.740000e+01 -2.310000e+01  1.520000e+01
    endloop
  endfacet
  facet normal  0.000000e+00  0.000000e+00  1.000000e+00
    outer loop
      vertex -2.050000e+01 -2.700000e+01  1.520000e+01
      vertex -3.740000e+01 -2.310000e+01  1.520000e+01
      vertex -3.742306e+01 -2.333411e+01  1.520000e+01
    endloop
  endfacet
  facet normal  0.000000e+00  0.000000e+00  1.000000e+00
    outer loop
      vertex -2.050000e+01 -2.700000e+01  1.520000e+01
      vertex -3.742306e+01 -2.333411e+01  1.520000e+01
      vertex -3.749134e+01 -2.355922e+01  1.520000e+01
    endloop
  endfacet
  facet normal  0.000000e+00  0.000000e+00  9.999999e-01
    outer loop
      vertex -2.050000e+01 -2.700000e+01  1.520000e+01
      vertex -3.749134e+01 -2.355922e+01  1.520000e+01
      vertex -3.760224e+01 -2.376668e+01  1.520000e+01
    endloop
  endfacet
  facet normal  0.000000e+00  0.000000e+00  1.000000e+00
    outer loop
      vertex -2.050000e+01 -2.700000e+01  1.520000e+01
      vertex -3.760224e+01 -2.376668e+01  1.520000e+01
      vertex -3.775147e+01 -2.394853e+01  1.520000e+01
    endloop
  endfacet
  facet normal  0.000000e+00  0.000000e+00  1.000000e+00
    outer loop
      vertex -2.050000e+01 -2.700000e+01  1.520000e+01
      vertex -3.775147e+01 -2.394853e+01  1.520000e+01
      vertex -3.793332e+01 -2.409776e+01  1.520000e+01
    endloop
  endfacet
  facet normal  0.000000e+00  0.000000e+00  1.000000e+00
    outer loop
      vertex -2.050000e+01 -2.700000e+01  1.520000e+01
      vertex -3.793332e+01 -2.409776e+01  1.520000e+01
      vertex -3.814078e+01 -2.420866e+01  1.520000e+01
    endloop
  endfacet
  facet normal  0.000000e+00  0.000000e+00  1.000000e+00
    outer loop
      vertex -2.050000e+01 -2.700000e+01  1.520000e+01
      vertex -3.814078e+01 -2.420866e+01  1.520000e+01
      vertex -3.836589e+01 -2.427694e+01  1.520000e+01
    endloop
  endfacet
  facet normal  0.000000e+00  0.000000e+00  1.000000e+00
    outer loop
      vertex -2.050000e+01 -2.700000e+01  1.520000e+01
      vertex -3.836589e+01 -2.427694e+01  1.520000e+01
      vertex -3.860000e+01 -2.430000e+01  1.520000e+01
    endloop
  endfacet
  facet normal  0.000000e+00  0.000000e+00  1.000000e+00
    outer loop
      vertex  4.250000e+01 -2.700000e+01  1.520000e+01
      vertex  3.951462e+01 -2.248887e+01  1.520000e+01
      vertex  3.961627e+01 -2.267905e+01  1.520000e+01
    endloop
  endfacet
  facet normal  0.000000e+00  0.000000e+00  1.000000e+00
    outer loop
      vertex  4.250000e+01 -2.700000e+01  1.520000e+01
      vertex  3.961627e+01 -2.267905e+01  1.520000e+01
      vertex  3.967886e+01 -2.288540e+01  1.520000e+01
    endloop
  endfacet
  facet normal  0.000000e+00  0.000000e+00  1.000000e+00
    outer loop
      vertex  4.250000e+01 -2.700000e+01  1.520000e+01
      vertex  3.967886e+01 -2.288540e+01  1.520000e+01
      vertex  3.970000e+01 -2.310000e+01  1.520000e+01
    endloop
  endfacet
  facet normal  0.000000e+00  0.000000e+00  1.000000e+00
    outer loop
      vertex  4.250000e+01 -2.700000e+01  1.520000e+01
      vertex  3.970000e+01 -2.310000e+01  1.520000e+01
      vertex  3.967886e+01 -2.331460e+01  1.520000e+01
    endloop
  endfacet
  facet normal  0.000000e+00  0.000000e+00  9.999999e-01
    outer loop
      vertex  4.250000e+01 -2.700000e+01  1.520000e+01
      vertex  3.967886e+01 -2.331460e+01  1.520000e+01
      vertex  3.961627e+01 -2.352095e+01  1.520000e+01
    endloop
  endfacet
  facet normal  0.000000e+00  0.000000e+00  9.999999e-01
    outer loop
      vertex  4.250000e+01 -2.700000e+01  1.520000e+01
      vertex  3.961627e+01 -2.352095e+01  1.520000e+01
      vertex  3.951462e+01 -2.371113e+01  1.520000e+01
    endloop
  endfacet
  facet normal  0.000000e+00  0.000000e+00  1.000000e+00
    outer loop
      vertex  4.250000e+01 -2.700000e+01  1.520000e+01
      vertex  3.951462e+01 -2.371113e+01  1.520000e+01
      vertex  3.937782e+01 -2.387782e+01  1.520000e+01
    endloop
  endfacet
  facet normal  0.000000e+00  0.000000e+00  9.999999e-01
    outer loop
      vertex  4.250000e+01 -2.700000e+01  1.520000e+01
      vertex  3.937782e+01 -2.387782e+01  1.520000e+01
      vertex  3.921113e+01 -2.401462e+01  1.520000e+01
    endloop
  endfacet
  facet normal  0.000000e+00  0.000000e+00  9.999999e-01
    outer loop
      vertex  4.250000e+01 -2.700000e+01  1.520000e+01
      vertex  3.921113e+01 -2.401462e+01  1.520000e+01
      vertex  3.902095e+01 -2.411627e+01  1.520000e+01
    endloop
  endfacet
  facet normal  0.000000e+00  0.000000e+00  1.000000e+00
    outer loop
      vertex  4.250000e+01 -2.700000e+01  1.520000e+01
      vertex  3.902095e+01 -2.411627e+01  1.520000e+01
      vertex  3.881460e+01 -2.417886e+01  1.520000e+01
    endloop
  endfacet
  facet normal  0.000000e+00  0.000000e+00  1.000000e+00
    outer loop
      vertex  4.250000e+01 -2.700000e+01  1.520000e+01
      vertex  3.881460e+01 -2.417886e+01  1.520000e+01
      vertex  3.860000e+01 -2.420000e+01  1.520000e+01
    endloop
  endfacet
  facet normal  0.000000e+00  0.000000e+00  1.000000e+00
    outer loop
      vertex  4.250000e+01 -2.160000e+01  1.520000e+01
      vertex  4.250000e+01 -2.155000e+01  1.520000e+01
      vertex  4.170000e+01 -2.155000e+01  1.520000e+01
    endloop
  endfacet
  facet normal  0.000000e+00  0.000000e+00  1.000000e+00
    outer loop
      vertex  4.250000e+01 -2.160000e+01  1.520000e+01
      vertex  4.170000e+01 -2.155000e+01  1.520000e+01
      vertex  4.170000e+01 -2.160000e+01  1.520000e+01
    endloop
  endfacet
  facet normal  -0.000000e+00  0.000000e+00  1.000000e+00
    outer loop
      vertex  4.250000e+01 -2.160000e+01  1.520000e+01
      vertex  4.170000e+01 -2.160000e+01  1.520000e+01
      vertex  3.860000e+01 -2.200000e+01  1.520000e+01
    endloop
  endfacet
  facet normal  -0.000000e+00  0.000000e+00  1.000000e+00
    outer loop
      vertex  4.250000e+01 -2.160000e+01  1.520000e+01
      vertex  3.860000e+01 -2.200000e+01  1.520000e+01
      vertex  3.881460e+01 -2.202114e+01  1.520000e+01
    endloop
  endfacet
  facet normal  -0.000000e+00  0.000000e+00  9.999999e-01
    outer loop
      vertex  4.250000e+01 -2.160000e+01  1.520000e+01
      vertex  3.881460e+01 -2.202114e+01  1.520000e+01
      vertex  3.902095e+01 -2.208373e+01  1.520000e+01
    endloop
  endfacet
  facet normal  -0.000000e+00  0.000000e+00  1.000000e+00
    outer loop
      vertex  4.250000e+01 -2.160000e+01  1.520000e+01
      vertex  3.902095e+01 -2.208373e+01  1.520000e+01
      vertex  3.921113e+01 -2.218538e+01  1.520000e+01
    endloop
  endfacet
  facet normal  -0.000000e+00  0.000000e+00  1.000000e+00
    outer loop
      vertex  4.250000e+01 -2.160000e+01  1.520000e+01
      vertex  3.921113e+01 -2.218538e+01  1.520000e+01
      vertex  3.937782e+01 -2.232218e+01  1.520000e+01
    endloop
  endfacet
  facet normal  -0.000000e+00  0.000000e+00  1.000000e+00
    outer loop
      vertex  4.250000e+01 -2.160000e+01  1.520000e+01
      vertex  3.937782e+01 -2.232218e+01  1.520000e+01
      vertex  3.951462e+01 -2.248887e+01  1.520000e+01
    endloop
  endfacet
  facet normal  -0.000000e+00  0.000000e+00  1.000000e+00
    outer loop
      vertex  4.250000e+01 -2.160000e+01  1.520000e+01
      vertex  3.951462e+01 -2.248887e+01  1.520000e+01
      vertex  4.250000e+01 -2.700000e+01  1.520000e+01
    endloop
  endfacet
  facet normal  0.000000e+00  0.000000e+00  1.000000e+00
    outer loop
      vertex -2.170000e+01 -2.160000e+01  1.520000e+01
      vertex  1.770000e+01 -2.200000e+01  1.520000e+01
      vertex -2.170000e+01 -2.120000e+01  1.520000e+01
    endloop
  endfacet
  facet normal  -0.000000e+00  0.000000e+00  1.000000e+00
    outer loop
      vertex -2.170000e+01 -2.120000e+01  1.520000e+01
      vertex  1.770000e+01 -2.200000e+01  1.520000e+01
      vertex  1.890000e+01 -2.120000e+01  1.520000e+01
    endloop
  endfacet
  facet normal  0.000000e+00  0.000000e+00  1.000000e+00
    outer loop
      vertex -2.170000e+01 -2.120000e+01  1.520000e+01
      vertex  1.890000e+01 -2.120000e+01  1.520000e+01
      vertex -2.169231e+01 -2.112196e+01  1.520000e+01
    endloop
  endfacet
  facet normal  -0.000000e+00  0.000000e+00  1.000000e+00
    outer loop
      vertex -2.169231e+01 -2.112196e+01  1.520000e+01
      vertex  1.890000e+01 -2.120000e+01  1.520000e+01
      vertex  1.889231e+01 -2.112196e+01  1.520000e+01
    endloop
  endfacet
  facet normal  0.000000e+00  0.000000e+00  9.999999e-01
    outer loop
      vertex -2.169231e+01 -2.112196e+01  1.520000e+01
      vertex  1.889231e+01 -2.112196e+01  1.520000e+01
      vertex -2.166955e+01 -2.104693e+01  1.520000e+01
    endloop
  endfacet
  facet normal  -0.000000e+00  0.000000e+00  1.000000e+00
    outer loop
      vertex -2.166955e+01 -2.104693e+01  1.520000e+01
      vertex  1.889231e+01 -2.112196e+01  1.520000e+01
      vertex  1.886955e+01 -2.104693e+01  1.520000e+01
    endloop
  endfacet
  facet normal  0.000000e+00  0.000000e+00  1.000000e+00
    outer loop
      vertex -2.166955e+01 -2.104693e+01  1.520000e+01
      vertex  1.886955e+01 -2.104693e+01  1.520000e+01
      vertex -2.163259e+01 -2.097777e+01  1.520000e+01
    endloop
  endfacet
  facet normal  -0.000000e+00  0.000000e+00  1.000000e+00
    outer loop
      vertex -2.163259e+01 -2.097777e+01  1.520000e+01
      vertex  1.886955e+01 -2.104693e+01  1.520000e+01
      vertex  1.883259e+01 -2.097777e+01  1.520000e+01
    endloop
  endfacet
  facet normal  0.000000e+00  0.000000e+00  1.000000e+00
    outer loop
      vertex -2.163259e+01 -2.097777e+01  1.520000e+01
      vertex  1.883259e+01 -2.097777e+01  1.520000e+01
      vertex -2.158284e+01 -2.091716e+01  1.520000e+01
    endloop
  endfacet
  facet normal  -0.000000e+00  0.000000e+00  1.000000e+00
    outer loop
      vertex -2.158284e+01 -2.091716e+01  1.520000e+01
      vertex  1.883259e+01 -2.097777e+01  1.520000e+01
      vertex  1.878284e+01 -2.091716e+01  1.520000e+01
    endloop
  endfacet
  facet normal  0.000000e+00  0.000000e+00  1.000000e+00
    outer loop
      vertex -2.158284e+01 -2.091716e+01  1.520000e+01
      vertex  1.878284e+01 -2.091716e+01  1.520000e+01
      vertex -2.152223e+01 -2.086741e+01  1.520000e+01
    endloop
  endfacet
  facet normal  -0.000000e+00  0.000000e+00  1.000000e+00
    outer loop
      vertex -2.152223e+01 -2.086741e+01  1.520000e+01
      vertex  1.878284e+01 -2.091716e+01  1.520000e+01
      vertex  1.872223e+01 -2.086741e+01  1.520000e+01
    endloop
  endfacet
  facet normal  0.000000e+00  0.000000e+00  1.000000e+00
    outer loop
      vertex -2.152223e+01 -2.086741e+01  1.520000e+01
      vertex  1.872223e+01 -2.086741e+01  1.520000e+01
      vertex -2.145307e+01 -2.083045e+01  1.520000e+01
    endloop
  endfacet
  facet normal  -0.000000e+00  0.000000e+00  1.000000e+00
    outer loop
      vertex -2.145307e+01 -2.083045e+01  1.520000e+01
      vertex  1.872223e+01 -2.086741e+01  1.520000e+01
      vertex  1.865307e+01 -2.083045e+01  1.520000e+01
    endloop
  endfacet
  facet normal  0.000000e+00  0.000000e+00  1.000000e+00
    outer loop
      vertex -2.145307e+01 -2.083045e+01  1.520000e+01
      vertex  1.865307e+01 -2.083045e+01  1.520000e+01
      vertex -2.137804e+01 -2.080769e+01  1.520000e+01
    endloop
  endfacet
  facet normal  -0.000000e+00  0.000000e+00  9.999999e-01
    outer loop
      vertex -2.137804e+01 -2.080769e+01  1.520000e+01
      vertex  1.865307e+01 -2.083045e+01  1.520000e+01
      vertex  1.857804e+01 -2.080769e+01  1.520000e+01
    endloop
  endfacet
  facet normal  0.000000e+00  0.000000e+00  1.000000e+00
    outer loop
      vertex -2.137804e+01 -2.080769e+01  1.520000e+01
      vertex  1.857804e+01 -2.080769e+01  1.520000e+01
      vertex  1.850000e+01 -2.080000e+01  1.520000e+01
    endloop
  endfacet
  facet normal  0.000000e+00  0.000000e+00  1.000000e+00
    outer loop
      vertex  3.713843e+01  3.959819e+00  1.520000e+01
      vertex  3.875147e+01  4.001472e+00  1.520000e+01
      vertex  3.860224e+01  4.183316e+00  1.520000e+01
    endloop
  endfacet
  facet normal  -0.000000e+00  -0.000000e+00  1.000000e+00
    outer loop
      vertex  3.725224e+01  3.584633e+00  1.520000e+01
      vertex  3.743706e+01  3.238859e+00  1.520000e+01
      vertex  3.768579e+01  2.935786e+00  1.520000e+01
    endloop
  endfacet
  facet normal  -0.000000e+00  -0.000000e+00  1.000000e+00
    outer loop
      vertex  3.725224e+01  3.584633e+00  1.520000e+01
      vertex  3.768579e+01  2.935786e+00  1.520000e+01
      vertex  3.798886e+01  2.687061e+00  1.520000e+01
    endloop
  endfacet
  facet normal  -0.000000e+00  -0.000000e+00  1.000000e+00
    outer loop
      vertex  3.725224e+01  3.584633e+00  1.520000e+01
      vertex  3.798886e+01  2.687061e+00  1.520000e+01
      vertex  3.833463e+01  2.502241e+00  1.520000e+01
    endloop
  endfacet
  facet normal  -0.000000e+00  -0.000000e+00  1.000000e+00
    outer loop
      vertex  3.725224e+01  3.584633e+00  1.520000e+01
      vertex  3.833463e+01  2.502241e+00  1.520000e+01
      vertex  3.870982e+01  2.388429e+00  1.520000e+01
    endloop
  endfacet
  facet normal  -0.000000e+00  -0.000000e+00  1.000000e+00
    outer loop
      vertex  3.725224e+01  3.584633e+00  1.520000e+01
      vertex  3.870982e+01  2.388429e+00  1.520000e+01
      vertex  3.910000e+01  2.350000e+00  1.520000e+01
    endloop
  endfacet
  facet normal  0.000000e+00  -0.000000e+00  1.000000e+00
    outer loop
      vertex  3.725224e+01  3.584633e+00  1.520000e+01
      vertex  3.910000e+01  2.350000e+00  1.520000e+01
      vertex  4.170000e+01  2.350000e+00  1.520000e+01
    endloop
  endfacet
  facet normal  0.000000e+00  0.000000e+00  1.000000e+00
    outer loop
      vertex  3.725224e+01  3.584633e+00  1.520000e+01
      vertex  4.170000e+01  2.350000e+00  1.520000e+01
      vertex  3.960000e+01  3.650000e+00  1.520000e+01
    endloop
  endfacet
  facet normal  0.000000e+00  0.000000e+00  1.000000e+00
    outer loop
      vertex  3.725224e+01  3.584633e+00  1.520000e+01
      vertex  3.960000e+01  3.650000e+00  1.520000e+01
      vertex  3.936589e+01  3.673058e+00  1.520000e+01
    endloop
  endfacet
  facet normal  0.000000e+00  0.000000e+00  1.000000e+00
    outer loop
      vertex  3.725224e+01  3.584633e+00  1.520000e+01
      vertex  3.936589e+01  3.673058e+00  1.520000e+01
      vertex  3.914078e+01  3.741344e+00  1.520000e+01
    endloop
  endfacet
  facet normal  0.000000e+00  0.000000e+00  9.999999e-01
    outer loop
      vertex  3.725224e+01  3.584633e+00  1.520000e+01
      vertex  3.914078e+01  3.741344e+00  1.520000e+01
      vertex  3.893332e+01  3.852237e+00  1.520000e+01
    endloop
  endfacet
  facet normal  0.000000e+00  0.000000e+00  1.000000e+00
    outer loop
      vertex  3.725224e+01  3.584633e+00  1.520000e+01
      vertex  3.893332e+01  3.852237e+00  1.520000e+01
      vertex  3.875147e+01  4.001472e+00  1.520000e+01
    endloop
  endfacet
  facet normal  0.000000e+00  0.000000e+00  1.000000e+00
    outer loop
      vertex  3.725224e+01  3.584633e+00  1.520000e+01
      vertex  3.875147e+01  4.001472e+00  1.520000e+01
      vertex  3.713843e+01  3.959819e+00  1.520000e+01
    endloop
  endfacet
  facet normal  0.000000e+00  0.000000e+00  1.000000e+00
    outer loop
      vertex  3.710000e+01  7.350000e+00  1.520000e+01
      vertex  3.710000e+01  4.350000e+00  1.520000e+01
      vertex  3.875147e+01  5.698528e+00  1.520000e+01
    endloop
  endfacet
  facet normal  0.000000e+00  -0.000000e+00  1.000000e+00
    outer loop
      vertex  3.710000e+01  7.350000e+00  1.520000e+01
      vertex  3.875147e+01  5.698528e+00  1.520000e+01
      vertex  3.893332e+01  5.847764e+00  1.520000e+01
    endloop
  endfacet
  facet normal  0.000000e+00  -0.000000e+00  1.000000e+00
    outer loop
      vertex  3.710000e+01  7.350000e+00  1.520000e+01
      vertex  3.893332e+01  5.847764e+00  1.520000e+01
      vertex  3.914078e+01  5.958655e+00  1.520000e+01
    endloop
  endfacet
  facet normal  0.000000e+00  -0.000000e+00  1.000000e+00
    outer loop
      vertex  3.710000e+01  7.350000e+00  1.520000e+01
      vertex  3.914078e+01  5.958655e+00  1.520000e+01
      vertex  3.936589e+01  6.026942e+00  1.520000e+01
    endloop
  endfacet
  facet normal  0.000000e+00  -0.000000e+00  1.000000e+00
    outer loop
      vertex  3.710000e+01  7.350000e+00  1.520000e+01
      vertex  3.936589e+01  6.026942e+00  1.520000e+01
      vertex  3.960000e+01  6.050000e+00  1.520000e+01
    endloop
  endfacet
  facet normal  0.000000e+00  -0.000000e+00  9.999999e-01
    outer loop
      vertex  3.710000e+01  7.350000e+00  1.520000e+01
      vertex  3.960000e+01  6.050000e+00  1.520000e+01
      vertex  4.170000e+01  7.350000e+00  1.520000e+01
    endloop
  endfacet
  facet normal  0.000000e+00  -0.000000e+00  1.000000e+00
    outer loop
      vertex  3.710000e+01  4.350000e+00  1.520000e+01
      vertex  3.713843e+01  3.959819e+00  1.520000e+01
      vertex  3.860224e+01  4.183316e+00  1.520000e+01
    endloop
  endfacet
  facet normal  0.000000e+00  0.000000e+00  1.000000e+00
    outer loop
      vertex  3.710000e+01  4.350000e+00  1.520000e+01
      vertex  3.860224e+01  4.183316e+00  1.520000e+01
      vertex  3.849134e+01  4.390780e+00  1.520000e+01
    endloop
  endfacet
  facet normal  0.000000e+00  0.000000e+00  1.000000e+00
    outer loop
      vertex  3.710000e+01  4.350000e+00  1.520000e+01
      vertex  3.849134e+01  4.390780e+00  1.520000e+01
      vertex  3.842306e+01  4.615891e+00  1.520000e+01
    endloop
  endfacet
  facet normal  0.000000e+00  0.000000e+00  9.999999e-01
    outer loop
      vertex  3.710000e+01  4.350000e+00  1.520000e+01
      vertex  3.842306e+01  4.615891e+00  1.520000e+01
      vertex  3.840000e+01  4.850000e+00  1.520000e+01
    endloop
  endfacet
  facet normal  0.000000e+00  -0.000000e+00  1.000000e+00
    outer loop
      vertex  3.710000e+01  4.350000e+00  1.520000e+01
      vertex  3.840000e+01  4.850000e+00  1.520000e+01
      vertex  3.842306e+01  5.084108e+00  1.520000e+01
    endloop
  endfacet
  facet normal  0.000000e+00  -0.000000e+00  1.000000e+00
    outer loop
      vertex  3.710000e+01  4.350000e+00  1.520000e+01
      vertex  3.842306e+01  5.084108e+00  1.520000e+01
      vertex  3.849134e+01  5.309220e+00  1.520000e+01
    endloop
  endfacet
  facet normal  0.000000e+00  -0.000000e+00  1.000000e+00
    outer loop
      vertex  3.710000e+01  4.350000e+00  1.520000e+01
      vertex  3.849134e+01  5.309220e+00  1.520000e+01
      vertex  3.860224e+01  5.516684e+00  1.520000e+01
    endloop
  endfacet
  facet normal  0.000000e+00  -0.000000e+00  1.000000e+00
    outer loop
      vertex  3.710000e+01  4.350000e+00  1.520000e+01
      vertex  3.860224e+01  5.516684e+00  1.520000e+01
      vertex  3.875147e+01  5.698528e+00  1.520000e+01
    endloop
  endfacet
  facet normal  0.000000e+00  0.000000e+00  1.000000e+00
    outer loop
      vertex  4.250000e+01  2.350000e+00  1.520000e+01
      vertex  4.059776e+01  5.516684e+00  1.520000e+01
      vertex  4.070866e+01  5.309220e+00  1.520000e+01
    endloop
  endfacet
  facet normal  0.000000e+00  0.000000e+00  1.000000e+00
    outer loop
      vertex  4.250000e+01  2.350000e+00  1.520000e+01
      vertex  4.070866e+01  5.309220e+00  1.520000e+01
      vertex  4.077694e+01  5.084108e+00  1.520000e+01
    endloop
  endfacet
  facet normal  0.000000e+00  0.000000e+00  1.000000e+00
    outer loop
      vertex  4.250000e+01  2.350000e+00  1.520000e+01
      vertex  4.077694e+01  5.084108e+00  1.520000e+01
      vertex  4.080000e+01  4.850000e+00  1.520000e+01
    endloop
  endfacet
  facet normal  0.000000e+00  0.000000e+00  9.999999e-01
    outer loop
      vertex  4.250000e+01  2.350000e+00  1.520000e+01
      vertex  4.080000e+01  4.850000e+00  1.520000e+01
      vertex  4.077694e+01  4.615891e+00  1.520000e+01
    endloop
  endfacet
  facet normal  0.000000e+00  0.000000e+00  1.000000e+00
    outer loop
      vertex  4.250000e+01  2.350000e+00  1.520000e+01
      vertex  4.077694e+01  4.615891e+00  1.520000e+01
      vertex  4.070866e+01  4.390780e+00  1.520000e+01
    endloop
  endfacet
  facet normal  0.000000e+00  0.000000e+00  1.000000e+00
    outer loop
      vertex  4.250000e+01  2.350000e+00  1.520000e+01
      vertex  4.070866e+01  4.390780e+00  1.520000e+01
      vertex  4.059776e+01  4.183316e+00  1.520000e+01
    endloop
  endfacet
  facet normal  0.000000e+00  0.000000e+00  1.000000e+00
    outer loop
      vertex  4.250000e+01  2.350000e+00  1.520000e+01
      vertex  4.059776e+01  4.183316e+00  1.520000e+01
      vertex  4.044853e+01  4.001472e+00  1.520000e+01
    endloop
  endfacet
  facet normal  0.000000e+00  0.000000e+00  1.000000e+00
    outer loop
      vertex  4.250000e+01  2.350000e+00  1.520000e+01
      vertex  4.044853e+01  4.001472e+00  1.520000e+01
      vertex  4.026669e+01  3.852237e+00  1.520000e+01
    endloop
  endfacet
  facet normal  0.000000e+00  0.000000e+00  1.000000e+00
    outer loop
      vertex  4.250000e+01  2.350000e+00  1.520000e+01
      vertex  4.026669e+01  3.852237e+00  1.520000e+01
      vertex  4.005922e+01  3.741344e+00  1.520000e+01
    endloop
  endfacet
  facet normal  0.000000e+00  0.000000e+00  1.000000e+00
    outer loop
      vertex  4.250000e+01  2.350000e+00  1.520000e+01
      vertex  4.005922e+01  3.741344e+00  1.520000e+01
      vertex  3.983411e+01  3.673058e+00  1.520000e+01
    endloop
  endfacet
  facet normal  0.000000e+00  0.000000e+00  1.000000e+00
    outer loop
      vertex  4.250000e+01  2.350000e+00  1.520000e+01
      vertex  3.983411e+01  3.673058e+00  1.520000e+01
      vertex  3.960000e+01  3.650000e+00  1.520000e+01
    endloop
  endfacet
  facet normal  0.000000e+00  0.000000e+00  1.000000e+00
    outer loop
      vertex  4.250000e+01  2.350000e+00  1.520000e+01
      vertex  3.960000e+01  3.650000e+00  1.520000e+01
      vertex  4.170000e+01  2.350000e+00  1.520000e+01
    endloop
  endfacet
  facet normal  -0.000000e+00  0.000000e+00  9.999999e-01
    outer loop
      vertex  4.250000e+01  2.350000e+00  1.520000e+01
      vertex  4.170000e+01  2.350000e+00  1.520000e+01
      vertex  4.170000e+01  1.450000e+00  1.520000e+01
    endloop
  endfacet
  facet normal  0.000000e+00  0.000000e+00  9.999999e-01
    outer loop
      vertex  4.250000e+01  2.350000e+00  1.520000e+01
      vertex  4.170000e+01  1.450000e+00  1.520000e+01
      vertex  4.250000e+01  1.450000e+00  1.520000e+01
    endloop
  endfacet
  facet normal  0.000000e+00  0.000000e+00  9.999999e-01
    outer loop
      vertex  4.250000e+01  7.350000e+00  1.520000e+01
      vertex  4.250000e+01  8.350000e+00  1.520000e+01
      vertex  4.170000e+01  8.350000e+00  1.520000e+01
    endloop
  endfacet
  facet normal  0.000000e+00  0.000000e+00  9.999999e-01
    outer loop
      vertex  4.250000e+01  7.350000e+00  1.520000e+01
      vertex  4.170000e+01  8.350000e+00  1.520000e+01
      vertex  4.170000e+01  7.350000e+00  1.520000e+01
    endloop
  endfacet
  facet normal  -0.000000e+00  0.000000e+00  1.000000e+00
    outer loop
      vertex  4.250000e+01  7.350000e+00  1.520000e+01
      vertex  4.170000e+01  7.350000e+00  1.520000e+01
      vertex  3.960000e+01  6.050000e+00  1.520000e+01
    endloop
  endfacet
  facet normal  -0.000000e+00  0.000000e+00  1.000000e+00
    outer loop
      vertex  4.250000e+01  7.350000e+00  1.520000e+01
      vertex  3.960000e+01  6.050000e+00  1.520000e+01
      vertex  3.983411e+01  6.026942e+00  1.520000e+01
    endloop
  endfacet
  facet normal  -0.000000e+00  0.000000e+00  1.000000e+00
    outer loop
      vertex  4.250000e+01  7.350000e+00  1.520000e+01
      vertex  3.983411e+01  6.026942e+00  1.520000e+01
      vertex  4.005922e+01  5.958655e+00  1.520000e+01
    endloop
  endfacet
  facet normal  -0.000000e+00  0.000000e+00  1.000000e+00
    outer loop
      vertex  4.250000e+01  7.350000e+00  1.520000e+01
      vertex  4.005922e+01  5.958655e+00  1.520000e+01
      vertex  4.026669e+01  5.847764e+00  1.520000e+01
    endloop
  endfacet
  facet normal  -0.000000e+00  0.000000e+00  1.000000e+00
    outer loop
      vertex  4.250000e+01  7.350000e+00  1.520000e+01
      vertex  4.026669e+01  5.847764e+00  1.520000e+01
      vertex  4.044853e+01  5.698528e+00  1.520000e+01
    endloop
  endfacet
  facet normal  -0.000000e+00  0.000000e+00  9.999999e-01
    outer loop
      vertex  4.250000e+01  7.350000e+00  1.520000e+01
      vertex  4.044853e+01  5.698528e+00  1.520000e+01
      vertex  4.059776e+01  5.516684e+00  1.520000e+01
    endloop
  endfacet
  facet normal  -0.000000e+00  0.000000e+00  1.000000e+00
    outer loop
      vertex  4.250000e+01  7.350000e+00  1.520000e+01
      vertex  4.059776e+01  5.516684e+00  1.520000e+01
      vertex  4.250000e+01  2.350000e+00  1.520000e+01
    endloop
  endfacet
  facet normal  1.000000e+00  0.000000e+00  0.000000e+00
    outer loop
      vertex -2.060000e+01  3.440000e+01  8.000000e-01
      vertex -2.060000e+01  3.440000e+01 -2.000000e-01
      vertex -2.060000e+01  3.600000e+01 -2.000000e-01
    endloop
  endfacet
  facet normal  1.000000e+00  0.000000e+00  0.000000e+00
    outer loop
      vertex -2.060000e+01  3.500000e+01  1.520000e+01
      vertex -2.060000e+01  3.500000e+01  1.000000e+00
      vertex -2.060000e+01  3.600000e+01  1.520000e+01
    endloop
  endfacet
  facet normal  1.000000e+00  0.000000e+00  0.000000e+00
    outer loop
      vertex -2.060000e+01  3.600000e+01  1.520000e+01
      vertex -2.060000e+01  3.500000e+01  1.000000e+00
      vertex -2.060000e+01  3.600000e+01 -2.000000e-01
    endloop
  endfacet
  facet normal  1.000000e+00  -0.000000e+00  0.000000e+00
    outer loop
      vertex -2.060000e+01  3.500000e+01  1.000000e+00
      vertex -2.060000e+01  3.440000e+01  1.000000e+00
      vertex -2.060000e+01  3.600000e+01 -2.000000e-01
    endloop
  endfacet
  facet normal  1.000000e+00  0.000000e+00  0.000000e+00
    outer loop
      vertex -2.060000e+01  3.600000e+01 -2.000000e-01
      vertex -2.060000e+01  3.440000e+01  1.000000e+00
      vertex -2.060000e+01  3.440000e+01  8.000000e-01
    endloop
  endfacet
  facet normal  0.000000e+00  1.000000e+00  0.000000e+00
    outer loop
      vertex -2.060000e+01  3.440000e+01 -2.000000e-01
      vertex -2.060000e+01  3.440000e+01  8.000000e-01
      vertex  2.060000e+01  3.440000e+01 -2.000000e-01
    endloop
  endfacet
  facet normal  0.000000e+00  1.000000e+00  -0.000000e+00
    outer loop
      vertex  2.060000e+01  3.440000e+01 -2.000000e-01
      vertex -2.060000e+01  3.440000e+01  8.000000e-01
      vertex  2.060000e+01  3.440000e+01  8.000000e-01
    endloop
  endfacet
  facet normal  0.000000e+00  9.999999e-01  0.000000e+00
    outer loop
      vertex -2.250000e+01  3.600000e+01  1.520000e+01
      vertex -2.060000e+01  3.600000e+01  1.520000e+01
      vertex -2.250000e+01  3.600000e+01 -2.000000e-01
    endloop
  endfacet
  facet normal  0.000000e+00  9.999999e-01  0.000000e+00
    outer loop
      vertex -2.250000e+01  3.600000e+01 -2.000000e-01
      vertex -2.060000e+01  3.600000e+01  1.520000e+01
      vertex -2.060000e+01  3.600000e+01 -2.000000e-01
    endloop
  endfacet
  facet normal -9.999999e-01  -0.000000e+00  0.000000e+00
    outer loop
      vertex  2.060000e+01  3.440000e+01  1.000000e+00
      vertex  2.060000e+01  3.500000e+01  1.000000e+00
      vertex  2.060000e+01  3.440000e+01  8.000000e-01
    endloop
  endfacet
  facet normal -1.000000e+00  0.000000e+00  0.000000e+00
    outer loop
      vertex  2.060000e+01  3.600000e+01  1.520000e+01
      vertex  2.060000e+01  3.600000e+01 -2.000000e-01
      vertex  2.060000e+01  3.500000e+01  1.520000e+01
    endloop
  endfacet
  facet normal -1.000000e+00  0.000000e+00  0.000000e+00
    outer loop
      vertex  2.060000e+01  3.500000e+01  1.520000e+01
      vertex  2.060000e+01  3.600000e+01 -2.000000e-01
      vertex  2.060000e+01  3.500000e+01  1.000000e+00
    endloop
  endfacet
  facet normal -1.000000e+00  0.000000e+00  0.000000e+00
    outer loop
      vertex  2.060000e+01  3.600000e+01 -2.000000e-01
      vertex  2.060000e+01  3.440000e+01 -2.000000e-01
      vertex  2.060000e+01  3.500000e+01  1.000000e+00
    endloop
  endfacet
  facet normal -1.000000e+00  0.000000e+00  0.000000e+00
    outer loop
      vertex  2.060000e+01  3.500000e+01  1.000000e+00
      vertex  2.060000e+01  3.440000e+01 -2.000000e-01
      vertex  2.060000e+01  3.440000e+01  8.000000e-01
    endloop
  endfacet
  facet normal  0.000000e+00  9.999999e-01  0.000000e+00
    outer loop
      vertex  2.060000e+01  3.600000e+01  1.520000e+01
      vertex  2.250000e+01  3.600000e+01  1.520000e+01
      vertex  2.060000e+01  3.600000e+01 -2.000000e-01
    endloop
  endfacet
  facet normal  0.000000e+00  9.999999e-01  0.000000e+00
    outer loop
      vertex  2.060000e+01  3.600000e+01 -2.000000e-01
      vertex  2.250000e+01  3.600000e+01  1.520000e+01
      vertex  2.250000e+01  3.600000e+01 -2.000000e-01
    endloop
  endfacet
  facet normal  1.000000e+00  0.000000e+00  0.000000e+00
    outer loop
      vertex  2.250000e+01  2.200000e+01 -2.000000e-01
      vertex  2.250000e+01  3.600000e+01 -2.000000e-01
      vertex  2.250000e+01  2.200000e+01  1.520000e+01
    endloop
  endfacet
  facet normal  1.000000e+00  -0.000000e+00  0.000000e+00
    outer loop
      vertex  2.250000e+01  2.200000e+01  1.520000e+01
      vertex  2.250000e+01  3.600000e+01 -2.000000e-01
      vertex  2.250000e+01  3.600000e+01  1.520000e+01
    endloop
  endfacet
  facet normal  0.000000e+00  1.000000e+00  0.000000e+00
    outer loop
      vertex  2.250000e+01  2.200000e+01  1.520000e+01
      vertex  4.250000e+01  2.200000e+01  1.520000e+01
      vertex  2.250000e+01  2.200000e+01 -2.000000e-01
    endloop
  endfacet
  facet normal  0.000000e+00  1.000000e+00  0.000000e+00
    outer loop
      vertex  2.250000e+01  2.200000e+01 -2.000000e-01
      vertex  4.250000e+01  2.200000e+01  1.520000e+01
      vertex  4.250000e+01  2.200000e+01 -2.000000e-01
    endloop
  endfacet
  facet normal  9.999999e-01  0.000000e+00  0.000000e+00
    outer loop
      vertex  4.250000e+01  8.350000e+00  8.000000e-01
      vertex  4.250000e+01  8.350000e+00  1.520000e+01
      vertex  4.250000e+01  7.350000e+00  1.520000e+01
    endloop
  endfacet
  facet normal  1.000000e+00  0.000000e+00  0.000000e+00
    outer loop
      vertex  4.250000e+01  8.350000e+00  8.000000e-01
      vertex  4.250000e+01  7.350000e+00  1.520000e+01
      vertex  4.250000e+01  2.350000e+00  1.520000e+01
    endloop
  endfacet
  facet normal  9.999999e-01  0.000000e+00  0.000000e+00
    outer loop
      vertex  4.250000e+01  8.350000e+00  8.000000e-01
      vertex  4.250000e+01  2.350000e+00  1.520000e+01
      vertex  4.250000e+01  1.450000e+00  1.520000e+01
    endloop
  endfacet
  facet normal  1.000000e+00  0.000000e+00  0.000000e+00
    outer loop
      vertex  4.250000e+01  8.350000e+00  8.000000e-01
      vertex  4.250000e+01  1.450000e+00  1.520000e+01
      vertex  4.250000e+01  1.450000e+00  4.500000e+00
    endloop
  endfacet
  facet normal  1.000000e+00  0.000000e+00  0.000000e+00
    outer loop
      vertex  4.250000e+01  8.350000e+00  8.000000e-01
      vertex  4.250000e+01  1.450000e+00  4.500000e+00
      vertex  4.250000e+01 -2.155000e+01  4.500000e+00
    endloop
  endfacet
  facet normal  1.000000e+00  0.000000e+00  0.000000e+00
    outer loop
      vertex  4.250000e+01  8.350000e+00  8.000000e-01
      vertex  4.250000e+01 -2.155000e+01  4.500000e+00
      vertex  4.250000e+01 -2.700000e+01 -2.000000e-01
    endloop
  endfacet
  facet normal  1.000000e+00  0.000000e+00  0.000000e+00
    outer loop
      vertex  4.250000e+01  8.350000e+00  8.000000e-01
      vertex  4.250000e+01 -2.700000e+01 -2.000000e-01
      vertex  4.250000e+01  2.200000e+01 -2.000000e-01
    endloop
  endfacet
  facet normal  1.000000e+00  0.000000e+00  0.000000e+00
    outer loop
      vertex  4.250000e+01  8.350000e+00  8.000000e-01
      vertex  4.250000e+01  2.200000e+01 -2.000000e-01
      vertex  4.250000e+01  1.585000e+01  8.000000e-01
    endloop
  endfacet
  facet normal  1.000000e+00  -0.000000e+00  0.000000e+00
    outer loop
      vertex  4.250000e+01 -2.155000e+01  1.520000e+01
      vertex  4.250000e+01 -2.160000e+01  1.520000e+01
      vertex  4.250000e+01 -2.155000e+01  4.500000e+00
    endloop
  endfacet
  facet normal  1.000000e+00  0.000000e+00  0.000000e+00
    outer loop
      vertex  4.250000e+01 -2.155000e+01  4.500000e+00
      vertex  4.250000e+01 -2.160000e+01  1.520000e+01
      vertex  4.250000e+01 -2.700000e+01  1.520000e+01
    endloop
  endfacet
  facet normal  1.000000e+00  0.000000e+00  0.000000e+00
    outer loop
      vertex  4.250000e+01 -2.155000e+01  4.500000e+00
      vertex  4.250000e+01 -2.700000e+01  1.520000e+01
      vertex  4.250000e+01 -2.700000e+01 -2.000000e-01
    endloop
  endfacet
  facet normal  1.000000e+00  -0.000000e+00  0.000000e+00
    outer loop
      vertex  4.250000e+01  2.200000e+01  1.520000e+01
      vertex  4.250000e+01  1.585000e+01  1.520000e+01
      vertex  4.250000e+01  2.200000e+01 -2.000000e-01
    endloop
  endfacet
  facet normal  9.999999e-01  0.000000e+00  0.000000e+00
    outer loop
      vertex  4.250000e+01  2.200000e+01 -2.000000e-01
      vertex  4.250000e+01  1.585000e+01  1.520000e+01
      vertex  4.250000e+01  1.585000e+01  8.000000e-01
    endloop
  endfacet
  facet normal  0.000000e+00 -1.000000e+00  0.000000e+00
    outer loop
      vertex  4.250000e+01 -2.700000e+01  1.520000e+01
      vertex  1.670000e+01 -2.700000e+01  1.520000e+01
      vertex  4.250000e+01 -2.700000e+01 -2.000000e-01
    endloop
  endfacet
  facet normal  0.000000e+00 -1.000000e+00  0.000000e+00
    outer loop
      vertex  4.250000e+01 -2.700000e+01 -2.000000e-01
      vertex  1.670000e+01 -2.700000e+01  1.520000e+01
      vertex  1.670000e+01 -2.700000e+01 -2.000000e-01
    endloop
  endfacet
  facet normal -9.999999e-01  0.000000e+00  0.000000e+00
    outer loop
      vertex  1.670000e+01 -2.700000e+01 -2.000000e-01
      vertex  1.670000e+01 -2.700000e+01  1.520000e+01
      vertex  1.670000e+01 -2.346795e+01 -2.000000e-01
    endloop
  endfacet
  facet normal -9.999999e-01  0.000000e+00  0.000000e+00
    outer loop
      vertex  1.670000e+01 -2.346795e+01 -2.000000e-01
      vertex  1.670000e+01 -2.700000e+01  1.520000e+01
      vertex  1.670000e+01 -2.346795e+01  1.520000e+01
    endloop
  endfacet
  facet normal -2.588181e-01  9.659261e-01  0.000000e+00
    outer loop
      vertex  1.670000e+01 -2.346795e+01 -2.000000e-01
      vertex  1.670000e+01 -2.346795e+01  1.520000e+01
      vertex  1.770000e+01 -2.320000e+01 -2.000000e-01
    endloop
  endfacet
  facet normal -2.588181e-01  9.659261e-01  0.000000e+00
    outer loop
      vertex  1.770000e+01 -2.320000e+01 -2.000000e-01
      vertex  1.670000e+01 -2.346795e+01  1.520000e+01
      vertex  1.770000e+01 -2.320000e+01  1.520000e+01
    endloop
  endfacet
  facet normal -1.000000e+00  0.000000e+00  0.000000e+00
    outer loop
      vertex  1.770000e+01 -2.320000e+01 -2.000000e-01
      vertex  1.770000e+01 -2.320000e+01  1.520000e+01
      vertex  1.770000e+01 -2.200000e+01 -2.000000e-01
    endloop
  endfacet
  facet normal -1.000000e+00  0.000000e+00  0.000000e+00
    outer loop
      vertex  1.770000e+01 -2.200000e+01 -2.000000e-01
      vertex  1.770000e+01 -2.320000e+01  1.520000e+01
      vertex  1.770000e+01 -2.200000e+01  1.520000e+01
    endloop
  endfacet
  facet normal  0.000000e+00 -1.000000e+00  0.000000e+00
    outer loop
      vertex  1.770000e+01 -2.200000e+01  1.520000e+01
      vertex -2.050000e+01 -2.200000e+01  1.520000e+01
      vertex  1.770000e+01 -2.200000e+01 -2.000000e-01
    endloop
  endfacet
  facet normal  0.000000e+00 -1.000000e+00  0.000000e+00
    outer loop
      vertex  1.770000e+01 -2.200000e+01 -2.000000e-01
      vertex -2.050000e+01 -2.200000e+01  1.520000e+01
      vertex -2.050000e+01 -2.200000e+01 -2.000000e-01
    endloop
  endfacet
  facet normal  1.000000e+00  -0.000000e+00  0.000000e+00
    outer loop
      vertex -2.050000e+01 -2.200000e+01  1.520000e+01
      vertex -2.050000e+01 -2.330000e+01  8.000000e-01
      vertex -2.050000e+01 -2.200000e+01 -2.000000e-01
    endloop
  endfacet
  facet normal  1.000000e+00  0.000000e+00  0.000000e+00
    outer loop
      vertex -2.050000e+01 -2.200000e+01 -2.000000e-01
      vertex -2.050000e+01 -2.330000e+01  8.000000e-01
      vertex -2.050000e+01 -2.580000e+01  8.000000e-01
    endloop
  endfacet
  facet normal  1.000000e+00  0.000000e+00  0.000000e+00
    outer loop
      vertex -2.050000e+01 -2.200000e+01 -2.000000e-01
      vertex -2.050000e+01 -2.580000e+01  8.000000e-01
      vertex -2.050000e+01 -2.700000e+01 -2.000000e-01
    endloop
  endfacet
  facet normal  1.000000e+00  0.000000e+00  0.000000e+00
    outer loop
      vertex -2.050000e+01 -2.330000e+01  8.000000e-01
      vertex -2.050000e+01 -2.200000e+01  1.520000e+01
      vertex -2.050000e+01 -2.330000e+01  1.400000e+01
    endloop
  endfacet
  facet normal  9.999999e-01  0.000000e+00  -0.000000e+00
    outer loop
      vertex -2.050000e+01 -2.330000e+01  1.400000e+01
      vertex -2.050000e+01 -2.200000e+01  1.520000e+01
      vertex -2.050000e+01 -2.700000e+01  1.520000e+01
    endloop
  endfacet
  facet normal  9.999999e-01  0.000000e+00  0.000000e+00
    outer loop
      vertex -2.050000e+01 -2.330000e+01  1.400000e+01
      vertex -2.050000e+01 -2.700000e+01  1.520000e+01
      vertex -2.050000e+01 -2.580000e+01  1.400000e+01
    endloop
  endfacet
  facet normal  1.000000e+00  0.000000e+00  0.000000e+00
    outer loop
      vertex -2.050000e+01 -2.580000e+01  1.400000e+01
      vertex -2.050000e+01 -2.700000e+01  1.520000e+01
      vertex -2.050000e+01 -2.700000e+01 -2.000000e-01
    endloop
  endfacet
  facet normal  1.000000e+00  0.000000e+00  0.000000e+00
    outer loop
      vertex -2.050000e+01 -2.580000e+01  1.400000e+01
      vertex -2.050000e+01 -2.700000e+01 -2.000000e-01
      vertex -2.050000e+01 -2.580000e+01  8.000000e-01
    endloop
  endfacet
  facet normal  0.000000e+00 -1.000000e+00  0.000000e+00
    outer loop
      vertex -2.050000e+01 -2.700000e+01  1.520000e+01
      vertex -4.250000e+01 -2.700000e+01  1.520000e+01
      vertex -2.050000e+01 -2.700000e+01 -2.000000e-01
    endloop
  endfacet
  facet normal  0.000000e+00 -1.000000e+00  0.000000e+00
    outer loop
      vertex -2.050000e+01 -2.700000e+01 -2.000000e-01
      vertex -4.250000e+01 -2.700000e+01  1.520000e+01
      vertex -4.250000e+01 -2.700000e+01 -2.000000e-01
    endloop
  endfacet
  facet normal -1.000000e+00  0.000000e+00  0.000000e+00
    outer loop
      vertex -4.250000e+01  1.450000e+00  4.500000e+00
      vertex -4.250000e+01  1.450000e+00  1.520000e+01
      vertex -4.250000e+01  9.350000e+00  1.520000e+01
    endloop
  endfacet
  facet normal -1.000000e+00  0.000000e+00  -0.000000e+00
    outer loop
      vertex -4.250000e+01  1.450000e+00  4.500000e+00
      vertex -4.250000e+01  9.350000e+00  1.520000e+01
      vertex -4.250000e+01  9.350000e+00  2.300000e+00
    endloop
  endfacet
  facet normal -1.000000e+00  -0.000000e+00  0.000000e+00
    outer loop
      vertex -4.250000e+01  1.450000e+00  4.500000e+00
      vertex -4.250000e+01  9.350000e+00  2.300000e+00
      vertex -4.250000e+01 -2.700000e+01 -2.000000e-01
    endloop
  endfacet
  facet normal -1.000000e+00  0.000000e+00  0.000000e+00
    outer loop
      vertex -4.250000e+01  1.450000e+00  4.500000e+00
      vertex -4.250000e+01 -2.700000e+01 -2.000000e-01
      vertex -4.250000e+01 -2.155000e+01  4.500000e+00
    endloop
  endfacet
  facet normal -1.000000e+00  -0.000000e+00  0.000000e+00
    outer loop
      vertex -4.250000e+01  9.350000e+00  2.300000e+00
      vertex -4.250000e+01  2.200000e+01  2.300000e+00
      vertex -4.250000e+01 -2.700000e+01 -2.000000e-01
    endloop
  endfacet
  facet normal -9.999999e-01  0.000000e+00  0.000000e+00
    outer loop
      vertex -4.250000e+01 -2.700000e+01 -2.000000e-01
      vertex -4.250000e+01  2.200000e+01  2.300000e+00
      vertex -4.250000e+01  2.200000e+01 -2.000000e-01
    endloop
  endfacet
  facet normal -1.000000e+00  -0.000000e+00  0.000000e+00
    outer loop
      vertex -4.250000e+01 -2.700000e+01  1.520000e+01
      vertex -4.250000e+01 -2.155000e+01  1.520000e+01
      vertex -4.250000e+01 -2.700000e+01 -2.000000e-01
    endloop
  endfacet
  facet normal -1.000000e+00  0.000000e+00  0.000000e+00
    outer loop
      vertex -4.250000e+01 -2.700000e+01 -2.000000e-01
      vertex -4.250000e+01 -2.155000e+01  1.520000e+01
      vertex -4.250000e+01 -2.155000e+01  4.500000e+00
    endloop
  endfacet
  facet normal  0.000000e+00  1.000000e+00  -0.000000e+00
    outer loop
      vertex -2.250000e+01  2.200000e+01  1.520000e+01
      vertex -2.250000e+01  2.200000e+01 -2.000000e-01
      vertex -3.270000e+01  2.200000e+01  1.520000e+01
    endloop
  endfacet
  facet normal  0.000000e+00  1.000000e+00  0.000000e+00
    outer loop
      vertex -3.270000e+01  2.200000e+01  1.520000e+01
      vertex -2.250000e+01  2.200000e+01 -2.000000e-01
      vertex -3.270000e+01  2.200000e+01  2.300000e+00
    endloop
  endfacet
  facet normal  0.000000e+00  1.000000e+00  0.000000e+00
    outer loop
      vertex -2.250000e+01  2.200000e+01 -2.000000e-01
      vertex -4.250000e+01  2.200000e+01 -2.000000e-01
      vertex -3.270000e+01  2.200000e+01  2.300000e+00
    endloop
  endfacet
  facet normal  0.000000e+00  1.000000e+00  0.000000e+00
    outer loop
      vertex -3.270000e+01  2.200000e+01  2.300000e+00
      vertex -4.250000e+01  2.200000e+01 -2.000000e-01
      vertex -4.250000e+01  2.200000e+01  2.300000e+00
    endloop
  endfacet
  facet normal -1.000000e+00  0.000000e+00  0.000000e+00
    outer loop
      vertex -2.250000e+01  3.600000e+01 -2.000000e-01
      vertex -2.250000e+01  2.200000e+01 -2.000000e-01
      vertex -2.250000e+01  3.600000e+01  1.520000e+01
    endloop
  endfacet
  facet normal -1.000000e+00  -0.000000e+00  0.000000e+00
    outer loop
      vertex -2.250000e+01  3.600000e+01  1.520000e+01
      vertex -2.250000e+01  2.200000e+01 -2.000000e-01
      vertex -2.250000e+01  2.200000e+01  1.520000e+01
    endloop
  endfacet
  facet normal -1.000000e+00  0.000000e+00  0.000000e+00
    outer loop
      vertex -2.200000e+01  9.750000e+00 -2.000000e-01
      vertex -2.200000e+01  9.750000e+00  0.000000e+00
      vertex -2.200000e+01  1.035000e+01 -2.000000e-01
    endloop
  endfacet
  facet normal -1.000000e+00  0.000000e+00  0.000000e+00
    outer loop
      vertex -2.200000e+01  1.035000e+01 -2.000000e-01
      vertex -2.200000e+01  9.750000e+00  0.000000e+00
      vertex -2.200000e+01  1.035000e+01  0.000000e+00
    endloop
  endfacet
  facet normal -1.000000e+00  0.000000e+00  0.000000e+00
    outer loop
      vertex -2.200000e+01  9.750000e+00  0.000000e+00
      vertex -2.200000e+01  9.750000e+00  8.000000e-01
      vertex -2.200000e+01  1.035000e+01  0.000000e+00
    endloop
  endfacet
  facet normal -1.000000e+00  0.000000e+00  0.000000e+00
    outer loop
      vertex -2.200000e+01  1.035000e+01  0.000000e+00
      vertex -2.200000e+01  9.750000e+00  8.000000e-01
      vertex -2.200000e+01  1.035000e+01  8.000000e-01
    endloop
  endfacet
  facet normal  0.000000e+00 -1.000000e+00  -0.000000e+00
    outer loop
      vertex -2.320000e+01  1.155000e+01 -2.000000e-01
      vertex -2.320000e+01  1.155000e+01  0.000000e+00
      vertex -2.980000e+01  1.155000e+01 -2.000000e-01
    endloop
  endfacet
  facet normal  0.000000e+00 -1.000000e+00  0.000000e+00
    outer loop
      vertex -2.980000e+01  1.155000e+01  8.000000e-01
      vertex -2.980000e+01  1.155000e+01  0.000000e+00
      vertex -2.320000e+01  1.155000e+01  8.000000e-01
    endloop
  endfacet
  facet normal  0.000000e+00 -1.000000e+00  0.000000e+00
    outer loop
      vertex -2.320000e+01  1.155000e+01  8.000000e-01
      vertex -2.980000e+01  1.155000e+01  0.000000e+00
      vertex -2.980000e+01  1.155000e+01 -2.000000e-01
    endloop
  endfacet
  facet normal  0.000000e+00 -1.000000e+00  0.000000e+00
    outer loop
      vertex -2.320000e+01  1.155000e+01  8.000000e-01
      vertex -2.980000e+01  1.155000e+01 -2.000000e-01
      vertex -2.320000e+01  1.155000e+01  0.000000e+00
    endloop
  endfacet
  facet normal  1.000000e+00  0.000000e+00  0.000000e+00
    outer loop
      vertex -3.100000e+01  1.035000e+01 -2.000000e-01
      vertex -3.100000e+01  1.035000e+01  0.000000e+00
      vertex -3.100000e+01  9.750000e+00 -2.000000e-01
    endloop
  endfacet
  facet normal  1.000000e+00  0.000000e+00  0.000000e+00
    outer loop
      vertex -3.100000e+01  9.750000e+00 -2.000000e-01
      vertex -3.100000e+01  1.035000e+01  0.000000e+00
      vertex -3.100000e+01  9.750000e+00  0.000000e+00
    endloop
  endfacet
  facet normal  1.000000e+00  0.000000e+00  0.000000e+00
    outer loop
      vertex -3.100000e+01  1.035000e+01  0.000000e+00
      vertex -3.100000e+01  1.035000e+01  8.000000e-01
      vertex -3.100000e+01  9.750000e+00  0.000000e+00
    endloop
  endfacet
  facet normal  1.000000e+00  0.000000e+00  0.000000e+00
    outer loop
      vertex -3.100000e+01  9.750000e+00  0.000000e+00
      vertex -3.100000e+01  1.035000e+01  8.000000e-01
      vertex -3.100000e+01  9.750000e+00  8.000000e-01
    endloop
  endfacet
  facet normal  0.000000e+00  1.000000e+00  0.000000e+00
    outer loop
      vertex -2.980000e+01  8.550000e+00 -2.000000e-01
      vertex -2.980000e+01  8.550000e+00  0.000000e+00
      vertex -2.320000e+01  8.550000e+00 -2.000000e-01
    endloop
  endfacet
  facet normal  0.000000e+00  1.000000e+00  -0.000000e+00
    outer loop
      vertex -2.320000e+01  8.550000e+00  8.000000e-01
      vertex -2.320000e+01  8.550000e+00  0.000000e+00
      vertex -2.980000e+01  8.550000e+00  8.000000e-01
    endloop
  endfacet
  facet normal  0.000000e+00  1.000000e+00  0.000000e+00
    outer loop
      vertex -2.980000e+01  8.550000e+00  8.000000e-01
      vertex -2.320000e+01  8.550000e+00  0.000000e+00
      vertex -2.320000e+01  8.550000e+00 -2.000000e-01
    endloop
  endfacet
  facet normal  0.000000e+00  1.000000e+00  0.000000e+00
    outer loop
      vertex -2.980000e+01  8.550000e+00  8.000000e-01
      vertex -2.320000e+01  8.550000e+00 -2.000000e-01
      vertex -2.980000e+01  8.550000e+00  0.000000e+00
    endloop
  endfacet
  facet normal -6.493396e-01  7.604986e-01  0.000000e+00
    outer loop
      vertex -2.235150e+01  8.901496e+00  0.000000e+00
      vertex -2.249429e+01  8.779571e+00 -2.000000e-01
      vertex -2.249429e+01  8.779571e+00  0.000000e+00
    endloop
  endfacet
  facet normal -5.223635e-01  8.527229e-01  0.000000e+00
    outer loop
      vertex -2.249429e+01  8.779571e+00  0.000000e+00
      vertex -2.249429e+01  8.779571e+00 -2.000000e-01
      vertex -2.265462e+01  8.681356e+00 -2.000000e-01
    endloop
  endfacet
  facet normal -5.223635e-01  8.527229e-01  0.000000e+00
    outer loop
      vertex -2.249429e+01  8.779571e+00  0.000000e+00
      vertex -2.265462e+01  8.681356e+00 -2.000000e-01
      vertex -2.265462e+01  8.681356e+00  0.000000e+00
    endloop
  endfacet
  facet normal -3.829916e-01  9.237519e-01  0.000000e+00
    outer loop
      vertex -2.265462e+01  8.681356e+00  0.000000e+00
      vertex -2.265462e+01  8.681356e+00 -2.000000e-01
      vertex -2.282865e+01  8.609204e+00 -2.000000e-01
    endloop
  endfacet
  facet normal -3.829916e-01  9.237519e-01  0.000000e+00
    outer loop
      vertex -2.265462e+01  8.681356e+00  0.000000e+00
      vertex -2.282865e+01  8.609204e+00 -2.000000e-01
      vertex -2.282865e+01  8.609204e+00  0.000000e+00
    endloop
  endfacet
  facet normal -2.344893e-01  9.721186e-01  0.000000e+00
    outer loop
      vertex -2.282865e+01  8.609204e+00  0.000000e+00
      vertex -2.282865e+01  8.609204e+00 -2.000000e-01
      vertex -2.301205e+01  8.564965e+00 -2.000000e-01
    endloop
  endfacet
  facet normal -2.344893e-01  9.721186e-01  0.000000e+00
    outer loop
      vertex -2.282865e+01  8.609204e+00  0.000000e+00
      vertex -2.301205e+01  8.564965e+00 -2.000000e-01
      vertex -2.301205e+01  8.564965e+00  0.000000e+00
    endloop
  endfacet
  facet normal -7.937048e-02  9.968451e-01  0.000000e+00
    outer loop
      vertex -2.301205e+01  8.564965e+00  0.000000e+00
      vertex -2.301205e+01  8.564965e+00 -2.000000e-01
      vertex -2.320000e+01  8.550000e+00 -2.000000e-01
    endloop
  endfacet
  facet normal -7.937048e-02  9.968451e-01  0.000000e+00
    outer loop
      vertex -2.301205e+01  8.564965e+00  0.000000e+00
      vertex -2.320000e+01  8.550000e+00 -2.000000e-01
      vertex -2.320000e+01  8.550000e+00  0.000000e+00
    endloop
  endfacet
  facet normal -6.493396e-01  7.604986e-01  0.000000e+00
    outer loop
      vertex -2.249429e+01  8.779571e+00 -2.000000e-01
      vertex -2.235150e+01  8.901496e+00  0.000000e+00
      vertex -2.235150e+01  8.901496e+00 -2.000000e-01
    endloop
  endfacet
  facet normal -7.604964e-01  6.493421e-01  0.000000e+00
    outer loop
      vertex -2.235150e+01  8.901496e+00 -2.000000e-01
      vertex -2.235150e+01  8.901496e+00  0.000000e+00
      vertex -2.222957e+01  9.044292e+00  0.000000e+00
    endloop
  endfacet
  facet normal -7.604964e-01  6.493421e-01  0.000000e+00
    outer loop
      vertex -2.235150e+01  8.901496e+00 -2.000000e-01
      vertex -2.222957e+01  9.044292e+00  0.000000e+00
      vertex -2.222957e+01  9.044292e+00 -2.000000e-01
    endloop
  endfacet
  facet normal -8.527251e-01  5.223599e-01  0.000000e+00
    outer loop
      vertex -2.222957e+01  9.044292e+00 -2.000000e-01
      vertex -2.222957e+01  9.044292e+00  0.000000e+00
      vertex -2.213136e+01  9.204620e+00  0.000000e+00
    endloop
  endfacet
  facet normal -8.527251e-01  5.223599e-01  0.000000e+00
    outer loop
      vertex -2.222957e+01  9.044292e+00 -2.000000e-01
      vertex -2.213136e+01  9.204620e+00  0.000000e+00
      vertex -2.213136e+01  9.204620e+00 -2.000000e-01
    endloop
  endfacet
  facet normal -9.237515e-01  3.829922e-01  0.000000e+00
    outer loop
      vertex -2.213136e+01  9.204620e+00 -2.000000e-01
      vertex -2.213136e+01  9.204620e+00  0.000000e+00
      vertex -2.205920e+01  9.378649e+00  0.000000e+00
    endloop
  endfacet
  facet normal -9.237515e-01  3.829922e-01  0.000000e+00
    outer loop
      vertex -2.213136e+01  9.204620e+00 -2.000000e-01
      vertex -2.205920e+01  9.378649e+00  0.000000e+00
      vertex -2.205920e+01  9.378649e+00 -2.000000e-01
    endloop
  endfacet
  facet normal -9.721184e-01  2.344905e-01  0.000000e+00
    outer loop
      vertex -2.205920e+01  9.378649e+00 -2.000000e-01
      vertex -2.205920e+01  9.378649e+00  0.000000e+00
      vertex -2.201497e+01  9.562049e+00  0.000000e+00
    endloop
  endfacet
  facet normal -9.721184e-01  2.344905e-01  0.000000e+00
    outer loop
      vertex -2.205920e+01  9.378649e+00 -2.000000e-01
      vertex -2.201497e+01  9.562049e+00  0.000000e+00
      vertex -2.201497e+01  9.562049e+00 -2.000000e-01
    endloop
  endfacet
  facet normal -9.968452e-01  7.937089e-02  0.000000e+00
    outer loop
      vertex -2.201497e+01  9.562049e+00 -2.000000e-01
      vertex -2.201497e+01  9.562049e+00  0.000000e+00
      vertex -2.200000e+01  9.750000e+00  0.000000e+00
    endloop
  endfacet
  facet normal -9.968452e-01  7.937089e-02  0.000000e+00
    outer loop
      vertex -2.201497e+01  9.562049e+00 -2.000000e-01
      vertex -2.200000e+01  9.750000e+00  0.000000e+00
      vertex -2.200000e+01  9.750000e+00 -2.000000e-01
    endloop
  endfacet
  facet normal  7.604964e-01  6.493421e-01  -0.000000e+00
    outer loop
      vertex -3.064850e+01  8.901496e+00  0.000000e+00
      vertex -3.077043e+01  9.044292e+00 -2.000000e-01
      vertex -3.077043e+01  9.044292e+00  0.000000e+00
    endloop
  endfacet
  facet normal  8.527251e-01  5.223599e-01  0.000000e+00
    outer loop
      vertex -3.077043e+01  9.044292e+00  0.000000e+00
      vertex -3.077043e+01  9.044292e+00 -2.000000e-01
      vertex -3.086864e+01  9.204620e+00 -2.000000e-01
    endloop
  endfacet
  facet normal  8.527251e-01  5.223599e-01  -0.000000e+00
    outer loop
      vertex -3.077043e+01  9.044292e+00  0.000000e+00
      vertex -3.086864e+01  9.204620e+00 -2.000000e-01
      vertex -3.086864e+01  9.204620e+00  0.000000e+00
    endloop
  endfacet
  facet normal  9.237515e-01  3.829922e-01  0.000000e+00
    outer loop
      vertex -3.086864e+01  9.204620e+00  0.000000e+00
      vertex -3.086864e+01  9.204620e+00 -2.000000e-01
      vertex -3.094080e+01  9.378649e+00 -2.000000e-01
    endloop
  endfacet
  facet normal  9.237515e-01  3.829922e-01  -0.000000e+00
    outer loop
      vertex -3.086864e+01  9.204620e+00  0.000000e+00
      vertex -3.094080e+01  9.378649e+00 -2.000000e-01
      vertex -3.094080e+01  9.378649e+00  0.000000e+00
    endloop
  endfacet
  facet normal  9.721184e-01  2.344905e-01  0.000000e+00
    outer loop
      vertex -3.094080e+01  9.378649e+00  0.000000e+00
      vertex -3.094080e+01  9.378649e+00 -2.000000e-01
      vertex -3.098503e+01  9.562049e+00 -2.000000e-01
    endloop
  endfacet
  facet normal  9.721184e-01  2.344905e-01  -0.000000e+00
    outer loop
      vertex -3.094080e+01  9.378649e+00  0.000000e+00
      vertex -3.098503e+01  9.562049e+00 -2.000000e-01
      vertex -3.098503e+01  9.562049e+00  0.000000e+00
    endloop
  endfacet
  facet normal  9.968452e-01  7.937089e-02  0.000000e+00
    outer loop
      vertex -3.098503e+01  9.562049e+00  0.000000e+00
      vertex -3.098503e+01  9.562049e+00 -2.000000e-01
      vertex -3.100000e+01  9.750000e+00 -2.000000e-01
    endloop
  endfacet
  facet normal  9.968452e-01  7.937089e-02  -0.000000e+00
    outer loop
      vertex -3.098503e+01  9.562049e+00  0.000000e+00
      vertex -3.100000e+01  9.750000e+00 -2.000000e-01
      vertex -3.100000e+01  9.750000e+00  0.000000e+00
    endloop
  endfacet
  facet normal  7.604964e-01  6.493421e-01  0.000000e+00
    outer loop
      vertex -3.077043e+01  9.044292e+00 -2.000000e-01
      vertex -3.064850e+01  8.901496e+00  0.000000e+00
      vertex -3.064850e+01  8.901496e+00 -2.000000e-01
    endloop
  endfacet
  facet normal  6.493396e-01  7.604986e-01  -0.000000e+00
    outer loop
      vertex -3.064850e+01  8.901496e+00 -2.000000e-01
      vertex -3.064850e+01  8.901496e+00  0.000000e+00
      vertex -3.050571e+01  8.779571e+00  0.000000e+00
    endloop
  endfacet
  facet normal  6.493396e-01  7.604986e-01  0.000000e+00
    outer loop
      vertex -3.064850e+01  8.901496e+00 -2.000000e-01
      vertex -3.050571e+01  8.779571e+00  0.000000e+00
      vertex -3.050571e+01  8.779571e+00 -2.000000e-01
    endloop
  endfacet
  facet normal  5.223635e-01  8.527229e-01  -0.000000e+00
    outer loop
      vertex -3.050571e+01  8.779571e+00 -2.000000e-01
      vertex -3.050571e+01  8.779571e+00  0.000000e+00
      vertex -3.034538e+01  8.681356e+00  0.000000e+00
    endloop
  endfacet
  facet normal  5.223635e-01  8.527229e-01  0.000000e+00
    outer loop
      vertex -3.050571e+01  8.779571e+00 -2.000000e-01
      vertex -3.034538e+01  8.681356e+00  0.000000e+00
      vertex -3.034538e+01  8.681356e+00 -2.000000e-01
    endloop
  endfacet
  facet normal  3.829916e-01  9.237519e-01  -0.000000e+00
    outer loop
      vertex -3.034538e+01  8.681356e+00 -2.000000e-01
      vertex -3.034538e+01  8.681356e+00  0.000000e+00
      vertex -3.017135e+01  8.609204e+00  0.000000e+00
    endloop
  endfacet
  facet normal  3.829916e-01  9.237519e-01  0.000000e+00
    outer loop
      vertex -3.034538e+01  8.681356e+00 -2.000000e-01
      vertex -3.017135e+01  8.609204e+00  0.000000e+00
      vertex -3.017135e+01  8.609204e+00 -2.000000e-01
    endloop
  endfacet
  facet normal  2.344893e-01  9.721186e-01  -0.000000e+00
    outer loop
      vertex -3.017135e+01  8.609204e+00 -2.000000e-01
      vertex -3.017135e+01  8.609204e+00  0.000000e+00
      vertex -2.998795e+01  8.564965e+00  0.000000e+00
    endloop
  endfacet
  facet normal  2.344893e-01  9.721186e-01  0.000000e+00
    outer loop
      vertex -3.017135e+01  8.609204e+00 -2.000000e-01
      vertex -2.998795e+01  8.564965e+00  0.000000e+00
      vertex -2.998795e+01  8.564965e+00 -2.000000e-01
    endloop
  endfacet
  facet normal  7.937048e-02  9.968451e-01  -0.000000e+00
    outer loop
      vertex -2.998795e+01  8.564965e+00 -2.000000e-01
      vertex -2.998795e+01  8.564965e+00  0.000000e+00
      vertex -2.980000e+01  8.550000e+00  0.000000e+00
    endloop
  endfacet
  facet normal  7.937048e-02  9.968451e-01  0.000000e+00
    outer loop
      vertex -2.998795e+01  8.564965e+00 -2.000000e-01
      vertex -2.980000e+01  8.550000e+00  0.000000e+00
      vertex -2.980000e+01  8.550000e+00 -2.000000e-01
    endloop
  endfacet
  facet normal  6.493425e-01 -7.604960e-01  0.000000e+00
    outer loop
      vertex -3.064850e+01  1.119850e+01  0.000000e+00
      vertex -3.050571e+01  1.132043e+01 -2.000000e-01
      vertex -3.050571e+01  1.132043e+01  0.000000e+00
    endloop
  endfacet
  facet normal  5.223599e-01 -8.527251e-01  0.000000e+00
    outer loop
      vertex -3.050571e+01  1.132043e+01  0.000000e+00
      vertex -3.050571e+01  1.132043e+01 -2.000000e-01
      vertex -3.034538e+01  1.141864e+01 -2.000000e-01
    endloop
  endfacet
  facet normal  5.223599e-01 -8.527251e-01  0.000000e+00
    outer loop
      vertex -3.050571e+01  1.132043e+01  0.000000e+00
      vertex -3.034538e+01  1.141864e+01 -2.000000e-01
      vertex -3.034538e+01  1.141864e+01  0.000000e+00
    endloop
  endfacet
  facet normal  3.829958e-01 -9.237500e-01  0.000000e+00
    outer loop
      vertex -3.034538e+01  1.141864e+01  0.000000e+00
      vertex -3.034538e+01  1.141864e+01 -2.000000e-01
      vertex -3.017135e+01  1.149080e+01 -2.000000e-01
    endloop
  endfacet
  facet normal  3.829958e-01 -9.237500e-01  0.000000e+00
    outer loop
      vertex -3.034538e+01  1.141864e+01  0.000000e+00
      vertex -3.017135e+01  1.149080e+01 -2.000000e-01
      vertex -3.017135e+01  1.149080e+01  0.000000e+00
    endloop
  endfacet
  facet normal  2.344846e-01 -9.721198e-01  0.000000e+00
    outer loop
      vertex -3.017135e+01  1.149080e+01  0.000000e+00
      vertex -3.017135e+01  1.149080e+01 -2.000000e-01
      vertex -2.998795e+01  1.153503e+01 -2.000000e-01
    endloop
  endfacet
  facet normal  2.344846e-01 -9.721198e-01  0.000000e+00
    outer loop
      vertex -3.017135e+01  1.149080e+01  0.000000e+00
      vertex -2.998795e+01  1.153503e+01 -2.000000e-01
      vertex -2.998795e+01  1.153503e+01  0.000000e+00
    endloop
  endfacet
  facet normal  7.937552e-02 -9.968449e-01  0.000000e+00
    outer loop
      vertex -2.998795e+01  1.153503e+01  0.000000e+00
      vertex -2.998795e+01  1.153503e+01 -2.000000e-01
      vertex -2.980000e+01  1.155000e+01 -2.000000e-01
    endloop
  endfacet
  facet normal  7.937552e-02 -9.968449e-01  0.000000e+00
    outer loop
      vertex -2.998795e+01  1.153503e+01  0.000000e+00
      vertex -2.980000e+01  1.155000e+01 -2.000000e-01
      vertex -2.980000e+01  1.155000e+01  0.000000e+00
    endloop
  endfacet
  facet normal  6.493425e-01 -7.604960e-01  0.000000e+00
    outer loop
      vertex -3.050571e+01  1.132043e+01 -2.000000e-01
      vertex -3.064850e+01  1.119850e+01  0.000000e+00
      vertex -3.064850e+01  1.119850e+01 -2.000000e-01
    endloop
  endfacet
  facet normal  7.604943e-01 -6.493446e-01  0.000000e+00
    outer loop
      vertex -3.064850e+01  1.119850e+01 -2.000000e-01
      vertex -3.064850e+01  1.119850e+01  0.000000e+00
      vertex -3.077043e+01  1.105571e+01  0.000000e+00
    endloop
  endfacet
  facet normal  7.604943e-01 -6.493446e-01  0.000000e+00
    outer loop
      vertex -3.064850e+01  1.119850e+01 -2.000000e-01
      vertex -3.077043e+01  1.105571e+01  0.000000e+00
      vertex -3.077043e+01  1.105571e+01 -2.000000e-01
    endloop
  endfacet
  facet normal  8.527265e-01 -5.223576e-01  0.000000e+00
    outer loop
      vertex -3.077043e+01  1.105571e+01 -2.000000e-01
      vertex -3.077043e+01  1.105571e+01  0.000000e+00
      vertex -3.086864e+01  1.089538e+01  0.000000e+00
    endloop
  endfacet
  facet normal  8.527265e-01 -5.223576e-01  0.000000e+00
    outer loop
      vertex -3.077043e+01  1.105571e+01 -2.000000e-01
      vertex -3.086864e+01  1.089538e+01  0.000000e+00
      vertex -3.086864e+01  1.089538e+01 -2.000000e-01
    endloop
  endfacet
  facet normal  9.237508e-01 -3.829941e-01  0.000000e+00
    outer loop
      vertex -3.086864e+01  1.089538e+01 -2.000000e-01
      vertex -3.086864e+01  1.089538e+01  0.000000e+00
      vertex -3.094080e+01  1.072135e+01  0.000000e+00
    endloop
  endfacet
  facet normal  9.237508e-01 -3.829941e-01  0.000000e+00
    outer loop
      vertex -3.086864e+01  1.089538e+01 -2.000000e-01
      vertex -3.094080e+01  1.072135e+01  0.000000e+00
      vertex -3.094080e+01  1.072135e+01 -2.000000e-01
    endloop
  endfacet
  facet normal  9.721184e-01 -2.344905e-01  0.000000e+00
    outer loop
      vertex -3.094080e+01  1.072135e+01 -2.000000e-01
      vertex -3.094080e+01  1.072135e+01  0.000000e+00
      vertex -3.098503e+01  1.053795e+01  0.000000e+00
    endloop
  endfacet
  facet normal  9.721184e-01 -2.344905e-01  0.000000e+00
    outer loop
      vertex -3.094080e+01  1.072135e+01 -2.000000e-01
      vertex -3.098503e+01  1.053795e+01  0.000000e+00
      vertex -3.098503e+01  1.053795e+01 -2.000000e-01
    endloop
  endfacet
  facet normal  9.968452e-01 -7.937089e-02  0.000000e+00
    outer loop
      vertex -3.098503e+01  1.053795e+01 -2.000000e-01
      vertex -3.098503e+01  1.053795e+01  0.000000e+00
      vertex -3.100000e+01  1.035000e+01  0.000000e+00
    endloop
  endfacet
  facet normal  9.968452e-01 -7.937089e-02  0.000000e+00
    outer loop
      vertex -3.098503e+01  1.053795e+01 -2.000000e-01
      vertex -3.100000e+01  1.035000e+01  0.000000e+00
      vertex -3.100000e+01  1.035000e+01 -2.000000e-01
    endloop
  endfacet
  facet normal -7.604943e-01 -6.493446e-01  0.000000e+00
    outer loop
      vertex -2.235150e+01  1.119850e+01  0.000000e+00
      vertex -2.222957e+01  1.105571e+01 -2.000000e-01
      vertex -2.222957e+01  1.105571e+01  0.000000e+00
    endloop
  endfacet
  facet normal -8.527265e-01 -5.223576e-01  -0.000000e+00
    outer loop
      vertex -2.222957e+01  1.105571e+01  0.000000e+00
      vertex -2.222957e+01  1.105571e+01 -2.000000e-01
      vertex -2.213136e+01  1.089538e+01 -2.000000e-01
    endloop
  endfacet
  facet normal -8.527265e-01 -5.223576e-01  0.000000e+00
    outer loop
      vertex -2.222957e+01  1.105571e+01  0.000000e+00
      vertex -2.213136e+01  1.089538e+01 -2.000000e-01
      vertex -2.213136e+01  1.089538e+01  0.000000e+00
    endloop
  endfacet
  facet normal -9.237508e-01 -3.829941e-01  -0.000000e+00
    outer loop
      vertex -2.213136e+01  1.089538e+01  0.000000e+00
      vertex -2.213136e+01  1.089538e+01 -2.000000e-01
      vertex -2.205920e+01  1.072135e+01 -2.000000e-01
    endloop
  endfacet
  facet normal -9.237508e-01 -3.829941e-01  0.000000e+00
    outer loop
      vertex -2.213136e+01  1.089538e+01  0.000000e+00
      vertex -2.205920e+01  1.072135e+01 -2.000000e-01
      vertex -2.205920e+01  1.072135e+01  0.000000e+00
    endloop
  endfacet
  facet normal -9.721184e-01 -2.344905e-01  -0.000000e+00
    outer loop
      vertex -2.205920e+01  1.072135e+01  0.000000e+00
      vertex -2.205920e+01  1.072135e+01 -2.000000e-01
      vertex -2.201497e+01  1.053795e+01 -2.000000e-01
    endloop
  endfacet
  facet normal -9.721184e-01 -2.344905e-01  0.000000e+00
    outer loop
      vertex -2.205920e+01  1.072135e+01  0.000000e+00
      vertex -2.201497e+01  1.053795e+01 -2.000000e-01
      vertex -2.201497e+01  1.053795e+01  0.000000e+00
    endloop
  endfacet
  facet normal -9.968452e-01 -7.937089e-02  -0.000000e+00
    outer loop
      vertex -2.201497e+01  1.053795e+01  0.000000e+00
      vertex -2.201497e+01  1.053795e+01 -2.000000e-01
      vertex -2.200000e+01  1.035000e+01 -2.000000e-01
    endloop
  endfacet
  facet normal -9.968452e-01 -7.937089e-02  0.000000e+00
    outer loop
      vertex -2.201497e+01  1.053795e+01  0.000000e+00
      vertex -2.200000e+01  1.035000e+01 -2.000000e-01
      vertex -2.200000e+01  1.035000e+01  0.000000e+00
    endloop
  endfacet
  facet normal -7.604943e-01 -6.493446e-01  -0.000000e+00
    outer loop
      vertex -2.222957e+01  1.105571e+01 -2.000000e-01
      vertex -2.235150e+01  1.119850e+01  0.000000e+00
      vertex -2.235150e+01  1.119850e+01 -2.000000e-01
    endloop
  endfacet
  facet normal -6.493425e-01 -7.604960e-01  0.000000e+00
    outer loop
      vertex -2.235150e+01  1.119850e+01 -2.000000e-01
      vertex -2.235150e+01  1.119850e+01  0.000000e+00
      vertex -2.249429e+01  1.132043e+01  0.000000e+00
    endloop
  endfacet
  facet normal -6.493425e-01 -7.604960e-01  -0.000000e+00
    outer loop
      vertex -2.235150e+01  1.119850e+01 -2.000000e-01
      vertex -2.249429e+01  1.132043e+01  0.000000e+00
      vertex -2.249429e+01  1.132043e+01 -2.000000e-01
    endloop
  endfacet
  facet normal -5.223599e-01 -8.527251e-01  0.000000e+00
    outer loop
      vertex -2.249429e+01  1.132043e+01 -2.000000e-01
      vertex -2.249429e+01  1.132043e+01  0.000000e+00
      vertex -2.265462e+01  1.141864e+01  0.000000e+00
    endloop
  endfacet
  facet normal -5.223599e-01 -8.527251e-01  -0.000000e+00
    outer loop
      vertex -2.249429e+01  1.132043e+01 -2.000000e-01
      vertex -2.265462e+01  1.141864e+01  0.000000e+00
      vertex -2.265462e+01  1.141864e+01 -2.000000e-01
    endloop
  endfacet
  facet normal -3.829958e-01 -9.237500e-01  0.000000e+00
    outer loop
      vertex -2.265462e+01  1.141864e+01 -2.000000e-01
      vertex -2.265462e+01  1.141864e+01  0.000000e+00
      vertex -2.282865e+01  1.149080e+01  0.000000e+00
    endloop
  endfacet
  facet normal -3.829958e-01 -9.237500e-01  -0.000000e+00
    outer loop
      vertex -2.265462e+01  1.141864e+01 -2.000000e-01
      vertex -2.282865e+01  1.149080e+01  0.000000e+00
      vertex -2.282865e+01  1.149080e+01 -2.000000e-01
    endloop
  endfacet
  facet normal -2.344846e-01 -9.721198e-01  0.000000e+00
    outer loop
      vertex -2.282865e+01  1.149080e+01 -2.000000e-01
      vertex -2.282865e+01  1.149080e+01  0.000000e+00
      vertex -2.301205e+01  1.153503e+01  0.000000e+00
    endloop
  endfacet
  facet normal -2.344846e-01 -9.721198e-01  -0.000000e+00
    outer loop
      vertex -2.282865e+01  1.149080e+01 -2.000000e-01
      vertex -2.301205e+01  1.153503e+01  0.000000e+00
      vertex -2.301205e+01  1.153503e+01 -2.000000e-01
    endloop
  endfacet
  facet normal -7.937552e-02 -9.968449e-01  0.000000e+00
    outer loop
      vertex -2.301205e+01  1.153503e+01 -2.000000e-01
      vertex -2.301205e+01  1.153503e+01  0.000000e+00
      vertex -2.320000e+01  1.155000e+01  0.000000e+00
    endloop
  endfacet
  facet normal -7.937552e-02 -9.968449e-01  -0.000000e+00
    outer loop
      vertex -2.301205e+01  1.153503e+01 -2.000000e-01
      vertex -2.320000e+01  1.155000e+01  0.000000e+00
      vertex -2.320000e+01  1.155000e+01 -2.000000e-01
    endloop
  endfacet
  facet normal -9.569198e-01  2.902781e-01 -6.562178e-03
    outer loop
      vertex -2.205920e+01  9.378649e+00  0.000000e+00
      vertex -2.209134e+01  9.290780e+00  8.000000e-01
      vertex -2.202306e+01  9.515892e+00  8.000000e-01
    endloop
  endfacet
  facet normal -9.237402e-01  3.829876e-01  4.953663e-03
    outer loop
      vertex -2.213136e+01  9.204620e+00  0.000000e+00
      vertex -2.209134e+01  9.290780e+00  8.000000e-01
      vertex -2.205920e+01  9.378649e+00  0.000000e+00
    endloop
  endfacet
  facet normal -8.819027e-01  4.713843e-01 -6.659154e-03
    outer loop
      vertex -2.220224e+01  9.083316e+00  8.000000e-01
      vertex -2.209134e+01  9.290780e+00  8.000000e-01
      vertex -2.213136e+01  9.204620e+00  0.000000e+00
    endloop
  endfacet
  facet normal -8.527194e-01  5.223563e-01  3.655368e-03
    outer loop
      vertex -2.222957e+01  9.044292e+00  0.000000e+00
      vertex -2.220224e+01  9.083316e+00  8.000000e-01
      vertex -2.213136e+01  9.204620e+00  0.000000e+00
    endloop
  endfacet
  facet normal -4.713843e-01  8.819027e-01 -6.659644e-03
    outer loop
      vertex -2.265462e+01  8.681356e+00  0.000000e+00
      vertex -2.274078e+01  8.641345e+00  8.000000e-01
      vertex -2.253332e+01  8.752236e+00  8.000000e-01
    endloop
  endfacet
  facet normal -3.829868e-01  9.237406e-01  4.953112e-03
    outer loop
      vertex -2.274078e+01  8.641345e+00  8.000000e-01
      vertex -2.265462e+01  8.681356e+00  0.000000e+00
      vertex -2.282865e+01  8.609204e+00  0.000000e+00
    endloop
  endfacet
  facet normal -2.902793e-01  9.569194e-01 -6.562386e-03
    outer loop
      vertex -2.282865e+01  8.609204e+00  0.000000e+00
      vertex -2.296589e+01  8.573058e+00  8.000000e-01
      vertex -2.274078e+01  8.641345e+00  8.000000e-01
    endloop
  endfacet
  facet normal -9.721118e-01  2.344889e-01  3.695115e-03
    outer loop
      vertex -2.205920e+01  9.378649e+00  0.000000e+00
      vertex -2.202306e+01  9.515892e+00  8.000000e-01
      vertex -2.201497e+01  9.562049e+00  0.000000e+00
    endloop
  endfacet
  facet normal -9.951750e-01  9.801752e-02 -4.412061e-03
    outer loop
      vertex -2.201497e+01  9.562049e+00  0.000000e+00
      vertex -2.202306e+01  9.515892e+00  8.000000e-01
      vertex -2.200000e+01  9.750000e+00  8.000000e-01
    endloop
  endfacet
  facet normal -9.968452e-01  7.937089e-02  0.000000e+00
    outer loop
      vertex -2.201497e+01  9.562049e+00  0.000000e+00
      vertex -2.200000e+01  9.750000e+00  8.000000e-01
      vertex -2.200000e+01  9.750000e+00  0.000000e+00
    endloop
  endfacet
  facet normal -5.223601e-01  8.527172e-01  3.655734e-03
    outer loop
      vertex -2.265462e+01  8.681356e+00  0.000000e+00
      vertex -2.253332e+01  8.752236e+00  8.000000e-01
      vertex -2.249429e+01  8.779571e+00  0.000000e+00
    endloop
  endfacet
  facet normal -6.343858e-01  7.730033e-01 -4.532313e-03
    outer loop
      vertex -2.249429e+01  8.779571e+00  0.000000e+00
      vertex -2.253332e+01  8.752236e+00  8.000000e-01
      vertex -2.235147e+01  8.901472e+00  8.000000e-01
    endloop
  endfacet
  facet normal -6.493396e-01  7.604986e-01  4.279053e-05
    outer loop
      vertex -2.249429e+01  8.779571e+00  0.000000e+00
      vertex -2.235147e+01  8.901472e+00  8.000000e-01
      vertex -2.235150e+01  8.901496e+00  0.000000e+00
    endloop
  endfacet
  facet normal -7.730116e-01  6.343919e-01  4.286539e-05
    outer loop
      vertex -2.235150e+01  8.901496e+00  0.000000e+00
      vertex -2.235147e+01  8.901472e+00  8.000000e-01
      vertex -2.220224e+01  9.083316e+00  8.000000e-01
    endloop
  endfacet
  facet normal -7.604841e-01  6.493316e-01 -5.689866e-03
    outer loop
      vertex -2.235150e+01  8.901496e+00  0.000000e+00
      vertex -2.220224e+01  9.083316e+00  8.000000e-01
      vertex -2.222957e+01  9.044292e+00  0.000000e+00
    endloop
  endfacet
  facet normal -2.344877e-01  9.721121e-01  3.695324e-03
    outer loop
      vertex -2.282865e+01  8.609204e+00  0.000000e+00
      vertex -2.301205e+01  8.564965e+00  0.000000e+00
      vertex -2.296589e+01  8.573058e+00  8.000000e-01
    endloop
  endfacet
  facet normal -7.936928e-02  9.968301e-01 -5.504639e-03
    outer loop
      vertex -2.296589e+01  8.573058e+00  8.000000e-01
      vertex -2.301205e+01  8.564965e+00  0.000000e+00
      vertex -2.320000e+01  8.550000e+00  0.000000e+00
    endloop
  endfacet
  facet normal -9.801767e-02  9.951847e-01  0.000000e+00
    outer loop
      vertex -2.296589e+01  8.573058e+00  8.000000e-01
      vertex -2.320000e+01  8.550000e+00  0.000000e+00
      vertex -2.320000e+01  8.550000e+00  8.000000e-01
    endloop
  endfacet
  facet normal  2.902793e-01  9.569194e-01 -6.562386e-03
    outer loop
      vertex -3.017135e+01  8.609204e+00  0.000000e+00
      vertex -3.025922e+01  8.641345e+00  8.000000e-01
      vertex -3.003411e+01  8.573058e+00  8.000000e-01
    endloop
  endfacet
  facet normal  3.829868e-01  9.237406e-01  4.953113e-03
    outer loop
      vertex -3.034538e+01  8.681356e+00  0.000000e+00
      vertex -3.025922e+01  8.641345e+00  8.000000e-01
      vertex -3.017135e+01  8.609204e+00  0.000000e+00
    endloop
  endfacet
  facet normal  4.713843e-01  8.819027e-01 -6.659644e-03
    outer loop
      vertex -3.046668e+01  8.752236e+00  8.000000e-01
      vertex -3.025922e+01  8.641345e+00  8.000000e-01
      vertex -3.034538e+01  8.681356e+00  0.000000e+00
    endloop
  endfacet
  facet normal  5.223601e-01  8.527172e-01  3.655734e-03
    outer loop
      vertex -3.050571e+01  8.779571e+00  0.000000e+00
      vertex -3.046668e+01  8.752236e+00  8.000000e-01
      vertex -3.034538e+01  8.681356e+00  0.000000e+00
    endloop
  endfacet
  facet normal  8.819027e-01  4.713843e-01 -6.659154e-03
    outer loop
      vertex -3.086864e+01  9.204620e+00  0.000000e+00
      vertex -3.090866e+01  9.290780e+00  8.000000e-01
      vertex -3.079776e+01  9.083316e+00  8.000000e-01
    endloop
  endfacet
  facet normal  9.237402e-01  3.829876e-01  4.953663e-03
    outer loop
      vertex -3.094080e+01  9.378649e+00  0.000000e+00
      vertex -3.090866e+01  9.290780e+00  8.000000e-01
      vertex -3.086864e+01  9.204620e+00  0.000000e+00
    endloop
  endfacet
  facet normal  9.569198e-01  2.902781e-01 -6.562178e-03
    outer loop
      vertex -3.097694e+01  9.515892e+00  8.000000e-01
      vertex -3.090866e+01  9.290780e+00  8.000000e-01
      vertex -3.094080e+01  9.378649e+00  0.000000e+00
    endloop
  endfacet
  facet normal  2.344877e-01  9.721121e-01  3.695325e-03
    outer loop
      vertex -3.017135e+01  8.609204e+00  0.000000e+00
      vertex -3.003411e+01  8.573058e+00  8.000000e-01
      vertex -2.998795e+01  8.564965e+00  0.000000e+00
    endloop
  endfacet
  facet normal  9.801672e-02  9.951750e-01 -4.411990e-03
    outer loop
      vertex -2.998795e+01  8.564965e+00  0.000000e+00
      vertex -3.003411e+01  8.573058e+00  8.000000e-01
      vertex -2.980000e+01  8.550000e+00  8.000000e-01
    endloop
  endfacet
  facet normal  7.937048e-02  9.968451e-01  0.000000e+00
    outer loop
      vertex -2.998795e+01  8.564965e+00  0.000000e+00
      vertex -2.980000e+01  8.550000e+00  8.000000e-01
      vertex -2.980000e+01  8.550000e+00  0.000000e+00
    endloop
  endfacet
  facet normal  8.527194e-01  5.223563e-01  3.655368e-03
    outer loop
      vertex -3.086864e+01  9.204620e+00  0.000000e+00
      vertex -3.079776e+01  9.083316e+00  8.000000e-01
      vertex -3.077043e+01  9.044292e+00  0.000000e+00
    endloop
  endfacet
  facet normal  7.730037e-01  6.343855e-01 -4.533035e-03
    outer loop
      vertex -3.077043e+01  9.044292e+00  0.000000e+00
      vertex -3.079776e+01  9.083316e+00  8.000000e-01
      vertex -3.064853e+01  8.901472e+00  8.000000e-01
    endloop
  endfacet
  facet normal  7.604964e-01  6.493421e-01  4.292305e-05
    outer loop
      vertex -3.077043e+01  9.044292e+00  0.000000e+00
      vertex -3.064853e+01  8.901472e+00  8.000000e-01
      vertex -3.064850e+01  8.901496e+00  0.000000e+00
    endloop
  endfacet
  facet normal  6.343923e-01  7.730113e-01  4.270015e-05
    outer loop
      vertex -3.064850e+01  8.901496e+00  0.000000e+00
      vertex -3.064853e+01  8.901472e+00  8.000000e-01
      vertex -3.046668e+01  8.752236e+00  8.000000e-01
    endloop
  endfacet
  facet normal  6.493291e-01  7.604862e-01 -5.688896e-03
    outer loop
      vertex -3.064850e+01  8.901496e+00  0.000000e+00
      vertex -3.046668e+01  8.752236e+00  8.000000e-01
      vertex -3.050571e+01  8.779571e+00  0.000000e+00
    endloop
  endfacet
  facet normal  9.721118e-01  2.344889e-01  3.695114e-03
    outer loop
      vertex -3.094080e+01  9.378649e+00  0.000000e+00
      vertex -3.098503e+01  9.562049e+00  0.000000e+00
      vertex -3.097694e+01  9.515892e+00  8.000000e-01
    endloop
  endfacet
  facet normal  9.968300e-01  7.936969e-02 -5.504712e-03
    outer loop
      vertex -3.097694e+01  9.515892e+00  8.000000e-01
      vertex -3.098503e+01  9.562049e+00  0.000000e+00
      vertex -3.100000e+01  9.750000e+00  0.000000e+00
    endloop
  endfacet
  facet normal  9.951847e-01  9.801847e-02  -0.000000e+00
    outer loop
      vertex -3.097694e+01  9.515892e+00  8.000000e-01
      vertex -3.100000e+01  9.750000e+00  0.000000e+00
      vertex -3.100000e+01  9.750000e+00  8.000000e-01
    endloop
  endfacet
  facet normal  9.569198e-01 -2.902781e-01 -6.562178e-03
    outer loop
      vertex -3.094080e+01  1.072135e+01  0.000000e+00
      vertex -3.090866e+01  1.080922e+01  8.000000e-01
      vertex -3.097694e+01  1.058411e+01  8.000000e-01
    endloop
  endfacet
  facet normal  9.237394e-01 -3.829893e-01  4.953889e-03
    outer loop
      vertex -3.086864e+01  1.089538e+01  0.000000e+00
      vertex -3.090866e+01  1.080922e+01  8.000000e-01
      vertex -3.094080e+01  1.072135e+01  0.000000e+00
    endloop
  endfacet
  facet normal  8.819027e-01 -4.713843e-01 -6.658590e-03
    outer loop
      vertex -3.079776e+01  1.101668e+01  8.000000e-01
      vertex -3.090866e+01  1.080922e+01  8.000000e-01
      vertex -3.086864e+01  1.089538e+01  0.000000e+00
    endloop
  endfacet
  facet normal  8.527209e-01 -5.223541e-01  3.655526e-03
    outer loop
      vertex -3.077043e+01  1.105571e+01  0.000000e+00
      vertex -3.079776e+01  1.101668e+01  8.000000e-01
      vertex -3.086864e+01  1.089538e+01  0.000000e+00
    endloop
  endfacet
  facet normal  4.713874e-01 -8.819010e-01 -6.659013e-03
    outer loop
      vertex -3.034538e+01  1.141864e+01  0.000000e+00
      vertex -3.025922e+01  1.145866e+01  8.000000e-01
      vertex -3.046668e+01  1.134776e+01  8.000000e-01
    endloop
  endfacet
  facet normal  3.829911e-01 -9.237387e-01  4.953660e-03
    outer loop
      vertex -3.017135e+01  1.149080e+01  0.000000e+00
      vertex -3.025922e+01  1.145866e+01  8.000000e-01
      vertex -3.034538e+01  1.141864e+01  0.000000e+00
    endloop
  endfacet
  facet normal  2.902793e-01 -9.569194e-01 -6.562386e-03
    outer loop
      vertex -3.003411e+01  1.152694e+01  8.000000e-01
      vertex -3.025922e+01  1.145866e+01  8.000000e-01
      vertex -3.017135e+01  1.149080e+01  0.000000e+00
    endloop
  endfacet
  facet normal  9.721118e-01 -2.344889e-01  3.695115e-03
    outer loop
      vertex -3.094080e+01  1.072135e+01  0.000000e+00
      vertex -3.097694e+01  1.058411e+01  8.000000e-01
      vertex -3.098503e+01  1.053795e+01  0.000000e+00
    endloop
  endfacet
  facet normal  9.951750e-01 -9.801752e-02 -4.412061e-03
    outer loop
      vertex -3.098503e+01  1.053795e+01  0.000000e+00
      vertex -3.097694e+01  1.058411e+01  8.000000e-01
      vertex -3.100000e+01  1.035000e+01  8.000000e-01
    endloop
  endfacet
  facet normal  9.968452e-01 -7.937089e-02  0.000000e+00
    outer loop
      vertex -3.098503e+01  1.053795e+01  0.000000e+00
      vertex -3.100000e+01  1.035000e+01  8.000000e-01
      vertex -3.100000e+01  1.035000e+01  0.000000e+00
    endloop
  endfacet
  facet normal  5.223563e-01 -8.527194e-01  3.654975e-03
    outer loop
      vertex -3.034538e+01  1.141864e+01  0.000000e+00
      vertex -3.046668e+01  1.134776e+01  8.000000e-01
      vertex -3.050571e+01  1.132043e+01  0.000000e+00
    endloop
  endfacet
  facet normal  6.343834e-01 -7.730053e-01 -4.533048e-03
    outer loop
      vertex -3.050571e+01  1.132043e+01  0.000000e+00
      vertex -3.046668e+01  1.134776e+01  8.000000e-01
      vertex -3.064853e+01  1.119853e+01  8.000000e-01
    endloop
  endfacet
  facet normal  6.493425e-01 -7.604960e-01  4.369712e-05
    outer loop
      vertex -3.050571e+01  1.132043e+01  0.000000e+00
      vertex -3.064853e+01  1.119853e+01  8.000000e-01
      vertex -3.064850e+01  1.119850e+01  0.000000e+00
    endloop
  endfacet
  facet normal  7.730116e-01 -6.343920e-01  4.362165e-05
    outer loop
      vertex -3.064850e+01  1.119850e+01  0.000000e+00
      vertex -3.064853e+01  1.119853e+01  8.000000e-01
      vertex -3.079776e+01  1.101668e+01  8.000000e-01
    endloop
  endfacet
  facet normal  7.604820e-01 -6.493342e-01 -5.690063e-03
    outer loop
      vertex -3.064850e+01  1.119850e+01  0.000000e+00
      vertex -3.079776e+01  1.101668e+01  8.000000e-01
      vertex -3.077043e+01  1.105571e+01  0.000000e+00
    endloop
  endfacet
  facet normal  2.344829e-01 -9.721132e-01  3.696195e-03
    outer loop
      vertex -3.017135e+01  1.149080e+01  0.000000e+00
      vertex -2.998795e+01  1.153503e+01  0.000000e+00
      vertex -3.003411e+01  1.152694e+01  8.000000e-01
    endloop
  endfacet
  facet normal  7.937431e-02 -9.968297e-01 -5.503158e-03
    outer loop
      vertex -3.003411e+01  1.152694e+01  8.000000e-01
      vertex -2.998795e+01  1.153503e+01  0.000000e+00
      vertex -2.980000e+01  1.155000e+01  0.000000e+00
    endloop
  endfacet
  facet normal  9.801767e-02 -9.951847e-01  0.000000e+00
    outer loop
      vertex -3.003411e+01  1.152694e+01  8.000000e-01
      vertex -2.980000e+01  1.155000e+01  0.000000e+00
      vertex -2.980000e+01  1.155000e+01  8.000000e-01
    endloop
  endfacet
  facet normal -2.902793e-01 -9.569194e-01 -6.562386e-03
    outer loop
      vertex -2.282865e+01  1.149080e+01  0.000000e+00
      vertex -2.274078e+01  1.145866e+01  8.000000e-01
      vertex -2.296589e+01  1.152694e+01  8.000000e-01
    endloop
  endfacet
  facet normal -3.829911e-01 -9.237387e-01  4.953660e-03
    outer loop
      vertex -2.265462e+01  1.141864e+01  0.000000e+00
      vertex -2.274078e+01  1.145866e+01  8.000000e-01
      vertex -2.282865e+01  1.149080e+01  0.000000e+00
    endloop
  endfacet
  facet normal -4.713874e-01 -8.819010e-01 -6.659013e-03
    outer loop
      vertex -2.253332e+01  1.134776e+01  8.000000e-01
      vertex -2.274078e+01  1.145866e+01  8.000000e-01
      vertex -2.265462e+01  1.141864e+01  0.000000e+00
    endloop
  endfacet
  facet normal -5.223563e-01 -8.527194e-01  3.654975e-03
    outer loop
      vertex -2.249429e+01  1.132043e+01  0.000000e+00
      vertex -2.253332e+01  1.134776e+01  8.000000e-01
      vertex -2.265462e+01  1.141864e+01  0.000000e+00
    endloop
  endfacet
  facet normal -8.819027e-01 -4.713843e-01 -6.658590e-03
    outer loop
      vertex -2.213136e+01  1.089538e+01  0.000000e+00
      vertex -2.209134e+01  1.080922e+01  8.000000e-01
      vertex -2.220224e+01  1.101668e+01  8.000000e-01
    endloop
  endfacet
  facet normal -9.237394e-01 -3.829893e-01  4.953889e-03
    outer loop
      vertex -2.205920e+01  1.072135e+01  0.000000e+00
      vertex -2.209134e+01  1.080922e+01  8.000000e-01
      vertex -2.213136e+01  1.089538e+01  0.000000e+00
    endloop
  endfacet
  facet normal -9.569198e-01 -2.902781e-01 -6.562178e-03
    outer loop
      vertex -2.202306e+01  1.058411e+01  8.000000e-01
      vertex -2.209134e+01  1.080922e+01  8.000000e-01
      vertex -2.205920e+01  1.072135e+01  0.000000e+00
    endloop
  endfacet
  facet normal -2.344829e-01 -9.721132e-01  3.696196e-03
    outer loop
      vertex -2.282865e+01  1.149080e+01  0.000000e+00
      vertex -2.296589e+01  1.152694e+01  8.000000e-01
      vertex -2.301205e+01  1.153503e+01  0.000000e+00
    endloop
  endfacet
  facet normal -9.801672e-02 -9.951750e-01 -4.410804e-03
    outer loop
      vertex -2.301205e+01  1.153503e+01  0.000000e+00
      vertex -2.296589e+01  1.152694e+01  8.000000e-01
      vertex -2.320000e+01  1.155000e+01  8.000000e-01
    endloop
  endfacet
  facet normal -7.937552e-02 -9.968449e-01  -0.000000e+00
    outer loop
      vertex -2.301205e+01  1.153503e+01  0.000000e+00
      vertex -2.320000e+01  1.155000e+01  8.000000e-01
      vertex -2.320000e+01  1.155000e+01  0.000000e+00
    endloop
  endfacet
  facet normal -8.527209e-01 -5.223541e-01  3.655526e-03
    outer loop
      vertex -2.213136e+01  1.089538e+01  0.000000e+00
      vertex -2.220224e+01  1.101668e+01  8.000000e-01
      vertex -2.222957e+01  1.105571e+01  0.000000e+00
    endloop
  endfacet
  facet normal -7.730037e-01 -6.343855e-01 -4.533035e-03
    outer loop
      vertex -2.222957e+01  1.105571e+01  0.000000e+00
      vertex -2.220224e+01  1.101668e+01  8.000000e-01
      vertex -2.235147e+01  1.119853e+01  8.000000e-01
    endloop
  endfacet
  facet normal -7.604943e-01 -6.493446e-01  4.369713e-05
    outer loop
      vertex -2.222957e+01  1.105571e+01  0.000000e+00
      vertex -2.235147e+01  1.119853e+01  8.000000e-01
      vertex -2.235150e+01  1.119850e+01  0.000000e+00
    endloop
  endfacet
  facet normal -6.343899e-01 -7.730132e-01  4.362164e-05
    outer loop
      vertex -2.235150e+01  1.119850e+01  0.000000e+00
      vertex -2.235147e+01  1.119853e+01  8.000000e-01
      vertex -2.253332e+01  1.134776e+01  8.000000e-01
    endloop
  endfacet
  facet normal -6.493320e-01 -7.604837e-01 -5.690030e-03
    outer loop
      vertex -2.235150e+01  1.119850e+01  0.000000e+00
      vertex -2.253332e+01  1.134776e+01  8.000000e-01
      vertex -2.249429e+01  1.132043e+01  0.000000e+00
    endloop
  endfacet
  facet normal -9.721118e-01 -2.344889e-01  3.695114e-03
    outer loop
      vertex -2.205920e+01  1.072135e+01  0.000000e+00
      vertex -2.201497e+01  1.053795e+01  0.000000e+00
      vertex -2.202306e+01  1.058411e+01  8.000000e-01
    endloop
  endfacet
  facet normal -9.968300e-01 -7.936969e-02 -5.504712e-03
    outer loop
      vertex -2.202306e+01  1.058411e+01  8.000000e-01
      vertex -2.201497e+01  1.053795e+01  0.000000e+00
      vertex -2.200000e+01  1.035000e+01  0.000000e+00
    endloop
  endfacet
  facet normal -9.951847e-01 -9.801847e-02  0.000000e+00
    outer loop
      vertex -2.202306e+01  1.058411e+01  8.000000e-01
      vertex -2.200000e+01  1.035000e+01  0.000000e+00
      vertex -2.200000e+01  1.035000e+01  8.000000e-01
    endloop
  endfacet
  facet normal  0.000000e+00  1.000000e+00  0.000000e+00
    outer loop
      vertex  2.150000e+01  7.350000e+00  8.000000e-01
      vertex  2.150000e+01  7.350000e+00  1.800000e+00
      vertex  3.710000e+01  7.350000e+00  8.000000e-01
    endloop
  endfacet
  facet normal  0.000000e+00  1.000000e+00  -0.000000e+00
    outer loop
      vertex  3.710000e+01  7.350000e+00  8.000000e-01
      vertex  2.150000e+01  7.350000e+00  1.800000e+00
      vertex  4.070000e+01  7.350000e+00  1.800000e+00
    endloop
  endfacet
  facet normal  0.000000e+00  1.000000e+00  0.000000e+00
    outer loop
      vertex  3.710000e+01  7.350000e+00  8.000000e-01
      vertex  4.070000e+01  7.350000e+00  1.800000e+00
      vertex  4.170000e+01  7.350000e+00  8.000000e-01
    endloop
  endfacet
  facet normal  0.000000e+00  1.000000e+00  0.000000e+00
    outer loop
      vertex  4.170000e+01  7.350000e+00  8.000000e-01
      vertex  4.070000e+01  7.350000e+00  1.800000e+00
      vertex  4.070000e+01  7.350000e+00  1.320000e+01
    endloop
  endfacet
  facet normal  -0.000000e+00  1.000000e+00  0.000000e+00
    outer loop
      vertex  4.170000e+01  7.350000e+00  8.000000e-01
      vertex  4.070000e+01  7.350000e+00  1.320000e+01
      vertex  4.170000e+01  7.350000e+00  1.520000e+01
    endloop
  endfacet
  facet normal  0.000000e+00  1.000000e+00  0.000000e+00
    outer loop
      vertex  4.170000e+01  7.350000e+00  1.520000e+01
      vertex  4.070000e+01  7.350000e+00  1.320000e+01
      vertex  3.710000e+01  7.350000e+00  1.320000e+01
    endloop
  endfacet
  facet normal  0.000000e+00  1.000000e+00  0.000000e+00
    outer loop
      vertex  4.170000e+01  7.350000e+00  1.520000e+01
      vertex  3.710000e+01  7.350000e+00  1.320000e+01
      vertex  3.710000e+01  7.350000e+00  1.520000e+01
    endloop
  endfacet
  facet normal -1.000000e+00  -0.000000e+00  0.000000e+00
    outer loop
      vertex  4.170000e+01 -2.160000e+01  1.520000e+01
      vertex  4.170000e+01 -2.155000e+01  1.520000e+01
      vertex  4.170000e+01 -2.160000e+01  3.700000e+00
    endloop
  endfacet
  facet normal -1.000000e+00  0.000000e+00  0.000000e+00
    outer loop
      vertex  4.170000e+01 -2.160000e+01  3.700000e+00
      vertex  4.170000e+01 -2.155000e+01  1.520000e+01
      vertex  4.170000e+01 -2.155000e+01  4.500000e+00
    endloop
  endfacet
  facet normal -1.000000e+00  0.000000e+00  -0.000000e+00
    outer loop
      vertex  4.170000e+01 -2.160000e+01  3.700000e+00
      vertex  4.170000e+01 -2.155000e+01  4.500000e+00
      vertex  4.170000e+01  2.350000e+00  3.700000e+00
    endloop
  endfacet
  facet normal -1.000000e+00  0.000000e+00  0.000000e+00
    outer loop
      vertex  4.170000e+01  2.350000e+00  3.700000e+00
      vertex  4.170000e+01 -2.155000e+01  4.500000e+00
      vertex  4.170000e+01  1.450000e+00  4.500000e+00
    endloop
  endfacet
  facet normal -1.000000e+00  0.000000e+00  0.000000e+00
    outer loop
      vertex  4.170000e+01  2.350000e+00  3.700000e+00
      vertex  4.170000e+01  1.450000e+00  4.500000e+00
      vertex  4.170000e+01  2.350000e+00  1.520000e+01
    endloop
  endfacet
  facet normal -1.000000e+00  -0.000000e+00  0.000000e+00
    outer loop
      vertex  4.170000e+01  2.350000e+00  1.520000e+01
      vertex  4.170000e+01  1.450000e+00  4.500000e+00
      vertex  4.170000e+01  1.450000e+00  1.520000e+01
    endloop
  endfacet
  facet normal  0.000000e+00 -1.000000e+00  0.000000e+00
    outer loop
      vertex  4.250000e+01  1.450000e+00  1.520000e+01
      vertex  4.170000e+01  1.450000e+00  1.520000e+01
      vertex  4.250000e+01  1.450000e+00  4.500000e+00
    endloop
  endfacet
  facet normal  0.000000e+00 -1.000000e+00  0.000000e+00
    outer loop
      vertex  4.250000e+01  1.450000e+00  4.500000e+00
      vertex  4.170000e+01  1.450000e+00  1.520000e+01
      vertex  4.170000e+01  1.450000e+00  4.500000e+00
    endloop
  endfacet
  facet normal  -0.000000e+00  0.000000e+00  1.000000e+00
    outer loop
      vertex  4.250000e+01  1.450000e+00  4.500000e+00
      vertex  4.170000e+01  1.450000e+00  4.500000e+00
      vertex  4.250000e+01 -2.155000e+01  4.500000e+00
    endloop
  endfacet
  facet normal  0.000000e+00  0.000000e+00  1.000000e+00
    outer loop
      vertex  4.250000e+01 -2.155000e+01  4.500000e+00
      vertex  4.170000e+01  1.450000e+00  4.500000e+00
      vertex  4.170000e+01 -2.155000e+01  4.500000e+00
    endloop
  endfacet
  facet normal  0.000000e+00  1.000000e+00  0.000000e+00
    outer loop
      vertex  4.250000e+01 -2.155000e+01  4.500000e+00
      vertex  4.170000e+01 -2.155000e+01  4.500000e+00
      vertex  4.250000e+01 -2.155000e+01  1.520000e+01
    endloop
  endfacet
  facet normal  0.000000e+00  1.000000e+00  0.000000e+00
    outer loop
      vertex  4.250000e+01 -2.155000e+01  1.520000e+01
      vertex  4.170000e+01 -2.155000e+01  4.500000e+00
      vertex  4.170000e+01 -2.155000e+01  1.520000e+01
    endloop
  endfacet
  facet normal  0.000000e+00  -0.000000e+00  9.999999e-01
    outer loop
      vertex -3.893332e+01  5.847764e+00  1.520000e+01
      vertex -3.875147e+01  5.698528e+00  1.520000e+01
      vertex -3.713843e+01  5.740180e+00  1.520000e+01
    endloop
  endfacet
  facet normal  0.000000e+00  0.000000e+00  1.000000e+00
    outer loop
      vertex -3.713843e+01  3.959819e+00  1.520000e+01
      vertex -3.860224e+01  4.183316e+00  1.520000e+01
      vertex -3.875147e+01  4.001472e+00  1.520000e+01
    endloop
  endfacet
  facet normal  0.000000e+00  0.000000e+00  1.000000e+00
    outer loop
      vertex -3.710000e+01  5.350000e+00  1.520000e+01
      vertex -3.713843e+01  5.740180e+00  1.520000e+01
      vertex -3.875147e+01  5.698528e+00  1.520000e+01
    endloop
  endfacet
  facet normal  0.000000e+00  0.000000e+00  9.999999e-01
    outer loop
      vertex -3.710000e+01  5.350000e+00  1.520000e+01
      vertex -3.875147e+01  5.698528e+00  1.520000e+01
      vertex -3.860224e+01  5.516684e+00  1.520000e+01
    endloop
  endfacet
  facet normal  0.000000e+00  0.000000e+00  1.000000e+00
    outer loop
      vertex -3.710000e+01  5.350000e+00  1.520000e+01
      vertex -3.860224e+01  5.516684e+00  1.520000e+01
      vertex -3.849134e+01  5.309220e+00  1.520000e+01
    endloop
  endfacet
  facet normal  -0.000000e+00  0.000000e+00  1.000000e+00
    outer loop
      vertex -3.710000e+01  5.350000e+00  1.520000e+01
      vertex -3.849134e+01  5.309220e+00  1.520000e+01
      vertex -3.710000e+01  4.350000e+00  1.520000e+01
    endloop
  endfacet
  facet normal  0.000000e+00  0.000000e+00  1.000000e+00
    outer loop
      vertex -4.170000e+01  2.350000e+00  1.520000e+01
      vertex -3.910000e+01  2.350000e+00  1.520000e+01
      vertex -3.960000e+01  3.650000e+00  1.520000e+01
    endloop
  endfacet
  facet normal  0.000000e+00  0.000000e+00  9.999999e-01
    outer loop
      vertex -4.170000e+01  2.350000e+00  1.520000e+01
      vertex -3.960000e+01  3.650000e+00  1.520000e+01
      vertex -3.983411e+01  3.673058e+00  1.520000e+01
    endloop
  endfacet
  facet normal  0.000000e+00  0.000000e+00  1.000000e+00
    outer loop
      vertex -4.170000e+01  2.350000e+00  1.520000e+01
      vertex -3.983411e+01  3.673058e+00  1.520000e+01
      vertex -4.005922e+01  3.741344e+00  1.520000e+01
    endloop
  endfacet
  facet normal  0.000000e+00  0.000000e+00  1.000000e+00
    outer loop
      vertex -4.170000e+01  2.350000e+00  1.520000e+01
      vertex -4.005922e+01  3.741344e+00  1.520000e+01
      vertex -4.026669e+01  3.852237e+00  1.520000e+01
    endloop
  endfacet
  facet normal  0.000000e+00  0.000000e+00  1.000000e+00
    outer loop
      vertex -4.170000e+01  2.350000e+00  1.520000e+01
      vertex -4.026669e+01  3.852237e+00  1.520000e+01
      vertex -4.044853e+01  4.001472e+00  1.520000e+01
    endloop
  endfacet
  facet normal  0.000000e+00  0.000000e+00  1.000000e+00
    outer loop
      vertex -4.170000e+01  2.350000e+00  1.520000e+01
      vertex -4.044853e+01  4.001472e+00  1.520000e+01
      vertex -4.059776e+01  4.183316e+00  1.520000e+01
    endloop
  endfacet
  facet normal  0.000000e+00  0.000000e+00  1.000000e+00
    outer loop
      vertex -4.170000e+01  2.350000e+00  1.520000e+01
      vertex -4.059776e+01  4.183316e+00  1.520000e+01
      vertex -4.070866e+01  4.390780e+00  1.520000e+01
    endloop
  endfacet
  facet normal  0.000000e+00  0.000000e+00  1.000000e+00
    outer loop
      vertex -4.170000e+01  2.350000e+00  1.520000e+01
      vertex -4.070866e+01  4.390780e+00  1.520000e+01
      vertex -4.077694e+01  4.615891e+00  1.520000e+01
    endloop
  endfacet
  facet normal  0.000000e+00  0.000000e+00  1.000000e+00
    outer loop
      vertex -4.170000e+01  2.350000e+00  1.520000e+01
      vertex -4.077694e+01  4.615891e+00  1.520000e+01
      vertex -4.080000e+01  4.850000e+00  1.520000e+01
    endloop
  endfacet
  facet normal  0.000000e+00  -0.000000e+00  1.000000e+00
    outer loop
      vertex -4.170000e+01  2.350000e+00  1.520000e+01
      vertex -4.080000e+01  4.850000e+00  1.520000e+01
      vertex -4.077694e+01  5.084108e+00  1.520000e+01
    endloop
  endfacet
  facet normal  0.000000e+00  -0.000000e+00  1.000000e+00
    outer loop
      vertex -4.170000e+01  2.350000e+00  1.520000e+01
      vertex -4.077694e+01  5.084108e+00  1.520000e+01
      vertex -4.070866e+01  5.309220e+00  1.520000e+01
    endloop
  endfacet
  facet normal  0.000000e+00  0.000000e+00  1.000000e+00
    outer loop
      vertex -4.170000e+01  2.350000e+00  1.520000e+01
      vertex -4.070866e+01  5.309220e+00  1.520000e+01
      vertex -4.170000e+01  7.350000e+00  1.520000e+01
    endloop
  endfacet
  facet normal  0.000000e+00  0.000000e+00  1.000000e+00
    outer loop
      vertex -4.170000e+01  2.350000e+00  1.520000e+01
      vertex -4.170000e+01  7.350000e+00  1.520000e+01
      vertex -4.250000e+01  9.350000e+00  1.520000e+01
    endloop
  endfacet
  facet normal  0.000000e+00  0.000000e+00  9.999999e-01
    outer loop
      vertex -4.170000e+01  2.350000e+00  1.520000e+01
      vertex -4.250000e+01  9.350000e+00  1.520000e+01
      vertex -4.250000e+01  1.450000e+00  1.520000e+01
    endloop
  endfacet
  facet normal  0.000000e+00  0.000000e+00  9.999999e-01
    outer loop
      vertex -4.170000e+01  2.350000e+00  1.520000e+01
      vertex -4.250000e+01  1.450000e+00  1.520000e+01
      vertex -4.170000e+01  1.450000e+00  1.520000e+01
    endloop
  endfacet
  facet normal  0.000000e+00  -0.000000e+00  1.000000e+00
    outer loop
      vertex -3.960000e+01  3.650000e+00  1.520000e+01
      vertex -3.910000e+01  2.350000e+00  1.520000e+01
      vertex -3.870982e+01  2.388429e+00  1.520000e+01
    endloop
  endfacet
  facet normal  0.000000e+00  -0.000000e+00  1.000000e+00
    outer loop
      vertex -3.960000e+01  3.650000e+00  1.520000e+01
      vertex -3.870982e+01  2.388429e+00  1.520000e+01
      vertex -3.833463e+01  2.502241e+00  1.520000e+01
    endloop
  endfacet
  facet normal  0.000000e+00  -0.000000e+00  1.000000e+00
    outer loop
      vertex -3.960000e+01  3.650000e+00  1.520000e+01
      vertex -3.833463e+01  2.502241e+00  1.520000e+01
      vertex -3.798886e+01  2.687061e+00  1.520000e+01
    endloop
  endfacet
  facet normal  0.000000e+00  -0.000000e+00  9.999999e-01
    outer loop
      vertex -3.960000e+01  3.650000e+00  1.520000e+01
      vertex -3.798886e+01  2.687061e+00  1.520000e+01
      vertex -3.768579e+01  2.935786e+00  1.520000e+01
    endloop
  endfacet
  facet normal  0.000000e+00  -0.000000e+00  9.999999e-01
    outer loop
      vertex -3.960000e+01  3.650000e+00  1.520000e+01
      vertex -3.768579e+01  2.935786e+00  1.520000e+01
      vertex -3.743706e+01  3.238859e+00  1.520000e+01
    endloop
  endfacet
  facet normal  0.000000e+00  -0.000000e+00  9.999999e-01
    outer loop
      vertex -3.960000e+01  3.650000e+00  1.520000e+01
      vertex -3.743706e+01  3.238859e+00  1.520000e+01
      vertex -3.725224e+01  3.584633e+00  1.520000e+01
    endloop
  endfacet
  facet normal  0.000000e+00  -0.000000e+00  1.000000e+00
    outer loop
      vertex -4.170000e+01  7.350000e+00  1.520000e+01
      vertex -4.070866e+01  5.309220e+00  1.520000e+01
      vertex -4.059776e+01  5.516684e+00  1.520000e+01
    endloop
  endfacet
  facet normal  0.000000e+00  -0.000000e+00  9.999999e-01
    outer loop
      vertex -4.170000e+01  7.350000e+00  1.520000e+01
      vertex -4.059776e+01  5.516684e+00  1.520000e+01
      vertex -4.044853e+01  5.698528e+00  1.520000e+01
    endloop
  endfacet
  facet normal  0.000000e+00  -0.000000e+00  1.000000e+00
    outer loop
      vertex -4.170000e+01  7.350000e+00  1.520000e+01
      vertex -4.044853e+01  5.698528e+00  1.520000e+01
      vertex -4.026669e+01  5.847764e+00  1.520000e+01
    endloop
  endfacet
  facet normal  0.000000e+00  -0.000000e+00  1.000000e+00
    outer loop
      vertex -4.170000e+01  7.350000e+00  1.520000e+01
      vertex -4.026669e+01  5.847764e+00  1.520000e+01
      vertex -4.005922e+01  5.958655e+00  1.520000e+01
    endloop
  endfacet
  facet normal  0.000000e+00  -0.000000e+00  1.000000e+00
    outer loop
      vertex -4.170000e+01  7.350000e+00  1.520000e+01
      vertex -4.005922e+01  5.958655e+00  1.520000e+01
      vertex -3.983411e+01  6.026942e+00  1.520000e+01
    endloop
  endfacet
  facet normal  0.000000e+00  -0.000000e+00  1.000000e+00
    outer loop
      vertex -4.170000e+01  7.350000e+00  1.520000e+01
      vertex -3.983411e+01  6.026942e+00  1.520000e+01
      vertex -3.960000e+01  6.050000e+00  1.520000e+01
    endloop
  endfacet
  facet normal  0.000000e+00  -0.000000e+00  1.000000e+00
    outer loop
      vertex -4.170000e+01  7.350000e+00  1.520000e+01
      vertex -3.960000e+01  6.050000e+00  1.520000e+01
      vertex -3.910000e+01  7.350000e+00  1.520000e+01
    endloop
  endfacet
  facet normal  0.000000e+00  -0.000000e+00  9.999999e-01
    outer loop
      vertex -3.960000e+01  6.050000e+00  1.520000e+01
      vertex -3.936589e+01  6.026942e+00  1.520000e+01
      vertex -3.725224e+01  6.115367e+00  1.520000e+01
    endloop
  endfacet
  facet normal  0.000000e+00  0.000000e+00  1.000000e+00
    outer loop
      vertex -3.960000e+01  6.050000e+00  1.520000e+01
      vertex -3.725224e+01  6.115367e+00  1.520000e+01
      vertex -3.743706e+01  6.461141e+00  1.520000e+01
    endloop
  endfacet
  facet normal  0.000000e+00  0.000000e+00  9.999999e-01
    outer loop
      vertex -3.960000e+01  6.050000e+00  1.520000e+01
      vertex -3.743706e+01  6.461141e+00  1.520000e+01
      vertex -3.768579e+01  6.764214e+00  1.520000e+01
    endloop
  endfacet
  facet normal  0.000000e+00  0.000000e+00  1.000000e+00
    outer loop
      vertex -3.960000e+01  6.050000e+00  1.520000e+01
      vertex -3.768579e+01  6.764214e+00  1.520000e+01
      vertex -3.798886e+01  7.012939e+00  1.520000e+01
    endloop
  endfacet
  facet normal  0.000000e+00  0.000000e+00  1.000000e+00
    outer loop
      vertex -3.960000e+01  6.050000e+00  1.520000e+01
      vertex -3.798886e+01  7.012939e+00  1.520000e+01
      vertex -3.833463e+01  7.197759e+00  1.520000e+01
    endloop
  endfacet
  facet normal  0.000000e+00  0.000000e+00  1.000000e+00
    outer loop
      vertex -3.960000e+01  6.050000e+00  1.520000e+01
      vertex -3.833463e+01  7.197759e+00  1.520000e+01
      vertex -3.870982e+01  7.311571e+00  1.520000e+01
    endloop
  endfacet
  facet normal  0.000000e+00  0.000000e+00  1.000000e+00
    outer loop
      vertex -3.960000e+01  6.050000e+00  1.520000e+01
      vertex -3.870982e+01  7.311571e+00  1.520000e+01
      vertex -3.910000e+01  7.350000e+00  1.520000e+01
    endloop
  endfacet
  facet normal  0.000000e+00  0.000000e+00  1.000000e+00
    outer loop
      vertex -3.710000e+01  4.350000e+00  1.520000e+01
      vertex -3.849134e+01  5.309220e+00  1.520000e+01
      vertex -3.842306e+01  5.084108e+00  1.520000e+01
    endloop
  endfacet
  facet normal  0.000000e+00  0.000000e+00  1.000000e+00
    outer loop
      vertex -3.710000e+01  4.350000e+00  1.520000e+01
      vertex -3.842306e+01  5.084108e+00  1.520000e+01
      vertex -3.840000e+01  4.850000e+00  1.520000e+01
    endloop
  endfacet
  facet normal  0.000000e+00  0.000000e+00  9.999999e-01
    outer loop
      vertex -3.710000e+01  4.350000e+00  1.520000e+01
      vertex -3.840000e+01  4.850000e+00  1.520000e+01
      vertex -3.842306e+01  4.615891e+00  1.520000e+01
    endloop
  endfacet
  facet normal  0.000000e+00  0.000000e+00  1.000000e+00
    outer loop
      vertex -3.710000e+01  4.350000e+00  1.520000e+01
      vertex -3.842306e+01  4.615891e+00  1.520000e+01
      vertex -3.849134e+01  4.390780e+00  1.520000e+01
    endloop
  endfacet
  facet normal  0.000000e+00  0.000000e+00  1.000000e+00
    outer loop
      vertex -3.710000e+01  4.350000e+00  1.520000e+01
      vertex -3.849134e+01  4.390780e+00  1.520000e+01
      vertex -3.860224e+01  4.183316e+00  1.520000e+01
    endloop
  endfacet
  facet normal  -0.000000e+00  0.000000e+00  1.000000e+00
    outer loop
      vertex -3.710000e+01  4.350000e+00  1.520000e+01
      vertex -3.860224e+01  4.183316e+00  1.520000e+01
      vertex -3.713843e+01  3.959819e+00  1.520000e+01
    endloop
  endfacet
  facet normal  0.000000e+00  0.000000e+00  1.000000e+00
    outer loop
      vertex -3.725224e+01  3.584633e+00  1.520000e+01
      vertex -3.713843e+01  3.959819e+00  1.520000e+01
      vertex -3.875147e+01  4.001472e+00  1.520000e+01
    endloop
  endfacet
  facet normal  0.000000e+00  0.000000e+00  1.000000e+00
    outer loop
      vertex -3.725224e+01  3.584633e+00  1.520000e+01
      vertex -3.875147e+01  4.001472e+00  1.520000e+01
      vertex -3.893332e+01  3.852237e+00  1.520000e+01
    endloop
  endfacet
  facet normal  0.000000e+00  0.000000e+00  9.999999e-01
    outer loop
      vertex -3.725224e+01  3.584633e+00  1.520000e+01
      vertex -3.893332e+01  3.852237e+00  1.520000e+01
      vertex -3.914078e+01  3.741344e+00  1.520000e+01
    endloop
  endfacet
  facet normal  0.000000e+00  0.000000e+00  1.000000e+00
    outer loop
      vertex -3.725224e+01  3.584633e+00  1.520000e+01
      vertex -3.914078e+01  3.741344e+00  1.520000e+01
      vertex -3.936589e+01  3.673058e+00  1.520000e+01
    endloop
  endfacet
  facet normal  0.000000e+00  0.000000e+00  1.000000e+00
    outer loop
      vertex -3.725224e+01  3.584633e+00  1.520000e+01
      vertex -3.936589e+01  3.673058e+00  1.520000e+01
      vertex -3.960000e+01  3.650000e+00  1.520000e+01
    endloop
  endfacet
  facet normal  0.000000e+00  0.000000e+00  1.000000e+00
    outer loop
      vertex -3.750000e+01  8.550000e+00  1.520000e+01
      vertex -3.750000e+01  9.350000e+00  1.520000e+01
      vertex -4.170000e+01  8.550000e+00  1.520000e+01
    endloop
  endfacet
  facet normal  0.000000e+00  -0.000000e+00  1.000000e+00
    outer loop
      vertex -4.170000e+01  8.550000e+00  1.520000e+01
      vertex -3.750000e+01  9.350000e+00  1.520000e+01
      vertex -4.250000e+01  9.350000e+00  1.520000e+01
    endloop
  endfacet
  facet normal  0.000000e+00  0.000000e+00  1.000000e+00
    outer loop
      vertex -4.170000e+01  8.550000e+00  1.520000e+01
      vertex -4.250000e+01  9.350000e+00  1.520000e+01
      vertex -4.170000e+01  7.350000e+00  1.520000e+01
    endloop
  endfacet
  facet normal  -0.000000e+00  0.000000e+00  9.999999e-01
    outer loop
      vertex -3.725224e+01  6.115367e+00  1.520000e+01
      vertex -3.936589e+01  6.026942e+00  1.520000e+01
      vertex -3.713843e+01  5.740180e+00  1.520000e+01
    endloop
  endfacet
  facet normal  0.000000e+00  0.000000e+00  1.000000e+00
    outer loop
      vertex -3.713843e+01  5.740180e+00  1.520000e+01
      vertex -3.936589e+01  6.026942e+00  1.520000e+01
      vertex -3.914078e+01  5.958655e+00  1.520000e+01
    endloop
  endfacet
  facet normal  0.000000e+00  0.000000e+00  1.000000e+00
    outer loop
      vertex -3.713843e+01  5.740180e+00  1.520000e+01
      vertex -3.914078e+01  5.958655e+00  1.520000e+01
      vertex -3.893332e+01  5.847764e+00  1.520000e+01
    endloop
  endfacet
  facet normal  1.000000e+00  -0.000000e+00  0.000000e+00
    outer loop
      vertex -4.170000e+01  2.350000e+00  1.520000e+01
      vertex -4.170000e+01  1.450000e+00  1.520000e+01
      vertex -4.170000e+01  2.350000e+00  3.700000e+00
    endloop
  endfacet
  facet normal  1.000000e+00  0.000000e+00  0.000000e+00
    outer loop
      vertex -4.170000e+01  2.350000e+00  3.700000e+00
      vertex -4.170000e+01  1.450000e+00  1.520000e+01
      vertex -4.170000e+01  1.450000e+00  4.500000e+00
    endloop
  endfacet
  facet normal  1.000000e+00  0.000000e+00  0.000000e+00
    outer loop
      vertex -4.170000e+01  2.350000e+00  3.700000e+00
      vertex -4.170000e+01  1.450000e+00  4.500000e+00
      vertex -4.170000e+01 -2.160000e+01  3.700000e+00
    endloop
  endfacet
  facet normal  1.000000e+00  0.000000e+00  0.000000e+00
    outer loop
      vertex -4.170000e+01 -2.160000e+01  3.700000e+00
      vertex -4.170000e+01  1.450000e+00  4.500000e+00
      vertex -4.170000e+01 -2.155000e+01  4.500000e+00
    endloop
  endfacet
  facet normal  1.000000e+00  0.000000e+00  0.000000e+00
    outer loop
      vertex -4.170000e+01 -2.160000e+01  3.700000e+00
      vertex -4.170000e+01 -2.155000e+01  4.500000e+00
      vertex -4.170000e+01 -2.160000e+01  1.520000e+01
    endloop
  endfacet
  facet normal  1.000000e+00  -0.000000e+00  0.000000e+00
    outer loop
      vertex -4.170000e+01 -2.160000e+01  1.520000e+01
      vertex -4.170000e+01 -2.155000e+01  4.500000e+00
      vertex -4.170000e+01 -2.155000e+01  1.520000e+01
    endloop
  endfacet
  facet normal  0.000000e+00  1.000000e+00  0.000000e+00
    outer loop
      vertex -4.250000e+01 -2.155000e+01  4.500000e+00
      vertex -4.250000e+01 -2.155000e+01  1.520000e+01
      vertex -4.170000e+01 -2.155000e+01  4.500000e+00
    endloop
  endfacet
  facet normal  0.000000e+00  1.000000e+00  -0.000000e+00
    outer loop
      vertex -4.170000e+01 -2.155000e+01  4.500000e+00
      vertex -4.250000e+01 -2.155000e+01  1.520000e+01
      vertex -4.170000e+01 -2.155000e+01  1.520000e+01
    endloop
  endfacet
  facet normal  0.000000e+00  0.000000e+00  1.000000e+00
    outer loop
      vertex -4.250000e+01  1.450000e+00  4.500000e+00
      vertex -4.250000e+01 -2.155000e+01  4.500000e+00
      vertex -4.170000e+01  1.450000e+00  4.500000e+00
    endloop
  endfacet
  facet normal  0.000000e+00  0.000000e+00  1.000000e+00
    outer loop
      vertex -4.170000e+01  1.450000e+00  4.500000e+00
      vertex -4.250000e+01 -2.155000e+01  4.500000e+00
      vertex -4.170000e+01 -2.155000e+01  4.500000e+00
    endloop
  endfacet
  facet normal  0.000000e+00 -1.000000e+00  0.000000e+00
    outer loop
      vertex -4.250000e+01  1.450000e+00  1.520000e+01
      vertex -4.250000e+01  1.450000e+00  4.500000e+00
      vertex -4.170000e+01  1.450000e+00  1.520000e+01
    endloop
  endfacet
  facet normal  0.000000e+00 -1.000000e+00  -0.000000e+00
    outer loop
      vertex -4.170000e+01  1.450000e+00  1.520000e+01
      vertex -4.250000e+01  1.450000e+00  4.500000e+00
      vertex -4.170000e+01  1.450000e+00  4.500000e+00
    endloop
  endfacet
  facet normal  0.000000e+00  1.000000e+00  0.000000e+00
    outer loop
      vertex  1.942257e+01  2.905112e+01  5.800000e+00
      vertex  2.170000e+01  2.905112e+01  5.800000e+00
      vertex  1.942257e+01  2.905112e+01  8.000000e-01
    endloop
  endfacet
  facet normal  0.000000e+00  1.000000e+00  0.000000e+00
    outer loop
      vertex  1.942257e+01  2.905112e+01  8.000000e-01
      vertex  2.170000e+01  2.905112e+01  5.800000e+00
      vertex  2.170000e+01  2.905112e+01  8.000000e-01
    endloop
  endfacet
  facet normal  0.000000e+00 -1.000000e+00  -0.000000e+00
    outer loop
      vertex  2.170000e+01  2.798400e+01  8.000000e-01
      vertex  2.170000e+01  2.798400e+01  5.800000e+00
      vertex  1.949663e+01  2.798400e+01  8.000000e-01
    endloop
  endfacet
  facet normal  0.000000e+00 -1.000000e+00  0.000000e+00
    outer loop
      vertex  1.949663e+01  2.798400e+01  8.000000e-01
      vertex  2.170000e+01  2.798400e+01  5.800000e+00
      vertex  1.949663e+01  2.798400e+01  5.800000e+00
    endloop
  endfacet
  facet normal  0.000000e+00  0.000000e+00  1.000000e+00
    outer loop
      vertex  1.949940e+01  2.805112e+01  5.800000e+00
      vertex  2.170000e+01  2.798400e+01  5.800000e+00
      vertex  1.950000e+01  2.810000e+01  5.800000e+00
    endloop
  endfacet
  facet normal  0.000000e+00  0.000000e+00  1.000000e+00
    outer loop
      vertex  1.949940e+01  2.805112e+01  5.800000e+00
      vertex  1.949663e+01  2.798400e+01  5.800000e+00
      vertex  2.170000e+01  2.798400e+01  5.800000e+00
    endloop
  endfacet
  facet normal  -0.000000e+00  0.000000e+00  9.999999e-01
    outer loop
      vertex  2.170000e+01  2.905112e+01  5.800000e+00
      vertex  1.942257e+01  2.905112e+01  5.800000e+00
      vertex  1.948055e+01  2.877827e+01  5.800000e+00
    endloop
  endfacet
  facet normal  -0.000000e+00  0.000000e+00  1.000000e+00
    outer loop
      vertex  2.170000e+01  2.905112e+01  5.800000e+00
      vertex  1.948055e+01  2.877827e+01  5.800000e+00
      vertex  1.950000e+01  2.850000e+01  5.800000e+00
    endloop
  endfacet
  facet normal  -0.000000e+00  0.000000e+00  1.000000e+00
    outer loop
      vertex  2.170000e+01  2.905112e+01  5.800000e+00
      vertex  1.950000e+01  2.850000e+01  5.800000e+00
      vertex  1.950000e+01  2.810000e+01  5.800000e+00
    endloop
  endfacet
  facet normal  -0.000000e+00  0.000000e+00  1.000000e+00
    outer loop
      vertex  2.170000e+01  2.905112e+01  5.800000e+00
      vertex  1.950000e+01  2.810000e+01  5.800000e+00
      vertex  2.170000e+01  2.798400e+01  5.800000e+00
    endloop
  endfacet
  facet normal -1.000000e+00  0.000000e+00  0.000000e+00
    outer loop
      vertex  2.170000e+01  2.798400e+01  8.000000e-01
      vertex  2.170000e+01  2.120000e+01  8.000000e-01
      vertex  2.170000e+01  2.798400e+01  5.800000e+00
    endloop
  endfacet
  facet normal -1.000000e+00  -0.000000e+00  0.000000e+00
    outer loop
      vertex  2.170000e+01  2.798400e+01  5.800000e+00
      vertex  2.170000e+01  2.120000e+01  8.000000e-01
      vertex  2.170000e+01  2.120000e+01  1.520000e+01
    endloop
  endfacet
  facet normal -1.000000e+00  0.000000e+00  0.000000e+00
    outer loop
      vertex  2.170000e+01  2.798400e+01  5.800000e+00
      vertex  2.170000e+01  2.120000e+01  1.520000e+01
      vertex  2.170000e+01  2.905112e+01  5.800000e+00
    endloop
  endfacet
  facet normal -1.000000e+00  0.000000e+00  0.000000e+00
    outer loop
      vertex  2.170000e+01  2.905112e+01  5.800000e+00
      vertex  2.170000e+01  2.120000e+01  1.520000e+01
      vertex  2.170000e+01  3.500000e+01  1.520000e+01
    endloop
  endfacet
  facet normal -1.000000e+00  0.000000e+00  0.000000e+00
    outer loop
      vertex  2.170000e+01  2.905112e+01  5.800000e+00
      vertex  2.170000e+01  3.500000e+01  1.520000e+01
      vertex  2.170000e+01  3.440000e+01  1.000000e+00
    endloop
  endfacet
  facet normal -1.000000e+00  0.000000e+00  0.000000e+00
    outer loop
      vertex  2.170000e+01  3.440000e+01  1.000000e+00
      vertex  2.170000e+01  3.500000e+01  1.520000e+01
      vertex  2.170000e+01  3.500000e+01  1.000000e+00
    endloop
  endfacet
  facet normal -1.000000e+00  0.000000e+00  0.000000e+00
    outer loop
      vertex  2.170000e+01  3.440000e+01  1.000000e+00
      vertex  2.170000e+01  3.440000e+01  8.000000e-01
      vertex  2.170000e+01  2.905112e+01  5.800000e+00
    endloop
  endfacet
  facet normal -1.000000e+00  0.000000e+00  0.000000e+00
    outer loop
      vertex  2.170000e+01  2.905112e+01  5.800000e+00
      vertex  2.170000e+01  3.440000e+01  8.000000e-01
      vertex  2.170000e+01  2.905112e+01  8.000000e-01
    endloop
  endfacet
  facet normal  9.421949e-01 -3.350649e-01 -4.395447e-04
    outer loop
      vertex  1.943924e+01  2.761076e+01  8.000000e-01
      vertex  1.934776e+01  2.733463e+01  1.520000e+01
      vertex  1.931271e+01  2.725496e+01  8.000000e-01
    endloop
  endfacet
  facet normal  8.819209e-01 -4.713973e-01  4.614212e-04
    outer loop
      vertex  1.931271e+01  2.725496e+01  8.000000e-01
      vertex  1.934776e+01  2.733463e+01  1.520000e+01
      vertex  1.916294e+01  2.698886e+01  1.520000e+01
    endloop
  endfacet
  facet normal  8.624181e-01 -5.061965e-01 -3.844978e-04
    outer loop
      vertex  1.931271e+01  2.725496e+01  8.000000e-01
      vertex  1.916294e+01  2.698886e+01  1.520000e+01
      vertex  1.912156e+01  2.692929e+01  8.000000e-01
    endloop
  endfacet
  facet normal  7.730089e-01 -6.343949e-01  4.027705e-04
    outer loop
      vertex  1.912156e+01  2.692929e+01  8.000000e-01
      vertex  1.916294e+01  2.698886e+01  1.520000e+01
      vertex  1.891421e+01  2.668579e+01  1.520000e+01
    endloop
  endfacet
  facet normal  7.518951e-01 -6.592826e-01 -3.220931e-04
    outer loop
      vertex  1.912156e+01  2.692929e+01  8.000000e-01
      vertex  1.891421e+01  2.668579e+01  1.520000e+01
      vertex  1.887259e+01  2.664535e+01  8.000000e-01
    endloop
  endfacet
  facet normal  6.343949e-01 -7.730089e-01  3.368655e-04
    outer loop
      vertex  1.887259e+01  2.664535e+01  8.000000e-01
      vertex  1.891421e+01  2.668579e+01  1.520000e+01
      vertex  1.861114e+01  2.643706e+01  1.520000e+01
    endloop
  endfacet
  facet normal  6.145628e-01 -7.888678e-01 -2.526062e-04
    outer loop
      vertex  1.887259e+01  2.664535e+01  8.000000e-01
      vertex  1.861114e+01  2.643706e+01  1.520000e+01
      vertex  1.857469e+01  2.641328e+01  8.000000e-01
    endloop
  endfacet
  facet normal  4.713973e-01 -8.819209e-01  2.634726e-04
    outer loop
      vertex  1.857469e+01  2.641328e+01  8.000000e-01
      vertex  1.861114e+01  2.643706e+01  1.520000e+01
      vertex  1.826537e+01  2.625224e+01  1.520000e+01
    endloop
  endfacet
  facet normal  4.553270e-01 -8.903243e-01 -1.757046e-04
    outer loop
      vertex  1.857469e+01  2.641328e+01  8.000000e-01
      vertex  1.826537e+01  2.625224e+01  1.520000e+01
      vertex  1.823848e+01  2.624133e+01  8.000000e-01
    endloop
  endfacet
  facet normal  2.902842e-01 -9.569405e-01  1.829064e-04
    outer loop
      vertex  1.823848e+01  2.624133e+01  8.000000e-01
      vertex  1.826537e+01  2.625224e+01  1.520000e+01
      vertex  1.789018e+01  2.613843e+01  1.520000e+01
    endloop
  endfacet
  facet normal  9.569404e-01 -2.902842e-01  5.128331e-04
    outer loop
      vertex  1.946157e+01  2.770982e+01  1.520000e+01
      vertex  1.934776e+01  2.733463e+01  1.520000e+01
      vertex  1.943924e+01  2.761076e+01  8.000000e-01
    endloop
  endfacet
  facet normal  9.883826e-01 -1.519854e-01 -4.872710e-04
    outer loop
      vertex  1.946157e+01  2.770982e+01  1.520000e+01
      vertex  1.943924e+01  2.761076e+01  8.000000e-01
      vertex  1.949663e+01  2.798400e+01  8.000000e-01
    endloop
  endfacet
  facet normal  9.919224e-01 -1.268470e-01  0.000000e+00
    outer loop
      vertex  1.946157e+01  2.770982e+01  1.520000e+01
      vertex  1.949663e+01  2.798400e+01  8.000000e-01
      vertex  1.949663e+01  2.798400e+01  5.800000e+00
    endloop
  endfacet
  facet normal  9.991466e-01 -4.122651e-02  2.524380e-03
    outer loop
      vertex  1.946157e+01  2.770982e+01  1.520000e+01
      vertex  1.949663e+01  2.798400e+01  5.800000e+00
      vertex  1.949940e+01  2.805112e+01  5.800000e+00
    endloop
  endfacet
  facet normal  9.999190e-01 -1.221365e-02  3.580917e-03
    outer loop
      vertex  1.946157e+01  2.770982e+01  1.520000e+01
      vertex  1.949940e+01  2.805112e+01  5.800000e+00
      vertex  1.950000e+01  2.810000e+01  5.800000e+00
    endloop
  endfacet
  facet normal  9.951848e-01 -9.801669e-02  0.000000e+00
    outer loop
      vertex  1.946157e+01  2.770982e+01  1.520000e+01
      vertex  1.950000e+01  2.810000e+01  5.800000e+00
      vertex  1.950000e+01  2.810000e+01  1.520000e+01
    endloop
  endfacet
  facet normal  9.801669e-02 -9.951848e-01  0.000000e+00
    outer loop
      vertex  1.750000e+01  2.610000e+01  1.520000e+01
      vertex  1.750000e+01  2.610000e+01  8.000000e-01
      vertex  1.789018e+01  2.613843e+01  1.520000e+01
    endloop
  endfacet
  facet normal  9.440555e-02 -9.955339e-01  9.877885e-05
    outer loop
      vertex  1.789018e+01  2.613843e+01  1.520000e+01
      vertex  1.750000e+01  2.610000e+01  8.000000e-01
      vertex  1.787594e+01  2.613565e+01  8.000000e-01
    endloop
  endfacet
  facet normal  2.798578e-01 -9.600415e-01 -9.144127e-05
    outer loop
      vertex  1.789018e+01  2.613843e+01  1.520000e+01
      vertex  1.787594e+01  2.613565e+01  8.000000e-01
      vertex  1.823848e+01  2.624133e+01  8.000000e-01
    endloop
  endfacet
  facet normal  2.902842e-01  9.569405e-01  2.834695e-04
    outer loop
      vertex  1.789018e+01  3.046157e+01  1.520000e+01
      vertex  1.826537e+01  3.034776e+01  1.520000e+01
      vertex  1.822143e+01  3.036535e+01  8.000000e-01
    endloop
  endfacet
  facet normal  4.451109e-01  8.954753e-01 -2.640176e-04
    outer loop
      vertex  1.855142e+01  3.020132e+01  8.000000e-01
      vertex  1.822143e+01  3.036535e+01  8.000000e-01
      vertex  1.826537e+01  3.034776e+01  1.520000e+01
    endloop
  endfacet
  facet normal  4.713973e-01  8.819209e-01  3.959976e-04
    outer loop
      vertex  1.826537e+01  3.034776e+01  1.520000e+01
      vertex  1.861114e+01  3.016294e+01  1.520000e+01
      vertex  1.855142e+01  3.020132e+01  8.000000e-01
    endloop
  endfacet
  facet normal  6.018443e-01  7.986133e-01 -3.670386e-04
    outer loop
      vertex  1.884572e+01  2.997954e+01  8.000000e-01
      vertex  1.855142e+01  3.020132e+01  8.000000e-01
      vertex  1.861114e+01  3.016294e+01  1.520000e+01
    endloop
  endfacet
  facet normal  6.343949e-01  7.730089e-01  4.893269e-04
    outer loop
      vertex  1.861114e+01  3.016294e+01  1.520000e+01
      vertex  1.891421e+01  2.991421e+01  1.520000e+01
      vertex  1.884572e+01  2.997954e+01  8.000000e-01
    endloop
  endfacet
  facet normal  7.381544e-01  6.746316e-01 -4.504695e-04
    outer loop
      vertex  1.909433e+01  2.970752e+01  8.000000e-01
      vertex  1.884572e+01  2.997954e+01  8.000000e-01
      vertex  1.891421e+01  2.991421e+01  1.520000e+01
    endloop
  endfacet
  facet normal  7.730089e-01  6.343949e-01  5.630447e-04
    outer loop
      vertex  1.891421e+01  2.991421e+01  1.520000e+01
      vertex  1.916294e+01  2.961114e+01  1.520000e+01
      vertex  1.909433e+01  2.970752e+01  8.000000e-01
    endloop
  endfacet
  facet normal  8.493982e-01  5.277522e-01 -5.146575e-04
    outer loop
      vertex  1.928881e+01  2.939451e+01  8.000000e-01
      vertex  1.909433e+01  2.970752e+01  8.000000e-01
      vertex  1.916294e+01  2.961114e+01  1.520000e+01
    endloop
  endfacet
  facet normal  8.819208e-01  4.713972e-01  6.174431e-04
    outer loop
      vertex  1.916294e+01  2.961114e+01  1.520000e+01
      vertex  1.934776e+01  2.926537e+01  1.520000e+01
      vertex  1.928881e+01  2.939451e+01  8.000000e-01
    endloop
  endfacet
  facet normal  9.318070e-01  3.629540e-01  -0.000000e+00
    outer loop
      vertex  1.942257e+01  2.905112e+01  5.800000e+00
      vertex  1.942257e+01  2.905112e+01  8.000000e-01
      vertex  1.928881e+01  2.939451e+01  8.000000e-01
    endloop
  endfacet
  facet normal  9.349498e-01  3.547797e-01 -6.454487e-04
    outer loop
      vertex  1.942257e+01  2.905112e+01  5.800000e+00
      vertex  1.928881e+01  2.939451e+01  8.000000e-01
      vertex  1.934776e+01  2.926537e+01  1.520000e+01
    endloop
  endfacet
  facet normal  9.569400e-01  2.902840e-01  9.995298e-04
    outer loop
      vertex  1.942257e+01  2.905112e+01  5.800000e+00
      vertex  1.934776e+01  2.926537e+01  1.520000e+01
      vertex  1.946157e+01  2.889018e+01  1.520000e+01
    endloop
  endfacet
  facet normal  9.781604e-01  2.078509e-01 -4.999140e-04
    outer loop
      vertex  1.942257e+01  2.905112e+01  5.800000e+00
      vertex  1.946157e+01  2.889018e+01  1.520000e+01
      vertex  1.948055e+01  2.877827e+01  5.800000e+00
    endloop
  endfacet
  facet normal  9.212931e-02  9.957470e-01  0.000000e+00
    outer loop
      vertex  1.750000e+01  3.050000e+01  8.000000e-01
      vertex  1.750000e+01  3.050000e+01  1.520000e+01
      vertex  1.786695e+01  3.046605e+01  8.000000e-01
    endloop
  endfacet
  facet normal  9.801669e-02  9.951848e-01  1.513500e-04
    outer loop
      vertex  1.786695e+01  3.046605e+01  8.000000e-01
      vertex  1.750000e+01  3.050000e+01  1.520000e+01
      vertex  1.789018e+01  3.046157e+01  1.520000e+01
    endloop
  endfacet
  facet normal  2.732524e-01  9.619423e-01 -1.417426e-04
    outer loop
      vertex  1.786695e+01  3.046605e+01  8.000000e-01
      vertex  1.789018e+01  3.046157e+01  1.520000e+01
      vertex  1.822143e+01  3.036535e+01  8.000000e-01
    endloop
  endfacet
  facet normal  9.951848e-01  9.801669e-02  -0.000000e+00
    outer loop
      vertex  1.950000e+01  2.850000e+01  1.520000e+01
      vertex  1.950000e+01  2.850000e+01  5.800000e+00
      vertex  1.946157e+01  2.889018e+01  1.520000e+01
    endloop
  endfacet
  facet normal  9.975647e-01  6.973714e-02  1.183574e-03
    outer loop
      vertex  1.946157e+01  2.889018e+01  1.520000e+01
      vertex  1.950000e+01  2.850000e+01  5.800000e+00
      vertex  1.948055e+01  2.877827e+01  5.800000e+00
    endloop
  endfacet
  facet normal  1.000000e+00  0.000000e+00  0.000000e+00
    outer loop
      vertex  1.950000e+01  2.850000e+01  5.800000e+00
      vertex  1.950000e+01  2.850000e+01  1.520000e+01
      vertex  1.950000e+01  2.810000e+01  5.800000e+00
    endloop
  endfacet
  facet normal  1.000000e+00  0.000000e+00  0.000000e+00
    outer loop
      vertex  1.950000e+01  2.810000e+01  5.800000e+00
      vertex  1.950000e+01  2.850000e+01  1.520000e+01
      vertex  1.950000e+01  2.810000e+01  1.520000e+01
    endloop
  endfacet
  facet normal  1.000000e+00  0.000000e+00  0.000000e+00
    outer loop
      vertex -2.170000e+01  2.905112e+01  5.800000e+00
      vertex -2.170000e+01  2.905112e+01  8.000000e-01
      vertex -2.170000e+01  3.440000e+01  8.000000e-01
    endloop
  endfacet
  facet normal  1.000000e+00  0.000000e+00  -0.000000e+00
    outer loop
      vertex -2.170000e+01  2.905112e+01  5.800000e+00
      vertex -2.170000e+01  3.440000e+01  8.000000e-01
      vertex -2.170000e+01  3.440000e+01  1.000000e+00
    endloop
  endfacet
  facet normal  1.000000e+00  0.000000e+00  -0.000000e+00
    outer loop
      vertex -2.170000e+01  2.905112e+01  5.800000e+00
      vertex -2.170000e+01  3.440000e+01  1.000000e+00
      vertex -2.170000e+01  3.500000e+01  1.000000e+00
    endloop
  endfacet
  facet normal  9.999999e-01  0.000000e+00  -0.000000e+00
    outer loop
      vertex -2.170000e+01  2.905112e+01  5.800000e+00
      vertex -2.170000e+01  3.500000e+01  1.000000e+00
      vertex -2.170000e+01  3.500000e+01  1.520000e+01
    endloop
  endfacet
  facet normal  1.000000e+00  0.000000e+00  0.000000e+00
    outer loop
      vertex -2.170000e+01  2.905112e+01  5.800000e+00
      vertex -2.170000e+01  3.500000e+01  1.520000e+01
      vertex -2.170000e+01  2.120000e+01  1.520000e+01
    endloop
  endfacet
  facet normal  1.000000e+00  0.000000e+00  0.000000e+00
    outer loop
      vertex -2.170000e+01  2.905112e+01  5.800000e+00
      vertex -2.170000e+01  2.120000e+01  1.520000e+01
      vertex -2.170000e+01  2.805112e+01  5.800000e+00
    endloop
  endfacet
  facet normal  1.000000e+00  0.000000e+00  0.000000e+00
    outer loop
      vertex -2.170000e+01  2.120000e+01  1.520000e+01
      vertex -2.170000e+01  2.120000e+01  8.000000e-01
      vertex -2.170000e+01  2.805112e+01  5.800000e+00
    endloop
  endfacet
  facet normal  1.000000e+00  0.000000e+00  0.000000e+00
    outer loop
      vertex -2.170000e+01  2.805112e+01  5.800000e+00
      vertex -2.170000e+01  2.120000e+01  8.000000e-01
      vertex -2.170000e+01  2.805112e+01  8.000000e-01
    endloop
  endfacet
  facet normal -2.902842e-01 -9.569405e-01  8.062241e-05
    outer loop
      vertex -1.789018e+01  2.613843e+01  1.520000e+01
      vertex -1.826537e+01  2.625224e+01  1.520000e+01
      vertex -1.825406e+01  2.624760e+01  8.000000e-01
    endloop
  endfacet
  facet normal -4.646463e-01 -8.854964e-01 -7.929545e-05
    outer loop
      vertex -1.859585e+01  2.642695e+01  8.000000e-01
      vertex -1.825406e+01  2.624760e+01  8.000000e-01
      vertex -1.826537e+01  2.625224e+01  1.520000e+01
    endloop
  endfacet
  facet normal -4.713973e-01 -8.819209e-01  1.190209e-04
    outer loop
      vertex -1.826537e+01  2.625224e+01  1.520000e+01
      vertex -1.861114e+01  2.643706e+01  1.520000e+01
      vertex -1.859585e+01  2.642695e+01  8.000000e-01
    endloop
  endfacet
  facet normal -6.260927e-01 -7.797486e-01 -1.169743e-04
    outer loop
      vertex -1.889683e+01  2.666861e+01  8.000000e-01
      vertex -1.859585e+01  2.642695e+01  8.000000e-01
      vertex -1.861114e+01  2.643706e+01  1.520000e+01
    endloop
  endfacet
  facet normal -6.343950e-01 -7.730090e-01  1.561078e-04
    outer loop
      vertex -1.861114e+01  2.643706e+01  1.520000e+01
      vertex -1.891421e+01  2.668579e+01  1.520000e+01
      vertex -1.889683e+01  2.666861e+01  8.000000e-01
    endloop
  endfacet
  facet normal -7.642167e-01 -6.449596e-01 -1.533951e-04
    outer loop
      vertex -1.914577e+01  2.696359e+01  8.000000e-01
      vertex -1.889683e+01  2.666861e+01  8.000000e-01
      vertex -1.891421e+01  2.668579e+01  1.520000e+01
    endloop
  endfacet
  facet normal -7.730090e-01 -6.343950e-01  1.917970e-04
    outer loop
      vertex -1.891421e+01  2.668579e+01  1.520000e+01
      vertex -1.916294e+01  2.698886e+01  1.520000e+01
      vertex -1.914577e+01  2.696359e+01  8.000000e-01
    endloop
  endfacet
  facet normal -8.738765e-01 -4.861480e-01 -1.886041e-04
    outer loop
      vertex -1.933342e+01  2.730089e+01  8.000000e-01
      vertex -1.914577e+01  2.696359e+01  8.000000e-01
      vertex -1.916294e+01  2.698886e+01  1.520000e+01
    endloop
  endfacet
  facet normal -8.819209e-01 -4.713973e-01  2.262679e-04
    outer loop
      vertex -1.916294e+01  2.698886e+01  1.520000e+01
      vertex -1.934776e+01  2.733463e+01  1.520000e+01
      vertex -1.933342e+01  2.730089e+01  8.000000e-01
    endloop
  endfacet
  facet normal -9.509879e-01 -3.092279e-01 -2.224702e-04
    outer loop
      vertex -1.945278e+01  2.766796e+01  8.000000e-01
      vertex -1.933342e+01  2.730089e+01  8.000000e-01
      vertex -1.934776e+01  2.733463e+01  1.520000e+01
    endloop
  endfacet
  facet normal -9.569405e-01 -2.902842e-01  2.594512e-04
    outer loop
      vertex -1.934776e+01  2.733463e+01  1.520000e+01
      vertex -1.946157e+01  2.770982e+01  1.520000e+01
      vertex -1.945278e+01  2.766796e+01  8.000000e-01
    endloop
  endfacet
  facet normal -9.649727e-02 -9.953333e-01  -0.000000e+00
    outer loop
      vertex -1.750000e+01  2.610000e+01  8.000000e-01
      vertex -1.750000e+01  2.610000e+01  1.520000e+01
      vertex -1.788419e+01  2.613725e+01  8.000000e-01
    endloop
  endfacet
  facet normal -9.801669e-02 -9.951848e-01  4.092164e-05
    outer loop
      vertex -1.788419e+01  2.613725e+01  8.000000e-01
      vertex -1.750000e+01  2.610000e+01  1.520000e+01
      vertex -1.789018e+01  2.613843e+01  1.520000e+01
    endloop
  endfacet
  facet normal -2.858941e-01 -9.582613e-01 -4.032497e-05
    outer loop
      vertex -1.788419e+01  2.613725e+01  8.000000e-01
      vertex -1.789018e+01  2.613843e+01  1.520000e+01
      vertex -1.825406e+01  2.624760e+01  8.000000e-01
    endloop
  endfacet
  facet normal -9.926776e-01 -1.207943e-01  0.000000e+00
    outer loop
      vertex -1.949940e+01  2.805112e+01  8.000000e-01
      vertex -1.945278e+01  2.766796e+01  8.000000e-01
      vertex -1.949940e+01  2.805112e+01  5.800000e+00
    endloop
  endfacet
  facet normal -9.930866e-01 -1.173835e-01 -2.651942e-04
    outer loop
      vertex -1.949940e+01  2.805112e+01  5.800000e+00
      vertex -1.945278e+01  2.766796e+01  8.000000e-01
      vertex -1.946157e+01  2.770982e+01  1.520000e+01
    endloop
  endfacet
  facet normal -9.999189e-01 -1.221359e-02  3.580916e-03
    outer loop
      vertex -1.949940e+01  2.805112e+01  5.800000e+00
      vertex -1.946157e+01  2.770982e+01  1.520000e+01
      vertex -1.950000e+01  2.810000e+01  5.800000e+00
    endloop
  endfacet
  facet normal -9.951848e-01 -9.801669e-02  0.000000e+00
    outer loop
      vertex -1.950000e+01  2.810000e+01  5.800000e+00
      vertex -1.946157e+01  2.770982e+01  1.520000e+01
      vertex -1.950000e+01  2.810000e+01  1.520000e+01
    endloop
  endfacet
  facet normal  9.509879e-01 -3.092280e-01 -2.224702e-04
    outer loop
      vertex -1.374722e+01  2.766796e+01  8.000000e-01
      vertex -1.385224e+01  2.733463e+01  1.520000e+01
      vertex -1.386658e+01  2.730089e+01  8.000000e-01
    endloop
  endfacet
  facet normal  8.819209e-01 -4.713973e-01  2.262679e-04
    outer loop
      vertex -1.386658e+01  2.730089e+01  8.000000e-01
      vertex -1.385224e+01  2.733463e+01  1.520000e+01
      vertex -1.403706e+01  2.698886e+01  1.520000e+01
    endloop
  endfacet
  facet normal  8.738765e-01 -4.861480e-01 -1.886042e-04
    outer loop
      vertex -1.386658e+01  2.730089e+01  8.000000e-01
      vertex -1.403706e+01  2.698886e+01  1.520000e+01
      vertex -1.405423e+01  2.696359e+01  8.000000e-01
    endloop
  endfacet
  facet normal  7.730090e-01 -6.343950e-01  1.917970e-04
    outer loop
      vertex -1.405423e+01  2.696359e+01  8.000000e-01
      vertex -1.403706e+01  2.698886e+01  1.520000e+01
      vertex -1.428579e+01  2.668579e+01  1.520000e+01
    endloop
  endfacet
  facet normal  7.642168e-01 -6.449595e-01 -1.533951e-04
    outer loop
      vertex -1.405423e+01  2.696359e+01  8.000000e-01
      vertex -1.428579e+01  2.668579e+01  1.520000e+01
      vertex -1.430317e+01  2.666861e+01  8.000000e-01
    endloop
  endfacet
  facet normal  6.343939e-01 -7.730100e-01  1.561104e-04
    outer loop
      vertex -1.430317e+01  2.666861e+01  8.000000e-01
      vertex -1.428579e+01  2.668579e+01  1.520000e+01
      vertex -1.458886e+01  2.643706e+01  1.520000e+01
    endloop
  endfacet
  facet normal  6.260915e-01 -7.797496e-01 -1.169724e-04
    outer loop
      vertex -1.430317e+01  2.666861e+01  8.000000e-01
      vertex -1.458886e+01  2.643706e+01  1.520000e+01
      vertex -1.460415e+01  2.642695e+01  8.000000e-01
    endloop
  endfacet
  facet normal  4.713973e-01 -8.819209e-01  1.190209e-04
    outer loop
      vertex -1.460415e+01  2.642695e+01  8.000000e-01
      vertex -1.458886e+01  2.643706e+01  1.520000e+01
      vertex -1.493463e+01  2.625224e+01  1.520000e+01
    endloop
  endfacet
  facet normal  4.646473e-01 -8.854958e-01 -7.926565e-05
    outer loop
      vertex -1.460415e+01  2.642695e+01  8.000000e-01
      vertex -1.493463e+01  2.625224e+01  1.520000e+01
      vertex -1.494594e+01  2.624760e+01  8.000000e-01
    endloop
  endfacet
  facet normal  2.902849e-01 -9.569403e-01  8.064105e-05
    outer loop
      vertex -1.494594e+01  2.624760e+01  8.000000e-01
      vertex -1.493463e+01  2.625224e+01  1.520000e+01
      vertex -1.530982e+01  2.613843e+01  1.520000e+01
    endloop
  endfacet
  facet normal  9.569405e-01 -2.902842e-01  2.594508e-04
    outer loop
      vertex -1.373843e+01  2.770982e+01  1.520000e+01
      vertex -1.385224e+01  2.733463e+01  1.520000e+01
      vertex -1.374722e+01  2.766796e+01  8.000000e-01
    endloop
  endfacet
  facet normal  9.926779e-01 -1.207919e-01 -2.550374e-04
    outer loop
      vertex -1.373843e+01  2.770982e+01  1.520000e+01
      vertex -1.374722e+01  2.766796e+01  8.000000e-01
      vertex -1.370060e+01  2.805112e+01  8.000000e-01
    endloop
  endfacet
  facet normal  9.939129e-01 -1.101685e-01  0.000000e+00
    outer loop
      vertex -1.373843e+01  2.770982e+01  1.520000e+01
      vertex -1.370060e+01  2.805112e+01  8.000000e-01
      vertex -1.370060e+01  2.805112e+01  5.800000e+00
    endloop
  endfacet
  facet normal  9.999188e-01 -1.223315e-02  3.580107e-03
    outer loop
      vertex -1.373843e+01  2.770982e+01  1.520000e+01
      vertex -1.370060e+01  2.805112e+01  5.800000e+00
      vertex -1.370000e+01  2.810000e+01  5.800000e+00
    endloop
  endfacet
  facet normal  9.951848e-01 -9.801669e-02  0.000000e+00
    outer loop
      vertex -1.373843e+01  2.770982e+01  1.520000e+01
      vertex -1.370000e+01  2.810000e+01  5.800000e+00
      vertex -1.370000e+01  2.810000e+01  1.520000e+01
    endloop
  endfacet
  facet normal  9.801669e-02 -9.951848e-01  0.000000e+00
    outer loop
      vertex -1.570000e+01  2.610000e+01  1.520000e+01
      vertex -1.570000e+01  2.610000e+01  8.000000e-01
      vertex -1.530982e+01  2.613843e+01  1.520000e+01
    endloop
  endfacet
  facet normal  9.649727e-02 -9.953333e-01  4.156638e-05
    outer loop
      vertex -1.530982e+01  2.613843e+01  1.520000e+01
      vertex -1.570000e+01  2.610000e+01  8.000000e-01
      vertex -1.531581e+01  2.613725e+01  8.000000e-01
    endloop
  endfacet
  facet normal  2.858941e-01 -9.582613e-01 -4.032497e-05
    outer loop
      vertex -1.530982e+01  2.613843e+01  1.520000e+01
      vertex -1.531581e+01  2.613725e+01  8.000000e-01
      vertex -1.494594e+01  2.624760e+01  8.000000e-01
    endloop
  endfacet
  facet normal -1.000000e+00  0.000000e+00  0.000000e+00
    outer loop
      vertex -1.950000e+01  2.810000e+01  5.800000e+00
      vertex -1.950000e+01  2.810000e+01  1.520000e+01
      vertex -1.950000e+01  2.850000e+01  5.800000e+00
    endloop
  endfacet
  facet normal -1.000000e+00  0.000000e+00  0.000000e+00
    outer loop
      vertex -1.950000e+01  2.850000e+01  5.800000e+00
      vertex -1.950000e+01  2.810000e+01  1.520000e+01
      vertex -1.950000e+01  2.850000e+01  1.520000e+01
    endloop
  endfacet
  facet normal -8.819208e-01  4.713972e-01  6.174431e-04
    outer loop
      vertex -1.928881e+01  2.939451e+01  8.000000e-01
      vertex -1.934776e+01  2.926537e+01  1.520000e+01
      vertex -1.916294e+01  2.961114e+01  1.520000e+01
    endloop
  endfacet
  facet normal -8.493982e-01  5.277522e-01 -5.146575e-04
    outer loop
      vertex -1.928881e+01  2.939451e+01  8.000000e-01
      vertex -1.916294e+01  2.961114e+01  1.520000e+01
      vertex -1.909433e+01  2.970752e+01  8.000000e-01
    endloop
  endfacet
  facet normal -7.730089e-01  6.343949e-01  5.630447e-04
    outer loop
      vertex -1.909433e+01  2.970752e+01  8.000000e-01
      vertex -1.916294e+01  2.961114e+01  1.520000e+01
      vertex -1.891421e+01  2.991421e+01  1.520000e+01
    endloop
  endfacet
  facet normal -7.381544e-01  6.746317e-01 -4.504693e-04
    outer loop
      vertex -1.909433e+01  2.970752e+01  8.000000e-01
      vertex -1.891421e+01  2.991421e+01  1.520000e+01
      vertex -1.884572e+01  2.997954e+01  8.000000e-01
    endloop
  endfacet
  facet normal -6.343949e-01  7.730089e-01  4.893269e-04
    outer loop
      vertex -1.884572e+01  2.997954e+01  8.000000e-01
      vertex -1.891421e+01  2.991421e+01  1.520000e+01
      vertex -1.861114e+01  3.016294e+01  1.520000e+01
    endloop
  endfacet
  facet normal -6.018443e-01  7.986133e-01 -3.670386e-04
    outer loop
      vertex -1.884572e+01  2.997954e+01  8.000000e-01
      vertex -1.861114e+01  3.016294e+01  1.520000e+01
      vertex -1.855142e+01  3.020132e+01  8.000000e-01
    endloop
  endfacet
  facet normal -4.713973e-01  8.819209e-01  3.959976e-04
    outer loop
      vertex -1.855142e+01  3.020132e+01  8.000000e-01
      vertex -1.861114e+01  3.016294e+01  1.520000e+01
      vertex -1.826537e+01  3.034776e+01  1.520000e+01
    endloop
  endfacet
  facet normal -4.451110e-01  8.954753e-01 -2.640176e-04
    outer loop
      vertex -1.855142e+01  3.020132e+01  8.000000e-01
      vertex -1.826537e+01  3.034776e+01  1.520000e+01
      vertex -1.822143e+01  3.036535e+01  8.000000e-01
    endloop
  endfacet
  facet normal -2.902842e-01  9.569405e-01  2.834695e-04
    outer loop
      vertex -1.822143e+01  3.036535e+01  8.000000e-01
      vertex -1.826537e+01  3.034776e+01  1.520000e+01
      vertex -1.789018e+01  3.046157e+01  1.520000e+01
    endloop
  endfacet
  facet normal -9.781604e-01  2.078509e-01 -4.999140e-04
    outer loop
      vertex -1.942257e+01  2.905112e+01  5.800000e+00
      vertex -1.948055e+01  2.877827e+01  5.800000e+00
      vertex -1.946157e+01  2.889018e+01  1.520000e+01
    endloop
  endfacet
  facet normal -9.569400e-01  2.902840e-01  9.995298e-04
    outer loop
      vertex -1.942257e+01  2.905112e+01  5.800000e+00
      vertex -1.946157e+01  2.889018e+01  1.520000e+01
      vertex -1.934776e+01  2.926537e+01  1.520000e+01
    endloop
  endfacet
  facet normal -9.349497e-01  3.547797e-01 -6.454484e-04
    outer loop
      vertex -1.942257e+01  2.905112e+01  5.800000e+00
      vertex -1.934776e+01  2.926537e+01  1.520000e+01
      vertex -1.928881e+01  2.939451e+01  8.000000e-01
    endloop
  endfacet
  facet normal -9.318070e-01  3.629540e-01  0.000000e+00
    outer loop
      vertex -1.942257e+01  2.905112e+01  5.800000e+00
      vertex -1.928881e+01  2.939451e+01  8.000000e-01
      vertex -1.942257e+01  2.905112e+01  8.000000e-01
    endloop
  endfacet
  facet normal -9.951844e-01  9.801666e-02  8.420863e-04
    outer loop
      vertex -1.946157e+01  2.889018e+01  1.520000e+01
      vertex -1.948055e+01  2.877827e+01  5.800000e+00
      vertex -1.950000e+01  2.850000e+01  1.520000e+01
    endloop
  endfacet
  facet normal -9.975653e-01  6.973720e-02  0.000000e+00
    outer loop
      vertex -1.950000e+01  2.850000e+01  1.520000e+01
      vertex -1.948055e+01  2.877827e+01  5.800000e+00
      vertex -1.950000e+01  2.850000e+01  5.800000e+00
    endloop
  endfacet
  facet normal -9.801669e-02  9.951848e-01  0.000000e+00
    outer loop
      vertex -1.750000e+01  3.050000e+01  1.520000e+01
      vertex -1.750000e+01  3.050000e+01  8.000000e-01
      vertex -1.789018e+01  3.046157e+01  1.520000e+01
    endloop
  endfacet
  facet normal -9.212931e-02  9.957470e-01  1.610246e-04
    outer loop
      vertex -1.789018e+01  3.046157e+01  1.520000e+01
      vertex -1.750000e+01  3.050000e+01  8.000000e-01
      vertex -1.786695e+01  3.046605e+01  8.000000e-01
    endloop
  endfacet
  facet normal -2.732524e-01  9.619424e-01 -1.417426e-04
    outer loop
      vertex -1.789018e+01  3.046157e+01  1.520000e+01
      vertex -1.786695e+01  3.046605e+01  8.000000e-01
      vertex -1.822143e+01  3.036535e+01  8.000000e-01
    endloop
  endfacet
  facet normal  2.902849e-01  9.569403e-01  2.834672e-04
    outer loop
      vertex -1.530982e+01  3.046157e+01  1.520000e+01
      vertex -1.493463e+01  3.034776e+01  1.520000e+01
      vertex -1.497857e+01  3.036535e+01  8.000000e-01
    endloop
  endfacet
  facet normal  4.451099e-01  8.954759e-01 -2.640139e-04
    outer loop
      vertex -1.464858e+01  3.020132e+01  8.000000e-01
      vertex -1.497857e+01  3.036535e+01  8.000000e-01
      vertex -1.493463e+01  3.034776e+01  1.520000e+01
    endloop
  endfacet
  facet normal  4.713973e-01  8.819209e-01  3.960288e-04
    outer loop
      vertex -1.493463e+01  3.034776e+01  1.520000e+01
      vertex -1.458886e+01  3.016294e+01  1.520000e+01
      vertex -1.464858e+01  3.020132e+01  8.000000e-01
    endloop
  endfacet
  facet normal  6.018443e-01  7.986133e-01 -3.669987e-04
    outer loop
      vertex -1.435428e+01  2.997954e+01  8.000000e-01
      vertex -1.464858e+01  3.020132e+01  8.000000e-01
      vertex -1.458886e+01  3.016294e+01  1.520000e+01
    endloop
  endfacet
  facet normal  6.343938e-01  7.730099e-01  4.893368e-04
    outer loop
      vertex -1.458886e+01  3.016294e+01  1.520000e+01
      vertex -1.428579e+01  2.991421e+01  1.520000e+01
      vertex -1.435428e+01  2.997954e+01  8.000000e-01
    endloop
  endfacet
  facet normal  7.381532e-01  6.746330e-01 -4.504567e-04
    outer loop
      vertex -1.410567e+01  2.970752e+01  8.000000e-01
      vertex -1.435428e+01  2.997954e+01  8.000000e-01
      vertex -1.428579e+01  2.991421e+01  1.520000e+01
    endloop
  endfacet
  facet normal  7.730089e-01  6.343949e-01  5.630959e-04
    outer loop
      vertex -1.428579e+01  2.991421e+01  1.520000e+01
      vertex -1.403706e+01  2.961114e+01  1.520000e+01
      vertex -1.410567e+01  2.970752e+01  8.000000e-01
    endloop
  endfacet
  facet normal  8.493994e-01  5.277504e-01 -5.146193e-04
    outer loop
      vertex -1.391119e+01  2.939451e+01  8.000000e-01
      vertex -1.410567e+01  2.970752e+01  8.000000e-01
      vertex -1.403706e+01  2.961114e+01  1.520000e+01
    endloop
  endfacet
  facet normal  8.819208e-01  4.713972e-01  6.174431e-04
    outer loop
      vertex -1.403706e+01  2.961114e+01  1.520000e+01
      vertex -1.385224e+01  2.926537e+01  1.520000e+01
      vertex -1.391119e+01  2.939451e+01  8.000000e-01
    endloop
  endfacet
  facet normal  9.318079e-01  3.629518e-01  -0.000000e+00
    outer loop
      vertex -1.377743e+01  2.905112e+01  5.800000e+00
      vertex -1.377743e+01  2.905112e+01  8.000000e-01
      vertex -1.391119e+01  2.939451e+01  8.000000e-01
    endloop
  endfacet
  facet normal  9.349507e-01  3.547771e-01 -6.454761e-04
    outer loop
      vertex -1.377743e+01  2.905112e+01  5.800000e+00
      vertex -1.391119e+01  2.939451e+01  8.000000e-01
      vertex -1.385224e+01  2.926537e+01  1.520000e+01
    endloop
  endfacet
  facet normal  9.569400e-01  2.902840e-01  9.994328e-04
    outer loop
      vertex -1.377743e+01  2.905112e+01  5.800000e+00
      vertex -1.385224e+01  2.926537e+01  1.520000e+01
      vertex -1.373843e+01  2.889018e+01  1.520000e+01
    endloop
  endfacet
  facet normal  9.781597e-01  2.078542e-01 -4.999543e-04
    outer loop
      vertex -1.377743e+01  2.905112e+01  5.800000e+00
      vertex -1.373843e+01  2.889018e+01  1.520000e+01
      vertex -1.371945e+01  2.877827e+01  5.800000e+00
    endloop
  endfacet
  facet normal  9.212955e-02  9.957470e-01  0.000000e+00
    outer loop
      vertex -1.570000e+01  3.050000e+01  8.000000e-01
      vertex -1.570000e+01  3.050000e+01  1.520000e+01
      vertex -1.533306e+01  3.046605e+01  8.000000e-01
    endloop
  endfacet
  facet normal  9.801669e-02  9.951848e-01  1.513435e-04
    outer loop
      vertex -1.533306e+01  3.046605e+01  8.000000e-01
      vertex -1.570000e+01  3.050000e+01  1.520000e+01
      vertex -1.530982e+01  3.046157e+01  1.520000e+01
    endloop
  endfacet
  facet normal  2.732524e-01  9.619424e-01 -1.417607e-04
    outer loop
      vertex -1.533306e+01  3.046605e+01  8.000000e-01
      vertex -1.530982e+01  3.046157e+01  1.520000e+01
      vertex -1.497857e+01  3.036535e+01  8.000000e-01
    endloop
  endfacet
  facet normal  9.951848e-01  9.801669e-02  -0.000000e+00
    outer loop
      vertex -1.370000e+01  2.850000e+01  1.520000e+01
      vertex -1.370000e+01  2.850000e+01  5.800000e+00
      vertex -1.373843e+01  2.889018e+01  1.520000e+01
    endloop
  endfacet
  facet normal  9.975647e-01  6.973714e-02  1.183574e-03
    outer loop
      vertex -1.373843e+01  2.889018e+01  1.520000e+01
      vertex -1.370000e+01  2.850000e+01  5.800000e+00
      vertex -1.371945e+01  2.877827e+01  5.800000e+00
    endloop
  endfacet
  facet normal  1.000000e+00  0.000000e+00  0.000000e+00
    outer loop
      vertex -1.370000e+01  2.850000e+01  5.800000e+00
      vertex -1.370000e+01  2.850000e+01  1.520000e+01
      vertex -1.370000e+01  2.810000e+01  5.800000e+00
    endloop
  endfacet
  facet normal  1.000000e+00  0.000000e+00  0.000000e+00
    outer loop
      vertex -1.370000e+01  2.810000e+01  5.800000e+00
      vertex -1.370000e+01  2.850000e+01  1.520000e+01
      vertex -1.370000e+01  2.810000e+01  1.520000e+01
    endloop
  endfacet
  facet normal -2.902849e-01 -9.569403e-01  8.064105e-05
    outer loop
      vertex  1.530982e+01  2.613843e+01  1.520000e+01
      vertex  1.493463e+01  2.625224e+01  1.520000e+01
      vertex  1.494594e+01  2.624760e+01  8.000000e-01
    endloop
  endfacet
  facet normal -4.646473e-01 -8.854958e-01 -7.926563e-05
    outer loop
      vertex  1.460415e+01  2.642695e+01  8.000000e-01
      vertex  1.494594e+01  2.624760e+01  8.000000e-01
      vertex  1.493463e+01  2.625224e+01  1.520000e+01
    endloop
  endfacet
  facet normal -4.713973e-01 -8.819209e-01  1.190209e-04
    outer loop
      vertex  1.493463e+01  2.625224e+01  1.520000e+01
      vertex  1.458886e+01  2.643706e+01  1.520000e+01
      vertex  1.460415e+01  2.642695e+01  8.000000e-01
    endloop
  endfacet
  facet normal -6.260915e-01 -7.797496e-01 -1.169724e-04
    outer loop
      vertex  1.430317e+01  2.666861e+01  8.000000e-01
      vertex  1.460415e+01  2.642695e+01  8.000000e-01
      vertex  1.458886e+01  2.643706e+01  1.520000e+01
    endloop
  endfacet
  facet normal -6.343939e-01 -7.730100e-01  1.561104e-04
    outer loop
      vertex  1.458886e+01  2.643706e+01  1.520000e+01
      vertex  1.428579e+01  2.668579e+01  1.520000e+01
      vertex  1.430317e+01  2.666861e+01  8.000000e-01
    endloop
  endfacet
  facet normal -7.642167e-01 -6.449596e-01 -1.533951e-04
    outer loop
      vertex  1.405423e+01  2.696359e+01  8.000000e-01
      vertex  1.430317e+01  2.666861e+01  8.000000e-01
      vertex  1.428579e+01  2.668579e+01  1.520000e+01
    endloop
  endfacet
  facet normal -7.730090e-01 -6.343950e-01  1.917970e-04
    outer loop
      vertex  1.428579e+01  2.668579e+01  1.520000e+01
      vertex  1.403706e+01  2.698886e+01  1.520000e+01
      vertex  1.405423e+01  2.696359e+01  8.000000e-01
    endloop
  endfacet
  facet normal -8.738765e-01 -4.861480e-01 -1.886041e-04
    outer loop
      vertex  1.386658e+01  2.730089e+01  8.000000e-01
      vertex  1.405423e+01  2.696359e+01  8.000000e-01
      vertex  1.403706e+01  2.698886e+01  1.520000e+01
    endloop
  endfacet
  facet normal -8.819209e-01 -4.713973e-01  2.262679e-04
    outer loop
      vertex  1.403706e+01  2.698886e+01  1.520000e+01
      vertex  1.385224e+01  2.733463e+01  1.520000e+01
      vertex  1.386658e+01  2.730089e+01  8.000000e-01
    endloop
  endfacet
  facet normal -9.509879e-01 -3.092279e-01 -2.224702e-04
    outer loop
      vertex  1.374722e+01  2.766796e+01  8.000000e-01
      vertex  1.386658e+01  2.730089e+01  8.000000e-01
      vertex  1.385224e+01  2.733463e+01  1.520000e+01
    endloop
  endfacet
  facet normal -9.569405e-01 -2.902842e-01  2.594512e-04
    outer loop
      vertex  1.385224e+01  2.733463e+01  1.520000e+01
      vertex  1.373843e+01  2.770982e+01  1.520000e+01
      vertex  1.374722e+01  2.766796e+01  8.000000e-01
    endloop
  endfacet
  facet normal -9.649727e-02 -9.953333e-01  -0.000000e+00
    outer loop
      vertex  1.570000e+01  2.610000e+01  8.000000e-01
      vertex  1.570000e+01  2.610000e+01  1.520000e+01
      vertex  1.531581e+01  2.613725e+01  8.000000e-01
    endloop
  endfacet
  facet normal -9.801669e-02 -9.951848e-01  4.092164e-05
    outer loop
      vertex  1.531581e+01  2.613725e+01  8.000000e-01
      vertex  1.570000e+01  2.610000e+01  1.520000e+01
      vertex  1.530982e+01  2.613843e+01  1.520000e+01
    endloop
  endfacet
  facet normal -2.858941e-01 -9.582613e-01 -4.032497e-05
    outer loop
      vertex  1.531581e+01  2.613725e+01  8.000000e-01
      vertex  1.530982e+01  2.613843e+01  1.520000e+01
      vertex  1.494594e+01  2.624760e+01  8.000000e-01
    endloop
  endfacet
  facet normal -9.926779e-01 -1.207919e-01  0.000000e+00
    outer loop
      vertex  1.370060e+01  2.805112e+01  8.000000e-01
      vertex  1.374722e+01  2.766796e+01  8.000000e-01
      vertex  1.370060e+01  2.805112e+01  5.800000e+00
    endloop
  endfacet
  facet normal -9.930868e-01 -1.173809e-01 -2.652016e-04
    outer loop
      vertex  1.370060e+01  2.805112e+01  5.800000e+00
      vertex  1.374722e+01  2.766796e+01  8.000000e-01
      vertex  1.373843e+01  2.770982e+01  1.520000e+01
    endloop
  endfacet
  facet normal -9.999188e-01 -1.223311e-02  3.580106e-03
    outer loop
      vertex  1.370060e+01  2.805112e+01  5.800000e+00
      vertex  1.373843e+01  2.770982e+01  1.520000e+01
      vertex  1.370000e+01  2.810000e+01  5.800000e+00
    endloop
  endfacet
  facet normal -9.951848e-01 -9.801669e-02  0.000000e+00
    outer loop
      vertex  1.370000e+01  2.810000e+01  5.800000e+00
      vertex  1.373843e+01  2.770982e+01  1.520000e+01
      vertex  1.370000e+01  2.810000e+01  1.520000e+01
    endloop
  endfacet
  facet normal -1.000000e+00  0.000000e+00  0.000000e+00
    outer loop
      vertex  1.370000e+01  2.810000e+01  5.800000e+00
      vertex  1.370000e+01  2.810000e+01  1.520000e+01
      vertex  1.370000e+01  2.850000e+01  5.800000e+00
    endloop
  endfacet
  facet normal -1.000000e+00  0.000000e+00  0.000000e+00
    outer loop
      vertex  1.370000e+01  2.850000e+01  5.800000e+00
      vertex  1.370000e+01  2.810000e+01  1.520000e+01
      vertex  1.370000e+01  2.850000e+01  1.520000e+01
    endloop
  endfacet
  facet normal -8.819208e-01  4.713972e-01  6.174431e-04
    outer loop
      vertex  1.391119e+01  2.939451e+01  8.000000e-01
      vertex  1.385224e+01  2.926537e+01  1.520000e+01
      vertex  1.403706e+01  2.961114e+01  1.520000e+01
    endloop
  endfacet
  facet normal -8.493994e-01  5.277504e-01 -5.146193e-04
    outer loop
      vertex  1.391119e+01  2.939451e+01  8.000000e-01
      vertex  1.403706e+01  2.961114e+01  1.520000e+01
      vertex  1.410567e+01  2.970752e+01  8.000000e-01
    endloop
  endfacet
  facet normal -7.730089e-01  6.343949e-01  5.630959e-04
    outer loop
      vertex  1.410567e+01  2.970752e+01  8.000000e-01
      vertex  1.403706e+01  2.961114e+01  1.520000e+01
      vertex  1.428579e+01  2.991421e+01  1.520000e+01
    endloop
  endfacet
  facet normal -7.381532e-01  6.746330e-01 -4.504567e-04
    outer loop
      vertex  1.410567e+01  2.970752e+01  8.000000e-01
      vertex  1.428579e+01  2.991421e+01  1.520000e+01
      vertex  1.435428e+01  2.997954e+01  8.000000e-01
    endloop
  endfacet
  facet normal -6.343938e-01  7.730099e-01  4.893368e-04
    outer loop
      vertex  1.435428e+01  2.997954e+01  8.000000e-01
      vertex  1.428579e+01  2.991421e+01  1.520000e+01
      vertex  1.458886e+01  3.016294e+01  1.520000e+01
    endloop
  endfacet
  facet normal -6.018443e-01  7.986133e-01 -3.669985e-04
    outer loop
      vertex  1.435428e+01  2.997954e+01  8.000000e-01
      vertex  1.458886e+01  3.016294e+01  1.520000e+01
      vertex  1.464858e+01  3.020132e+01  8.000000e-01
    endloop
  endfacet
  facet normal -4.713973e-01  8.819209e-01  3.960288e-04
    outer loop
      vertex  1.464858e+01  3.020132e+01  8.000000e-01
      vertex  1.458886e+01  3.016294e+01  1.520000e+01
      vertex  1.493463e+01  3.034776e+01  1.520000e+01
    endloop
  endfacet
  facet normal -4.451100e-01  8.954759e-01 -2.640138e-04
    outer loop
      vertex  1.464858e+01  3.020132e+01  8.000000e-01
      vertex  1.493463e+01  3.034776e+01  1.520000e+01
      vertex  1.497857e+01  3.036535e+01  8.000000e-01
    endloop
  endfacet
  facet normal -2.902849e-01  9.569403e-01  2.834672e-04
    outer loop
      vertex  1.497857e+01  3.036535e+01  8.000000e-01
      vertex  1.493463e+01  3.034776e+01  1.520000e+01
      vertex  1.530982e+01  3.046157e+01  1.520000e+01
    endloop
  endfacet
  facet normal -9.781597e-01  2.078542e-01 -4.999543e-04
    outer loop
      vertex  1.377743e+01  2.905112e+01  5.800000e+00
      vertex  1.371945e+01  2.877827e+01  5.800000e+00
      vertex  1.373843e+01  2.889018e+01  1.520000e+01
    endloop
  endfacet
  facet normal -9.569400e-01  2.902840e-01  9.994328e-04
    outer loop
      vertex  1.377743e+01  2.905112e+01  5.800000e+00
      vertex  1.373843e+01  2.889018e+01  1.520000e+01
      vertex  1.385224e+01  2.926537e+01  1.520000e+01
    endloop
  endfacet
  facet normal -9.349506e-01  3.547770e-01 -6.454758e-04
    outer loop
      vertex  1.377743e+01  2.905112e+01  5.800000e+00
      vertex  1.385224e+01  2.926537e+01  1.520000e+01
      vertex  1.391119e+01  2.939451e+01  8.000000e-01
    endloop
  endfacet
  facet normal -9.318079e-01  3.629518e-01  0.000000e+00
    outer loop
      vertex  1.377743e+01  2.905112e+01  5.800000e+00
      vertex  1.391119e+01  2.939451e+01  8.000000e-01
      vertex  1.377743e+01  2.905112e+01  8.000000e-01
    endloop
  endfacet
  facet normal -9.951844e-01  9.801666e-02  8.420863e-04
    outer loop
      vertex  1.373843e+01  2.889018e+01  1.520000e+01
      vertex  1.371945e+01  2.877827e+01  5.800000e+00
      vertex  1.370000e+01  2.850000e+01  1.520000e+01
    endloop
  endfacet
  facet normal -9.975653e-01  6.973720e-02  0.000000e+00
    outer loop
      vertex  1.370000e+01  2.850000e+01  1.520000e+01
      vertex  1.371945e+01  2.877827e+01  5.800000e+00
      vertex  1.370000e+01  2.850000e+01  5.800000e+00
    endloop
  endfacet
  facet normal -9.801669e-02  9.951848e-01  0.000000e+00
    outer loop
      vertex  1.570000e+01  3.050000e+01  1.520000e+01
      vertex  1.570000e+01  3.050000e+01  8.000000e-01
      vertex  1.530982e+01  3.046157e+01  1.520000e+01
    endloop
  endfacet
  facet normal -9.212954e-02  9.957470e-01  1.610181e-04
    outer loop
      vertex  1.530982e+01  3.046157e+01  1.520000e+01
      vertex  1.570000e+01  3.050000e+01  8.000000e-01
      vertex  1.533306e+01  3.046605e+01  8.000000e-01
    endloop
  endfacet
  facet normal -2.732524e-01  9.619424e-01 -1.417606e-04
    outer loop
      vertex  1.530982e+01  3.046157e+01  1.520000e+01
      vertex  1.533306e+01  3.046605e+01  8.000000e-01
      vertex  1.497857e+01  3.036535e+01  8.000000e-01
    endloop
  endfacet
  facet normal  0.000000e+00 -1.000000e+00  0.000000e+00
    outer loop
      vertex -1.949940e+01  2.805112e+01  5.800000e+00
      vertex -2.170000e+01  2.805112e+01  5.800000e+00
      vertex -1.949940e+01  2.805112e+01  8.000000e-01
    endloop
  endfacet
  facet normal  0.000000e+00 -1.000000e+00  0.000000e+00
    outer loop
      vertex -1.949940e+01  2.805112e+01  8.000000e-01
      vertex -2.170000e+01  2.805112e+01  5.800000e+00
      vertex -2.170000e+01  2.805112e+01  8.000000e-01
    endloop
  endfacet
  facet normal  0.000000e+00 -1.000000e+00  0.000000e+00
    outer loop
      vertex  1.370060e+01  2.805112e+01  5.800000e+00
      vertex -1.370060e+01  2.805112e+01  5.800000e+00
      vertex  1.370060e+01  2.805112e+01  8.000000e-01
    endloop
  endfacet
  facet normal  0.000000e+00 -1.000000e+00  0.000000e+00
    outer loop
      vertex  1.370060e+01  2.805112e+01  8.000000e-01
      vertex -1.370060e+01  2.805112e+01  5.800000e+00
      vertex -1.370060e+01  2.805112e+01  8.000000e-01
    endloop
  endfacet
  facet normal  0.000000e+00  1.000000e+00  0.000000e+00
    outer loop
      vertex -2.170000e+01  2.905112e+01  5.800000e+00
      vertex -1.942257e+01  2.905112e+01  5.800000e+00
      vertex -2.170000e+01  2.905112e+01  8.000000e-01
    endloop
  endfacet
  facet normal  0.000000e+00  1.000000e+00  0.000000e+00
    outer loop
      vertex -2.170000e+01  2.905112e+01  8.000000e-01
      vertex -1.942257e+01  2.905112e+01  5.800000e+00
      vertex -1.942257e+01  2.905112e+01  8.000000e-01
    endloop
  endfacet
  facet normal  0.000000e+00  1.000000e+00  0.000000e+00
    outer loop
      vertex -1.377743e+01  2.905112e+01  5.800000e+00
      vertex  1.377743e+01  2.905112e+01  5.800000e+00
      vertex -1.377743e+01  2.905112e+01  8.000000e-01
    endloop
  endfacet
  facet normal  0.000000e+00  1.000000e+00  0.000000e+00
    outer loop
      vertex -1.377743e+01  2.905112e+01  8.000000e-01
      vertex  1.377743e+01  2.905112e+01  5.800000e+00
      vertex  1.377743e+01  2.905112e+01  8.000000e-01
    endloop
  endfacet
  facet normal  0.000000e+00  0.000000e+00  9.999999e-01
    outer loop
      vertex -1.950000e+01  2.810000e+01  5.800000e+00
      vertex -2.170000e+01  2.805112e+01  5.800000e+00
      vertex -1.949940e+01  2.805112e+01  5.800000e+00
    endloop
  endfacet
  facet normal  0.000000e+00  0.000000e+00  1.000000e+00
    outer loop
      vertex -2.170000e+01  2.905112e+01  5.800000e+00
      vertex -2.170000e+01  2.805112e+01  5.800000e+00
      vertex -1.950000e+01  2.810000e+01  5.800000e+00
    endloop
  endfacet
  facet normal  0.000000e+00  -0.000000e+00  1.000000e+00
    outer loop
      vertex -2.170000e+01  2.905112e+01  5.800000e+00
      vertex -1.950000e+01  2.810000e+01  5.800000e+00
      vertex -1.950000e+01  2.850000e+01  5.800000e+00
    endloop
  endfacet
  facet normal  0.000000e+00  -0.000000e+00  1.000000e+00
    outer loop
      vertex -2.170000e+01  2.905112e+01  5.800000e+00
      vertex -1.950000e+01  2.850000e+01  5.800000e+00
      vertex -1.948055e+01  2.877827e+01  5.800000e+00
    endloop
  endfacet
  facet normal  0.000000e+00  -0.000000e+00  9.999999e-01
    outer loop
      vertex -2.170000e+01  2.905112e+01  5.800000e+00
      vertex -1.948055e+01  2.877827e+01  5.800000e+00
      vertex -1.942257e+01  2.905112e+01  5.800000e+00
    endloop
  endfacet
  facet normal  -0.000000e+00  0.000000e+00  1.000000e+00
    outer loop
      vertex  1.377743e+01  2.905112e+01  5.800000e+00
      vertex -1.377743e+01  2.905112e+01  5.800000e+00
      vertex  1.371945e+01  2.877827e+01  5.800000e+00
    endloop
  endfacet
  facet normal  0.000000e+00  0.000000e+00  9.999999e-01
    outer loop
      vertex  1.371945e+01  2.877827e+01  5.800000e+00
      vertex -1.377743e+01  2.905112e+01  5.800000e+00
      vertex -1.371945e+01  2.877827e+01  5.800000e+00
    endloop
  endfacet
  facet normal  -0.000000e+00  0.000000e+00  1.000000e+00
    outer loop
      vertex  1.371945e+01  2.877827e+01  5.800000e+00
      vertex -1.371945e+01  2.877827e+01  5.800000e+00
      vertex  1.370000e+01  2.850000e+01  5.800000e+00
    endloop
  endfacet
  facet normal  0.000000e+00  0.000000e+00  1.000000e+00
    outer loop
      vertex  1.370000e+01  2.850000e+01  5.800000e+00
      vertex -1.371945e+01  2.877827e+01  5.800000e+00
      vertex -1.370000e+01  2.850000e+01  5.800000e+00
    endloop
  endfacet
  facet normal  -0.000000e+00  0.000000e+00  1.000000e+00
    outer loop
      vertex  1.370000e+01  2.850000e+01  5.800000e+00
      vertex -1.370000e+01  2.850000e+01  5.800000e+00
      vertex  1.370000e+01  2.810000e+01  5.800000e+00
    endloop
  endfacet
  facet normal  0.000000e+00  0.000000e+00  1.000000e+00
    outer loop
      vertex  1.370000e+01  2.810000e+01  5.800000e+00
      vertex -1.370000e+01  2.850000e+01  5.800000e+00
      vertex -1.370000e+01  2.810000e+01  5.800000e+00
    endloop
  endfacet
  facet normal  -0.000000e+00  0.000000e+00  1.000000e+00
    outer loop
      vertex  1.370000e+01  2.810000e+01  5.800000e+00
      vertex -1.370000e+01  2.810000e+01  5.800000e+00
      vertex  1.370060e+01  2.805112e+01  5.800000e+00
    endloop
  endfacet
  facet normal  0.000000e+00  0.000000e+00  1.000000e+00
    outer loop
      vertex  1.370060e+01  2.805112e+01  5.800000e+00
      vertex -1.370000e+01  2.810000e+01  5.800000e+00
      vertex -1.370060e+01  2.805112e+01  5.800000e+00
    endloop
  endfacet
  facet normal  0.000000e+00  0.000000e+00  1.000000e+00
    outer loop
      vertex  2.150000e+01  7.350000e+00  1.800000e+00
      vertex  2.150000e+01  6.350000e+00  1.800000e+00
      vertex  4.070000e+01  7.350000e+00  1.800000e+00
    endloop
  endfacet
  facet normal  0.000000e+00  0.000000e+00  9.999999e-01
    outer loop
      vertex  4.070000e+01  7.350000e+00  1.800000e+00
      vertex  2.150000e+01  6.350000e+00  1.800000e+00
      vertex  3.710000e+01  6.350000e+00  1.800000e+00
    endloop
  endfacet
  facet normal  0.000000e+00  0.000000e+00  1.000000e+00
    outer loop
      vertex  4.070000e+01  7.350000e+00  1.800000e+00
      vertex  3.710000e+01  6.350000e+00  1.800000e+00
      vertex  4.070000e+01  6.350000e+00  1.800000e+00
    endloop
  endfacet
  facet normal -1.000000e+00  -0.000000e+00  -0.000000e+00
    outer loop
      vertex  3.710000e+01  4.350000e+00  1.520000e+01
      vertex  3.710000e+01  7.350000e+00  1.520000e+01
      vertex  3.710000e+01  7.350000e+00  1.320000e+01
    endloop
  endfacet
  facet normal -1.000000e+00  -0.000000e+00  0.000000e+00
    outer loop
      vertex  3.710000e+01  4.350000e+00  1.520000e+01
      vertex  3.710000e+01  7.350000e+00  1.320000e+01
      vertex  3.710000e+01  6.350000e+00  1.220000e+01
    endloop
  endfacet
  facet normal -1.000000e+00  -0.000000e+00  -0.000000e+00
    outer loop
      vertex  3.710000e+01  4.350000e+00  1.520000e+01
      vertex  3.710000e+01  6.350000e+00  1.220000e+01
      vertex  3.710000e+01  6.350000e+00  1.800000e+00
    endloop
  endfacet
  facet normal -1.000000e+00  -0.000000e+00  -0.000000e+00
    outer loop
      vertex  3.710000e+01  4.350000e+00  1.520000e+01
      vertex  3.710000e+01  6.350000e+00  1.800000e+00
      vertex  3.710000e+01  6.350000e+00  8.000000e-01
    endloop
  endfacet
  facet normal -1.000000e+00  0.000000e+00  0.000000e+00
    outer loop
      vertex  3.710000e+01  4.350000e+00  1.520000e+01
      vertex  3.710000e+01  6.350000e+00  8.000000e-01
      vertex  3.710000e+01  4.350000e+00  8.000000e-01
    endloop
  endfacet
  facet normal -1.000000e+00  0.000000e+00  0.000000e+00
    outer loop
      vertex  4.070000e+01  7.350000e+00  1.320000e+01
      vertex  4.070000e+01  7.350000e+00  1.800000e+00
      vertex  4.070000e+01  6.350000e+00  1.220000e+01
    endloop
  endfacet
  facet normal -1.000000e+00  0.000000e+00  0.000000e+00
    outer loop
      vertex  4.070000e+01  6.350000e+00  1.220000e+01
      vertex  4.070000e+01  7.350000e+00  1.800000e+00
      vertex  4.070000e+01  6.350000e+00  1.800000e+00
    endloop
  endfacet
  facet normal  0.000000e+00  1.000000e+00  -0.000000e+00
    outer loop
      vertex  4.070000e+01  6.350000e+00  1.220000e+01
      vertex  4.070000e+01  6.350000e+00  1.800000e+00
      vertex  3.710000e+01  6.350000e+00  1.220000e+01
    endloop
  endfacet
  facet normal  0.000000e+00  1.000000e+00  0.000000e+00
    outer loop
      vertex  3.710000e+01  6.350000e+00  1.220000e+01
      vertex  4.070000e+01  6.350000e+00  1.800000e+00
      vertex  3.710000e+01  6.350000e+00  1.800000e+00
    endloop
  endfacet
  facet normal -9.999999e-01  0.000000e+00  0.000000e+00
    outer loop
      vertex  4.170000e+01  8.350000e+00  1.520000e+01
      vertex  4.170000e+01  8.350000e+00  8.000000e-01
      vertex  4.170000e+01  7.350000e+00  1.520000e+01
    endloop
  endfacet
  facet normal -9.999999e-01  0.000000e+00  0.000000e+00
    outer loop
      vertex  4.170000e+01  7.350000e+00  1.520000e+01
      vertex  4.170000e+01  8.350000e+00  8.000000e-01
      vertex  4.170000e+01  7.350000e+00  8.000000e-01
    endloop
  endfacet
  facet normal  0.000000e+00  7.071068e-01 -7.071068e-01
    outer loop
      vertex  3.710000e+01  6.350000e+00  1.220000e+01
      vertex  3.710000e+01  7.350000e+00  1.320000e+01
      vertex  4.070000e+01  6.350000e+00  1.220000e+01
    endloop
  endfacet
  facet normal  0.000000e+00  7.071068e-01 -7.071068e-01
    outer loop
      vertex  4.070000e+01  6.350000e+00  1.220000e+01
      vertex  3.710000e+01  7.350000e+00  1.320000e+01
      vertex  4.070000e+01  7.350000e+00  1.320000e+01
    endloop
  endfacet
  facet normal -1.000000e+00  0.000000e+00  0.000000e+00
    outer loop
      vertex  2.150000e+01  6.350000e+00  8.000000e-01
      vertex  2.150000e+01  6.350000e+00  1.800000e+00
      vertex  2.150000e+01  7.350000e+00  8.000000e-01
    endloop
  endfacet
  facet normal -1.000000e+00  0.000000e+00  0.000000e+00
    outer loop
      vertex  2.150000e+01  7.350000e+00  8.000000e-01
      vertex  2.150000e+01  6.350000e+00  1.800000e+00
      vertex  2.150000e+01  7.350000e+00  1.800000e+00
    endloop
  endfacet
  facet normal  0.000000e+00 -1.000000e+00  0.000000e+00
    outer loop
      vertex  3.710000e+01  6.350000e+00  1.800000e+00
      vertex  2.150000e+01  6.350000e+00  1.800000e+00
      vertex  3.710000e+01  6.350000e+00  8.000000e-01
    endloop
  endfacet
  facet normal  0.000000e+00 -1.000000e+00  0.000000e+00
    outer loop
      vertex  3.710000e+01  6.350000e+00  8.000000e-01
      vertex  2.150000e+01  6.350000e+00  1.800000e+00
      vertex  2.150000e+01  6.350000e+00  8.000000e-01
    endloop
  endfacet
  facet normal  0.000000e+00 -1.000000e+00  0.000000e+00
    outer loop
      vertex -3.910000e+01  2.350000e+00  1.520000e+01
      vertex -4.170000e+01  2.350000e+00  1.520000e+01
      vertex -4.170000e+01  2.350000e+00  3.700000e+00
    endloop
  endfacet
  facet normal  0.000000e+00 -1.000000e+00  0.000000e+00
    outer loop
      vertex -3.910000e+01  2.350000e+00  1.520000e+01
      vertex -4.170000e+01  2.350000e+00  3.700000e+00
      vertex -4.070000e+01  2.350000e+00  3.700000e+00
    endloop
  endfacet
  facet normal  0.000000e+00 -1.000000e+00  0.000000e+00
    outer loop
      vertex -3.910000e+01  2.350000e+00  1.520000e+01
      vertex -4.070000e+01  2.350000e+00  3.700000e+00
      vertex -4.070000e+01  2.350000e+00  8.000000e-01
    endloop
  endfacet
  facet normal  0.000000e+00 -1.000000e+00  0.000000e+00
    outer loop
      vertex -3.910000e+01  2.350000e+00  1.520000e+01
      vertex -4.070000e+01  2.350000e+00  8.000000e-01
      vertex -3.910000e+01  2.350000e+00  8.000000e-01
    endloop
  endfacet
  facet normal  0.000000e+00  1.000000e+00  0.000000e+00
    outer loop
      vertex  2.210000e+01 -2.080000e+01  8.000000e-01
      vertex -2.130000e+01 -2.080000e+01  8.000000e-01
      vertex  2.210000e+01 -2.080000e+01  3.700000e+00
    endloop
  endfacet
  facet normal  0.000000e+00  1.000000e+00  0.000000e+00
    outer loop
      vertex  2.210000e+01 -2.080000e+01  3.700000e+00
      vertex -2.130000e+01 -2.080000e+01  8.000000e-01
      vertex  1.850000e+01 -2.080000e+01  3.700000e+00
    endloop
  endfacet
  facet normal  0.000000e+00  1.000000e+00  0.000000e+00
    outer loop
      vertex -2.130000e+01 -2.080000e+01  8.000000e-01
      vertex -2.130000e+01 -2.080000e+01  1.520000e+01
      vertex  1.850000e+01 -2.080000e+01  3.700000e+00
    endloop
  endfacet
  facet normal  0.000000e+00  1.000000e+00  -0.000000e+00
    outer loop
      vertex  1.850000e+01 -2.080000e+01  3.700000e+00
      vertex -2.130000e+01 -2.080000e+01  1.520000e+01
      vertex  1.850000e+01 -2.080000e+01  1.520000e+01
    endloop
  endfacet
  facet normal  9.802729e-02  9.951838e-01  0.000000e+00
    outer loop
      vertex  1.850000e+01 -2.080000e+01  3.700000e+00
      vertex  1.850000e+01 -2.080000e+01  1.520000e+01
      vertex  1.857804e+01 -2.080769e+01  3.700000e+00
    endloop
  endfacet
  facet normal  9.802729e-02  9.951838e-01  -0.000000e+00
    outer loop
      vertex  1.857804e+01 -2.080769e+01  3.700000e+00
      vertex  1.850000e+01 -2.080000e+01  1.520000e+01
      vertex  1.857804e+01 -2.080769e+01  1.520000e+01
    endloop
  endfacet
  facet normal  2.902788e-01  9.569421e-01  0.000000e+00
    outer loop
      vertex  1.857804e+01 -2.080769e+01  3.700000e+00
      vertex  1.857804e+01 -2.080769e+01  1.520000e+01
      vertex  1.865307e+01 -2.083045e+01  3.700000e+00
    endloop
  endfacet
  facet normal  2.902788e-01  9.569421e-01  -0.000000e+00
    outer loop
      vertex  1.865307e+01 -2.083045e+01  3.700000e+00
      vertex  1.857804e+01 -2.080769e+01  1.520000e+01
      vertex  1.865307e+01 -2.083045e+01  1.520000e+01
    endloop
  endfacet
  facet normal  4.714011e-01  8.819190e-01  0.000000e+00
    outer loop
      vertex  1.865307e+01 -2.083045e+01  3.700000e+00
      vertex  1.865307e+01 -2.083045e+01  1.520000e+01
      vertex  1.872223e+01 -2.086741e+01  3.700000e+00
    endloop
  endfacet
  facet normal  4.714011e-01  8.819190e-01  -0.000000e+00
    outer loop
      vertex  1.872223e+01 -2.086741e+01  3.700000e+00
      vertex  1.865307e+01 -2.083045e+01  1.520000e+01
      vertex  1.872223e+01 -2.086741e+01  1.520000e+01
    endloop
  endfacet
  facet normal  6.344027e-01  7.730027e-01  0.000000e+00
    outer loop
      vertex  1.872223e+01 -2.086741e+01  3.700000e+00
      vertex  1.872223e+01 -2.086741e+01  1.520000e+01
      vertex  1.878284e+01 -2.091716e+01  3.700000e+00
    endloop
  endfacet
  facet normal  6.344027e-01  7.730027e-01  -0.000000e+00
    outer loop
      vertex  1.878284e+01 -2.091716e+01  3.700000e+00
      vertex  1.872223e+01 -2.086741e+01  1.520000e+01
      vertex  1.878284e+01 -2.091716e+01  1.520000e+01
    endloop
  endfacet
  facet normal  7.730027e-01  6.344027e-01  0.000000e+00
    outer loop
      vertex  1.878284e+01 -2.091716e+01  3.700000e+00
      vertex  1.878284e+01 -2.091716e+01  1.520000e+01
      vertex  1.883259e+01 -2.097777e+01  3.700000e+00
    endloop
  endfacet
  facet normal  7.730027e-01  6.344027e-01  -0.000000e+00
    outer loop
      vertex  1.883259e+01 -2.097777e+01  3.700000e+00
      vertex  1.878284e+01 -2.091716e+01  1.520000e+01
      vertex  1.883259e+01 -2.097777e+01  1.520000e+01
    endloop
  endfacet
  facet normal  8.819190e-01  4.714011e-01  0.000000e+00
    outer loop
      vertex  1.883259e+01 -2.097777e+01  3.700000e+00
      vertex  1.883259e+01 -2.097777e+01  1.520000e+01
      vertex  1.886955e+01 -2.104693e+01  3.700000e+00
    endloop
  endfacet
  facet normal  8.819190e-01  4.714011e-01  -0.000000e+00
    outer loop
      vertex  1.886955e+01 -2.104693e+01  3.700000e+00
      vertex  1.883259e+01 -2.097777e+01  1.520000e+01
      vertex  1.886955e+01 -2.104693e+01  1.520000e+01
    endloop
  endfacet
  facet normal  9.569401e-01  2.902855e-01  0.000000e+00
    outer loop
      vertex  1.886955e+01 -2.104693e+01  3.700000e+00
      vertex  1.886955e+01 -2.104693e+01  1.520000e+01
      vertex  1.889231e+01 -2.112196e+01  3.700000e+00
    endloop
  endfacet
  facet normal  9.569401e-01  2.902855e-01  -0.000000e+00
    outer loop
      vertex  1.889231e+01 -2.112196e+01  3.700000e+00
      vertex  1.886955e+01 -2.104693e+01  1.520000e+01
      vertex  1.889231e+01 -2.112196e+01  1.520000e+01
    endloop
  endfacet
  facet normal  9.951863e-01  9.800082e-02  0.000000e+00
    outer loop
      vertex  1.889231e+01 -2.112196e+01  3.700000e+00
      vertex  1.889231e+01 -2.112196e+01  1.520000e+01
      vertex  1.890000e+01 -2.120000e+01  3.700000e+00
    endloop
  endfacet
  facet normal  9.951863e-01  9.800082e-02  -0.000000e+00
    outer loop
      vertex  1.890000e+01 -2.120000e+01  3.700000e+00
      vertex  1.889231e+01 -2.112196e+01  1.520000e+01
      vertex  1.890000e+01 -2.120000e+01  1.520000e+01
    endloop
  endfacet
  facet normal  1.000000e+00  0.000000e+00  0.000000e+00
    outer loop
      vertex  1.890000e+01 -2.120000e+01  3.700000e+00
      vertex  1.890000e+01 -2.120000e+01  1.520000e+01
      vertex  1.890000e+01 -2.580000e+01  3.700000e+00
    endloop
  endfacet
  facet normal  1.000000e+00  0.000000e+00  0.000000e+00
    outer loop
      vertex  1.890000e+01 -2.580000e+01  3.700000e+00
      vertex  1.890000e+01 -2.120000e+01  1.520000e+01
      vertex  1.890000e+01 -2.580000e+01  1.520000e+01
    endloop
  endfacet
  facet normal  0.000000e+00  0.000000e+00  9.999999e-01
    outer loop
      vertex  2.410000e+01 -2.280000e+01  3.700000e+00
      vertex  2.406157e+01 -2.240982e+01  3.700000e+00
      vertex  2.205557e+01 -2.236853e+01  3.700000e+00
    endloop
  endfacet
  facet normal  0.000000e+00  0.000000e+00  1.000000e+00
    outer loop
      vertex  2.410000e+01 -2.280000e+01  3.700000e+00
      vertex  2.205557e+01 -2.236853e+01  3.700000e+00
      vertex  2.220711e+01 -2.249289e+01  3.700000e+00
    endloop
  endfacet
  facet normal  0.000000e+00  0.000000e+00  1.000000e+00
    outer loop
      vertex  2.410000e+01 -2.280000e+01  3.700000e+00
      vertex  2.220711e+01 -2.249289e+01  3.700000e+00
      vertex  2.233147e+01 -2.264443e+01  3.700000e+00
    endloop
  endfacet
  facet normal  0.000000e+00  0.000000e+00  1.000000e+00
    outer loop
      vertex  2.410000e+01 -2.280000e+01  3.700000e+00
      vertex  2.233147e+01 -2.264443e+01  3.700000e+00
      vertex  2.242388e+01 -2.281732e+01  3.700000e+00
    endloop
  endfacet
  facet normal  -0.000000e+00  0.000000e+00  1.000000e+00
    outer loop
      vertex  2.410000e+01 -2.280000e+01  3.700000e+00
      vertex  2.242388e+01 -2.281732e+01  3.700000e+00
      vertex  2.410000e+01 -2.580000e+01  3.700000e+00
    endloop
  endfacet
  facet normal  -0.000000e+00  0.000000e+00  1.000000e+00
    outer loop
      vertex  2.210000e+01 -2.080000e+01  3.700000e+00
      vertex  1.850000e+01 -2.080000e+01  3.700000e+00
      vertex  1.857804e+01 -2.080769e+01  3.700000e+00
    endloop
  endfacet
  facet normal  -0.000000e+00  0.000000e+00  1.000000e+00
    outer loop
      vertex  2.210000e+01 -2.080000e+01  3.700000e+00
      vertex  1.857804e+01 -2.080769e+01  3.700000e+00
      vertex  1.865307e+01 -2.083045e+01  3.700000e+00
    endloop
  endfacet
  facet normal  -0.000000e+00  0.000000e+00  1.000000e+00
    outer loop
      vertex  2.210000e+01 -2.080000e+01  3.700000e+00
      vertex  1.865307e+01 -2.083045e+01  3.700000e+00
      vertex  1.872223e+01 -2.086741e+01  3.700000e+00
    endloop
  endfacet
  facet normal  -0.000000e+00  0.000000e+00  9.999999e-01
    outer loop
      vertex  2.210000e+01 -2.080000e+01  3.700000e+00
      vertex  1.872223e+01 -2.086741e+01  3.700000e+00
      vertex  2.150000e+01 -2.220000e+01  3.700000e+00
    endloop
  endfacet
  facet normal  0.000000e+00  0.000000e+00  1.000000e+00
    outer loop
      vertex  1.890000e+01 -2.580000e+01  3.700000e+00
      vertex  2.410000e+01 -2.580000e+01  3.700000e+00
      vertex  2.150000e+01 -2.420000e+01  3.700000e+00
    endloop
  endfacet
  facet normal  0.000000e+00  0.000000e+00  1.000000e+00
    outer loop
      vertex  1.890000e+01 -2.580000e+01  3.700000e+00
      vertex  2.150000e+01 -2.420000e+01  3.700000e+00
      vertex  2.130491e+01 -2.418079e+01  3.700000e+00
    endloop
  endfacet
  facet normal  0.000000e+00  0.000000e+00  1.000000e+00
    outer loop
      vertex  1.890000e+01 -2.580000e+01  3.700000e+00
      vertex  2.130491e+01 -2.418079e+01  3.700000e+00
      vertex  2.111732e+01 -2.412388e+01  3.700000e+00
    endloop
  endfacet
  facet normal  0.000000e+00  0.000000e+00  1.000000e+00
    outer loop
      vertex  1.890000e+01 -2.580000e+01  3.700000e+00
      vertex  2.111732e+01 -2.412388e+01  3.700000e+00
      vertex  2.094443e+01 -2.403147e+01  3.700000e+00
    endloop
  endfacet
  facet normal  0.000000e+00  0.000000e+00  1.000000e+00
    outer loop
      vertex  1.890000e+01 -2.580000e+01  3.700000e+00
      vertex  2.094443e+01 -2.403147e+01  3.700000e+00
      vertex  2.079289e+01 -2.390711e+01  3.700000e+00
    endloop
  endfacet
  facet normal  0.000000e+00  0.000000e+00  1.000000e+00
    outer loop
      vertex  1.890000e+01 -2.580000e+01  3.700000e+00
      vertex  2.079289e+01 -2.390711e+01  3.700000e+00
      vertex  2.066853e+01 -2.375557e+01  3.700000e+00
    endloop
  endfacet
  facet normal  0.000000e+00  0.000000e+00  1.000000e+00
    outer loop
      vertex  1.890000e+01 -2.580000e+01  3.700000e+00
      vertex  2.066853e+01 -2.375557e+01  3.700000e+00
      vertex  2.057612e+01 -2.358268e+01  3.700000e+00
    endloop
  endfacet
  facet normal  0.000000e+00  0.000000e+00  1.000000e+00
    outer loop
      vertex  1.890000e+01 -2.580000e+01  3.700000e+00
      vertex  2.057612e+01 -2.358268e+01  3.700000e+00
      vertex  2.051921e+01 -2.339509e+01  3.700000e+00
    endloop
  endfacet
  facet normal  0.000000e+00  0.000000e+00  1.000000e+00
    outer loop
      vertex  1.890000e+01 -2.580000e+01  3.700000e+00
      vertex  2.051921e+01 -2.339509e+01  3.700000e+00
      vertex  2.050000e+01 -2.320000e+01  3.700000e+00
    endloop
  endfacet
  facet normal  0.000000e+00  -0.000000e+00  1.000000e+00
    outer loop
      vertex  1.890000e+01 -2.580000e+01  3.700000e+00
      vertex  2.050000e+01 -2.320000e+01  3.700000e+00
      vertex  2.051921e+01 -2.300491e+01  3.700000e+00
    endloop
  endfacet
  facet normal  0.000000e+00  -0.000000e+00  1.000000e+00
    outer loop
      vertex  1.890000e+01 -2.580000e+01  3.700000e+00
      vertex  2.051921e+01 -2.300491e+01  3.700000e+00
      vertex  2.057612e+01 -2.281732e+01  3.700000e+00
    endloop
  endfacet
  facet normal  0.000000e+00  0.000000e+00  1.000000e+00
    outer loop
      vertex  1.890000e+01 -2.120000e+01  3.700000e+00
      vertex  1.890000e+01 -2.580000e+01  3.700000e+00
      vertex  2.057612e+01 -2.281732e+01  3.700000e+00
    endloop
  endfacet
  facet normal  0.000000e+00  -0.000000e+00  1.000000e+00
    outer loop
      vertex  1.890000e+01 -2.120000e+01  3.700000e+00
      vertex  2.057612e+01 -2.281732e+01  3.700000e+00
      vertex  2.066853e+01 -2.264443e+01  3.700000e+00
    endloop
  endfacet
  facet normal  0.000000e+00  -0.000000e+00  1.000000e+00
    outer loop
      vertex  1.890000e+01 -2.120000e+01  3.700000e+00
      vertex  2.066853e+01 -2.264443e+01  3.700000e+00
      vertex  2.079289e+01 -2.249289e+01  3.700000e+00
    endloop
  endfacet
  facet normal  0.000000e+00  -0.000000e+00  1.000000e+00
    outer loop
      vertex  1.890000e+01 -2.120000e+01  3.700000e+00
      vertex  2.079289e+01 -2.249289e+01  3.700000e+00
      vertex  2.094443e+01 -2.236853e+01  3.700000e+00
    endloop
  endfacet
  facet normal  0.000000e+00  -0.000000e+00  1.000000e+00
    outer loop
      vertex  1.890000e+01 -2.120000e+01  3.700000e+00
      vertex  2.094443e+01 -2.236853e+01  3.700000e+00
      vertex  2.111732e+01 -2.227612e+01  3.700000e+00
    endloop
  endfacet
  facet normal  0.000000e+00  -0.000000e+00  1.000000e+00
    outer loop
      vertex  1.890000e+01 -2.120000e+01  3.700000e+00
      vertex  2.111732e+01 -2.227612e+01  3.700000e+00
      vertex  2.130491e+01 -2.221922e+01  3.700000e+00
    endloop
  endfacet
  facet normal  0.000000e+00  -0.000000e+00  1.000000e+00
    outer loop
      vertex  1.890000e+01 -2.120000e+01  3.700000e+00
      vertex  2.130491e+01 -2.221922e+01  3.700000e+00
      vertex  2.150000e+01 -2.220000e+01  3.700000e+00
    endloop
  endfacet
  facet normal  0.000000e+00  0.000000e+00  1.000000e+00
    outer loop
      vertex  2.150000e+01 -2.220000e+01  3.700000e+00
      vertex  1.872223e+01 -2.086741e+01  3.700000e+00
      vertex  1.878284e+01 -2.091716e+01  3.700000e+00
    endloop
  endfacet
  facet normal  0.000000e+00  0.000000e+00  1.000000e+00
    outer loop
      vertex  2.150000e+01 -2.220000e+01  3.700000e+00
      vertex  1.878284e+01 -2.091716e+01  3.700000e+00
      vertex  1.883259e+01 -2.097777e+01  3.700000e+00
    endloop
  endfacet
  facet normal  0.000000e+00  0.000000e+00  1.000000e+00
    outer loop
      vertex  2.150000e+01 -2.220000e+01  3.700000e+00
      vertex  1.883259e+01 -2.097777e+01  3.700000e+00
      vertex  1.886955e+01 -2.104693e+01  3.700000e+00
    endloop
  endfacet
  facet normal  0.000000e+00  0.000000e+00  1.000000e+00
    outer loop
      vertex  2.150000e+01 -2.220000e+01  3.700000e+00
      vertex  1.886955e+01 -2.104693e+01  3.700000e+00
      vertex  1.889231e+01 -2.112196e+01  3.700000e+00
    endloop
  endfacet
  facet normal  0.000000e+00  0.000000e+00  1.000000e+00
    outer loop
      vertex  2.150000e+01 -2.220000e+01  3.700000e+00
      vertex  1.889231e+01 -2.112196e+01  3.700000e+00
      vertex  1.890000e+01 -2.120000e+01  3.700000e+00
    endloop
  endfacet
  facet normal  0.000000e+00  -0.000000e+00  1.000000e+00
    outer loop
      vertex  2.150000e+01 -2.220000e+01  3.700000e+00
      vertex  2.169509e+01 -2.221922e+01  3.700000e+00
      vertex  2.394776e+01 -2.203463e+01  3.700000e+00
    endloop
  endfacet
  facet normal  0.000000e+00  0.000000e+00  1.000000e+00
    outer loop
      vertex  2.150000e+01 -2.220000e+01  3.700000e+00
      vertex  2.394776e+01 -2.203463e+01  3.700000e+00
      vertex  2.376294e+01 -2.168886e+01  3.700000e+00
    endloop
  endfacet
  facet normal  0.000000e+00  0.000000e+00  1.000000e+00
    outer loop
      vertex  2.150000e+01 -2.220000e+01  3.700000e+00
      vertex  2.376294e+01 -2.168886e+01  3.700000e+00
      vertex  2.351421e+01 -2.138579e+01  3.700000e+00
    endloop
  endfacet
  facet normal  0.000000e+00  0.000000e+00  1.000000e+00
    outer loop
      vertex  2.150000e+01 -2.220000e+01  3.700000e+00
      vertex  2.351421e+01 -2.138579e+01  3.700000e+00
      vertex  2.321114e+01 -2.113706e+01  3.700000e+00
    endloop
  endfacet
  facet normal  0.000000e+00  0.000000e+00  1.000000e+00
    outer loop
      vertex  2.150000e+01 -2.220000e+01  3.700000e+00
      vertex  2.321114e+01 -2.113706e+01  3.700000e+00
      vertex  2.286537e+01 -2.095224e+01  3.700000e+00
    endloop
  endfacet
  facet normal  0.000000e+00  0.000000e+00  1.000000e+00
    outer loop
      vertex  2.150000e+01 -2.220000e+01  3.700000e+00
      vertex  2.286537e+01 -2.095224e+01  3.700000e+00
      vertex  2.249018e+01 -2.083843e+01  3.700000e+00
    endloop
  endfacet
  facet normal  0.000000e+00  0.000000e+00  1.000000e+00
    outer loop
      vertex  2.150000e+01 -2.220000e+01  3.700000e+00
      vertex  2.249018e+01 -2.083843e+01  3.700000e+00
      vertex  2.210000e+01 -2.080000e+01  3.700000e+00
    endloop
  endfacet
  facet normal  0.000000e+00  0.000000e+00  1.000000e+00
    outer loop
      vertex  2.410000e+01 -2.580000e+01  3.700000e+00
      vertex  2.242388e+01 -2.281732e+01  3.700000e+00
      vertex  2.248079e+01 -2.300491e+01  3.700000e+00
    endloop
  endfacet
  facet normal  0.000000e+00  0.000000e+00  1.000000e+00
    outer loop
      vertex  2.410000e+01 -2.580000e+01  3.700000e+00
      vertex  2.248079e+01 -2.300491e+01  3.700000e+00
      vertex  2.250000e+01 -2.320000e+01  3.700000e+00
    endloop
  endfacet
  facet normal  0.000000e+00  0.000000e+00  1.000000e+00
    outer loop
      vertex  2.410000e+01 -2.580000e+01  3.700000e+00
      vertex  2.250000e+01 -2.320000e+01  3.700000e+00
      vertex  2.248079e+01 -2.339509e+01  3.700000e+00
    endloop
  endfacet
  facet normal  0.000000e+00  0.000000e+00  1.000000e+00
    outer loop
      vertex  2.410000e+01 -2.580000e+01  3.700000e+00
      vertex  2.248079e+01 -2.339509e+01  3.700000e+00
      vertex  2.242388e+01 -2.358268e+01  3.700000e+00
    endloop
  endfacet
  facet normal  0.000000e+00  0.000000e+00  1.000000e+00
    outer loop
      vertex  2.410000e+01 -2.580000e+01  3.700000e+00
      vertex  2.242388e+01 -2.358268e+01  3.700000e+00
      vertex  2.233147e+01 -2.375557e+01  3.700000e+00
    endloop
  endfacet
  facet normal  0.000000e+00  0.000000e+00  1.000000e+00
    outer loop
      vertex  2.410000e+01 -2.580000e+01  3.700000e+00
      vertex  2.233147e+01 -2.375557e+01  3.700000e+00
      vertex  2.220711e+01 -2.390711e+01  3.700000e+00
    endloop
  endfacet
  facet normal  0.000000e+00  0.000000e+00  1.000000e+00
    outer loop
      vertex  2.410000e+01 -2.580000e+01  3.700000e+00
      vertex  2.220711e+01 -2.390711e+01  3.700000e+00
      vertex  2.205557e+01 -2.403147e+01  3.700000e+00
    endloop
  endfacet
  facet normal  0.000000e+00  0.000000e+00  1.000000e+00
    outer loop
      vertex  2.410000e+01 -2.580000e+01  3.700000e+00
      vertex  2.205557e+01 -2.403147e+01  3.700000e+00
      vertex  2.188268e+01 -2.412388e+01  3.700000e+00
    endloop
  endfacet
  facet normal  0.000000e+00  0.000000e+00  1.000000e+00
    outer loop
      vertex  2.410000e+01 -2.580000e+01  3.700000e+00
      vertex  2.188268e+01 -2.412388e+01  3.700000e+00
      vertex  2.169509e+01 -2.418079e+01  3.700000e+00
    endloop
  endfacet
  facet normal  0.000000e+00  0.000000e+00  1.000000e+00
    outer loop
      vertex  2.410000e+01 -2.580000e+01  3.700000e+00
      vertex  2.169509e+01 -2.418079e+01  3.700000e+00
      vertex  2.150000e+01 -2.420000e+01  3.700000e+00
    endloop
  endfacet
  facet normal  -0.000000e+00  0.000000e+00  1.000000e+00
    outer loop
      vertex  2.394776e+01 -2.203463e+01  3.700000e+00
      vertex  2.169509e+01 -2.221922e+01  3.700000e+00
      vertex  2.406157e+01 -2.240982e+01  3.700000e+00
    endloop
  endfacet
  facet normal  0.000000e+00  0.000000e+00  1.000000e+00
    outer loop
      vertex  2.406157e+01 -2.240982e+01  3.700000e+00
      vertex  2.169509e+01 -2.221922e+01  3.700000e+00
      vertex  2.188268e+01 -2.227612e+01  3.700000e+00
    endloop
  endfacet
  facet normal  0.000000e+00  0.000000e+00  1.000000e+00
    outer loop
      vertex  2.406157e+01 -2.240982e+01  3.700000e+00
      vertex  2.188268e+01 -2.227612e+01  3.700000e+00
      vertex  2.205557e+01 -2.236853e+01  3.700000e+00
    endloop
  endfacet
  facet normal -1.000000e+00  -0.000000e+00  0.000000e+00
    outer loop
      vertex -2.170000e+01 -2.160000e+01  1.520000e+01
      vertex -2.170000e+01 -2.120000e+01  1.520000e+01
      vertex -2.170000e+01 -2.160000e+01  8.000000e-01
    endloop
  endfacet
  facet normal -1.000000e+00  0.000000e+00  0.000000e+00
    outer loop
      vertex -2.170000e+01 -2.160000e+01  8.000000e-01
      vertex -2.170000e+01 -2.120000e+01  1.520000e+01
      vertex -2.170000e+01 -2.120000e+01  8.000000e-01
    endloop
  endfacet
  facet normal -9.951840e-01  9.802493e-02  0.000000e+00
    outer loop
      vertex -2.170000e+01 -2.120000e+01  8.000000e-01
      vertex -2.170000e+01 -2.120000e+01  1.520000e+01
      vertex -2.169231e+01 -2.112196e+01  8.000000e-01
    endloop
  endfacet
  facet normal -9.951840e-01  9.802493e-02  0.000000e+00
    outer loop
      vertex -2.169231e+01 -2.112196e+01  8.000000e-01
      vertex -2.170000e+01 -2.120000e+01  1.520000e+01
      vertex -2.169231e+01 -2.112196e+01  1.520000e+01
    endloop
  endfacet
  facet normal -9.569401e-01  2.902855e-01  0.000000e+00
    outer loop
      vertex -2.169231e+01 -2.112196e+01  8.000000e-01
      vertex -2.169231e+01 -2.112196e+01  1.520000e+01
      vertex -2.166955e+01 -2.104693e+01  8.000000e-01
    endloop
  endfacet
  facet normal -9.569401e-01  2.902855e-01  0.000000e+00
    outer loop
      vertex -2.166955e+01 -2.104693e+01  8.000000e-01
      vertex -2.169231e+01 -2.112196e+01  1.520000e+01
      vertex -2.166955e+01 -2.104693e+01  1.520000e+01
    endloop
  endfacet
  facet normal -8.819189e-01  4.714011e-01  0.000000e+00
    outer loop
      vertex -2.166955e+01 -2.104693e+01  8.000000e-01
      vertex -2.166955e+01 -2.104693e+01  1.520000e+01
      vertex -2.163259e+01 -2.097777e+01  8.000000e-01
    endloop
  endfacet
  facet normal -8.819189e-01  4.714011e-01  0.000000e+00
    outer loop
      vertex -2.163259e+01 -2.097777e+01  8.000000e-01
      vertex -2.166955e+01 -2.104693e+01  1.520000e+01
      vertex -2.163259e+01 -2.097777e+01  1.520000e+01
    endloop
  endfacet
  facet normal -7.730027e-01  6.344026e-01  0.000000e+00
    outer loop
      vertex -2.163259e+01 -2.097777e+01  8.000000e-01
      vertex -2.163259e+01 -2.097777e+01  1.520000e+01
      vertex -2.158284e+01 -2.091716e+01  8.000000e-01
    endloop
  endfacet
  facet normal -7.730027e-01  6.344026e-01  0.000000e+00
    outer loop
      vertex -2.158284e+01 -2.091716e+01  8.000000e-01
      vertex -2.163259e+01 -2.097777e+01  1.520000e+01
      vertex -2.158284e+01 -2.091716e+01  1.520000e+01
    endloop
  endfacet
  facet normal -6.344026e-01  7.730027e-01  0.000000e+00
    outer loop
      vertex -2.158284e+01 -2.091716e+01  8.000000e-01
      vertex -2.158284e+01 -2.091716e+01  1.520000e+01
      vertex -2.152223e+01 -2.086741e+01  8.000000e-01
    endloop
  endfacet
  facet normal -6.344026e-01  7.730027e-01  0.000000e+00
    outer loop
      vertex -2.152223e+01 -2.086741e+01  8.000000e-01
      vertex -2.158284e+01 -2.091716e+01  1.520000e+01
      vertex -2.152223e+01 -2.086741e+01  1.520000e+01
    endloop
  endfacet
  facet normal -4.714011e-01  8.819189e-01  0.000000e+00
    outer loop
      vertex -2.152223e+01 -2.086741e+01  8.000000e-01
      vertex -2.152223e+01 -2.086741e+01  1.520000e+01
      vertex -2.145307e+01 -2.083045e+01  8.000000e-01
    endloop
  endfacet
  facet normal -4.714011e-01  8.819189e-01  0.000000e+00
    outer loop
      vertex -2.145307e+01 -2.083045e+01  8.000000e-01
      vertex -2.152223e+01 -2.086741e+01  1.520000e+01
      vertex -2.145307e+01 -2.083045e+01  1.520000e+01
    endloop
  endfacet
  facet normal -2.902855e-01  9.569401e-01  0.000000e+00
    outer loop
      vertex -2.145307e+01 -2.083045e+01  8.000000e-01
      vertex -2.145307e+01 -2.083045e+01  1.520000e+01
      vertex -2.137804e+01 -2.080769e+01  8.000000e-01
    endloop
  endfacet
  facet normal -2.902855e-01  9.569401e-01  0.000000e+00
    outer loop
      vertex -2.137804e+01 -2.080769e+01  8.000000e-01
      vertex -2.145307e+01 -2.083045e+01  1.520000e+01
      vertex -2.137804e+01 -2.080769e+01  1.520000e+01
    endloop
  endfacet
  facet normal -9.802493e-02  9.951840e-01  0.000000e+00
    outer loop
      vertex -2.137804e+01 -2.080769e+01  8.000000e-01
      vertex -2.137804e+01 -2.080769e+01  1.520000e+01
      vertex -2.130000e+01 -2.080000e+01  8.000000e-01
    endloop
  endfacet
  facet normal -9.802493e-02  9.951840e-01  0.000000e+00
    outer loop
      vertex -2.130000e+01 -2.080000e+01  8.000000e-01
      vertex -2.137804e+01 -2.080769e+01  1.520000e+01
      vertex -2.130000e+01 -2.080000e+01  1.520000e+01
    endloop
  endfacet
  facet normal  0.000000e+00 -1.000000e+00  0.000000e+00
    outer loop
      vertex  4.170000e+01  2.350000e+00  1.520000e+01
      vertex  3.910000e+01  2.350000e+00  1.520000e+01
      vertex  4.170000e+01  2.350000e+00  3.700000e+00
    endloop
  endfacet
  facet normal  0.000000e+00 -1.000000e+00  0.000000e+00
    outer loop
      vertex  4.170000e+01  2.350000e+00  3.700000e+00
      vertex  3.910000e+01  2.350000e+00  1.520000e+01
      vertex  4.070000e+01  2.350000e+00  3.700000e+00
    endloop
  endfacet
  facet normal  0.000000e+00 -1.000000e+00  0.000000e+00
    outer loop
      vertex  3.910000e+01  2.350000e+00  1.520000e+01
      vertex  3.910000e+01  2.350000e+00  8.000000e-01
      vertex  4.070000e+01  2.350000e+00  3.700000e+00
    endloop
  endfacet
  facet normal  0.000000e+00 -1.000000e+00  -0.000000e+00
    outer loop
      vertex  4.070000e+01  2.350000e+00  3.700000e+00
      vertex  3.910000e+01  2.350000e+00  8.000000e-01
      vertex  4.070000e+01  2.350000e+00  8.000000e-01
    endloop
  endfacet
  facet normal  9.801670e-02  9.951847e-01  0.000000e+00
    outer loop
      vertex  2.210000e+01 -2.080000e+01  8.000000e-01
      vertex  2.210000e+01 -2.080000e+01  3.700000e+00
      vertex  2.249018e+01 -2.083843e+01  8.000000e-01
    endloop
  endfacet
  facet normal  9.801670e-02  9.951847e-01  -0.000000e+00
    outer loop
      vertex  2.249018e+01 -2.083843e+01  8.000000e-01
      vertex  2.210000e+01 -2.080000e+01  3.700000e+00
      vertex  2.249018e+01 -2.083843e+01  3.700000e+00
    endloop
  endfacet
  facet normal  2.902855e-01  9.569401e-01  0.000000e+00
    outer loop
      vertex  2.249018e+01 -2.083843e+01  8.000000e-01
      vertex  2.249018e+01 -2.083843e+01  3.700000e+00
      vertex  2.286537e+01 -2.095224e+01  8.000000e-01
    endloop
  endfacet
  facet normal  2.902855e-01  9.569401e-01  -0.000000e+00
    outer loop
      vertex  2.286537e+01 -2.095224e+01  8.000000e-01
      vertex  2.249018e+01 -2.083843e+01  3.700000e+00
      vertex  2.286537e+01 -2.095224e+01  3.700000e+00
    endloop
  endfacet
  facet normal  4.713973e-01  8.819211e-01  0.000000e+00
    outer loop
      vertex  2.286537e+01 -2.095224e+01  8.000000e-01
      vertex  2.286537e+01 -2.095224e+01  3.700000e+00
      vertex  2.321114e+01 -2.113706e+01  8.000000e-01
    endloop
  endfacet
  facet normal  4.713973e-01  8.819211e-01  -0.000000e+00
    outer loop
      vertex  2.321114e+01 -2.113706e+01  8.000000e-01
      vertex  2.286537e+01 -2.095224e+01  3.700000e+00
      vertex  2.321114e+01 -2.113706e+01  3.700000e+00
    endloop
  endfacet
  facet normal  6.343927e-01  7.730110e-01  0.000000e+00
    outer loop
      vertex  2.321114e+01 -2.113706e+01  8.000000e-01
      vertex  2.321114e+01 -2.113706e+01  3.700000e+00
      vertex  2.351421e+01 -2.138579e+01  8.000000e-01
    endloop
  endfacet
  facet normal  6.343927e-01  7.730110e-01  -0.000000e+00
    outer loop
      vertex  2.351421e+01 -2.138579e+01  8.000000e-01
      vertex  2.321114e+01 -2.113706e+01  3.700000e+00
      vertex  2.351421e+01 -2.138579e+01  3.700000e+00
    endloop
  endfacet
  facet normal  7.730110e-01  6.343927e-01  0.000000e+00
    outer loop
      vertex  2.351421e+01 -2.138579e+01  8.000000e-01
      vertex  2.351421e+01 -2.138579e+01  3.700000e+00
      vertex  2.376294e+01 -2.168886e+01  8.000000e-01
    endloop
  endfacet
  facet normal  7.730110e-01  6.343927e-01  -0.000000e+00
    outer loop
      vertex  2.376294e+01 -2.168886e+01  8.000000e-01
      vertex  2.351421e+01 -2.138579e+01  3.700000e+00
      vertex  2.376294e+01 -2.168886e+01  3.700000e+00
    endloop
  endfacet
  facet normal  8.819211e-01  4.713973e-01  0.000000e+00
    outer loop
      vertex  2.376294e+01 -2.168886e+01  8.000000e-01
      vertex  2.376294e+01 -2.168886e+01  3.700000e+00
      vertex  2.394776e+01 -2.203463e+01  8.000000e-01
    endloop
  endfacet
  facet normal  8.819211e-01  4.713973e-01  -0.000000e+00
    outer loop
      vertex  2.394776e+01 -2.203463e+01  8.000000e-01
      vertex  2.376294e+01 -2.168886e+01  3.700000e+00
      vertex  2.394776e+01 -2.203463e+01  3.700000e+00
    endloop
  endfacet
  facet normal  9.569401e-01  2.902855e-01  0.000000e+00
    outer loop
      vertex  2.394776e+01 -2.203463e+01  8.000000e-01
      vertex  2.394776e+01 -2.203463e+01  3.700000e+00
      vertex  2.406157e+01 -2.240982e+01  8.000000e-01
    endloop
  endfacet
  facet normal  9.569401e-01  2.902855e-01  -0.000000e+00
    outer loop
      vertex  2.406157e+01 -2.240982e+01  8.000000e-01
      vertex  2.394776e+01 -2.203463e+01  3.700000e+00
      vertex  2.406157e+01 -2.240982e+01  3.700000e+00
    endloop
  endfacet
  facet normal  9.951847e-01  9.801670e-02  0.000000e+00
    outer loop
      vertex  2.406157e+01 -2.240982e+01  8.000000e-01
      vertex  2.406157e+01 -2.240982e+01  3.700000e+00
      vertex  2.410000e+01 -2.280000e+01  8.000000e-01
    endloop
  endfacet
  facet normal  9.951847e-01  9.801670e-02  -0.000000e+00
    outer loop
      vertex  2.410000e+01 -2.280000e+01  8.000000e-01
      vertex  2.406157e+01 -2.240982e+01  3.700000e+00
      vertex  2.410000e+01 -2.280000e+01  3.700000e+00
    endloop
  endfacet
  facet normal  1.000000e+00  -0.000000e+00  0.000000e+00
    outer loop
      vertex  2.410000e+01 -2.280000e+01  3.700000e+00
      vertex  2.410000e+01 -2.580000e+01  3.700000e+00
      vertex  2.410000e+01 -2.280000e+01  8.000000e-01
    endloop
  endfacet
  facet normal  1.000000e+00  0.000000e+00  0.000000e+00
    outer loop
      vertex  2.410000e+01 -2.280000e+01  8.000000e-01
      vertex  2.410000e+01 -2.580000e+01  3.700000e+00
      vertex  2.410000e+01 -2.580000e+01  8.000000e-01
    endloop
  endfacet
  facet normal  0.000000e+00  1.000000e+00  0.000000e+00
    outer loop
      vertex  3.710000e+01 -2.160000e+01  8.000000e-01
      vertex  3.710000e+01 -2.160000e+01  1.050000e+01
      vertex  4.070000e+01 -2.160000e+01  8.000000e-01
    endloop
  endfacet
  facet normal  0.000000e+00  1.000000e+00  0.000000e+00
    outer loop
      vertex  3.611728e+01 -2.160000e+01  1.320000e+01
      vertex  3.610000e+01 -2.160000e+01  1.320000e+01
      vertex  3.610000e+01 -2.160000e+01  1.520000e+01
    endloop
  endfacet
  facet normal  -0.000000e+00  1.000000e+00  0.000000e+00
    outer loop
      vertex  3.611728e+01 -2.160000e+01  1.320000e+01
      vertex  3.610000e+01 -2.160000e+01  1.520000e+01
      vertex  4.170000e+01 -2.160000e+01  1.520000e+01
    endloop
  endfacet
  facet normal  0.000000e+00  1.000000e+00  0.000000e+00
    outer loop
      vertex  3.611728e+01 -2.160000e+01  1.320000e+01
      vertex  4.170000e+01 -2.160000e+01  1.520000e+01
      vertex  4.170000e+01 -2.160000e+01  3.700000e+00
    endloop
  endfacet
  facet normal  0.000000e+00  1.000000e+00  0.000000e+00
    outer loop
      vertex  3.611728e+01 -2.160000e+01  1.320000e+01
      vertex  4.170000e+01 -2.160000e+01  3.700000e+00
      vertex  4.070000e+01 -2.160000e+01  3.700000e+00
    endloop
  endfacet
  facet normal  0.000000e+00  1.000000e+00  0.000000e+00
    outer loop
      vertex  3.611728e+01 -2.160000e+01  1.320000e+01
      vertex  4.070000e+01 -2.160000e+01  3.700000e+00
      vertex  4.070000e+01 -2.160000e+01  8.000000e-01
    endloop
  endfacet
  facet normal  0.000000e+00  9.999999e-01  0.000000e+00
    outer loop
      vertex  3.611728e+01 -2.160000e+01  1.320000e+01
      vertex  4.070000e+01 -2.160000e+01  8.000000e-01
      vertex  3.710000e+01 -2.160000e+01  1.050000e+01
    endloop
  endfacet
  facet normal  -0.000000e+00  1.000000e+00  0.000000e+00
    outer loop
      vertex  2.410000e+01 -2.580000e+01  8.000000e-01
      vertex  2.410000e+01 -2.580000e+01  3.700000e+00
      vertex  3.610000e+01 -2.580000e+01  1.520000e+01
    endloop
  endfacet
  facet normal  0.000000e+00  9.999999e-01  0.000000e+00
    outer loop
      vertex  2.410000e+01 -2.580000e+01  8.000000e-01
      vertex  3.610000e+01 -2.580000e+01  1.520000e+01
      vertex  3.610000e+01 -2.580000e+01  1.320000e+01
    endloop
  endfacet
  facet normal  -0.000000e+00  1.000000e+00  0.000000e+00
    outer loop
      vertex  2.410000e+01 -2.580000e+01  8.000000e-01
      vertex  3.610000e+01 -2.580000e+01  1.320000e+01
      vertex  3.611728e+01 -2.580000e+01  1.320000e+01
    endloop
  endfacet
  facet normal  0.000000e+00  1.000000e+00  0.000000e+00
    outer loop
      vertex  2.410000e+01 -2.580000e+01  8.000000e-01
      vertex  3.611728e+01 -2.580000e+01  1.320000e+01
      vertex  3.710000e+01 -2.580000e+01  1.050000e+01
    endloop
  endfacet
  facet normal  0.000000e+00  1.000000e+00  0.000000e+00
    outer loop
      vertex  2.410000e+01 -2.580000e+01  8.000000e-01
      vertex  3.710000e+01 -2.580000e+01  1.050000e+01
      vertex  3.710000e+01 -2.580000e+01  8.000000e-01
    endloop
  endfacet
  facet normal  0.000000e+00  1.000000e+00  0.000000e+00
    outer loop
      vertex  1.890000e+01 -2.580000e+01  1.520000e+01
      vertex  3.610000e+01 -2.580000e+01  1.520000e+01
      vertex  1.890000e+01 -2.580000e+01  3.700000e+00
    endloop
  endfacet
  facet normal  0.000000e+00  1.000000e+00  0.000000e+00
    outer loop
      vertex  1.890000e+01 -2.580000e+01  3.700000e+00
      vertex  3.610000e+01 -2.580000e+01  1.520000e+01
      vertex  2.410000e+01 -2.580000e+01  3.700000e+00
    endloop
  endfacet
  facet normal  0.000000e+00  9.999999e-01  0.000000e+00
    outer loop
      vertex -4.170000e+01 -2.160000e+01  1.520000e+01
      vertex -2.170000e+01 -2.160000e+01  1.520000e+01
      vertex -4.170000e+01 -2.160000e+01  3.700000e+00
    endloop
  endfacet
  facet normal  0.000000e+00  1.000000e+00  0.000000e+00
    outer loop
      vertex -4.170000e+01 -2.160000e+01  3.700000e+00
      vertex -2.170000e+01 -2.160000e+01  1.520000e+01
      vertex -4.070000e+01 -2.160000e+01  3.700000e+00
    endloop
  endfacet
  facet normal  0.000000e+00  1.000000e+00  -0.000000e+00
    outer loop
      vertex -2.170000e+01 -2.160000e+01  1.520000e+01
      vertex -2.170000e+01 -2.160000e+01  8.000000e-01
      vertex -4.070000e+01 -2.160000e+01  3.700000e+00
    endloop
  endfacet
  facet normal  0.000000e+00  9.999999e-01  0.000000e+00
    outer loop
      vertex -4.070000e+01 -2.160000e+01  3.700000e+00
      vertex -2.170000e+01 -2.160000e+01  8.000000e-01
      vertex -4.070000e+01 -2.160000e+01  8.000000e-01
    endloop
  endfacet
  facet normal  0.000000e+00  0.000000e+00  9.999999e-01
    outer loop
      vertex  2.130491e+01 -2.221922e+01  8.000000e-01
      vertex  2.169509e+01 -2.221922e+01  8.000000e-01
      vertex  2.150000e+01 -2.220000e+01  8.000000e-01
    endloop
  endfacet
  facet normal  -0.000000e+00  0.000000e+00  1.000000e+00
    outer loop
      vertex  2.169509e+01 -2.221922e+01  8.000000e-01
      vertex  2.130491e+01 -2.221922e+01  8.000000e-01
      vertex  2.188268e+01 -2.227612e+01  8.000000e-01
    endloop
  endfacet
  facet normal  0.000000e+00  0.000000e+00  1.000000e+00
    outer loop
      vertex  2.188268e+01 -2.227612e+01  8.000000e-01
      vertex  2.130491e+01 -2.221922e+01  8.000000e-01
      vertex  2.111732e+01 -2.227612e+01  8.000000e-01
    endloop
  endfacet
  facet normal  -0.000000e+00  0.000000e+00  1.000000e+00
    outer loop
      vertex  2.188268e+01 -2.227612e+01  8.000000e-01
      vertex  2.111732e+01 -2.227612e+01  8.000000e-01
      vertex  2.205557e+01 -2.236853e+01  8.000000e-01
    endloop
  endfacet
  facet normal  0.000000e+00  0.000000e+00  1.000000e+00
    outer loop
      vertex  2.205557e+01 -2.236853e+01  8.000000e-01
      vertex  2.111732e+01 -2.227612e+01  8.000000e-01
      vertex  2.094443e+01 -2.236853e+01  8.000000e-01
    endloop
  endfacet
  facet normal  -0.000000e+00  0.000000e+00  1.000000e+00
    outer loop
      vertex  2.205557e+01 -2.236853e+01  8.000000e-01
      vertex  2.094443e+01 -2.236853e+01  8.000000e-01
      vertex  2.220711e+01 -2.249289e+01  8.000000e-01
    endloop
  endfacet
  facet normal  0.000000e+00  0.000000e+00  1.000000e+00
    outer loop
      vertex  2.220711e+01 -2.249289e+01  8.000000e-01
      vertex  2.094443e+01 -2.236853e+01  8.000000e-01
      vertex  2.079289e+01 -2.249289e+01  8.000000e-01
    endloop
  endfacet
  facet normal  -0.000000e+00  0.000000e+00  1.000000e+00
    outer loop
      vertex  2.220711e+01 -2.249289e+01  8.000000e-01
      vertex  2.079289e+01 -2.249289e+01  8.000000e-01
      vertex  2.233147e+01 -2.264443e+01  8.000000e-01
    endloop
  endfacet
  facet normal  0.000000e+00  0.000000e+00  1.000000e+00
    outer loop
      vertex  2.233147e+01 -2.264443e+01  8.000000e-01
      vertex  2.079289e+01 -2.249289e+01  8.000000e-01
      vertex  2.066853e+01 -2.264443e+01  8.000000e-01
    endloop
  endfacet
  facet normal  -0.000000e+00  0.000000e+00  1.000000e+00
    outer loop
      vertex  2.233147e+01 -2.264443e+01  8.000000e-01
      vertex  2.066853e+01 -2.264443e+01  8.000000e-01
      vertex  2.242388e+01 -2.281732e+01  8.000000e-01
    endloop
  endfacet
  facet normal  0.000000e+00  0.000000e+00  1.000000e+00
    outer loop
      vertex  2.242388e+01 -2.281732e+01  8.000000e-01
      vertex  2.066853e+01 -2.264443e+01  8.000000e-01
      vertex  2.057612e+01 -2.281732e+01  8.000000e-01
    endloop
  endfacet
  facet normal  -0.000000e+00  0.000000e+00  1.000000e+00
    outer loop
      vertex  2.242388e+01 -2.281732e+01  8.000000e-01
      vertex  2.057612e+01 -2.281732e+01  8.000000e-01
      vertex  2.248079e+01 -2.300491e+01  8.000000e-01
    endloop
  endfacet
  facet normal  0.000000e+00  0.000000e+00  1.000000e+00
    outer loop
      vertex  2.248079e+01 -2.300491e+01  8.000000e-01
      vertex  2.057612e+01 -2.281732e+01  8.000000e-01
      vertex  2.051921e+01 -2.300491e+01  8.000000e-01
    endloop
  endfacet
  facet normal  -0.000000e+00  0.000000e+00  1.000000e+00
    outer loop
      vertex  2.248079e+01 -2.300491e+01  8.000000e-01
      vertex  2.051921e+01 -2.300491e+01  8.000000e-01
      vertex  2.250000e+01 -2.320000e+01  8.000000e-01
    endloop
  endfacet
  facet normal  0.000000e+00  0.000000e+00  1.000000e+00
    outer loop
      vertex  2.250000e+01 -2.320000e+01  8.000000e-01
      vertex  2.051921e+01 -2.300491e+01  8.000000e-01
      vertex  2.050000e+01 -2.320000e+01  8.000000e-01
    endloop
  endfacet
  facet normal  -0.000000e+00  0.000000e+00  1.000000e+00
    outer loop
      vertex  2.250000e+01 -2.320000e+01  8.000000e-01
      vertex  2.050000e+01 -2.320000e+01  8.000000e-01
      vertex  2.248079e+01 -2.339509e+01  8.000000e-01
    endloop
  endfacet
  facet normal  0.000000e+00  0.000000e+00  9.999999e-01
    outer loop
      vertex  2.248079e+01 -2.339509e+01  8.000000e-01
      vertex  2.050000e+01 -2.320000e+01  8.000000e-01
      vertex  2.051921e+01 -2.339509e+01  8.000000e-01
    endloop
  endfacet
  facet normal  -0.000000e+00  0.000000e+00  1.000000e+00
    outer loop
      vertex  2.248079e+01 -2.339509e+01  8.000000e-01
      vertex  2.051921e+01 -2.339509e+01  8.000000e-01
      vertex  2.242388e+01 -2.358268e+01  8.000000e-01
    endloop
  endfacet
  facet normal  0.000000e+00  0.000000e+00  1.000000e+00
    outer loop
      vertex  2.242388e+01 -2.358268e+01  8.000000e-01
      vertex  2.051921e+01 -2.339509e+01  8.000000e-01
      vertex  2.057612e+01 -2.358268e+01  8.000000e-01
    endloop
  endfacet
  facet normal  -0.000000e+00  0.000000e+00  1.000000e+00
    outer loop
      vertex  2.242388e+01 -2.358268e+01  8.000000e-01
      vertex  2.057612e+01 -2.358268e+01  8.000000e-01
      vertex  2.233147e+01 -2.375557e+01  8.000000e-01
    endloop
  endfacet
  facet normal  0.000000e+00  0.000000e+00  1.000000e+00
    outer loop
      vertex  2.233147e+01 -2.375557e+01  8.000000e-01
      vertex  2.057612e+01 -2.358268e+01  8.000000e-01
      vertex  2.066853e+01 -2.375557e+01  8.000000e-01
    endloop
  endfacet
  facet normal  -0.000000e+00  0.000000e+00  1.000000e+00
    outer loop
      vertex  2.233147e+01 -2.375557e+01  8.000000e-01
      vertex  2.066853e+01 -2.375557e+01  8.000000e-01
      vertex  2.220711e+01 -2.390711e+01  8.000000e-01
    endloop
  endfacet
  facet normal  0.000000e+00  0.000000e+00  1.000000e+00
    outer loop
      vertex  2.220711e+01 -2.390711e+01  8.000000e-01
      vertex  2.066853e+01 -2.375557e+01  8.000000e-01
      vertex  2.079289e+01 -2.390711e+01  8.000000e-01
    endloop
  endfacet
  facet normal  -0.000000e+00  0.000000e+00  1.000000e+00
    outer loop
      vertex  2.220711e+01 -2.390711e+01  8.000000e-01
      vertex  2.079289e+01 -2.390711e+01  8.000000e-01
      vertex  2.205557e+01 -2.403147e+01  8.000000e-01
    endloop
  endfacet
  facet normal  0.000000e+00  0.000000e+00  1.000000e+00
    outer loop
      vertex  2.205557e+01 -2.403147e+01  8.000000e-01
      vertex  2.079289e+01 -2.390711e+01  8.000000e-01
      vertex  2.094443e+01 -2.403147e+01  8.000000e-01
    endloop
  endfacet
  facet normal  -0.000000e+00  0.000000e+00  9.999999e-01
    outer loop
      vertex  2.205557e+01 -2.403147e+01  8.000000e-01
      vertex  2.094443e+01 -2.403147e+01  8.000000e-01
      vertex  2.188268e+01 -2.412388e+01  8.000000e-01
    endloop
  endfacet
  facet normal  0.000000e+00  0.000000e+00  1.000000e+00
    outer loop
      vertex  2.188268e+01 -2.412388e+01  8.000000e-01
      vertex  2.094443e+01 -2.403147e+01  8.000000e-01
      vertex  2.111732e+01 -2.412388e+01  8.000000e-01
    endloop
  endfacet
  facet normal  -0.000000e+00  0.000000e+00  1.000000e+00
    outer loop
      vertex  2.188268e+01 -2.412388e+01  8.000000e-01
      vertex  2.111732e+01 -2.412388e+01  8.000000e-01
      vertex  2.169509e+01 -2.418079e+01  8.000000e-01
    endloop
  endfacet
  facet normal  0.000000e+00  0.000000e+00  1.000000e+00
    outer loop
      vertex  2.169509e+01 -2.418079e+01  8.000000e-01
      vertex  2.111732e+01 -2.412388e+01  8.000000e-01
      vertex  2.130491e+01 -2.418079e+01  8.000000e-01
    endloop
  endfacet
  facet normal  -0.000000e+00  0.000000e+00  9.999999e-01
    outer loop
      vertex  2.169509e+01 -2.418079e+01  8.000000e-01
      vertex  2.130491e+01 -2.418079e+01  8.000000e-01
      vertex  2.150000e+01 -2.420000e+01  8.000000e-01
    endloop
  endfacet
  facet normal  9.801622e-02 -9.951848e-01  0.000000e+00
    outer loop
      vertex  2.150000e+01 -2.220000e+01  8.000000e-01
      vertex  2.130491e+01 -2.221922e+01  3.700000e+00
      vertex  2.130491e+01 -2.221922e+01  8.000000e-01
    endloop
  endfacet
  facet normal  2.902869e-01 -9.569397e-01  0.000000e+00
    outer loop
      vertex  2.130491e+01 -2.221922e+01  8.000000e-01
      vertex  2.130491e+01 -2.221922e+01  3.700000e+00
      vertex  2.111732e+01 -2.227612e+01  3.700000e+00
    endloop
  endfacet
  facet normal  2.902869e-01 -9.569397e-01  0.000000e+00
    outer loop
      vertex  2.130491e+01 -2.221922e+01  8.000000e-01
      vertex  2.111732e+01 -2.227612e+01  3.700000e+00
      vertex  2.111732e+01 -2.227612e+01  8.000000e-01
    endloop
  endfacet
  facet normal  4.713915e-01 -8.819241e-01  0.000000e+00
    outer loop
      vertex  2.111732e+01 -2.227612e+01  8.000000e-01
      vertex  2.111732e+01 -2.227612e+01  3.700000e+00
      vertex  2.094443e+01 -2.236853e+01  3.700000e+00
    endloop
  endfacet
  facet normal  4.713915e-01 -8.819241e-01  0.000000e+00
    outer loop
      vertex  2.111732e+01 -2.227612e+01  8.000000e-01
      vertex  2.094443e+01 -2.236853e+01  3.700000e+00
      vertex  2.094443e+01 -2.236853e+01  8.000000e-01
    endloop
  endfacet
  facet normal  6.343927e-01 -7.730110e-01  0.000000e+00
    outer loop
      vertex  2.094443e+01 -2.236853e+01  8.000000e-01
      vertex  2.094443e+01 -2.236853e+01  3.700000e+00
      vertex  2.079289e+01 -2.249289e+01  3.700000e+00
    endloop
  endfacet
  facet normal  6.343927e-01 -7.730110e-01  0.000000e+00
    outer loop
      vertex  2.094443e+01 -2.236853e+01  8.000000e-01
      vertex  2.079289e+01 -2.249289e+01  3.700000e+00
      vertex  2.079289e+01 -2.249289e+01  8.000000e-01
    endloop
  endfacet
  facet normal  7.730110e-01 -6.343927e-01  0.000000e+00
    outer loop
      vertex  2.079289e+01 -2.249289e+01  8.000000e-01
      vertex  2.079289e+01 -2.249289e+01  3.700000e+00
      vertex  2.066853e+01 -2.264443e+01  3.700000e+00
    endloop
  endfacet
  facet normal  7.730110e-01 -6.343927e-01  0.000000e+00
    outer loop
      vertex  2.079289e+01 -2.249289e+01  8.000000e-01
      vertex  2.066853e+01 -2.264443e+01  3.700000e+00
      vertex  2.066853e+01 -2.264443e+01  8.000000e-01
    endloop
  endfacet
  facet normal  8.819219e-01 -4.713955e-01  0.000000e+00
    outer loop
      vertex  2.066853e+01 -2.264443e+01  8.000000e-01
      vertex  2.066853e+01 -2.264443e+01  3.700000e+00
      vertex  2.057612e+01 -2.281732e+01  3.700000e+00
    endloop
  endfacet
  facet normal  8.819219e-01 -4.713955e-01  0.000000e+00
    outer loop
      vertex  2.066853e+01 -2.264443e+01  8.000000e-01
      vertex  2.057612e+01 -2.281732e+01  3.700000e+00
      vertex  2.057612e+01 -2.281732e+01  8.000000e-01
    endloop
  endfacet
  facet normal  9.569404e-01 -2.902841e-01  0.000000e+00
    outer loop
      vertex  2.057612e+01 -2.281732e+01  8.000000e-01
      vertex  2.057612e+01 -2.281732e+01  3.700000e+00
      vertex  2.051921e+01 -2.300491e+01  3.700000e+00
    endloop
  endfacet
  facet normal  9.569404e-01 -2.902841e-01  0.000000e+00
    outer loop
      vertex  2.057612e+01 -2.281732e+01  8.000000e-01
      vertex  2.051921e+01 -2.300491e+01  3.700000e+00
      vertex  2.051921e+01 -2.300491e+01  8.000000e-01
    endloop
  endfacet
  facet normal  9.951848e-01 -9.801622e-02  0.000000e+00
    outer loop
      vertex  2.051921e+01 -2.300491e+01  8.000000e-01
      vertex  2.051921e+01 -2.300491e+01  3.700000e+00
      vertex  2.050000e+01 -2.320000e+01  3.700000e+00
    endloop
  endfacet
  facet normal  9.951848e-01 -9.801622e-02  0.000000e+00
    outer loop
      vertex  2.051921e+01 -2.300491e+01  8.000000e-01
      vertex  2.050000e+01 -2.320000e+01  3.700000e+00
      vertex  2.050000e+01 -2.320000e+01  8.000000e-01
    endloop
  endfacet
  facet normal  9.801622e-02 -9.951848e-01  0.000000e+00
    outer loop
      vertex  2.130491e+01 -2.221922e+01  3.700000e+00
      vertex  2.150000e+01 -2.220000e+01  8.000000e-01
      vertex  2.150000e+01 -2.220000e+01  3.700000e+00
    endloop
  endfacet
  facet normal -9.801622e-02 -9.951848e-01  -0.000000e+00
    outer loop
      vertex  2.150000e+01 -2.220000e+01  3.700000e+00
      vertex  2.150000e+01 -2.220000e+01  8.000000e-01
      vertex  2.169509e+01 -2.221922e+01  8.000000e-01
    endloop
  endfacet
  facet normal -9.801622e-02 -9.951848e-01  0.000000e+00
    outer loop
      vertex  2.150000e+01 -2.220000e+01  3.700000e+00
      vertex  2.169509e+01 -2.221922e+01  8.000000e-01
      vertex  2.169509e+01 -2.221922e+01  3.700000e+00
    endloop
  endfacet
  facet normal -2.902869e-01 -9.569397e-01  -0.000000e+00
    outer loop
      vertex  2.169509e+01 -2.221922e+01  3.700000e+00
      vertex  2.169509e+01 -2.221922e+01  8.000000e-01
      vertex  2.188268e+01 -2.227612e+01  8.000000e-01
    endloop
  endfacet
  facet normal -2.902869e-01 -9.569397e-01  0.000000e+00
    outer loop
      vertex  2.169509e+01 -2.221922e+01  3.700000e+00
      vertex  2.188268e+01 -2.227612e+01  8.000000e-01
      vertex  2.188268e+01 -2.227612e+01  3.700000e+00
    endloop
  endfacet
  facet normal -4.713915e-01 -8.819241e-01  -0.000000e+00
    outer loop
      vertex  2.188268e+01 -2.227612e+01  3.700000e+00
      vertex  2.188268e+01 -2.227612e+01  8.000000e-01
      vertex  2.205557e+01 -2.236853e+01  8.000000e-01
    endloop
  endfacet
  facet normal -4.713915e-01 -8.819241e-01  0.000000e+00
    outer loop
      vertex  2.188268e+01 -2.227612e+01  3.700000e+00
      vertex  2.205557e+01 -2.236853e+01  8.000000e-01
      vertex  2.205557e+01 -2.236853e+01  3.700000e+00
    endloop
  endfacet
  facet normal -6.343927e-01 -7.730110e-01  -0.000000e+00
    outer loop
      vertex  2.205557e+01 -2.236853e+01  3.700000e+00
      vertex  2.205557e+01 -2.236853e+01  8.000000e-01
      vertex  2.220711e+01 -2.249289e+01  8.000000e-01
    endloop
  endfacet
  facet normal -6.343927e-01 -7.730110e-01  0.000000e+00
    outer loop
      vertex  2.205557e+01 -2.236853e+01  3.700000e+00
      vertex  2.220711e+01 -2.249289e+01  8.000000e-01
      vertex  2.220711e+01 -2.249289e+01  3.700000e+00
    endloop
  endfacet
  facet normal -7.730110e-01 -6.343927e-01  -0.000000e+00
    outer loop
      vertex  2.220711e+01 -2.249289e+01  3.700000e+00
      vertex  2.220711e+01 -2.249289e+01  8.000000e-01
      vertex  2.233147e+01 -2.264443e+01  8.000000e-01
    endloop
  endfacet
  facet normal -7.730110e-01 -6.343927e-01  0.000000e+00
    outer loop
      vertex  2.220711e+01 -2.249289e+01  3.700000e+00
      vertex  2.233147e+01 -2.264443e+01  8.000000e-01
      vertex  2.233147e+01 -2.264443e+01  3.700000e+00
    endloop
  endfacet
  facet normal -8.819219e-01 -4.713955e-01  -0.000000e+00
    outer loop
      vertex  2.233147e+01 -2.264443e+01  3.700000e+00
      vertex  2.233147e+01 -2.264443e+01  8.000000e-01
      vertex  2.242388e+01 -2.281732e+01  8.000000e-01
    endloop
  endfacet
  facet normal -8.819219e-01 -4.713955e-01  0.000000e+00
    outer loop
      vertex  2.233147e+01 -2.264443e+01  3.700000e+00
      vertex  2.242388e+01 -2.281732e+01  8.000000e-01
      vertex  2.242388e+01 -2.281732e+01  3.700000e+00
    endloop
  endfacet
  facet normal -9.569404e-01 -2.902841e-01  -0.000000e+00
    outer loop
      vertex  2.242388e+01 -2.281732e+01  3.700000e+00
      vertex  2.242388e+01 -2.281732e+01  8.000000e-01
      vertex  2.248079e+01 -2.300491e+01  8.000000e-01
    endloop
  endfacet
  facet normal -9.569404e-01 -2.902841e-01  0.000000e+00
    outer loop
      vertex  2.242388e+01 -2.281732e+01  3.700000e+00
      vertex  2.248079e+01 -2.300491e+01  8.000000e-01
      vertex  2.248079e+01 -2.300491e+01  3.700000e+00
    endloop
  endfacet
  facet normal -9.951848e-01 -9.801622e-02  -0.000000e+00
    outer loop
      vertex  2.248079e+01 -2.300491e+01  3.700000e+00
      vertex  2.248079e+01 -2.300491e+01  8.000000e-01
      vertex  2.250000e+01 -2.320000e+01  8.000000e-01
    endloop
  endfacet
  facet normal -9.951848e-01 -9.801622e-02  0.000000e+00
    outer loop
      vertex  2.248079e+01 -2.300491e+01  3.700000e+00
      vertex  2.250000e+01 -2.320000e+01  8.000000e-01
      vertex  2.250000e+01 -2.320000e+01  3.700000e+00
    endloop
  endfacet
  facet normal -9.801622e-02  9.951848e-01  0.000000e+00
    outer loop
      vertex  2.150000e+01 -2.420000e+01  8.000000e-01
      vertex  2.169509e+01 -2.418079e+01  3.700000e+00
      vertex  2.169509e+01 -2.418079e+01  8.000000e-01
    endloop
  endfacet
  facet normal -2.902869e-01  9.569397e-01  0.000000e+00
    outer loop
      vertex  2.169509e+01 -2.418079e+01  8.000000e-01
      vertex  2.169509e+01 -2.418079e+01  3.700000e+00
      vertex  2.188268e+01 -2.412388e+01  3.700000e+00
    endloop
  endfacet
  facet normal -2.902869e-01  9.569397e-01  0.000000e+00
    outer loop
      vertex  2.169509e+01 -2.418079e+01  8.000000e-01
      vertex  2.188268e+01 -2.412388e+01  3.700000e+00
      vertex  2.188268e+01 -2.412388e+01  8.000000e-01
    endloop
  endfacet
  facet normal -4.713991e-01  8.819201e-01  0.000000e+00
    outer loop
      vertex  2.188268e+01 -2.412388e+01  8.000000e-01
      vertex  2.188268e+01 -2.412388e+01  3.700000e+00
      vertex  2.205557e+01 -2.403147e+01  3.700000e+00
    endloop
  endfacet
  facet normal -4.713991e-01  8.819201e-01  0.000000e+00
    outer loop
      vertex  2.188268e+01 -2.412388e+01  8.000000e-01
      vertex  2.205557e+01 -2.403147e+01  3.700000e+00
      vertex  2.205557e+01 -2.403147e+01  8.000000e-01
    endloop
  endfacet
  facet normal -6.343927e-01  7.730110e-01  0.000000e+00
    outer loop
      vertex  2.205557e+01 -2.403147e+01  8.000000e-01
      vertex  2.205557e+01 -2.403147e+01  3.700000e+00
      vertex  2.220711e+01 -2.390711e+01  3.700000e+00
    endloop
  endfacet
  facet normal -6.343927e-01  7.730110e-01  0.000000e+00
    outer loop
      vertex  2.205557e+01 -2.403147e+01  8.000000e-01
      vertex  2.220711e+01 -2.390711e+01  3.700000e+00
      vertex  2.220711e+01 -2.390711e+01  8.000000e-01
    endloop
  endfacet
  facet normal -7.730110e-01  6.343927e-01  0.000000e+00
    outer loop
      vertex  2.220711e+01 -2.390711e+01  8.000000e-01
      vertex  2.220711e+01 -2.390711e+01  3.700000e+00
      vertex  2.233147e+01 -2.375557e+01  3.700000e+00
    endloop
  endfacet
  facet normal -7.730110e-01  6.343927e-01  0.000000e+00
    outer loop
      vertex  2.220711e+01 -2.390711e+01  8.000000e-01
      vertex  2.233147e+01 -2.375557e+01  3.700000e+00
      vertex  2.233147e+01 -2.375557e+01  8.000000e-01
    endloop
  endfacet
  facet normal -8.819219e-01  4.713955e-01  0.000000e+00
    outer loop
      vertex  2.233147e+01 -2.375557e+01  8.000000e-01
      vertex  2.233147e+01 -2.375557e+01  3.700000e+00
      vertex  2.242388e+01 -2.358268e+01  3.700000e+00
    endloop
  endfacet
  facet normal -8.819219e-01  4.713955e-01  0.000000e+00
    outer loop
      vertex  2.233147e+01 -2.375557e+01  8.000000e-01
      vertex  2.242388e+01 -2.358268e+01  3.700000e+00
      vertex  2.242388e+01 -2.358268e+01  8.000000e-01
    endloop
  endfacet
  facet normal -9.569404e-01  2.902841e-01  0.000000e+00
    outer loop
      vertex  2.242388e+01 -2.358268e+01  8.000000e-01
      vertex  2.242388e+01 -2.358268e+01  3.700000e+00
      vertex  2.248079e+01 -2.339509e+01  3.700000e+00
    endloop
  endfacet
  facet normal -9.569404e-01  2.902841e-01  0.000000e+00
    outer loop
      vertex  2.242388e+01 -2.358268e+01  8.000000e-01
      vertex  2.248079e+01 -2.339509e+01  3.700000e+00
      vertex  2.248079e+01 -2.339509e+01  8.000000e-01
    endloop
  endfacet
  facet normal -9.951848e-01  9.801718e-02  0.000000e+00
    outer loop
      vertex  2.248079e+01 -2.339509e+01  8.000000e-01
      vertex  2.248079e+01 -2.339509e+01  3.700000e+00
      vertex  2.250000e+01 -2.320000e+01  3.700000e+00
    endloop
  endfacet
  facet normal -9.951848e-01  9.801718e-02  0.000000e+00
    outer loop
      vertex  2.248079e+01 -2.339509e+01  8.000000e-01
      vertex  2.250000e+01 -2.320000e+01  3.700000e+00
      vertex  2.250000e+01 -2.320000e+01  8.000000e-01
    endloop
  endfacet
  facet normal -9.801622e-02  9.951848e-01  0.000000e+00
    outer loop
      vertex  2.169509e+01 -2.418079e+01  3.700000e+00
      vertex  2.150000e+01 -2.420000e+01  8.000000e-01
      vertex  2.150000e+01 -2.420000e+01  3.700000e+00
    endloop
  endfacet
  facet normal  9.801622e-02  9.951848e-01  0.000000e+00
    outer loop
      vertex  2.150000e+01 -2.420000e+01  3.700000e+00
      vertex  2.150000e+01 -2.420000e+01  8.000000e-01
      vertex  2.130491e+01 -2.418079e+01  8.000000e-01
    endloop
  endfacet
  facet normal  9.801622e-02  9.951848e-01  -0.000000e+00
    outer loop
      vertex  2.150000e+01 -2.420000e+01  3.700000e+00
      vertex  2.130491e+01 -2.418079e+01  8.000000e-01
      vertex  2.130491e+01 -2.418079e+01  3.700000e+00
    endloop
  endfacet
  facet normal  2.902869e-01  9.569397e-01  0.000000e+00
    outer loop
      vertex  2.130491e+01 -2.418079e+01  3.700000e+00
      vertex  2.130491e+01 -2.418079e+01  8.000000e-01
      vertex  2.111732e+01 -2.412388e+01  8.000000e-01
    endloop
  endfacet
  facet normal  2.902869e-01  9.569397e-01  -0.000000e+00
    outer loop
      vertex  2.130491e+01 -2.418079e+01  3.700000e+00
      vertex  2.111732e+01 -2.412388e+01  8.000000e-01
      vertex  2.111732e+01 -2.412388e+01  3.700000e+00
    endloop
  endfacet
  facet normal  4.713991e-01  8.819201e-01  0.000000e+00
    outer loop
      vertex  2.111732e+01 -2.412388e+01  3.700000e+00
      vertex  2.111732e+01 -2.412388e+01  8.000000e-01
      vertex  2.094443e+01 -2.403147e+01  8.000000e-01
    endloop
  endfacet
  facet normal  4.713991e-01  8.819201e-01  -0.000000e+00
    outer loop
      vertex  2.111732e+01 -2.412388e+01  3.700000e+00
      vertex  2.094443e+01 -2.403147e+01  8.000000e-01
      vertex  2.094443e+01 -2.403147e+01  3.700000e+00
    endloop
  endfacet
  facet normal  6.343927e-01  7.730110e-01  0.000000e+00
    outer loop
      vertex  2.094443e+01 -2.403147e+01  3.700000e+00
      vertex  2.094443e+01 -2.403147e+01  8.000000e-01
      vertex  2.079289e+01 -2.390711e+01  8.000000e-01
    endloop
  endfacet
  facet normal  6.343927e-01  7.730110e-01  -0.000000e+00
    outer loop
      vertex  2.094443e+01 -2.403147e+01  3.700000e+00
      vertex  2.079289e+01 -2.390711e+01  8.000000e-01
      vertex  2.079289e+01 -2.390711e+01  3.700000e+00
    endloop
  endfacet
  facet normal  7.730110e-01  6.343927e-01  0.000000e+00
    outer loop
      vertex  2.079289e+01 -2.390711e+01  3.700000e+00
      vertex  2.079289e+01 -2.390711e+01  8.000000e-01
      vertex  2.066853e+01 -2.375557e+01  8.000000e-01
    endloop
  endfacet
  facet normal  7.730110e-01  6.343927e-01  -0.000000e+00
    outer loop
      vertex  2.079289e+01 -2.390711e+01  3.700000e+00
      vertex  2.066853e+01 -2.375557e+01  8.000000e-01
      vertex  2.066853e+01 -2.375557e+01  3.700000e+00
    endloop
  endfacet
  facet normal  8.819219e-01  4.713955e-01  0.000000e+00
    outer loop
      vertex  2.066853e+01 -2.375557e+01  3.700000e+00
      vertex  2.066853e+01 -2.375557e+01  8.000000e-01
      vertex  2.057612e+01 -2.358268e+01  8.000000e-01
    endloop
  endfacet
  facet normal  8.819219e-01  4.713955e-01  -0.000000e+00
    outer loop
      vertex  2.066853e+01 -2.375557e+01  3.700000e+00
      vertex  2.057612e+01 -2.358268e+01  8.000000e-01
      vertex  2.057612e+01 -2.358268e+01  3.700000e+00
    endloop
  endfacet
  facet normal  9.569404e-01  2.902841e-01  0.000000e+00
    outer loop
      vertex  2.057612e+01 -2.358268e+01  3.700000e+00
      vertex  2.057612e+01 -2.358268e+01  8.000000e-01
      vertex  2.051921e+01 -2.339509e+01  8.000000e-01
    endloop
  endfacet
  facet normal  9.569404e-01  2.902841e-01  -0.000000e+00
    outer loop
      vertex  2.057612e+01 -2.358268e+01  3.700000e+00
      vertex  2.051921e+01 -2.339509e+01  8.000000e-01
      vertex  2.051921e+01 -2.339509e+01  3.700000e+00
    endloop
  endfacet
  facet normal  9.951848e-01  9.801718e-02  0.000000e+00
    outer loop
      vertex  2.051921e+01 -2.339509e+01  3.700000e+00
      vertex  2.051921e+01 -2.339509e+01  8.000000e-01
      vertex  2.050000e+01 -2.320000e+01  8.000000e-01
    endloop
  endfacet
  facet normal  9.951848e-01  9.801718e-02  -0.000000e+00
    outer loop
      vertex  2.051921e+01 -2.339509e+01  3.700000e+00
      vertex  2.050000e+01 -2.320000e+01  8.000000e-01
      vertex  2.050000e+01 -2.320000e+01  3.700000e+00
    endloop
  endfacet
  facet normal  0.000000e+00  0.000000e+00  1.000000e+00
    outer loop
      vertex  4.070000e+01 -2.160000e+01  3.700000e+00
      vertex  4.170000e+01 -2.160000e+01  3.700000e+00
      vertex  4.070000e+01  2.350000e+00  3.700000e+00
    endloop
  endfacet
  facet normal  -0.000000e+00  0.000000e+00  1.000000e+00
    outer loop
      vertex  4.070000e+01  2.350000e+00  3.700000e+00
      vertex  4.170000e+01 -2.160000e+01  3.700000e+00
      vertex  4.170000e+01  2.350000e+00  3.700000e+00
    endloop
  endfacet
  facet normal -1.000000e+00  0.000000e+00  0.000000e+00
    outer loop
      vertex  4.070000e+01  2.350000e+00  3.700000e+00
      vertex  4.070000e+01  2.350000e+00  8.000000e-01
      vertex  4.070000e+01 -2.160000e+01  3.700000e+00
    endloop
  endfacet
  facet normal -1.000000e+00  0.000000e+00  0.000000e+00
    outer loop
      vertex  4.070000e+01 -2.160000e+01  3.700000e+00
      vertex  4.070000e+01  2.350000e+00  8.000000e-01
      vertex  4.070000e+01 -2.160000e+01  8.000000e-01
    endloop
  endfacet
  facet normal  0.000000e+00  0.000000e+00  1.000000e+00
    outer loop
      vertex -4.170000e+01 -2.160000e+01  3.700000e+00
      vertex -4.070000e+01 -2.160000e+01  3.700000e+00
      vertex -4.170000e+01  2.350000e+00  3.700000e+00
    endloop
  endfacet
  facet normal  -0.000000e+00  0.000000e+00  1.000000e+00
    outer loop
      vertex -4.170000e+01  2.350000e+00  3.700000e+00
      vertex -4.070000e+01 -2.160000e+01  3.700000e+00
      vertex -4.070000e+01  2.350000e+00  3.700000e+00
    endloop
  endfacet
  facet normal  1.000000e+00  0.000000e+00  0.000000e+00
    outer loop
      vertex -4.070000e+01 -2.160000e+01  3.700000e+00
      vertex -4.070000e+01 -2.160000e+01  8.000000e-01
      vertex -4.070000e+01  2.350000e+00  3.700000e+00
    endloop
  endfacet
  facet normal  1.000000e+00  0.000000e+00  0.000000e+00
    outer loop
      vertex -4.070000e+01  2.350000e+00  3.700000e+00
      vertex -4.070000e+01 -2.160000e+01  8.000000e-01
      vertex -4.070000e+01  2.350000e+00  8.000000e-01
    endloop
  endfacet
  facet normal  -0.000000e+00  0.000000e+00 -1.000000e+00
    outer loop
      vertex -3.610000e+01 -2.330000e+01  1.400000e+01
      vertex -2.050000e+01 -2.330000e+01  1.400000e+01
      vertex -3.610000e+01 -2.580000e+01  1.400000e+01
    endloop
  endfacet
  facet normal  0.000000e+00  0.000000e+00 -1.000000e+00
    outer loop
      vertex -3.610000e+01 -2.580000e+01  1.400000e+01
      vertex -2.050000e+01 -2.330000e+01  1.400000e+01
      vertex -2.050000e+01 -2.580000e+01  1.400000e+01
    endloop
  endfacet
  facet normal  1.000000e+00  0.000000e+00  0.000000e+00
    outer loop
      vertex -3.610000e+01 -2.330000e+01  1.220000e+01
      vertex -3.610000e+01 -2.330000e+01  1.400000e+01
      vertex -3.610000e+01 -2.580000e+01  1.220000e+01
    endloop
  endfacet
  facet normal  1.000000e+00  0.000000e+00  0.000000e+00
    outer loop
      vertex -3.610000e+01 -2.580000e+01  1.220000e+01
      vertex -3.610000e+01 -2.330000e+01  1.400000e+01
      vertex -3.610000e+01 -2.580000e+01  1.400000e+01
    endloop
  endfacet
  facet normal  -0.000000e+00 -1.000000e+00  -0.000000e+00
    outer loop
      vertex -2.050000e+01 -2.330000e+01  8.000000e-01
      vertex -2.050000e+01 -2.330000e+01  1.400000e+01
      vertex -3.610000e+01 -2.330000e+01  1.400000e+01
    endloop
  endfacet
  facet normal  0.000000e+00 -1.000000e+00  0.000000e+00
    outer loop
      vertex -2.050000e+01 -2.330000e+01  8.000000e-01
      vertex -3.610000e+01 -2.330000e+01  1.400000e+01
      vertex -3.610000e+01 -2.330000e+01  1.220000e+01
    endloop
  endfacet
  facet normal  -0.000000e+00 -1.000000e+00  -0.000000e+00
    outer loop
      vertex -2.050000e+01 -2.330000e+01  8.000000e-01
      vertex -3.610000e+01 -2.330000e+01  1.220000e+01
      vertex -3.741678e+01 -2.330000e+01  1.220000e+01
    endloop
  endfacet
  facet normal  0.000000e+00 -1.000000e+00  0.000000e+00
    outer loop
      vertex -2.050000e+01 -2.330000e+01  8.000000e-01
      vertex -3.741678e+01 -2.330000e+01  1.220000e+01
      vertex -3.741678e+01 -2.330000e+01  1.080000e+01
    endloop
  endfacet
  facet normal  -0.000000e+00 -1.000000e+00  -0.000000e+00
    outer loop
      vertex -2.050000e+01 -2.330000e+01  8.000000e-01
      vertex -3.741678e+01 -2.330000e+01  1.080000e+01
      vertex -3.978321e+01 -2.330000e+01  1.080000e+01
    endloop
  endfacet
  facet normal  0.000000e+00 -1.000000e+00  -0.000000e+00
    outer loop
      vertex -2.050000e+01 -2.330000e+01  8.000000e-01
      vertex -3.978321e+01 -2.330000e+01  1.080000e+01
      vertex -4.110000e+01 -2.330000e+01  8.000000e-01
    endloop
  endfacet
  facet normal  0.000000e+00 -1.000000e+00  0.000000e+00
    outer loop
      vertex -3.978321e+01 -2.330000e+01  1.220000e+01
      vertex -4.110000e+01 -2.330000e+01  1.220000e+01
      vertex -3.978321e+01 -2.330000e+01  1.080000e+01
    endloop
  endfacet
  facet normal  -0.000000e+00 -1.000000e+00  0.000000e+00
    outer loop
      vertex -3.978321e+01 -2.330000e+01  1.080000e+01
      vertex -4.110000e+01 -2.330000e+01  1.220000e+01
      vertex -4.110000e+01 -2.330000e+01  8.000000e-01
    endloop
  endfacet
  facet normal  0.000000e+00  1.000000e+00  -0.000000e+00
    outer loop
      vertex -2.050000e+01 -2.580000e+01  1.400000e+01
      vertex -2.050000e+01 -2.580000e+01  8.000000e-01
      vertex -3.610000e+01 -2.580000e+01  1.400000e+01
    endloop
  endfacet
  facet normal  0.000000e+00  1.000000e+00  0.000000e+00
    outer loop
      vertex -3.610000e+01 -2.580000e+01  1.400000e+01
      vertex -2.050000e+01 -2.580000e+01  8.000000e-01
      vertex -3.610000e+01 -2.580000e+01  1.220000e+01
    endloop
  endfacet
  facet normal  0.000000e+00  1.000000e+00  0.000000e+00
    outer loop
      vertex -2.050000e+01 -2.580000e+01  8.000000e-01
      vertex -4.110000e+01 -2.580000e+01  8.000000e-01
      vertex -3.610000e+01 -2.580000e+01  1.220000e+01
    endloop
  endfacet
  facet normal  0.000000e+00  1.000000e+00  0.000000e+00
    outer loop
      vertex -3.610000e+01 -2.580000e+01  1.220000e+01
      vertex -4.110000e+01 -2.580000e+01  8.000000e-01
      vertex -4.110000e+01 -2.580000e+01  1.220000e+01
    endloop
  endfacet
  facet normal  1.000000e+00  0.000000e+00  0.000000e+00
    outer loop
      vertex -4.110000e+01 -2.580000e+01  8.000000e-01
      vertex -4.110000e+01 -2.330000e+01  8.000000e-01
      vertex -4.110000e+01 -2.580000e+01  1.220000e+01
    endloop
  endfacet
  facet normal  1.000000e+00  -0.000000e+00  0.000000e+00
    outer loop
      vertex -4.110000e+01 -2.580000e+01  1.220000e+01
      vertex -4.110000e+01 -2.330000e+01  8.000000e-01
      vertex -4.110000e+01 -2.330000e+01  1.220000e+01
    endloop
  endfacet
  facet normal  0.000000e+00  0.000000e+00  1.000000e+00
    outer loop
      vertex -4.110000e+01 -2.580000e+01  8.000000e-01
      vertex -2.050000e+01 -2.580000e+01  8.000000e-01
      vertex -4.110000e+01 -2.330000e+01  8.000000e-01
    endloop
  endfacet
  facet normal  -0.000000e+00  0.000000e+00  1.000000e+00
    outer loop
      vertex -4.110000e+01 -2.330000e+01  8.000000e-01
      vertex -2.050000e+01 -2.580000e+01  8.000000e-01
      vertex -2.050000e+01 -2.330000e+01  8.000000e-01
    endloop
  endfacet
  facet normal  0.000000e+00  0.000000e+00 -1.000000e+00
    outer loop
      vertex -4.110000e+01 -2.580000e+01  1.220000e+01
      vertex -4.110000e+01 -2.330000e+01  1.220000e+01
      vertex -3.978321e+01 -2.330000e+01  1.220000e+01
    endloop
  endfacet
  facet normal  0.000000e+00  -0.000000e+00 -9.999999e-01
    outer loop
      vertex -4.110000e+01 -2.580000e+01  1.220000e+01
      vertex -3.978321e+01 -2.330000e+01  1.220000e+01
      vertex -3.972536e+01 -2.351661e+01  1.220000e+01
    endloop
  endfacet
  facet normal  0.000000e+00  -0.000000e+00 -1.000000e+00
    outer loop
      vertex -4.110000e+01 -2.580000e+01  1.220000e+01
      vertex -3.972536e+01 -2.351661e+01  1.220000e+01
      vertex -3.962822e+01 -2.371869e+01  1.220000e+01
    endloop
  endfacet
  facet normal  0.000000e+00  -0.000000e+00 -1.000000e+00
    outer loop
      vertex -4.110000e+01 -2.580000e+01  1.220000e+01
      vertex -3.962822e+01 -2.371869e+01  1.220000e+01
      vertex -3.949518e+01 -2.389916e+01  1.220000e+01
    endloop
  endfacet
  facet normal  0.000000e+00  -0.000000e+00 -1.000000e+00
    outer loop
      vertex -4.110000e+01 -2.580000e+01  1.220000e+01
      vertex -3.949518e+01 -2.389916e+01  1.220000e+01
      vertex -3.933089e+01 -2.405173e+01  1.220000e+01
    endloop
  endfacet
  facet normal  0.000000e+00  -0.000000e+00 -1.000000e+00
    outer loop
      vertex -4.110000e+01 -2.580000e+01  1.220000e+01
      vertex -3.933089e+01 -2.405173e+01  1.220000e+01
      vertex -3.914109e+01 -2.417108e+01  1.220000e+01
    endloop
  endfacet
  facet normal  0.000000e+00  -0.000000e+00 -1.000000e+00
    outer loop
      vertex -4.110000e+01 -2.580000e+01  1.220000e+01
      vertex -3.914109e+01 -2.417108e+01  1.220000e+01
      vertex -3.893240e+01 -2.425304e+01  1.220000e+01
    endloop
  endfacet
  facet normal  0.000000e+00  -0.000000e+00 -1.000000e+00
    outer loop
      vertex -4.110000e+01 -2.580000e+01  1.220000e+01
      vertex -3.893240e+01 -2.425304e+01  1.220000e+01
      vertex -3.871210e+01 -2.429475e+01  1.220000e+01
    endloop
  endfacet
  facet normal  0.000000e+00  -0.000000e+00 -1.000000e+00
    outer loop
      vertex -4.110000e+01 -2.580000e+01  1.220000e+01
      vertex -3.871210e+01 -2.429475e+01  1.220000e+01
      vertex -3.848790e+01 -2.429475e+01  1.220000e+01
    endloop
  endfacet
  facet normal  0.000000e+00  -0.000000e+00 -9.999999e-01
    outer loop
      vertex -4.110000e+01 -2.580000e+01  1.220000e+01
      vertex -3.848790e+01 -2.429475e+01  1.220000e+01
      vertex -3.610000e+01 -2.580000e+01  1.220000e+01
    endloop
  endfacet
  facet normal  0.000000e+00  0.000000e+00 -1.000000e+00
    outer loop
      vertex -3.610000e+01 -2.580000e+01  1.220000e+01
      vertex -3.848790e+01 -2.429475e+01  1.220000e+01
      vertex -3.826760e+01 -2.425304e+01  1.220000e+01
    endloop
  endfacet
  facet normal  0.000000e+00  0.000000e+00 -1.000000e+00
    outer loop
      vertex -3.610000e+01 -2.580000e+01  1.220000e+01
      vertex -3.826760e+01 -2.425304e+01  1.220000e+01
      vertex -3.805891e+01 -2.417108e+01  1.220000e+01
    endloop
  endfacet
  facet normal  0.000000e+00  0.000000e+00 -1.000000e+00
    outer loop
      vertex -3.610000e+01 -2.580000e+01  1.220000e+01
      vertex -3.805891e+01 -2.417108e+01  1.220000e+01
      vertex -3.786911e+01 -2.405173e+01  1.220000e+01
    endloop
  endfacet
  facet normal  0.000000e+00  0.000000e+00 -1.000000e+00
    outer loop
      vertex -3.610000e+01 -2.580000e+01  1.220000e+01
      vertex -3.786911e+01 -2.405173e+01  1.220000e+01
      vertex -3.770482e+01 -2.389916e+01  1.220000e+01
    endloop
  endfacet
  facet normal  0.000000e+00  0.000000e+00 -1.000000e+00
    outer loop
      vertex -3.610000e+01 -2.580000e+01  1.220000e+01
      vertex -3.770482e+01 -2.389916e+01  1.220000e+01
      vertex -3.757178e+01 -2.371869e+01  1.220000e+01
    endloop
  endfacet
  facet normal  0.000000e+00  0.000000e+00 -1.000000e+00
    outer loop
      vertex -3.610000e+01 -2.580000e+01  1.220000e+01
      vertex -3.757178e+01 -2.371869e+01  1.220000e+01
      vertex -3.747464e+01 -2.351661e+01  1.220000e+01
    endloop
  endfacet
  facet normal  0.000000e+00  0.000000e+00 -1.000000e+00
    outer loop
      vertex -3.610000e+01 -2.580000e+01  1.220000e+01
      vertex -3.747464e+01 -2.351661e+01  1.220000e+01
      vertex -3.741678e+01 -2.330000e+01  1.220000e+01
    endloop
  endfacet
  facet normal  0.000000e+00  0.000000e+00 -1.000000e+00
    outer loop
      vertex -3.610000e+01 -2.580000e+01  1.220000e+01
      vertex -3.741678e+01 -2.330000e+01  1.220000e+01
      vertex -3.610000e+01 -2.330000e+01  1.220000e+01
    endloop
  endfacet
  facet normal -9.964985e-01  8.361095e-02  0.000000e+00
    outer loop
      vertex -3.741678e+01 -2.330000e+01  1.220000e+01
      vertex -3.740000e+01 -2.310000e+01  1.080000e+01
      vertex -3.741678e+01 -2.330000e+01  1.080000e+01
    endloop
  endfacet
  facet normal -9.569393e-01  2.902853e-01 -1.205935e-03
    outer loop
      vertex -3.747464e+01 -2.351661e+01  1.220000e+01
      vertex -3.749134e+01 -2.355922e+01  1.520000e+01
      vertex -3.742306e+01 -2.333411e+01  1.520000e+01
    endloop
  endfacet
  facet normal -9.012588e-01  4.332794e-01  1.134832e-03
    outer loop
      vertex -3.749134e+01 -2.355922e+01  1.520000e+01
      vertex -3.747464e+01 -2.351661e+01  1.220000e+01
      vertex -3.757178e+01 -2.371869e+01  1.220000e+01
    endloop
  endfacet
  facet normal -8.819181e-01  4.714006e-01 -1.410108e-03
    outer loop
      vertex -3.757178e+01 -2.371869e+01  1.220000e+01
      vertex -3.760224e+01 -2.376668e+01  1.520000e+01
      vertex -3.749134e+01 -2.355922e+01  1.520000e+01
    endloop
  endfacet
  facet normal -8.049332e-01  5.933639e-01  1.322707e-03
    outer loop
      vertex -3.760224e+01 -2.376668e+01  1.520000e+01
      vertex -3.757178e+01 -2.371869e+01  1.220000e+01
      vertex -3.770482e+01 -2.389916e+01  1.220000e+01
    endloop
  endfacet
  facet normal -7.730123e-01  6.343892e-01 -1.580433e-03
    outer loop
      vertex -3.770482e+01 -2.389916e+01  1.220000e+01
      vertex -3.775147e+01 -2.394853e+01  1.520000e+01
      vertex -3.760224e+01 -2.376668e+01  1.520000e+01
    endloop
  endfacet
  facet normal -6.805111e-01  7.327364e-01  1.476421e-03
    outer loop
      vertex -3.775147e+01 -2.394853e+01  1.520000e+01
      vertex -3.770482e+01 -2.389916e+01  1.220000e+01
      vertex -3.786911e+01 -2.405173e+01  1.220000e+01
    endloop
  endfacet
  facet normal -6.343929e-01  7.730088e-01 -1.717365e-03
    outer loop
      vertex -3.786911e+01 -2.405173e+01  1.220000e+01
      vertex -3.793332e+01 -2.409776e+01  1.520000e+01
      vertex -3.775147e+01 -2.394853e+01  1.520000e+01
    endloop
  endfacet
  facet normal -5.323148e-01  8.465450e-01  1.595705e-03
    outer loop
      vertex -3.793332e+01 -2.409776e+01  1.520000e+01
      vertex -3.786911e+01 -2.405173e+01  1.220000e+01
      vertex -3.805891e+01 -2.417108e+01  1.220000e+01
    endloop
  endfacet
  facet normal -4.713969e-01  8.819193e-01 -1.819175e-03
    outer loop
      vertex -3.805891e+01 -2.417108e+01  1.220000e+01
      vertex -3.814078e+01 -2.420866e+01  1.520000e+01
      vertex -3.793332e+01 -2.409776e+01  1.520000e+01
    endloop
  endfacet
  facet normal -3.655555e-01  9.307880e-01  1.681320e-03
    outer loop
      vertex -3.814078e+01 -2.420866e+01  1.520000e+01
      vertex -3.805891e+01 -2.417108e+01  1.220000e+01
      vertex -3.826760e+01 -2.425304e+01  1.220000e+01
    endloop
  endfacet
  facet normal -2.902872e-01  9.569376e-01 -1.887419e-03
    outer loop
      vertex -3.826760e+01 -2.425304e+01  1.220000e+01
      vertex -3.836589e+01 -2.427694e+01  1.520000e+01
      vertex -3.814078e+01 -2.420866e+01  1.520000e+01
    endloop
  endfacet
  facet normal -1.860230e-01  9.825439e-01  1.732594e-03
    outer loop
      vertex -3.836589e+01 -2.427694e+01  1.520000e+01
      vertex -3.826760e+01 -2.425304e+01  1.220000e+01
      vertex -3.848790e+01 -2.429475e+01  1.220000e+01
    endloop
  endfacet
  facet normal -9.801026e-02  9.951836e-01 -1.921784e-03
    outer loop
      vertex -3.848790e+01 -2.429475e+01  1.220000e+01
      vertex -3.860000e+01 -2.430000e+01  1.520000e+01
      vertex -3.836589e+01 -2.427694e+01  1.520000e+01
    endloop
  endfacet
  facet normal  0.000000e+00  9.999985e-01  1.749036e-03
    outer loop
      vertex -3.871210e+01 -2.429475e+01  1.220000e+01
      vertex -3.860000e+01 -2.430000e+01  1.520000e+01
      vertex -3.848790e+01 -2.429475e+01  1.220000e+01
    endloop
  endfacet
  facet normal  9.800868e-02  9.951837e-01 -1.921849e-03
    outer loop
      vertex -3.883411e+01 -2.427694e+01  1.520000e+01
      vertex -3.860000e+01 -2.430000e+01  1.520000e+01
      vertex -3.871210e+01 -2.429475e+01  1.220000e+01
    endloop
  endfacet
  facet normal  1.860230e-01  9.825439e-01  1.732595e-03
    outer loop
      vertex -3.893240e+01 -2.425304e+01  1.220000e+01
      vertex -3.883411e+01 -2.427694e+01  1.520000e+01
      vertex -3.871210e+01 -2.429475e+01  1.220000e+01
    endloop
  endfacet
  facet normal  2.902872e-01  9.569376e-01 -1.887419e-03
    outer loop
      vertex -3.905922e+01 -2.420866e+01  1.520000e+01
      vertex -3.883411e+01 -2.427694e+01  1.520000e+01
      vertex -3.893240e+01 -2.425304e+01  1.220000e+01
    endloop
  endfacet
  facet normal  3.655555e-01  9.307880e-01  1.681320e-03
    outer loop
      vertex -3.914109e+01 -2.417108e+01  1.220000e+01
      vertex -3.905922e+01 -2.420866e+01  1.520000e+01
      vertex -3.893240e+01 -2.425304e+01  1.220000e+01
    endloop
  endfacet
  facet normal  4.713969e-01  8.819193e-01 -1.819175e-03
    outer loop
      vertex -3.926669e+01 -2.409776e+01  1.520000e+01
      vertex -3.905922e+01 -2.420866e+01  1.520000e+01
      vertex -3.914109e+01 -2.417108e+01  1.220000e+01
    endloop
  endfacet
  facet normal  5.323224e-01  8.465402e-01  1.596143e-03
    outer loop
      vertex -3.933089e+01 -2.405173e+01  1.220000e+01
      vertex -3.926669e+01 -2.409776e+01  1.520000e+01
      vertex -3.914109e+01 -2.417108e+01  1.220000e+01
    endloop
  endfacet
  facet normal  6.343929e-01  7.730088e-01 -1.716559e-03
    outer loop
      vertex -3.944853e+01 -2.394853e+01  1.520000e+01
      vertex -3.926669e+01 -2.409776e+01  1.520000e+01
      vertex -3.933089e+01 -2.405173e+01  1.220000e+01
    endloop
  endfacet
  facet normal  6.805026e-01  7.327442e-01  1.476682e-03
    outer loop
      vertex -3.949518e+01 -2.389916e+01  1.220000e+01
      vertex -3.944853e+01 -2.394853e+01  1.520000e+01
      vertex -3.933089e+01 -2.405173e+01  1.220000e+01
    endloop
  endfacet
  facet normal  7.730123e-01  6.343892e-01 -1.580433e-03
    outer loop
      vertex -3.959776e+01 -2.376668e+01  1.520000e+01
      vertex -3.944853e+01 -2.394853e+01  1.520000e+01
      vertex -3.949518e+01 -2.389916e+01  1.220000e+01
    endloop
  endfacet
  facet normal  8.049332e-01  5.933639e-01  1.322707e-03
    outer loop
      vertex -3.962822e+01 -2.371869e+01  1.220000e+01
      vertex -3.959776e+01 -2.376668e+01  1.520000e+01
      vertex -3.949518e+01 -2.389916e+01  1.220000e+01
    endloop
  endfacet
  facet normal  8.819181e-01  4.714006e-01 -1.410108e-03
    outer loop
      vertex -3.970866e+01 -2.355922e+01  1.520000e+01
      vertex -3.959776e+01 -2.376668e+01  1.520000e+01
      vertex -3.962822e+01 -2.371869e+01  1.220000e+01
    endloop
  endfacet
  facet normal  9.012656e-01  4.332656e-01  1.135745e-03
    outer loop
      vertex -3.972536e+01 -2.351661e+01  1.220000e+01
      vertex -3.970866e+01 -2.355922e+01  1.520000e+01
      vertex -3.962822e+01 -2.371869e+01  1.220000e+01
    endloop
  endfacet
  facet normal  9.569393e-01  2.902853e-01 -1.204719e-03
    outer loop
      vertex -3.977694e+01 -2.333411e+01  1.520000e+01
      vertex -3.970866e+01 -2.355922e+01  1.520000e+01
      vertex -3.972536e+01 -2.351661e+01  1.220000e+01
    endloop
  endfacet
  facet normal  9.964969e-01  8.362982e-02  -0.000000e+00
    outer loop
      vertex -3.978321e+01 -2.330000e+01  1.220000e+01
      vertex -3.978321e+01 -2.330000e+01  1.080000e+01
      vertex -3.980000e+01 -2.310000e+01  1.080000e+01
    endloop
  endfacet
  facet normal  9.964969e-01  8.362982e-02  -0.000000e+00
    outer loop
      vertex -3.978321e+01 -2.330000e+01  1.220000e+01
      vertex -3.980000e+01 -2.310000e+01  1.080000e+01
      vertex -3.980000e+01 -2.310000e+01  1.520000e+01
    endloop
  endfacet
  facet normal  9.951849e-01  9.801039e-02 -9.660392e-04
    outer loop
      vertex -3.978321e+01 -2.330000e+01  1.220000e+01
      vertex -3.980000e+01 -2.310000e+01  1.520000e+01
      vertex -3.977694e+01 -2.333411e+01  1.520000e+01
    endloop
  endfacet
  facet normal  9.661308e-01  2.580512e-01  9.143135e-04
    outer loop
      vertex -3.978321e+01 -2.330000e+01  1.220000e+01
      vertex -3.977694e+01 -2.333411e+01  1.520000e+01
      vertex -3.972536e+01 -2.351661e+01  1.220000e+01
    endloop
  endfacet
  facet normal -9.661308e-01  2.580512e-01  9.130849e-04
    outer loop
      vertex -3.747464e+01 -2.351661e+01  1.220000e+01
      vertex -3.742306e+01 -2.333411e+01  1.520000e+01
      vertex -3.741678e+01 -2.330000e+01  1.220000e+01
    endloop
  endfacet
  facet normal -9.951849e-01  9.801039e-02 -9.673045e-04
    outer loop
      vertex -3.741678e+01 -2.330000e+01  1.220000e+01
      vertex -3.742306e+01 -2.333411e+01  1.520000e+01
      vertex -3.740000e+01 -2.310000e+01  1.520000e+01
    endloop
  endfacet
  facet normal -9.964985e-01  8.361095e-02  0.000000e+00
    outer loop
      vertex -3.741678e+01 -2.330000e+01  1.220000e+01
      vertex -3.740000e+01 -2.310000e+01  1.520000e+01
      vertex -3.740000e+01 -2.310000e+01  1.080000e+01
    endloop
  endfacet
  facet normal  0.000000e+00  0.000000e+00  1.000000e+00
    outer loop
      vertex -3.978321e+01 -2.330000e+01  1.080000e+01
      vertex -3.741678e+01 -2.330000e+01  1.080000e+01
      vertex -3.980000e+01 -2.310000e+01  1.080000e+01
    endloop
  endfacet
  facet normal  -0.000000e+00  0.000000e+00  1.000000e+00
    outer loop
      vertex -3.980000e+01 -2.310000e+01  1.080000e+01
      vertex -3.741678e+01 -2.330000e+01  1.080000e+01
      vertex -3.740000e+01 -2.310000e+01  1.080000e+01
    endloop
  endfacet
  facet normal  0.000000e+00  0.000000e+00  1.000000e+00
    outer loop
      vertex -3.980000e+01 -2.310000e+01  1.080000e+01
      vertex -3.740000e+01 -2.310000e+01  1.080000e+01
      vertex -3.977694e+01 -2.286589e+01  1.080000e+01
    endloop
  endfacet
  facet normal  -0.000000e+00  0.000000e+00  1.000000e+00
    outer loop
      vertex -3.977694e+01 -2.286589e+01  1.080000e+01
      vertex -3.740000e+01 -2.310000e+01  1.080000e+01
      vertex -3.742306e+01 -2.286589e+01  1.080000e+01
    endloop
  endfacet
  facet normal  0.000000e+00  0.000000e+00  1.000000e+00
    outer loop
      vertex -3.977694e+01 -2.286589e+01  1.080000e+01
      vertex -3.742306e+01 -2.286589e+01  1.080000e+01
      vertex -3.970866e+01 -2.264078e+01  1.080000e+01
    endloop
  endfacet
  facet normal  -0.000000e+00  0.000000e+00  1.000000e+00
    outer loop
      vertex -3.970866e+01 -2.264078e+01  1.080000e+01
      vertex -3.742306e+01 -2.286589e+01  1.080000e+01
      vertex -3.749134e+01 -2.264078e+01  1.080000e+01
    endloop
  endfacet
  facet normal  0.000000e+00  0.000000e+00  1.000000e+00
    outer loop
      vertex -3.970866e+01 -2.264078e+01  1.080000e+01
      vertex -3.749134e+01 -2.264078e+01  1.080000e+01
      vertex -3.959776e+01 -2.243332e+01  1.080000e+01
    endloop
  endfacet
  facet normal  -0.000000e+00  0.000000e+00  1.000000e+00
    outer loop
      vertex -3.959776e+01 -2.243332e+01  1.080000e+01
      vertex -3.749134e+01 -2.264078e+01  1.080000e+01
      vertex -3.760224e+01 -2.243332e+01  1.080000e+01
    endloop
  endfacet
  facet normal  0.000000e+00  0.000000e+00  1.000000e+00
    outer loop
      vertex -3.959776e+01 -2.243332e+01  1.080000e+01
      vertex -3.760224e+01 -2.243332e+01  1.080000e+01
      vertex -3.944853e+01 -2.225147e+01  1.080000e+01
    endloop
  endfacet
  facet normal  -0.000000e+00  0.000000e+00  1.000000e+00
    outer loop
      vertex -3.944853e+01 -2.225147e+01  1.080000e+01
      vertex -3.760224e+01 -2.243332e+01  1.080000e+01
      vertex -3.775147e+01 -2.225147e+01  1.080000e+01
    endloop
  endfacet
  facet normal  0.000000e+00  0.000000e+00  1.000000e+00
    outer loop
      vertex -3.944853e+01 -2.225147e+01  1.080000e+01
      vertex -3.775147e+01 -2.225147e+01  1.080000e+01
      vertex -3.926669e+01 -2.210224e+01  1.080000e+01
    endloop
  endfacet
  facet normal  -0.000000e+00  0.000000e+00  1.000000e+00
    outer loop
      vertex -3.926669e+01 -2.210224e+01  1.080000e+01
      vertex -3.775147e+01 -2.225147e+01  1.080000e+01
      vertex -3.793332e+01 -2.210224e+01  1.080000e+01
    endloop
  endfacet
  facet normal  0.000000e+00  0.000000e+00  1.000000e+00
    outer loop
      vertex -3.926669e+01 -2.210224e+01  1.080000e+01
      vertex -3.793332e+01 -2.210224e+01  1.080000e+01
      vertex -3.905922e+01 -2.199134e+01  1.080000e+01
    endloop
  endfacet
  facet normal  -0.000000e+00  0.000000e+00  1.000000e+00
    outer loop
      vertex -3.905922e+01 -2.199134e+01  1.080000e+01
      vertex -3.793332e+01 -2.210224e+01  1.080000e+01
      vertex -3.814078e+01 -2.199134e+01  1.080000e+01
    endloop
  endfacet
  facet normal  0.000000e+00  0.000000e+00  1.000000e+00
    outer loop
      vertex -3.905922e+01 -2.199134e+01  1.080000e+01
      vertex -3.814078e+01 -2.199134e+01  1.080000e+01
      vertex -3.883411e+01 -2.192306e+01  1.080000e+01
    endloop
  endfacet
  facet normal  -0.000000e+00  0.000000e+00  1.000000e+00
    outer loop
      vertex -3.883411e+01 -2.192306e+01  1.080000e+01
      vertex -3.814078e+01 -2.199134e+01  1.080000e+01
      vertex -3.836589e+01 -2.192306e+01  1.080000e+01
    endloop
  endfacet
  facet normal  0.000000e+00  0.000000e+00  9.999999e-01
    outer loop
      vertex -3.883411e+01 -2.192306e+01  1.080000e+01
      vertex -3.836589e+01 -2.192306e+01  1.080000e+01
      vertex -3.860000e+01 -2.190000e+01  1.080000e+01
    endloop
  endfacet
  facet normal  0.000000e+00  0.000000e+00  1.000000e+00
    outer loop
      vertex  1.636589e+01  2.947694e+01  1.080000e+01
      vertex  1.683411e+01  2.947694e+01  1.080000e+01
      vertex  1.660000e+01  2.950000e+01  1.080000e+01
    endloop
  endfacet
  facet normal  -0.000000e+00  0.000000e+00  1.000000e+00
    outer loop
      vertex  1.683411e+01  2.947694e+01  1.080000e+01
      vertex  1.636589e+01  2.947694e+01  1.080000e+01
      vertex  1.705922e+01  2.940866e+01  1.080000e+01
    endloop
  endfacet
  facet normal  0.000000e+00  0.000000e+00  1.000000e+00
    outer loop
      vertex  1.705922e+01  2.940866e+01  1.080000e+01
      vertex  1.636589e+01  2.947694e+01  1.080000e+01
      vertex  1.614078e+01  2.940866e+01  1.080000e+01
    endloop
  endfacet
  facet normal  -0.000000e+00  0.000000e+00  1.000000e+00
    outer loop
      vertex  1.705922e+01  2.940866e+01  1.080000e+01
      vertex  1.614078e+01  2.940866e+01  1.080000e+01
      vertex  1.726668e+01  2.929776e+01  1.080000e+01
    endloop
  endfacet
  facet normal  0.000000e+00  0.000000e+00  1.000000e+00
    outer loop
      vertex  1.726668e+01  2.929776e+01  1.080000e+01
      vertex  1.614078e+01  2.940866e+01  1.080000e+01
      vertex  1.593332e+01  2.929776e+01  1.080000e+01
    endloop
  endfacet
  facet normal  -0.000000e+00  0.000000e+00  1.000000e+00
    outer loop
      vertex  1.726668e+01  2.929776e+01  1.080000e+01
      vertex  1.593332e+01  2.929776e+01  1.080000e+01
      vertex  1.744853e+01  2.914853e+01  1.080000e+01
    endloop
  endfacet
  facet normal  0.000000e+00  0.000000e+00  1.000000e+00
    outer loop
      vertex  1.744853e+01  2.914853e+01  1.080000e+01
      vertex  1.593332e+01  2.929776e+01  1.080000e+01
      vertex  1.575147e+01  2.914853e+01  1.080000e+01
    endloop
  endfacet
  facet normal  -0.000000e+00  0.000000e+00  1.000000e+00
    outer loop
      vertex  1.744853e+01  2.914853e+01  1.080000e+01
      vertex  1.575147e+01  2.914853e+01  1.080000e+01
      vertex  1.759776e+01  2.896668e+01  1.080000e+01
    endloop
  endfacet
  facet normal  0.000000e+00  0.000000e+00  1.000000e+00
    outer loop
      vertex  1.759776e+01  2.896668e+01  1.080000e+01
      vertex  1.575147e+01  2.914853e+01  1.080000e+01
      vertex  1.560224e+01  2.896668e+01  1.080000e+01
    endloop
  endfacet
  facet normal  -0.000000e+00  0.000000e+00  1.000000e+00
    outer loop
      vertex  1.759776e+01  2.896668e+01  1.080000e+01
      vertex  1.560224e+01  2.896668e+01  1.080000e+01
      vertex  1.770866e+01  2.875922e+01  1.080000e+01
    endloop
  endfacet
  facet normal  0.000000e+00  0.000000e+00  1.000000e+00
    outer loop
      vertex  1.770866e+01  2.875922e+01  1.080000e+01
      vertex  1.560224e+01  2.896668e+01  1.080000e+01
      vertex  1.549134e+01  2.875922e+01  1.080000e+01
    endloop
  endfacet
  facet normal  -0.000000e+00  0.000000e+00  9.999999e-01
    outer loop
      vertex  1.770866e+01  2.875922e+01  1.080000e+01
      vertex  1.549134e+01  2.875922e+01  1.080000e+01
      vertex  1.777694e+01  2.853411e+01  1.080000e+01
    endloop
  endfacet
  facet normal  0.000000e+00  0.000000e+00  1.000000e+00
    outer loop
      vertex  1.777694e+01  2.853411e+01  1.080000e+01
      vertex  1.549134e+01  2.875922e+01  1.080000e+01
      vertex  1.542306e+01  2.853411e+01  1.080000e+01
    endloop
  endfacet
  facet normal  -0.000000e+00  0.000000e+00  1.000000e+00
    outer loop
      vertex  1.777694e+01  2.853411e+01  1.080000e+01
      vertex  1.542306e+01  2.853411e+01  1.080000e+01
      vertex  1.780000e+01  2.830000e+01  1.080000e+01
    endloop
  endfacet
  facet normal  0.000000e+00  0.000000e+00  1.000000e+00
    outer loop
      vertex  1.780000e+01  2.830000e+01  1.080000e+01
      vertex  1.542306e+01  2.853411e+01  1.080000e+01
      vertex  1.540000e+01  2.830000e+01  1.080000e+01
    endloop
  endfacet
  facet normal  -0.000000e+00  0.000000e+00  1.000000e+00
    outer loop
      vertex  1.780000e+01  2.830000e+01  1.080000e+01
      vertex  1.540000e+01  2.830000e+01  1.080000e+01
      vertex  1.777694e+01  2.806589e+01  1.080000e+01
    endloop
  endfacet
  facet normal  0.000000e+00  0.000000e+00  1.000000e+00
    outer loop
      vertex  1.777694e+01  2.806589e+01  1.080000e+01
      vertex  1.540000e+01  2.830000e+01  1.080000e+01
      vertex  1.542306e+01  2.806589e+01  1.080000e+01
    endloop
  endfacet
  facet normal  -0.000000e+00  0.000000e+00  1.000000e+00
    outer loop
      vertex  1.777694e+01  2.806589e+01  1.080000e+01
      vertex  1.542306e+01  2.806589e+01  1.080000e+01
      vertex  1.770866e+01  2.784078e+01  1.080000e+01
    endloop
  endfacet
  facet normal  0.000000e+00  0.000000e+00  9.999999e-01
    outer loop
      vertex  1.770866e+01  2.784078e+01  1.080000e+01
      vertex  1.542306e+01  2.806589e+01  1.080000e+01
      vertex  1.549134e+01  2.784078e+01  1.080000e+01
    endloop
  endfacet
  facet normal  -0.000000e+00  0.000000e+00  1.000000e+00
    outer loop
      vertex  1.770866e+01  2.784078e+01  1.080000e+01
      vertex  1.549134e+01  2.784078e+01  1.080000e+01
      vertex  1.759776e+01  2.763332e+01  1.080000e+01
    endloop
  endfacet
  facet normal  0.000000e+00  0.000000e+00  1.000000e+00
    outer loop
      vertex  1.759776e+01  2.763332e+01  1.080000e+01
      vertex  1.549134e+01  2.784078e+01  1.080000e+01
      vertex  1.560224e+01  2.763332e+01  1.080000e+01
    endloop
  endfacet
  facet normal  -0.000000e+00  0.000000e+00  1.000000e+00
    outer loop
      vertex  1.759776e+01  2.763332e+01  1.080000e+01
      vertex  1.560224e+01  2.763332e+01  1.080000e+01
      vertex  1.744853e+01  2.745147e+01  1.080000e+01
    endloop
  endfacet
  facet normal  0.000000e+00  0.000000e+00  1.000000e+00
    outer loop
      vertex  1.744853e+01  2.745147e+01  1.080000e+01
      vertex  1.560224e+01  2.763332e+01  1.080000e+01
      vertex  1.575147e+01  2.745147e+01  1.080000e+01
    endloop
  endfacet
  facet normal  -0.000000e+00  0.000000e+00  1.000000e+00
    outer loop
      vertex  1.744853e+01  2.745147e+01  1.080000e+01
      vertex  1.575147e+01  2.745147e+01  1.080000e+01
      vertex  1.726668e+01  2.730224e+01  1.080000e+01
    endloop
  endfacet
  facet normal  0.000000e+00  0.000000e+00  1.000000e+00
    outer loop
      vertex  1.726668e+01  2.730224e+01  1.080000e+01
      vertex  1.575147e+01  2.745147e+01  1.080000e+01
      vertex  1.593332e+01  2.730224e+01  1.080000e+01
    endloop
  endfacet
  facet normal  -0.000000e+00  0.000000e+00  1.000000e+00
    outer loop
      vertex  1.726668e+01  2.730224e+01  1.080000e+01
      vertex  1.593332e+01  2.730224e+01  1.080000e+01
      vertex  1.705922e+01  2.719135e+01  1.080000e+01
    endloop
  endfacet
  facet normal  0.000000e+00  0.000000e+00  1.000000e+00
    outer loop
      vertex  1.705922e+01  2.719135e+01  1.080000e+01
      vertex  1.593332e+01  2.730224e+01  1.080000e+01
      vertex  1.614078e+01  2.719135e+01  1.080000e+01
    endloop
  endfacet
  facet normal  -0.000000e+00  0.000000e+00  1.000000e+00
    outer loop
      vertex  1.705922e+01  2.719135e+01  1.080000e+01
      vertex  1.614078e+01  2.719135e+01  1.080000e+01
      vertex  1.683411e+01  2.712306e+01  1.080000e+01
    endloop
  endfacet
  facet normal  0.000000e+00  0.000000e+00  1.000000e+00
    outer loop
      vertex  1.683411e+01  2.712306e+01  1.080000e+01
      vertex  1.614078e+01  2.719135e+01  1.080000e+01
      vertex  1.636589e+01  2.712306e+01  1.080000e+01
    endloop
  endfacet
  facet normal  -0.000000e+00  0.000000e+00  1.000000e+00
    outer loop
      vertex  1.683411e+01  2.712306e+01  1.080000e+01
      vertex  1.636589e+01  2.712306e+01  1.080000e+01
      vertex  1.660000e+01  2.710000e+01  1.080000e+01
    endloop
  endfacet
  facet normal  0.000000e+00  0.000000e+00  1.000000e+00
    outer loop
      vertex -1.683411e+01  2.947694e+01  1.080000e+01
      vertex -1.636589e+01  2.947694e+01  1.080000e+01
      vertex -1.660000e+01  2.950000e+01  1.080000e+01
    endloop
  endfacet
  facet normal  -0.000000e+00  0.000000e+00  1.000000e+00
    outer loop
      vertex -1.636589e+01  2.947694e+01  1.080000e+01
      vertex -1.683411e+01  2.947694e+01  1.080000e+01
      vertex -1.614078e+01  2.940866e+01  1.080000e+01
    endloop
  endfacet
  facet normal  0.000000e+00  0.000000e+00  1.000000e+00
    outer loop
      vertex -1.614078e+01  2.940866e+01  1.080000e+01
      vertex -1.683411e+01  2.947694e+01  1.080000e+01
      vertex -1.705922e+01  2.940866e+01  1.080000e+01
    endloop
  endfacet
  facet normal  -0.000000e+00  0.000000e+00  1.000000e+00
    outer loop
      vertex -1.614078e+01  2.940866e+01  1.080000e+01
      vertex -1.705922e+01  2.940866e+01  1.080000e+01
      vertex -1.593332e+01  2.929776e+01  1.080000e+01
    endloop
  endfacet
  facet normal  0.000000e+00  0.000000e+00  1.000000e+00
    outer loop
      vertex -1.593332e+01  2.929776e+01  1.080000e+01
      vertex -1.705922e+01  2.940866e+01  1.080000e+01
      vertex -1.726668e+01  2.929776e+01  1.080000e+01
    endloop
  endfacet
  facet normal  -0.000000e+00  0.000000e+00  1.000000e+00
    outer loop
      vertex -1.593332e+01  2.929776e+01  1.080000e+01
      vertex -1.726668e+01  2.929776e+01  1.080000e+01
      vertex -1.575147e+01  2.914853e+01  1.080000e+01
    endloop
  endfacet
  facet normal  0.000000e+00  0.000000e+00  1.000000e+00
    outer loop
      vertex -1.575147e+01  2.914853e+01  1.080000e+01
      vertex -1.726668e+01  2.929776e+01  1.080000e+01
      vertex -1.744853e+01  2.914853e+01  1.080000e+01
    endloop
  endfacet
  facet normal  -0.000000e+00  0.000000e+00  1.000000e+00
    outer loop
      vertex -1.575147e+01  2.914853e+01  1.080000e+01
      vertex -1.744853e+01  2.914853e+01  1.080000e+01
      vertex -1.560224e+01  2.896668e+01  1.080000e+01
    endloop
  endfacet
  facet normal  0.000000e+00  0.000000e+00  1.000000e+00
    outer loop
      vertex -1.560224e+01  2.896668e+01  1.080000e+01
      vertex -1.744853e+01  2.914853e+01  1.080000e+01
      vertex -1.759776e+01  2.896668e+01  1.080000e+01
    endloop
  endfacet
  facet normal  -0.000000e+00  0.000000e+00  1.000000e+00
    outer loop
      vertex -1.560224e+01  2.896668e+01  1.080000e+01
      vertex -1.759776e+01  2.896668e+01  1.080000e+01
      vertex -1.549134e+01  2.875922e+01  1.080000e+01
    endloop
  endfacet
  facet normal  0.000000e+00  0.000000e+00  1.000000e+00
    outer loop
      vertex -1.549134e+01  2.875922e+01  1.080000e+01
      vertex -1.759776e+01  2.896668e+01  1.080000e+01
      vertex -1.770866e+01  2.875922e+01  1.080000e+01
    endloop
  endfacet
  facet normal  -0.000000e+00  0.000000e+00  9.999999e-01
    outer loop
      vertex -1.549134e+01  2.875922e+01  1.080000e+01
      vertex -1.770866e+01  2.875922e+01  1.080000e+01
      vertex -1.542306e+01  2.853411e+01  1.080000e+01
    endloop
  endfacet
  facet normal  0.000000e+00  0.000000e+00  1.000000e+00
    outer loop
      vertex -1.542306e+01  2.853411e+01  1.080000e+01
      vertex -1.770866e+01  2.875922e+01  1.080000e+01
      vertex -1.777694e+01  2.853411e+01  1.080000e+01
    endloop
  endfacet
  facet normal  -0.000000e+00  0.000000e+00  1.000000e+00
    outer loop
      vertex -1.542306e+01  2.853411e+01  1.080000e+01
      vertex -1.777694e+01  2.853411e+01  1.080000e+01
      vertex -1.540000e+01  2.830000e+01  1.080000e+01
    endloop
  endfacet
  facet normal  0.000000e+00  0.000000e+00  1.000000e+00
    outer loop
      vertex -1.540000e+01  2.830000e+01  1.080000e+01
      vertex -1.777694e+01  2.853411e+01  1.080000e+01
      vertex -1.780000e+01  2.830000e+01  1.080000e+01
    endloop
  endfacet
  facet normal  -0.000000e+00  0.000000e+00  1.000000e+00
    outer loop
      vertex -1.540000e+01  2.830000e+01  1.080000e+01
      vertex -1.780000e+01  2.830000e+01  1.080000e+01
      vertex -1.542306e+01  2.806589e+01  1.080000e+01
    endloop
  endfacet
  facet normal  0.000000e+00  0.000000e+00  1.000000e+00
    outer loop
      vertex -1.542306e+01  2.806589e+01  1.080000e+01
      vertex -1.780000e+01  2.830000e+01  1.080000e+01
      vertex -1.777694e+01  2.806589e+01  1.080000e+01
    endloop
  endfacet
  facet normal  -0.000000e+00  0.000000e+00  1.000000e+00
    outer loop
      vertex -1.542306e+01  2.806589e+01  1.080000e+01
      vertex -1.777694e+01  2.806589e+01  1.080000e+01
      vertex -1.549134e+01  2.784078e+01  1.080000e+01
    endloop
  endfacet
  facet normal  0.000000e+00  0.000000e+00  9.999999e-01
    outer loop
      vertex -1.549134e+01  2.784078e+01  1.080000e+01
      vertex -1.777694e+01  2.806589e+01  1.080000e+01
      vertex -1.770866e+01  2.784078e+01  1.080000e+01
    endloop
  endfacet
  facet normal  -0.000000e+00  0.000000e+00  1.000000e+00
    outer loop
      vertex -1.549134e+01  2.784078e+01  1.080000e+01
      vertex -1.770866e+01  2.784078e+01  1.080000e+01
      vertex -1.560224e+01  2.763332e+01  1.080000e+01
    endloop
  endfacet
  facet normal  0.000000e+00  0.000000e+00  1.000000e+00
    outer loop
      vertex -1.560224e+01  2.763332e+01  1.080000e+01
      vertex -1.770866e+01  2.784078e+01  1.080000e+01
      vertex -1.759776e+01  2.763332e+01  1.080000e+01
    endloop
  endfacet
  facet normal  -0.000000e+00  0.000000e+00  1.000000e+00
    outer loop
      vertex -1.560224e+01  2.763332e+01  1.080000e+01
      vertex -1.759776e+01  2.763332e+01  1.080000e+01
      vertex -1.575147e+01  2.745147e+01  1.080000e+01
    endloop
  endfacet
  facet normal  0.000000e+00  0.000000e+00  1.000000e+00
    outer loop
      vertex -1.575147e+01  2.745147e+01  1.080000e+01
      vertex -1.759776e+01  2.763332e+01  1.080000e+01
      vertex -1.744853e+01  2.745147e+01  1.080000e+01
    endloop
  endfacet
  facet normal  -0.000000e+00  0.000000e+00  1.000000e+00
    outer loop
      vertex -1.575147e+01  2.745147e+01  1.080000e+01
      vertex -1.744853e+01  2.745147e+01  1.080000e+01
      vertex -1.593332e+01  2.730224e+01  1.080000e+01
    endloop
  endfacet
  facet normal  0.000000e+00  0.000000e+00  1.000000e+00
    outer loop
      vertex -1.593332e+01  2.730224e+01  1.080000e+01
      vertex -1.744853e+01  2.745147e+01  1.080000e+01
      vertex -1.726668e+01  2.730224e+01  1.080000e+01
    endloop
  endfacet
  facet normal  -0.000000e+00  0.000000e+00  1.000000e+00
    outer loop
      vertex -1.593332e+01  2.730224e+01  1.080000e+01
      vertex -1.726668e+01  2.730224e+01  1.080000e+01
      vertex -1.614078e+01  2.719135e+01  1.080000e+01
    endloop
  endfacet
  facet normal  0.000000e+00  0.000000e+00  1.000000e+00
    outer loop
      vertex -1.614078e+01  2.719135e+01  1.080000e+01
      vertex -1.726668e+01  2.730224e+01  1.080000e+01
      vertex -1.705922e+01  2.719135e+01  1.080000e+01
    endloop
  endfacet
  facet normal  -0.000000e+00  0.000000e+00  1.000000e+00
    outer loop
      vertex -1.614078e+01  2.719135e+01  1.080000e+01
      vertex -1.705922e+01  2.719135e+01  1.080000e+01
      vertex -1.636589e+01  2.712306e+01  1.080000e+01
    endloop
  endfacet
  facet normal  0.000000e+00  0.000000e+00  1.000000e+00
    outer loop
      vertex -1.636589e+01  2.712306e+01  1.080000e+01
      vertex -1.705922e+01  2.719135e+01  1.080000e+01
      vertex -1.683411e+01  2.712306e+01  1.080000e+01
    endloop
  endfacet
  facet normal  -0.000000e+00  0.000000e+00  1.000000e+00
    outer loop
      vertex -1.636589e+01  2.712306e+01  1.080000e+01
      vertex -1.683411e+01  2.712306e+01  1.080000e+01
      vertex -1.660000e+01  2.710000e+01  1.080000e+01
    endloop
  endfacet
  facet normal  0.000000e+00  0.000000e+00  9.999999e-01
    outer loop
      vertex -3.983411e+01  6.026942e+00  1.080000e+01
      vertex -3.936589e+01  6.026942e+00  1.080000e+01
      vertex -3.960000e+01  6.050000e+00  1.080000e+01
    endloop
  endfacet
  facet normal  -0.000000e+00  0.000000e+00  1.000000e+00
    outer loop
      vertex -3.936589e+01  6.026942e+00  1.080000e+01
      vertex -3.983411e+01  6.026942e+00  1.080000e+01
      vertex -3.914078e+01  5.958655e+00  1.080000e+01
    endloop
  endfacet
  facet normal  0.000000e+00  0.000000e+00  1.000000e+00
    outer loop
      vertex -3.914078e+01  5.958655e+00  1.080000e+01
      vertex -3.983411e+01  6.026942e+00  1.080000e+01
      vertex -4.005922e+01  5.958655e+00  1.080000e+01
    endloop
  endfacet
  facet normal  -0.000000e+00  0.000000e+00  1.000000e+00
    outer loop
      vertex -3.914078e+01  5.958655e+00  1.080000e+01
      vertex -4.005922e+01  5.958655e+00  1.080000e+01
      vertex -3.893332e+01  5.847764e+00  1.080000e+01
    endloop
  endfacet
  facet normal  0.000000e+00  0.000000e+00  1.000000e+00
    outer loop
      vertex -3.893332e+01  5.847764e+00  1.080000e+01
      vertex -4.005922e+01  5.958655e+00  1.080000e+01
      vertex -4.026669e+01  5.847764e+00  1.080000e+01
    endloop
  endfacet
  facet normal  -0.000000e+00  0.000000e+00  1.000000e+00
    outer loop
      vertex -3.893332e+01  5.847764e+00  1.080000e+01
      vertex -4.026669e+01  5.847764e+00  1.080000e+01
      vertex -3.875147e+01  5.698528e+00  1.080000e+01
    endloop
  endfacet
  facet normal  0.000000e+00  0.000000e+00  1.000000e+00
    outer loop
      vertex -3.875147e+01  5.698528e+00  1.080000e+01
      vertex -4.026669e+01  5.847764e+00  1.080000e+01
      vertex -4.044853e+01  5.698528e+00  1.080000e+01
    endloop
  endfacet
  facet normal  -0.000000e+00  0.000000e+00  1.000000e+00
    outer loop
      vertex -3.875147e+01  5.698528e+00  1.080000e+01
      vertex -4.044853e+01  5.698528e+00  1.080000e+01
      vertex -3.860224e+01  5.516684e+00  1.080000e+01
    endloop
  endfacet
  facet normal  0.000000e+00  0.000000e+00  1.000000e+00
    outer loop
      vertex -3.860224e+01  5.516684e+00  1.080000e+01
      vertex -4.044853e+01  5.698528e+00  1.080000e+01
      vertex -4.059776e+01  5.516684e+00  1.080000e+01
    endloop
  endfacet
  facet normal  -0.000000e+00  0.000000e+00  9.999999e-01
    outer loop
      vertex -3.860224e+01  5.516684e+00  1.080000e+01
      vertex -4.059776e+01  5.516684e+00  1.080000e+01
      vertex -3.849134e+01  5.309220e+00  1.080000e+01
    endloop
  endfacet
  facet normal  0.000000e+00  0.000000e+00  1.000000e+00
    outer loop
      vertex -3.849134e+01  5.309220e+00  1.080000e+01
      vertex -4.059776e+01  5.516684e+00  1.080000e+01
      vertex -4.070866e+01  5.309220e+00  1.080000e+01
    endloop
  endfacet
  facet normal  -0.000000e+00  0.000000e+00  1.000000e+00
    outer loop
      vertex -3.849134e+01  5.309220e+00  1.080000e+01
      vertex -4.070866e+01  5.309220e+00  1.080000e+01
      vertex -3.842306e+01  5.084108e+00  1.080000e+01
    endloop
  endfacet
  facet normal  0.000000e+00  0.000000e+00  1.000000e+00
    outer loop
      vertex -3.842306e+01  5.084108e+00  1.080000e+01
      vertex -4.070866e+01  5.309220e+00  1.080000e+01
      vertex -4.077694e+01  5.084108e+00  1.080000e+01
    endloop
  endfacet
  facet normal  -0.000000e+00  0.000000e+00  1.000000e+00
    outer loop
      vertex -3.842306e+01  5.084108e+00  1.080000e+01
      vertex -4.077694e+01  5.084108e+00  1.080000e+01
      vertex -3.840000e+01  4.850000e+00  1.080000e+01
    endloop
  endfacet
  facet normal  0.000000e+00  0.000000e+00  1.000000e+00
    outer loop
      vertex -3.840000e+01  4.850000e+00  1.080000e+01
      vertex -4.077694e+01  5.084108e+00  1.080000e+01
      vertex -4.080000e+01  4.850000e+00  1.080000e+01
    endloop
  endfacet
  facet normal  -0.000000e+00  0.000000e+00  1.000000e+00
    outer loop
      vertex -3.840000e+01  4.850000e+00  1.080000e+01
      vertex -4.080000e+01  4.850000e+00  1.080000e+01
      vertex -3.842306e+01  4.615891e+00  1.080000e+01
    endloop
  endfacet
  facet normal  0.000000e+00  0.000000e+00  1.000000e+00
    outer loop
      vertex -3.842306e+01  4.615891e+00  1.080000e+01
      vertex -4.080000e+01  4.850000e+00  1.080000e+01
      vertex -4.077694e+01  4.615891e+00  1.080000e+01
    endloop
  endfacet
  facet normal  -0.000000e+00  0.000000e+00  1.000000e+00
    outer loop
      vertex -3.842306e+01  4.615891e+00  1.080000e+01
      vertex -4.077694e+01  4.615891e+00  1.080000e+01
      vertex -3.849134e+01  4.390780e+00  1.080000e+01
    endloop
  endfacet
  facet normal  0.000000e+00  0.000000e+00  1.000000e+00
    outer loop
      vertex -3.849134e+01  4.390780e+00  1.080000e+01
      vertex -4.077694e+01  4.615891e+00  1.080000e+01
      vertex -4.070866e+01  4.390780e+00  1.080000e+01
    endloop
  endfacet
  facet normal  -0.000000e+00  0.000000e+00  1.000000e+00
    outer loop
      vertex -3.849134e+01  4.390780e+00  1.080000e+01
      vertex -4.070866e+01  4.390780e+00  1.080000e+01
      vertex -3.860224e+01  4.183316e+00  1.080000e+01
    endloop
  endfacet
  facet normal  0.000000e+00  0.000000e+00  1.000000e+00
    outer loop
      vertex -3.860224e+01  4.183316e+00  1.080000e+01
      vertex -4.070866e+01  4.390780e+00  1.080000e+01
      vertex -4.059776e+01  4.183316e+00  1.080000e+01
    endloop
  endfacet
  facet normal  -0.000000e+00  0.000000e+00  1.000000e+00
    outer loop
      vertex -3.860224e+01  4.183316e+00  1.080000e+01
      vertex -4.059776e+01  4.183316e+00  1.080000e+01
      vertex -3.875147e+01  4.001472e+00  1.080000e+01
    endloop
  endfacet
  facet normal  0.000000e+00  0.000000e+00  1.000000e+00
    outer loop
      vertex -3.875147e+01  4.001472e+00  1.080000e+01
      vertex -4.059776e+01  4.183316e+00  1.080000e+01
      vertex -4.044853e+01  4.001472e+00  1.080000e+01
    endloop
  endfacet
  facet normal  -0.000000e+00  0.000000e+00  1.000000e+00
    outer loop
      vertex -3.875147e+01  4.001472e+00  1.080000e+01
      vertex -4.044853e+01  4.001472e+00  1.080000e+01
      vertex -3.893332e+01  3.852237e+00  1.080000e+01
    endloop
  endfacet
  facet normal  0.000000e+00  0.000000e+00  9.999999e-01
    outer loop
      vertex -3.893332e+01  3.852237e+00  1.080000e+01
      vertex -4.044853e+01  4.001472e+00  1.080000e+01
      vertex -4.026669e+01  3.852237e+00  1.080000e+01
    endloop
  endfacet
  facet normal  -0.000000e+00  0.000000e+00  1.000000e+00
    outer loop
      vertex -3.893332e+01  3.852237e+00  1.080000e+01
      vertex -4.026669e+01  3.852237e+00  1.080000e+01
      vertex -3.914078e+01  3.741344e+00  1.080000e+01
    endloop
  endfacet
  facet normal  0.000000e+00  0.000000e+00  1.000000e+00
    outer loop
      vertex -3.914078e+01  3.741344e+00  1.080000e+01
      vertex -4.026669e+01  3.852237e+00  1.080000e+01
      vertex -4.005922e+01  3.741344e+00  1.080000e+01
    endloop
  endfacet
  facet normal  -0.000000e+00  0.000000e+00  1.000000e+00
    outer loop
      vertex -3.914078e+01  3.741344e+00  1.080000e+01
      vertex -4.005922e+01  3.741344e+00  1.080000e+01
      vertex -3.936589e+01  3.673058e+00  1.080000e+01
    endloop
  endfacet
  facet normal  0.000000e+00  0.000000e+00  1.000000e+00
    outer loop
      vertex -3.936589e+01  3.673058e+00  1.080000e+01
      vertex -4.005922e+01  3.741344e+00  1.080000e+01
      vertex -3.983411e+01  3.673058e+00  1.080000e+01
    endloop
  endfacet
  facet normal  -0.000000e+00  0.000000e+00  1.000000e+00
    outer loop
      vertex -3.936589e+01  3.673058e+00  1.080000e+01
      vertex -3.983411e+01  3.673058e+00  1.080000e+01
      vertex -3.960000e+01  3.650000e+00  1.080000e+01
    endloop
  endfacet
  facet normal  0.000000e+00  0.000000e+00  9.999999e-01
    outer loop
      vertex  3.936589e+01  6.026942e+00  1.080000e+01
      vertex  3.983411e+01  6.026942e+00  1.080000e+01
      vertex  3.960000e+01  6.050000e+00  1.080000e+01
    endloop
  endfacet
  facet normal  -0.000000e+00  0.000000e+00  1.000000e+00
    outer loop
      vertex  3.983411e+01  6.026942e+00  1.080000e+01
      vertex  3.936589e+01  6.026942e+00  1.080000e+01
      vertex  4.005922e+01  5.958655e+00  1.080000e+01
    endloop
  endfacet
  facet normal  0.000000e+00  0.000000e+00  1.000000e+00
    outer loop
      vertex  4.005922e+01  5.958655e+00  1.080000e+01
      vertex  3.936589e+01  6.026942e+00  1.080000e+01
      vertex  3.914078e+01  5.958655e+00  1.080000e+01
    endloop
  endfacet
  facet normal  -0.000000e+00  0.000000e+00  1.000000e+00
    outer loop
      vertex  4.005922e+01  5.958655e+00  1.080000e+01
      vertex  3.914078e+01  5.958655e+00  1.080000e+01
      vertex  4.026669e+01  5.847764e+00  1.080000e+01
    endloop
  endfacet
  facet normal  0.000000e+00  0.000000e+00  1.000000e+00
    outer loop
      vertex  4.026669e+01  5.847764e+00  1.080000e+01
      vertex  3.914078e+01  5.958655e+00  1.080000e+01
      vertex  3.893332e+01  5.847764e+00  1.080000e+01
    endloop
  endfacet
  facet normal  -0.000000e+00  0.000000e+00  1.000000e+00
    outer loop
      vertex  4.026669e+01  5.847764e+00  1.080000e+01
      vertex  3.893332e+01  5.847764e+00  1.080000e+01
      vertex  4.044853e+01  5.698528e+00  1.080000e+01
    endloop
  endfacet
  facet normal  0.000000e+00  0.000000e+00  1.000000e+00
    outer loop
      vertex  4.044853e+01  5.698528e+00  1.080000e+01
      vertex  3.893332e+01  5.847764e+00  1.080000e+01
      vertex  3.875147e+01  5.698528e+00  1.080000e+01
    endloop
  endfacet
  facet normal  -0.000000e+00  0.000000e+00  1.000000e+00
    outer loop
      vertex  4.044853e+01  5.698528e+00  1.080000e+01
      vertex  3.875147e+01  5.698528e+00  1.080000e+01
      vertex  4.059776e+01  5.516684e+00  1.080000e+01
    endloop
  endfacet
  facet normal  0.000000e+00  0.000000e+00  1.000000e+00
    outer loop
      vertex  4.059776e+01  5.516684e+00  1.080000e+01
      vertex  3.875147e+01  5.698528e+00  1.080000e+01
      vertex  3.860224e+01  5.516684e+00  1.080000e+01
    endloop
  endfacet
  facet normal  -0.000000e+00  0.000000e+00  9.999999e-01
    outer loop
      vertex  4.059776e+01  5.516684e+00  1.080000e+01
      vertex  3.860224e+01  5.516684e+00  1.080000e+01
      vertex  4.070866e+01  5.309220e+00  1.080000e+01
    endloop
  endfacet
  facet normal  0.000000e+00  0.000000e+00  1.000000e+00
    outer loop
      vertex  4.070866e+01  5.309220e+00  1.080000e+01
      vertex  3.860224e+01  5.516684e+00  1.080000e+01
      vertex  3.849134e+01  5.309220e+00  1.080000e+01
    endloop
  endfacet
  facet normal  -0.000000e+00  0.000000e+00  1.000000e+00
    outer loop
      vertex  4.070866e+01  5.309220e+00  1.080000e+01
      vertex  3.849134e+01  5.309220e+00  1.080000e+01
      vertex  4.077694e+01  5.084108e+00  1.080000e+01
    endloop
  endfacet
  facet normal  0.000000e+00  0.000000e+00  1.000000e+00
    outer loop
      vertex  4.077694e+01  5.084108e+00  1.080000e+01
      vertex  3.849134e+01  5.309220e+00  1.080000e+01
      vertex  3.842306e+01  5.084108e+00  1.080000e+01
    endloop
  endfacet
  facet normal  -0.000000e+00  0.000000e+00  1.000000e+00
    outer loop
      vertex  4.077694e+01  5.084108e+00  1.080000e+01
      vertex  3.842306e+01  5.084108e+00  1.080000e+01
      vertex  4.080000e+01  4.850000e+00  1.080000e+01
    endloop
  endfacet
  facet normal  0.000000e+00  0.000000e+00  1.000000e+00
    outer loop
      vertex  4.080000e+01  4.850000e+00  1.080000e+01
      vertex  3.842306e+01  5.084108e+00  1.080000e+01
      vertex  3.840000e+01  4.850000e+00  1.080000e+01
    endloop
  endfacet
  facet normal  -0.000000e+00  0.000000e+00  1.000000e+00
    outer loop
      vertex  4.080000e+01  4.850000e+00  1.080000e+01
      vertex  3.840000e+01  4.850000e+00  1.080000e+01
      vertex  4.077694e+01  4.615891e+00  1.080000e+01
    endloop
  endfacet
  facet normal  0.000000e+00  0.000000e+00  1.000000e+00
    outer loop
      vertex  4.077694e+01  4.615891e+00  1.080000e+01
      vertex  3.840000e+01  4.850000e+00  1.080000e+01
      vertex  3.842306e+01  4.615891e+00  1.080000e+01
    endloop
  endfacet
  facet normal  -0.000000e+00  0.000000e+00  1.000000e+00
    outer loop
      vertex  4.077694e+01  4.615891e+00  1.080000e+01
      vertex  3.842306e+01  4.615891e+00  1.080000e+01
      vertex  4.070866e+01  4.390780e+00  1.080000e+01
    endloop
  endfacet
  facet normal  0.000000e+00  0.000000e+00  1.000000e+00
    outer loop
      vertex  4.070866e+01  4.390780e+00  1.080000e+01
      vertex  3.842306e+01  4.615891e+00  1.080000e+01
      vertex  3.849134e+01  4.390780e+00  1.080000e+01
    endloop
  endfacet
  facet normal  -0.000000e+00  0.000000e+00  1.000000e+00
    outer loop
      vertex  4.070866e+01  4.390780e+00  1.080000e+01
      vertex  3.849134e+01  4.390780e+00  1.080000e+01
      vertex  4.059776e+01  4.183316e+00  1.080000e+01
    endloop
  endfacet
  facet normal  0.000000e+00  0.000000e+00  1.000000e+00
    outer loop
      vertex  4.059776e+01  4.183316e+00  1.080000e+01
      vertex  3.849134e+01  4.390780e+00  1.080000e+01
      vertex  3.860224e+01  4.183316e+00  1.080000e+01
    endloop
  endfacet
  facet normal  -0.000000e+00  0.000000e+00  1.000000e+00
    outer loop
      vertex  4.059776e+01  4.183316e+00  1.080000e+01
      vertex  3.860224e+01  4.183316e+00  1.080000e+01
      vertex  4.044853e+01  4.001472e+00  1.080000e+01
    endloop
  endfacet
  facet normal  0.000000e+00  0.000000e+00  1.000000e+00
    outer loop
      vertex  4.044853e+01  4.001472e+00  1.080000e+01
      vertex  3.860224e+01  4.183316e+00  1.080000e+01
      vertex  3.875147e+01  4.001472e+00  1.080000e+01
    endloop
  endfacet
  facet normal  -0.000000e+00  0.000000e+00  1.000000e+00
    outer loop
      vertex  4.044853e+01  4.001472e+00  1.080000e+01
      vertex  3.875147e+01  4.001472e+00  1.080000e+01
      vertex  4.026669e+01  3.852237e+00  1.080000e+01
    endloop
  endfacet
  facet normal  0.000000e+00  0.000000e+00  9.999999e-01
    outer loop
      vertex  4.026669e+01  3.852237e+00  1.080000e+01
      vertex  3.875147e+01  4.001472e+00  1.080000e+01
      vertex  3.893332e+01  3.852237e+00  1.080000e+01
    endloop
  endfacet
  facet normal  -0.000000e+00  0.000000e+00  1.000000e+00
    outer loop
      vertex  4.026669e+01  3.852237e+00  1.080000e+01
      vertex  3.893332e+01  3.852237e+00  1.080000e+01
      vertex  4.005922e+01  3.741344e+00  1.080000e+01
    endloop
  endfacet
  facet normal  0.000000e+00  0.000000e+00  1.000000e+00
    outer loop
      vertex  4.005922e+01  3.741344e+00  1.080000e+01
      vertex  3.893332e+01  3.852237e+00  1.080000e+01
      vertex  3.914078e+01  3.741344e+00  1.080000e+01
    endloop
  endfacet
  facet normal  -0.000000e+00  0.000000e+00  1.000000e+00
    outer loop
      vertex  4.005922e+01  3.741344e+00  1.080000e+01
      vertex  3.914078e+01  3.741344e+00  1.080000e+01
      vertex  3.983411e+01  3.673058e+00  1.080000e+01
    endloop
  endfacet
  facet normal  0.000000e+00  0.000000e+00  1.000000e+00
    outer loop
      vertex  3.983411e+01  3.673058e+00  1.080000e+01
      vertex  3.914078e+01  3.741344e+00  1.080000e+01
      vertex  3.936589e+01  3.673058e+00  1.080000e+01
    endloop
  endfacet
  facet normal  -0.000000e+00  0.000000e+00  1.000000e+00
    outer loop
      vertex  3.983411e+01  3.673058e+00  1.080000e+01
      vertex  3.936589e+01  3.673058e+00  1.080000e+01
      vertex  3.960000e+01  3.650000e+00  1.080000e+01
    endloop
  endfacet
  facet normal  0.000000e+00  0.000000e+00  1.000000e+00
    outer loop
      vertex  3.838540e+01 -2.202114e+01  1.080000e+01
      vertex  3.881460e+01 -2.202114e+01  1.080000e+01
      vertex  3.860000e+01 -2.200000e+01  1.080000e+01
    endloop
  endfacet
  facet normal  -0.000000e+00  0.000000e+00  1.000000e+00
    outer loop
      vertex  3.881460e+01 -2.202114e+01  1.080000e+01
      vertex  3.838540e+01 -2.202114e+01  1.080000e+01
      vertex  3.902095e+01 -2.208373e+01  1.080000e+01
    endloop
  endfacet
  facet normal  0.000000e+00  0.000000e+00  9.999999e-01
    outer loop
      vertex  3.902095e+01 -2.208373e+01  1.080000e+01
      vertex  3.838540e+01 -2.202114e+01  1.080000e+01
      vertex  3.817905e+01 -2.208373e+01  1.080000e+01
    endloop
  endfacet
  facet normal  -0.000000e+00  0.000000e+00  1.000000e+00
    outer loop
      vertex  3.902095e+01 -2.208373e+01  1.080000e+01
      vertex  3.817905e+01 -2.208373e+01  1.080000e+01
      vertex  3.921113e+01 -2.218538e+01  1.080000e+01
    endloop
  endfacet
  facet normal  0.000000e+00  0.000000e+00  9.999999e-01
    outer loop
      vertex  3.921113e+01 -2.218538e+01  1.080000e+01
      vertex  3.817905e+01 -2.208373e+01  1.080000e+01
      vertex  3.798887e+01 -2.218538e+01  1.080000e+01
    endloop
  endfacet
  facet normal  -0.000000e+00  0.000000e+00  1.000000e+00
    outer loop
      vertex  3.921113e+01 -2.218538e+01  1.080000e+01
      vertex  3.798887e+01 -2.218538e+01  1.080000e+01
      vertex  3.937782e+01 -2.232218e+01  1.080000e+01
    endloop
  endfacet
  facet normal  0.000000e+00  0.000000e+00  1.000000e+00
    outer loop
      vertex  3.937782e+01 -2.232218e+01  1.080000e+01
      vertex  3.798887e+01 -2.218538e+01  1.080000e+01
      vertex  3.782218e+01 -2.232218e+01  1.080000e+01
    endloop
  endfacet
  facet normal  -0.000000e+00  0.000000e+00  1.000000e+00
    outer loop
      vertex  3.937782e+01 -2.232218e+01  1.080000e+01
      vertex  3.782218e+01 -2.232218e+01  1.080000e+01
      vertex  3.951462e+01 -2.248887e+01  1.080000e+01
    endloop
  endfacet
  facet normal  0.000000e+00  0.000000e+00  1.000000e+00
    outer loop
      vertex  3.951462e+01 -2.248887e+01  1.080000e+01
      vertex  3.782218e+01 -2.232218e+01  1.080000e+01
      vertex  3.768538e+01 -2.248887e+01  1.080000e+01
    endloop
  endfacet
  facet normal  -0.000000e+00  0.000000e+00  1.000000e+00
    outer loop
      vertex  3.951462e+01 -2.248887e+01  1.080000e+01
      vertex  3.768538e+01 -2.248887e+01  1.080000e+01
      vertex  3.961627e+01 -2.267905e+01  1.080000e+01
    endloop
  endfacet
  facet normal  0.000000e+00  0.000000e+00  1.000000e+00
    outer loop
      vertex  3.961627e+01 -2.267905e+01  1.080000e+01
      vertex  3.768538e+01 -2.248887e+01  1.080000e+01
      vertex  3.758373e+01 -2.267905e+01  1.080000e+01
    endloop
  endfacet
  facet normal  -0.000000e+00  0.000000e+00  1.000000e+00
    outer loop
      vertex  3.961627e+01 -2.267905e+01  1.080000e+01
      vertex  3.758373e+01 -2.267905e+01  1.080000e+01
      vertex  3.967886e+01 -2.288540e+01  1.080000e+01
    endloop
  endfacet
  facet normal  0.000000e+00  0.000000e+00  1.000000e+00
    outer loop
      vertex  3.967886e+01 -2.288540e+01  1.080000e+01
      vertex  3.758373e+01 -2.267905e+01  1.080000e+01
      vertex  3.752114e+01 -2.288540e+01  1.080000e+01
    endloop
  endfacet
  facet normal  -0.000000e+00  0.000000e+00  9.999999e-01
    outer loop
      vertex  3.967886e+01 -2.288540e+01  1.080000e+01
      vertex  3.752114e+01 -2.288540e+01  1.080000e+01
      vertex  3.970000e+01 -2.310000e+01  1.080000e+01
    endloop
  endfacet
  facet normal  0.000000e+00  0.000000e+00  1.000000e+00
    outer loop
      vertex  3.970000e+01 -2.310000e+01  1.080000e+01
      vertex  3.752114e+01 -2.288540e+01  1.080000e+01
      vertex  3.750000e+01 -2.310000e+01  1.080000e+01
    endloop
  endfacet
  facet normal  -0.000000e+00  0.000000e+00  1.000000e+00
    outer loop
      vertex  3.970000e+01 -2.310000e+01  1.080000e+01
      vertex  3.750000e+01 -2.310000e+01  1.080000e+01
      vertex  3.967886e+01 -2.331460e+01  1.080000e+01
    endloop
  endfacet
  facet normal  0.000000e+00  0.000000e+00  9.999999e-01
    outer loop
      vertex  3.967886e+01 -2.331460e+01  1.080000e+01
      vertex  3.750000e+01 -2.310000e+01  1.080000e+01
      vertex  3.752114e+01 -2.331460e+01  1.080000e+01
    endloop
  endfacet
  facet normal  -0.000000e+00  0.000000e+00  1.000000e+00
    outer loop
      vertex  3.967886e+01 -2.331460e+01  1.080000e+01
      vertex  3.752114e+01 -2.331460e+01  1.080000e+01
      vertex  3.961627e+01 -2.352095e+01  1.080000e+01
    endloop
  endfacet
  facet normal  0.000000e+00  0.000000e+00  1.000000e+00
    outer loop
      vertex  3.961627e+01 -2.352095e+01  1.080000e+01
      vertex  3.752114e+01 -2.331460e+01  1.080000e+01
      vertex  3.758373e+01 -2.352095e+01  1.080000e+01
    endloop
  endfacet
  facet normal  -0.000000e+00  0.000000e+00  1.000000e+00
    outer loop
      vertex  3.961627e+01 -2.352095e+01  1.080000e+01
      vertex  3.758373e+01 -2.352095e+01  1.080000e+01
      vertex  3.951462e+01 -2.371113e+01  1.080000e+01
    endloop
  endfacet
  facet normal  0.000000e+00  0.000000e+00  1.000000e+00
    outer loop
      vertex  3.951462e+01 -2.371113e+01  1.080000e+01
      vertex  3.758373e+01 -2.352095e+01  1.080000e+01
      vertex  3.768538e+01 -2.371113e+01  1.080000e+01
    endloop
  endfacet
  facet normal  -0.000000e+00  0.000000e+00  1.000000e+00
    outer loop
      vertex  3.951462e+01 -2.371113e+01  1.080000e+01
      vertex  3.768538e+01 -2.371113e+01  1.080000e+01
      vertex  3.937782e+01 -2.387782e+01  1.080000e+01
    endloop
  endfacet
  facet normal  0.000000e+00  0.000000e+00  1.000000e+00
    outer loop
      vertex  3.937782e+01 -2.387782e+01  1.080000e+01
      vertex  3.768538e+01 -2.371113e+01  1.080000e+01
      vertex  3.782218e+01 -2.387782e+01  1.080000e+01
    endloop
  endfacet
  facet normal  -0.000000e+00  0.000000e+00  1.000000e+00
    outer loop
      vertex  3.937782e+01 -2.387782e+01  1.080000e+01
      vertex  3.782218e+01 -2.387782e+01  1.080000e+01
      vertex  3.921113e+01 -2.401462e+01  1.080000e+01
    endloop
  endfacet
  facet normal  0.000000e+00  0.000000e+00  1.000000e+00
    outer loop
      vertex  3.921113e+01 -2.401462e+01  1.080000e+01
      vertex  3.782218e+01 -2.387782e+01  1.080000e+01
      vertex  3.798887e+01 -2.401462e+01  1.080000e+01
    endloop
  endfacet
  facet normal  -0.000000e+00  0.000000e+00  1.000000e+00
    outer loop
      vertex  3.921113e+01 -2.401462e+01  1.080000e+01
      vertex  3.798887e+01 -2.401462e+01  1.080000e+01
      vertex  3.902095e+01 -2.411627e+01  1.080000e+01
    endloop
  endfacet
  facet normal  0.000000e+00  0.000000e+00  1.000000e+00
    outer loop
      vertex  3.902095e+01 -2.411627e+01  1.080000e+01
      vertex  3.798887e+01 -2.401462e+01  1.080000e+01
      vertex  3.817905e+01 -2.411627e+01  1.080000e+01
    endloop
  endfacet
  facet normal  -0.000000e+00  0.000000e+00  9.999999e-01
    outer loop
      vertex  3.902095e+01 -2.411627e+01  1.080000e+01
      vertex  3.817905e+01 -2.411627e+01  1.080000e+01
      vertex  3.881460e+01 -2.417886e+01  1.080000e+01
    endloop
  endfacet
  facet normal  0.000000e+00  0.000000e+00  1.000000e+00
    outer loop
      vertex  3.881460e+01 -2.417886e+01  1.080000e+01
      vertex  3.817905e+01 -2.411627e+01  1.080000e+01
      vertex  3.838540e+01 -2.417886e+01  1.080000e+01
    endloop
  endfacet
  facet normal  -0.000000e+00  0.000000e+00  1.000000e+00
    outer loop
      vertex  3.881460e+01 -2.417886e+01  1.080000e+01
      vertex  3.838540e+01 -2.417886e+01  1.080000e+01
      vertex  3.860000e+01 -2.420000e+01  1.080000e+01
    endloop
  endfacet
  facet normal  9.801688e-02 -9.951848e-01  0.000000e+00
    outer loop
      vertex -3.860000e+01 -2.190000e+01  1.080000e+01
      vertex -3.883411e+01 -2.192306e+01  1.520000e+01
      vertex -3.883411e+01 -2.192306e+01  1.080000e+01
    endloop
  endfacet
  facet normal  2.902878e-01 -9.569395e-01  0.000000e+00
    outer loop
      vertex -3.883411e+01 -2.192306e+01  1.080000e+01
      vertex -3.883411e+01 -2.192306e+01  1.520000e+01
      vertex -3.905922e+01 -2.199134e+01  1.520000e+01
    endloop
  endfacet
  facet normal  2.902878e-01 -9.569395e-01  0.000000e+00
    outer loop
      vertex -3.883411e+01 -2.192306e+01  1.080000e+01
      vertex -3.905922e+01 -2.199134e+01  1.520000e+01
      vertex -3.905922e+01 -2.199134e+01  1.080000e+01
    endloop
  endfacet
  facet normal  4.713914e-01 -8.819242e-01  0.000000e+00
    outer loop
      vertex -3.905922e+01 -2.199134e+01  1.080000e+01
      vertex -3.905922e+01 -2.199134e+01  1.520000e+01
      vertex -3.926669e+01 -2.210224e+01  1.520000e+01
    endloop
  endfacet
  facet normal  4.713914e-01 -8.819242e-01  0.000000e+00
    outer loop
      vertex -3.905922e+01 -2.199134e+01  1.080000e+01
      vertex -3.926669e+01 -2.210224e+01  1.520000e+01
      vertex -3.926669e+01 -2.210224e+01  1.080000e+01
    endloop
  endfacet
  facet normal  6.343987e-01 -7.730060e-01  0.000000e+00
    outer loop
      vertex -3.926669e+01 -2.210224e+01  1.080000e+01
      vertex -3.926669e+01 -2.210224e+01  1.520000e+01
      vertex -3.944853e+01 -2.225147e+01  1.520000e+01
    endloop
  endfacet
  facet normal  6.343987e-01 -7.730060e-01  0.000000e+00
    outer loop
      vertex -3.926669e+01 -2.210224e+01  1.080000e+01
      vertex -3.944853e+01 -2.225147e+01  1.520000e+01
      vertex -3.944853e+01 -2.225147e+01  1.080000e+01
    endloop
  endfacet
  facet normal  7.730099e-01 -6.343939e-01  0.000000e+00
    outer loop
      vertex -3.944853e+01 -2.225147e+01  1.080000e+01
      vertex -3.944853e+01 -2.225147e+01  1.520000e+01
      vertex -3.959776e+01 -2.243332e+01  1.520000e+01
    endloop
  endfacet
  facet normal  7.730099e-01 -6.343939e-01  0.000000e+00
    outer loop
      vertex -3.944853e+01 -2.225147e+01  1.080000e+01
      vertex -3.959776e+01 -2.243332e+01  1.520000e+01
      vertex -3.959776e+01 -2.243332e+01  1.080000e+01
    endloop
  endfacet
  facet normal  8.819190e-01 -4.714011e-01  0.000000e+00
    outer loop
      vertex -3.959776e+01 -2.243332e+01  1.080000e+01
      vertex -3.959776e+01 -2.243332e+01  1.520000e+01
      vertex -3.970866e+01 -2.264078e+01  1.520000e+01
    endloop
  endfacet
  facet normal  8.819190e-01 -4.714011e-01  0.000000e+00
    outer loop
      vertex -3.959776e+01 -2.243332e+01  1.080000e+01
      vertex -3.970866e+01 -2.264078e+01  1.520000e+01
      vertex -3.970866e+01 -2.264078e+01  1.080000e+01
    endloop
  endfacet
  facet normal  9.569408e-01 -2.902833e-01  0.000000e+00
    outer loop
      vertex -3.970866e+01 -2.264078e+01  1.080000e+01
      vertex -3.970866e+01 -2.264078e+01  1.520000e+01
      vertex -3.977694e+01 -2.286589e+01  1.520000e+01
    endloop
  endfacet
  facet normal  9.569408e-01 -2.902833e-01  0.000000e+00
    outer loop
      vertex -3.970866e+01 -2.264078e+01  1.080000e+01
      vertex -3.977694e+01 -2.286589e+01  1.520000e+01
      vertex -3.977694e+01 -2.286589e+01  1.080000e+01
    endloop
  endfacet
  facet normal  9.951854e-01 -9.801044e-02  0.000000e+00
    outer loop
      vertex -3.977694e+01 -2.286589e+01  1.080000e+01
      vertex -3.977694e+01 -2.286589e+01  1.520000e+01
      vertex -3.980000e+01 -2.310000e+01  1.520000e+01
    endloop
  endfacet
  facet normal  9.951854e-01 -9.801044e-02  0.000000e+00
    outer loop
      vertex -3.977694e+01 -2.286589e+01  1.080000e+01
      vertex -3.980000e+01 -2.310000e+01  1.520000e+01
      vertex -3.980000e+01 -2.310000e+01  1.080000e+01
    endloop
  endfacet
  facet normal  9.801688e-02 -9.951848e-01  0.000000e+00
    outer loop
      vertex -3.883411e+01 -2.192306e+01  1.520000e+01
      vertex -3.860000e+01 -2.190000e+01  1.080000e+01
      vertex -3.860000e+01 -2.190000e+01  1.520000e+01
    endloop
  endfacet
  facet normal -9.801846e-02 -9.951845e-01  -0.000000e+00
    outer loop
      vertex -3.860000e+01 -2.190000e+01  1.520000e+01
      vertex -3.860000e+01 -2.190000e+01  1.080000e+01
      vertex -3.836589e+01 -2.192306e+01  1.080000e+01
    endloop
  endfacet
  facet normal -9.801846e-02 -9.951845e-01  0.000000e+00
    outer loop
      vertex -3.860000e+01 -2.190000e+01  1.520000e+01
      vertex -3.836589e+01 -2.192306e+01  1.080000e+01
      vertex -3.836589e+01 -2.192306e+01  1.520000e+01
    endloop
  endfacet
  facet normal -2.902878e-01 -9.569395e-01  -0.000000e+00
    outer loop
      vertex -3.836589e+01 -2.192306e+01  1.520000e+01
      vertex -3.836589e+01 -2.192306e+01  1.080000e+01
      vertex -3.814078e+01 -2.199134e+01  1.080000e+01
    endloop
  endfacet
  facet normal -2.902878e-01 -9.569395e-01  0.000000e+00
    outer loop
      vertex -3.836589e+01 -2.192306e+01  1.520000e+01
      vertex -3.814078e+01 -2.199134e+01  1.080000e+01
      vertex -3.814078e+01 -2.199134e+01  1.520000e+01
    endloop
  endfacet
  facet normal -4.713914e-01 -8.819242e-01  -0.000000e+00
    outer loop
      vertex -3.814078e+01 -2.199134e+01  1.520000e+01
      vertex -3.814078e+01 -2.199134e+01  1.080000e+01
      vertex -3.793332e+01 -2.210224e+01  1.080000e+01
    endloop
  endfacet
  facet normal -4.713914e-01 -8.819242e-01  0.000000e+00
    outer loop
      vertex -3.814078e+01 -2.199134e+01  1.520000e+01
      vertex -3.793332e+01 -2.210224e+01  1.080000e+01
      vertex -3.793332e+01 -2.210224e+01  1.520000e+01
    endloop
  endfacet
  facet normal -6.343987e-01 -7.730060e-01  -0.000000e+00
    outer loop
      vertex -3.793332e+01 -2.210224e+01  1.520000e+01
      vertex -3.793332e+01 -2.210224e+01  1.080000e+01
      vertex -3.775147e+01 -2.225147e+01  1.080000e+01
    endloop
  endfacet
  facet normal -6.343987e-01 -7.730060e-01  0.000000e+00
    outer loop
      vertex -3.793332e+01 -2.210224e+01  1.520000e+01
      vertex -3.775147e+01 -2.225147e+01  1.080000e+01
      vertex -3.775147e+01 -2.225147e+01  1.520000e+01
    endloop
  endfacet
  facet normal -7.730099e-01 -6.343939e-01  -0.000000e+00
    outer loop
      vertex -3.775147e+01 -2.225147e+01  1.520000e+01
      vertex -3.775147e+01 -2.225147e+01  1.080000e+01
      vertex -3.760224e+01 -2.243332e+01  1.080000e+01
    endloop
  endfacet
  facet normal -7.730099e-01 -6.343939e-01  0.000000e+00
    outer loop
      vertex -3.775147e+01 -2.225147e+01  1.520000e+01
      vertex -3.760224e+01 -2.243332e+01  1.080000e+01
      vertex -3.760224e+01 -2.243332e+01  1.520000e+01
    endloop
  endfacet
  facet normal -8.819190e-01 -4.714011e-01  -0.000000e+00
    outer loop
      vertex -3.760224e+01 -2.243332e+01  1.520000e+01
      vertex -3.760224e+01 -2.243332e+01  1.080000e+01
      vertex -3.749134e+01 -2.264078e+01  1.080000e+01
    endloop
  endfacet
  facet normal -8.819190e-01 -4.714011e-01  0.000000e+00
    outer loop
      vertex -3.760224e+01 -2.243332e+01  1.520000e+01
      vertex -3.749134e+01 -2.264078e+01  1.080000e+01
      vertex -3.749134e+01 -2.264078e+01  1.520000e+01
    endloop
  endfacet
  facet normal -9.569408e-01 -2.902833e-01  -0.000000e+00
    outer loop
      vertex -3.749134e+01 -2.264078e+01  1.520000e+01
      vertex -3.749134e+01 -2.264078e+01  1.080000e+01
      vertex -3.742306e+01 -2.286589e+01  1.080000e+01
    endloop
  endfacet
  facet normal -9.569408e-01 -2.902833e-01  0.000000e+00
    outer loop
      vertex -3.749134e+01 -2.264078e+01  1.520000e+01
      vertex -3.742306e+01 -2.286589e+01  1.080000e+01
      vertex -3.742306e+01 -2.286589e+01  1.520000e+01
    endloop
  endfacet
  facet normal -9.951854e-01 -9.801044e-02  -0.000000e+00
    outer loop
      vertex -3.742306e+01 -2.286589e+01  1.520000e+01
      vertex -3.742306e+01 -2.286589e+01  1.080000e+01
      vertex -3.740000e+01 -2.310000e+01  1.080000e+01
    endloop
  endfacet
  facet normal -9.951854e-01 -9.801044e-02  0.000000e+00
    outer loop
      vertex -3.742306e+01 -2.286589e+01  1.520000e+01
      vertex -3.740000e+01 -2.310000e+01  1.080000e+01
      vertex -3.740000e+01 -2.310000e+01  1.520000e+01
    endloop
  endfacet
  facet normal -9.801488e-02  9.951850e-01  0.000000e+00
    outer loop
      vertex  3.960000e+01  3.650000e+00  1.080000e+01
      vertex  3.983411e+01  3.673058e+00  1.520000e+01
      vertex  3.983411e+01  3.673058e+00  1.080000e+01
    endloop
  endfacet
  facet normal -2.902878e-01  9.569395e-01  0.000000e+00
    outer loop
      vertex  3.983411e+01  3.673058e+00  1.080000e+01
      vertex  3.983411e+01  3.673058e+00  1.520000e+01
      vertex  4.005922e+01  3.741344e+00  1.520000e+01
    endloop
  endfacet
  facet normal -2.902878e-01  9.569395e-01  0.000000e+00
    outer loop
      vertex  3.983411e+01  3.673058e+00  1.080000e+01
      vertex  4.005922e+01  3.741344e+00  1.520000e+01
      vertex  4.005922e+01  3.741344e+00  1.080000e+01
    endloop
  endfacet
  facet normal -4.713938e-01  8.819228e-01  0.000000e+00
    outer loop
      vertex  4.005922e+01  3.741344e+00  1.080000e+01
      vertex  4.005922e+01  3.741344e+00  1.520000e+01
      vertex  4.026669e+01  3.852237e+00  1.520000e+01
    endloop
  endfacet
  facet normal -4.713938e-01  8.819228e-01  0.000000e+00
    outer loop
      vertex  4.005922e+01  3.741344e+00  1.080000e+01
      vertex  4.026669e+01  3.852237e+00  1.520000e+01
      vertex  4.026669e+01  3.852237e+00  1.080000e+01
    endloop
  endfacet
  facet normal -6.343957e-01  7.730085e-01  0.000000e+00
    outer loop
      vertex  4.026669e+01  3.852237e+00  1.080000e+01
      vertex  4.026669e+01  3.852237e+00  1.520000e+01
      vertex  4.044853e+01  4.001472e+00  1.520000e+01
    endloop
  endfacet
  facet normal -6.343957e-01  7.730085e-01  0.000000e+00
    outer loop
      vertex  4.026669e+01  3.852237e+00  1.080000e+01
      vertex  4.044853e+01  4.001472e+00  1.520000e+01
      vertex  4.044853e+01  4.001472e+00  1.080000e+01
    endloop
  endfacet
  facet normal -7.730116e-01  6.343919e-01  0.000000e+00
    outer loop
      vertex  4.044853e+01  4.001472e+00  1.080000e+01
      vertex  4.044853e+01  4.001472e+00  1.520000e+01
      vertex  4.059776e+01  4.183316e+00  1.520000e+01
    endloop
  endfacet
  facet normal -7.730116e-01  6.343919e-01  0.000000e+00
    outer loop
      vertex  4.044853e+01  4.001472e+00  1.080000e+01
      vertex  4.059776e+01  4.183316e+00  1.520000e+01
      vertex  4.059776e+01  4.183316e+00  1.080000e+01
    endloop
  endfacet
  facet normal -8.819190e-01  4.714011e-01  0.000000e+00
    outer loop
      vertex  4.059776e+01  4.183316e+00  1.080000e+01
      vertex  4.059776e+01  4.183316e+00  1.520000e+01
      vertex  4.070866e+01  4.390780e+00  1.520000e+01
    endloop
  endfacet
  facet normal -8.819190e-01  4.714011e-01  0.000000e+00
    outer loop
      vertex  4.059776e+01  4.183316e+00  1.080000e+01
      vertex  4.070866e+01  4.390780e+00  1.520000e+01
      vertex  4.070866e+01  4.390780e+00  1.080000e+01
    endloop
  endfacet
  facet normal -9.569403e-01  2.902850e-01  0.000000e+00
    outer loop
      vertex  4.070866e+01  4.390780e+00  1.080000e+01
      vertex  4.070866e+01  4.390780e+00  1.520000e+01
      vertex  4.077694e+01  4.615891e+00  1.520000e+01
    endloop
  endfacet
  facet normal -9.569403e-01  2.902850e-01  0.000000e+00
    outer loop
      vertex  4.070866e+01  4.390780e+00  1.080000e+01
      vertex  4.077694e+01  4.615891e+00  1.520000e+01
      vertex  4.077694e+01  4.615891e+00  1.080000e+01
    endloop
  endfacet
  facet normal -9.951854e-01  9.801023e-02  0.000000e+00
    outer loop
      vertex  4.077694e+01  4.615891e+00  1.080000e+01
      vertex  4.077694e+01  4.615891e+00  1.520000e+01
      vertex  4.080000e+01  4.850000e+00  1.520000e+01
    endloop
  endfacet
  facet normal -9.951854e-01  9.801023e-02  0.000000e+00
    outer loop
      vertex  4.077694e+01  4.615891e+00  1.080000e+01
      vertex  4.080000e+01  4.850000e+00  1.520000e+01
      vertex  4.080000e+01  4.850000e+00  1.080000e+01
    endloop
  endfacet
  facet normal -9.801488e-02  9.951850e-01  0.000000e+00
    outer loop
      vertex  3.983411e+01  3.673058e+00  1.520000e+01
      vertex  3.960000e+01  3.650000e+00  1.080000e+01
      vertex  3.960000e+01  3.650000e+00  1.520000e+01
    endloop
  endfacet
  facet normal  9.801646e-02  9.951848e-01  0.000000e+00
    outer loop
      vertex  3.960000e+01  3.650000e+00  1.520000e+01
      vertex  3.960000e+01  3.650000e+00  1.080000e+01
      vertex  3.936589e+01  3.673058e+00  1.080000e+01
    endloop
  endfacet
  facet normal  9.801646e-02  9.951848e-01  -0.000000e+00
    outer loop
      vertex  3.960000e+01  3.650000e+00  1.520000e+01
      vertex  3.936589e+01  3.673058e+00  1.080000e+01
      vertex  3.936589e+01  3.673058e+00  1.520000e+01
    endloop
  endfacet
  facet normal  2.902878e-01  9.569395e-01  0.000000e+00
    outer loop
      vertex  3.936589e+01  3.673058e+00  1.520000e+01
      vertex  3.936589e+01  3.673058e+00  1.080000e+01
      vertex  3.914078e+01  3.741344e+00  1.080000e+01
    endloop
  endfacet
  facet normal  2.902878e-01  9.569395e-01  -0.000000e+00
    outer loop
      vertex  3.936589e+01  3.673058e+00  1.520000e+01
      vertex  3.914078e+01  3.741344e+00  1.080000e+01
      vertex  3.914078e+01  3.741344e+00  1.520000e+01
    endloop
  endfacet
  facet normal  4.713938e-01  8.819228e-01  0.000000e+00
    outer loop
      vertex  3.914078e+01  3.741344e+00  1.520000e+01
      vertex  3.914078e+01  3.741344e+00  1.080000e+01
      vertex  3.893332e+01  3.852237e+00  1.080000e+01
    endloop
  endfacet
  facet normal  4.713938e-01  8.819228e-01  -0.000000e+00
    outer loop
      vertex  3.914078e+01  3.741344e+00  1.520000e+01
      vertex  3.893332e+01  3.852237e+00  1.080000e+01
      vertex  3.893332e+01  3.852237e+00  1.520000e+01
    endloop
  endfacet
  facet normal  6.343957e-01  7.730085e-01  0.000000e+00
    outer loop
      vertex  3.893332e+01  3.852237e+00  1.520000e+01
      vertex  3.893332e+01  3.852237e+00  1.080000e+01
      vertex  3.875147e+01  4.001472e+00  1.080000e+01
    endloop
  endfacet
  facet normal  6.343957e-01  7.730085e-01  -0.000000e+00
    outer loop
      vertex  3.893332e+01  3.852237e+00  1.520000e+01
      vertex  3.875147e+01  4.001472e+00  1.080000e+01
      vertex  3.875147e+01  4.001472e+00  1.520000e+01
    endloop
  endfacet
  facet normal  7.730116e-01  6.343919e-01  0.000000e+00
    outer loop
      vertex  3.875147e+01  4.001472e+00  1.520000e+01
      vertex  3.875147e+01  4.001472e+00  1.080000e+01
      vertex  3.860224e+01  4.183316e+00  1.080000e+01
    endloop
  endfacet
  facet normal  7.730116e-01  6.343919e-01  -0.000000e+00
    outer loop
      vertex  3.875147e+01  4.001472e+00  1.520000e+01
      vertex  3.860224e+01  4.183316e+00  1.080000e+01
      vertex  3.860224e+01  4.183316e+00  1.520000e+01
    endloop
  endfacet
  facet normal  8.819190e-01  4.714011e-01  0.000000e+00
    outer loop
      vertex  3.860224e+01  4.183316e+00  1.520000e+01
      vertex  3.860224e+01  4.183316e+00  1.080000e+01
      vertex  3.849134e+01  4.390780e+00  1.080000e+01
    endloop
  endfacet
  facet normal  8.819190e-01  4.714011e-01  -0.000000e+00
    outer loop
      vertex  3.860224e+01  4.183316e+00  1.520000e+01
      vertex  3.849134e+01  4.390780e+00  1.080000e+01
      vertex  3.849134e+01  4.390780e+00  1.520000e+01
    endloop
  endfacet
  facet normal  9.569403e-01  2.902850e-01  0.000000e+00
    outer loop
      vertex  3.849134e+01  4.390780e+00  1.520000e+01
      vertex  3.849134e+01  4.390780e+00  1.080000e+01
      vertex  3.842306e+01  4.615891e+00  1.080000e+01
    endloop
  endfacet
  facet normal  9.569403e-01  2.902850e-01  -0.000000e+00
    outer loop
      vertex  3.849134e+01  4.390780e+00  1.520000e+01
      vertex  3.842306e+01  4.615891e+00  1.080000e+01
      vertex  3.842306e+01  4.615891e+00  1.520000e+01
    endloop
  endfacet
  facet normal  9.951854e-01  9.801023e-02  0.000000e+00
    outer loop
      vertex  3.842306e+01  4.615891e+00  1.520000e+01
      vertex  3.842306e+01  4.615891e+00  1.080000e+01
      vertex  3.840000e+01  4.850000e+00  1.080000e+01
    endloop
  endfacet
  facet normal  9.951854e-01  9.801023e-02  -0.000000e+00
    outer loop
      vertex  3.842306e+01  4.615891e+00  1.520000e+01
      vertex  3.840000e+01  4.850000e+00  1.080000e+01
      vertex  3.840000e+01  4.850000e+00  1.520000e+01
    endloop
  endfacet
  facet normal  9.801846e-02 -9.951845e-01  0.000000e+00
    outer loop
      vertex  3.960000e+01  6.050000e+00  1.080000e+01
      vertex  3.936589e+01  6.026942e+00  1.520000e+01
      vertex  3.936589e+01  6.026942e+00  1.080000e+01
    endloop
  endfacet
  facet normal  2.902878e-01 -9.569395e-01  0.000000e+00
    outer loop
      vertex  3.936589e+01  6.026942e+00  1.080000e+01
      vertex  3.936589e+01  6.026942e+00  1.520000e+01
      vertex  3.914078e+01  5.958655e+00  1.520000e+01
    endloop
  endfacet
  facet normal  2.902878e-01 -9.569395e-01  0.000000e+00
    outer loop
      vertex  3.936589e+01  6.026942e+00  1.080000e+01
      vertex  3.914078e+01  5.958655e+00  1.520000e+01
      vertex  3.914078e+01  5.958655e+00  1.080000e+01
    endloop
  endfacet
  facet normal  4.713929e-01 -8.819232e-01  0.000000e+00
    outer loop
      vertex  3.914078e+01  5.958655e+00  1.080000e+01
      vertex  3.914078e+01  5.958655e+00  1.520000e+01
      vertex  3.893332e+01  5.847764e+00  1.520000e+01
    endloop
  endfacet
  facet normal  4.713929e-01 -8.819232e-01  0.000000e+00
    outer loop
      vertex  3.914078e+01  5.958655e+00  1.080000e+01
      vertex  3.893332e+01  5.847764e+00  1.520000e+01
      vertex  3.893332e+01  5.847764e+00  1.080000e+01
    endloop
  endfacet
  facet normal  6.343952e-01 -7.730090e-01  0.000000e+00
    outer loop
      vertex  3.893332e+01  5.847764e+00  1.080000e+01
      vertex  3.893332e+01  5.847764e+00  1.520000e+01
      vertex  3.875147e+01  5.698528e+00  1.520000e+01
    endloop
  endfacet
  facet normal  6.343952e-01 -7.730090e-01  0.000000e+00
    outer loop
      vertex  3.893332e+01  5.847764e+00  1.080000e+01
      vertex  3.875147e+01  5.698528e+00  1.520000e+01
      vertex  3.875147e+01  5.698528e+00  1.080000e+01
    endloop
  endfacet
  facet normal  7.730123e-01 -6.343909e-01  0.000000e+00
    outer loop
      vertex  3.875147e+01  5.698528e+00  1.080000e+01
      vertex  3.875147e+01  5.698528e+00  1.520000e+01
      vertex  3.860224e+01  5.516684e+00  1.520000e+01
    endloop
  endfacet
  facet normal  7.730123e-01 -6.343909e-01  0.000000e+00
    outer loop
      vertex  3.875147e+01  5.698528e+00  1.080000e+01
      vertex  3.860224e+01  5.516684e+00  1.520000e+01
      vertex  3.860224e+01  5.516684e+00  1.080000e+01
    endloop
  endfacet
  facet normal  8.819184e-01 -4.714019e-01  0.000000e+00
    outer loop
      vertex  3.860224e+01  5.516684e+00  1.080000e+01
      vertex  3.860224e+01  5.516684e+00  1.520000e+01
      vertex  3.849134e+01  5.309220e+00  1.520000e+01
    endloop
  endfacet
  facet normal  8.819184e-01 -4.714019e-01  0.000000e+00
    outer loop
      vertex  3.860224e+01  5.516684e+00  1.080000e+01
      vertex  3.849134e+01  5.309220e+00  1.520000e+01
      vertex  3.849134e+01  5.309220e+00  1.080000e+01
    endloop
  endfacet
  facet normal  9.569404e-01 -2.902844e-01  0.000000e+00
    outer loop
      vertex  3.849134e+01  5.309220e+00  1.080000e+01
      vertex  3.849134e+01  5.309220e+00  1.520000e+01
      vertex  3.842306e+01  5.084108e+00  1.520000e+01
    endloop
  endfacet
  facet normal  9.569404e-01 -2.902844e-01  0.000000e+00
    outer loop
      vertex  3.849134e+01  5.309220e+00  1.080000e+01
      vertex  3.842306e+01  5.084108e+00  1.520000e+01
      vertex  3.842306e+01  5.084108e+00  1.080000e+01
    endloop
  endfacet
  facet normal  9.951854e-01 -9.801023e-02  0.000000e+00
    outer loop
      vertex  3.842306e+01  5.084108e+00  1.080000e+01
      vertex  3.842306e+01  5.084108e+00  1.520000e+01
      vertex  3.840000e+01  4.850000e+00  1.520000e+01
    endloop
  endfacet
  facet normal  9.951854e-01 -9.801023e-02  0.000000e+00
    outer loop
      vertex  3.842306e+01  5.084108e+00  1.080000e+01
      vertex  3.840000e+01  4.850000e+00  1.520000e+01
      vertex  3.840000e+01  4.850000e+00  1.080000e+01
    endloop
  endfacet
  facet normal  9.801846e-02 -9.951845e-01  0.000000e+00
    outer loop
      vertex  3.936589e+01  6.026942e+00  1.520000e+01
      vertex  3.960000e+01  6.050000e+00  1.080000e+01
      vertex  3.960000e+01  6.050000e+00  1.520000e+01
    endloop
  endfacet
  facet normal -9.801688e-02 -9.951848e-01  -0.000000e+00
    outer loop
      vertex  3.960000e+01  6.050000e+00  1.520000e+01
      vertex  3.960000e+01  6.050000e+00  1.080000e+01
      vertex  3.983411e+01  6.026942e+00  1.080000e+01
    endloop
  endfacet
  facet normal -9.801688e-02 -9.951848e-01  0.000000e+00
    outer loop
      vertex  3.960000e+01  6.050000e+00  1.520000e+01
      vertex  3.983411e+01  6.026942e+00  1.080000e+01
      vertex  3.983411e+01  6.026942e+00  1.520000e+01
    endloop
  endfacet
  facet normal -2.902878e-01 -9.569395e-01  -0.000000e+00
    outer loop
      vertex  3.983411e+01  6.026942e+00  1.520000e+01
      vertex  3.983411e+01  6.026942e+00  1.080000e+01
      vertex  4.005922e+01  5.958655e+00  1.080000e+01
    endloop
  endfacet
  facet normal -2.902878e-01 -9.569395e-01  0.000000e+00
    outer loop
      vertex  3.983411e+01  6.026942e+00  1.520000e+01
      vertex  4.005922e+01  5.958655e+00  1.080000e+01
      vertex  4.005922e+01  5.958655e+00  1.520000e+01
    endloop
  endfacet
  facet normal -4.713929e-01 -8.819232e-01  -0.000000e+00
    outer loop
      vertex  4.005922e+01  5.958655e+00  1.520000e+01
      vertex  4.005922e+01  5.958655e+00  1.080000e+01
      vertex  4.026669e+01  5.847764e+00  1.080000e+01
    endloop
  endfacet
  facet normal -4.713929e-01 -8.819232e-01  0.000000e+00
    outer loop
      vertex  4.005922e+01  5.958655e+00  1.520000e+01
      vertex  4.026669e+01  5.847764e+00  1.080000e+01
      vertex  4.026669e+01  5.847764e+00  1.520000e+01
    endloop
  endfacet
  facet normal -6.343952e-01 -7.730090e-01  -0.000000e+00
    outer loop
      vertex  4.026669e+01  5.847764e+00  1.520000e+01
      vertex  4.026669e+01  5.847764e+00  1.080000e+01
      vertex  4.044853e+01  5.698528e+00  1.080000e+01
    endloop
  endfacet
  facet normal -6.343952e-01 -7.730090e-01  0.000000e+00
    outer loop
      vertex  4.026669e+01  5.847764e+00  1.520000e+01
      vertex  4.044853e+01  5.698528e+00  1.080000e+01
      vertex  4.044853e+01  5.698528e+00  1.520000e+01
    endloop
  endfacet
  facet normal -7.730123e-01 -6.343909e-01  -0.000000e+00
    outer loop
      vertex  4.044853e+01  5.698528e+00  1.520000e+01
      vertex  4.044853e+01  5.698528e+00  1.080000e+01
      vertex  4.059776e+01  5.516684e+00  1.080000e+01
    endloop
  endfacet
  facet normal -7.730123e-01 -6.343909e-01  0.000000e+00
    outer loop
      vertex  4.044853e+01  5.698528e+00  1.520000e+01
      vertex  4.059776e+01  5.516684e+00  1.080000e+01
      vertex  4.059776e+01  5.516684e+00  1.520000e+01
    endloop
  endfacet
  facet normal -8.819184e-01 -4.714019e-01  -0.000000e+00
    outer loop
      vertex  4.059776e+01  5.516684e+00  1.520000e+01
      vertex  4.059776e+01  5.516684e+00  1.080000e+01
      vertex  4.070866e+01  5.309220e+00  1.080000e+01
    endloop
  endfacet
  facet normal -8.819184e-01 -4.714019e-01  0.000000e+00
    outer loop
      vertex  4.059776e+01  5.516684e+00  1.520000e+01
      vertex  4.070866e+01  5.309220e+00  1.080000e+01
      vertex  4.070866e+01  5.309220e+00  1.520000e+01
    endloop
  endfacet
  facet normal -9.569404e-01 -2.902844e-01  -0.000000e+00
    outer loop
      vertex  4.070866e+01  5.309220e+00  1.520000e+01
      vertex  4.070866e+01  5.309220e+00  1.080000e+01
      vertex  4.077694e+01  5.084108e+00  1.080000e+01
    endloop
  endfacet
  facet normal -9.569404e-01 -2.902844e-01  0.000000e+00
    outer loop
      vertex  4.070866e+01  5.309220e+00  1.520000e+01
      vertex  4.077694e+01  5.084108e+00  1.080000e+01
      vertex  4.077694e+01  5.084108e+00  1.520000e+01
    endloop
  endfacet
  facet normal -9.951854e-01 -9.801023e-02  -0.000000e+00
    outer loop
      vertex  4.077694e+01  5.084108e+00  1.520000e+01
      vertex  4.077694e+01  5.084108e+00  1.080000e+01
      vertex  4.080000e+01  4.850000e+00  1.080000e+01
    endloop
  endfacet
  facet normal -9.951854e-01 -9.801023e-02  0.000000e+00
    outer loop
      vertex  4.077694e+01  5.084108e+00  1.520000e+01
      vertex  4.080000e+01  4.850000e+00  1.080000e+01
      vertex  4.080000e+01  4.850000e+00  1.520000e+01
    endloop
  endfacet
  facet normal -9.801646e-02  9.951848e-01  0.000000e+00
    outer loop
      vertex -3.960000e+01  3.650000e+00  1.080000e+01
      vertex -3.936589e+01  3.673058e+00  1.520000e+01
      vertex -3.936589e+01  3.673058e+00  1.080000e+01
    endloop
  endfacet
  facet normal -2.902878e-01  9.569395e-01  0.000000e+00
    outer loop
      vertex -3.936589e+01  3.673058e+00  1.080000e+01
      vertex -3.936589e+01  3.673058e+00  1.520000e+01
      vertex -3.914078e+01  3.741344e+00  1.520000e+01
    endloop
  endfacet
  facet normal -2.902878e-01  9.569395e-01  0.000000e+00
    outer loop
      vertex -3.936589e+01  3.673058e+00  1.080000e+01
      vertex -3.914078e+01  3.741344e+00  1.520000e+01
      vertex -3.914078e+01  3.741344e+00  1.080000e+01
    endloop
  endfacet
  facet normal -4.713938e-01  8.819228e-01  0.000000e+00
    outer loop
      vertex -3.914078e+01  3.741344e+00  1.080000e+01
      vertex -3.914078e+01  3.741344e+00  1.520000e+01
      vertex -3.893332e+01  3.852237e+00  1.520000e+01
    endloop
  endfacet
  facet normal -4.713938e-01  8.819228e-01  0.000000e+00
    outer loop
      vertex -3.914078e+01  3.741344e+00  1.080000e+01
      vertex -3.893332e+01  3.852237e+00  1.520000e+01
      vertex -3.893332e+01  3.852237e+00  1.080000e+01
    endloop
  endfacet
  facet normal -6.343957e-01  7.730085e-01  0.000000e+00
    outer loop
      vertex -3.893332e+01  3.852237e+00  1.080000e+01
      vertex -3.893332e+01  3.852237e+00  1.520000e+01
      vertex -3.875147e+01  4.001472e+00  1.520000e+01
    endloop
  endfacet
  facet normal -6.343957e-01  7.730085e-01  0.000000e+00
    outer loop
      vertex -3.893332e+01  3.852237e+00  1.080000e+01
      vertex -3.875147e+01  4.001472e+00  1.520000e+01
      vertex -3.875147e+01  4.001472e+00  1.080000e+01
    endloop
  endfacet
  facet normal -7.730116e-01  6.343919e-01  0.000000e+00
    outer loop
      vertex -3.875147e+01  4.001472e+00  1.080000e+01
      vertex -3.875147e+01  4.001472e+00  1.520000e+01
      vertex -3.860224e+01  4.183316e+00  1.520000e+01
    endloop
  endfacet
  facet normal -7.730116e-01  6.343919e-01  0.000000e+00
    outer loop
      vertex -3.875147e+01  4.001472e+00  1.080000e+01
      vertex -3.860224e+01  4.183316e+00  1.520000e+01
      vertex -3.860224e+01  4.183316e+00  1.080000e+01
    endloop
  endfacet
  facet normal -8.819190e-01  4.714011e-01  0.000000e+00
    outer loop
      vertex -3.860224e+01  4.183316e+00  1.080000e+01
      vertex -3.860224e+01  4.183316e+00  1.520000e+01
      vertex -3.849134e+01  4.390780e+00  1.520000e+01
    endloop
  endfacet
  facet normal -8.819190e-01  4.714011e-01  0.000000e+00
    outer loop
      vertex -3.860224e+01  4.183316e+00  1.080000e+01
      vertex -3.849134e+01  4.390780e+00  1.520000e+01
      vertex -3.849134e+01  4.390780e+00  1.080000e+01
    endloop
  endfacet
  facet normal -9.569403e-01  2.902850e-01  0.000000e+00
    outer loop
      vertex -3.849134e+01  4.390780e+00  1.080000e+01
      vertex -3.849134e+01  4.390780e+00  1.520000e+01
      vertex -3.842306e+01  4.615891e+00  1.520000e+01
    endloop
  endfacet
  facet normal -9.569403e-01  2.902850e-01  0.000000e+00
    outer loop
      vertex -3.849134e+01  4.390780e+00  1.080000e+01
      vertex -3.842306e+01  4.615891e+00  1.520000e+01
      vertex -3.842306e+01  4.615891e+00  1.080000e+01
    endloop
  endfacet
  facet normal -9.951854e-01  9.801023e-02  0.000000e+00
    outer loop
      vertex -3.842306e+01  4.615891e+00  1.080000e+01
      vertex -3.842306e+01  4.615891e+00  1.520000e+01
      vertex -3.840000e+01  4.850000e+00  1.520000e+01
    endloop
  endfacet
  facet normal -9.951854e-01  9.801023e-02  0.000000e+00
    outer loop
      vertex -3.842306e+01  4.615891e+00  1.080000e+01
      vertex -3.840000e+01  4.850000e+00  1.520000e+01
      vertex -3.840000e+01  4.850000e+00  1.080000e+01
    endloop
  endfacet
  facet normal -9.801646e-02  9.951848e-01  0.000000e+00
    outer loop
      vertex -3.936589e+01  3.673058e+00  1.520000e+01
      vertex -3.960000e+01  3.650000e+00  1.080000e+01
      vertex -3.960000e+01  3.650000e+00  1.520000e+01
    endloop
  endfacet
  facet normal  9.801488e-02  9.951850e-01  0.000000e+00
    outer loop
      vertex -3.960000e+01  3.650000e+00  1.520000e+01
      vertex -3.960000e+01  3.650000e+00  1.080000e+01
      vertex -3.983411e+01  3.673058e+00  1.080000e+01
    endloop
  endfacet
  facet normal  9.801488e-02  9.951850e-01  -0.000000e+00
    outer loop
      vertex -3.960000e+01  3.650000e+00  1.520000e+01
      vertex -3.983411e+01  3.673058e+00  1.080000e+01
      vertex -3.983411e+01  3.673058e+00  1.520000e+01
    endloop
  endfacet
  facet normal  2.902878e-01  9.569395e-01  0.000000e+00
    outer loop
      vertex -3.983411e+01  3.673058e+00  1.520000e+01
      vertex -3.983411e+01  3.673058e+00  1.080000e+01
      vertex -4.005922e+01  3.741344e+00  1.080000e+01
    endloop
  endfacet
  facet normal  2.902878e-01  9.569395e-01  -0.000000e+00
    outer loop
      vertex -3.983411e+01  3.673058e+00  1.520000e+01
      vertex -4.005922e+01  3.741344e+00  1.080000e+01
      vertex -4.005922e+01  3.741344e+00  1.520000e+01
    endloop
  endfacet
  facet normal  4.713938e-01  8.819228e-01  0.000000e+00
    outer loop
      vertex -4.005922e+01  3.741344e+00  1.520000e+01
      vertex -4.005922e+01  3.741344e+00  1.080000e+01
      vertex -4.026669e+01  3.852237e+00  1.080000e+01
    endloop
  endfacet
  facet normal  4.713938e-01  8.819228e-01  -0.000000e+00
    outer loop
      vertex -4.005922e+01  3.741344e+00  1.520000e+01
      vertex -4.026669e+01  3.852237e+00  1.080000e+01
      vertex -4.026669e+01  3.852237e+00  1.520000e+01
    endloop
  endfacet
  facet normal  6.343957e-01  7.730085e-01  0.000000e+00
    outer loop
      vertex -4.026669e+01  3.852237e+00  1.520000e+01
      vertex -4.026669e+01  3.852237e+00  1.080000e+01
      vertex -4.044853e+01  4.001472e+00  1.080000e+01
    endloop
  endfacet
  facet normal  6.343957e-01  7.730085e-01  -0.000000e+00
    outer loop
      vertex -4.026669e+01  3.852237e+00  1.520000e+01
      vertex -4.044853e+01  4.001472e+00  1.080000e+01
      vertex -4.044853e+01  4.001472e+00  1.520000e+01
    endloop
  endfacet
  facet normal  7.730116e-01  6.343919e-01  0.000000e+00
    outer loop
      vertex -4.044853e+01  4.001472e+00  1.520000e+01
      vertex -4.044853e+01  4.001472e+00  1.080000e+01
      vertex -4.059776e+01  4.183316e+00  1.080000e+01
    endloop
  endfacet
  facet normal  7.730116e-01  6.343919e-01  -0.000000e+00
    outer loop
      vertex -4.044853e+01  4.001472e+00  1.520000e+01
      vertex -4.059776e+01  4.183316e+00  1.080000e+01
      vertex -4.059776e+01  4.183316e+00  1.520000e+01
    endloop
  endfacet
  facet normal  8.819190e-01  4.714011e-01  0.000000e+00
    outer loop
      vertex -4.059776e+01  4.183316e+00  1.520000e+01
      vertex -4.059776e+01  4.183316e+00  1.080000e+01
      vertex -4.070866e+01  4.390780e+00  1.080000e+01
    endloop
  endfacet
  facet normal  8.819190e-01  4.714011e-01  -0.000000e+00
    outer loop
      vertex -4.059776e+01  4.183316e+00  1.520000e+01
      vertex -4.070866e+01  4.390780e+00  1.080000e+01
      vertex -4.070866e+01  4.390780e+00  1.520000e+01
    endloop
  endfacet
  facet normal  9.569403e-01  2.902850e-01  0.000000e+00
    outer loop
      vertex -4.070866e+01  4.390780e+00  1.520000e+01
      vertex -4.070866e+01  4.390780e+00  1.080000e+01
      vertex -4.077694e+01  4.615891e+00  1.080000e+01
    endloop
  endfacet
  facet normal  9.569403e-01  2.902850e-01  -0.000000e+00
    outer loop
      vertex -4.070866e+01  4.390780e+00  1.520000e+01
      vertex -4.077694e+01  4.615891e+00  1.080000e+01
      vertex -4.077694e+01  4.615891e+00  1.520000e+01
    endloop
  endfacet
  facet normal  9.951854e-01  9.801023e-02  0.000000e+00
    outer loop
      vertex -4.077694e+01  4.615891e+00  1.520000e+01
      vertex -4.077694e+01  4.615891e+00  1.080000e+01
      vertex -4.080000e+01  4.850000e+00  1.080000e+01
    endloop
  endfacet
  facet normal  9.951854e-01  9.801023e-02  -0.000000e+00
    outer loop
      vertex -4.077694e+01  4.615891e+00  1.520000e+01
      vertex -4.080000e+01  4.850000e+00  1.080000e+01
      vertex -4.080000e+01  4.850000e+00  1.520000e+01
    endloop
  endfacet
  facet normal  9.801688e-02 -9.951848e-01  0.000000e+00
    outer loop
      vertex -3.960000e+01  6.050000e+00  1.080000e+01
      vertex -3.983411e+01  6.026942e+00  1.520000e+01
      vertex -3.983411e+01  6.026942e+00  1.080000e+01
    endloop
  endfacet
  facet normal  2.902878e-01 -9.569395e-01  0.000000e+00
    outer loop
      vertex -3.983411e+01  6.026942e+00  1.080000e+01
      vertex -3.983411e+01  6.026942e+00  1.520000e+01
      vertex -4.005922e+01  5.958655e+00  1.520000e+01
    endloop
  endfacet
  facet normal  2.902878e-01 -9.569395e-01  0.000000e+00
    outer loop
      vertex -3.983411e+01  6.026942e+00  1.080000e+01
      vertex -4.005922e+01  5.958655e+00  1.520000e+01
      vertex -4.005922e+01  5.958655e+00  1.080000e+01
    endloop
  endfacet
  facet normal  4.713929e-01 -8.819232e-01  0.000000e+00
    outer loop
      vertex -4.005922e+01  5.958655e+00  1.080000e+01
      vertex -4.005922e+01  5.958655e+00  1.520000e+01
      vertex -4.026669e+01  5.847764e+00  1.520000e+01
    endloop
  endfacet
  facet normal  4.713929e-01 -8.819232e-01  0.000000e+00
    outer loop
      vertex -4.005922e+01  5.958655e+00  1.080000e+01
      vertex -4.026669e+01  5.847764e+00  1.520000e+01
      vertex -4.026669e+01  5.847764e+00  1.080000e+01
    endloop
  endfacet
  facet normal  6.343952e-01 -7.730090e-01  0.000000e+00
    outer loop
      vertex -4.026669e+01  5.847764e+00  1.080000e+01
      vertex -4.026669e+01  5.847764e+00  1.520000e+01
      vertex -4.044853e+01  5.698528e+00  1.520000e+01
    endloop
  endfacet
  facet normal  6.343952e-01 -7.730090e-01  0.000000e+00
    outer loop
      vertex -4.026669e+01  5.847764e+00  1.080000e+01
      vertex -4.044853e+01  5.698528e+00  1.520000e+01
      vertex -4.044853e+01  5.698528e+00  1.080000e+01
    endloop
  endfacet
  facet normal  7.730123e-01 -6.343909e-01  0.000000e+00
    outer loop
      vertex -4.044853e+01  5.698528e+00  1.080000e+01
      vertex -4.044853e+01  5.698528e+00  1.520000e+01
      vertex -4.059776e+01  5.516684e+00  1.520000e+01
    endloop
  endfacet
  facet normal  7.730123e-01 -6.343909e-01  0.000000e+00
    outer loop
      vertex -4.044853e+01  5.698528e+00  1.080000e+01
      vertex -4.059776e+01  5.516684e+00  1.520000e+01
      vertex -4.059776e+01  5.516684e+00  1.080000e+01
    endloop
  endfacet
  facet normal  8.819184e-01 -4.714019e-01  0.000000e+00
    outer loop
      vertex -4.059776e+01  5.516684e+00  1.080000e+01
      vertex -4.059776e+01  5.516684e+00  1.520000e+01
      vertex -4.070866e+01  5.309220e+00  1.520000e+01
    endloop
  endfacet
  facet normal  8.819184e-01 -4.714019e-01  0.000000e+00
    outer loop
      vertex -4.059776e+01  5.516684e+00  1.080000e+01
      vertex -4.070866e+01  5.309220e+00  1.520000e+01
      vertex -4.070866e+01  5.309220e+00  1.080000e+01
    endloop
  endfacet
  facet normal  9.569404e-01 -2.902844e-01  0.000000e+00
    outer loop
      vertex -4.070866e+01  5.309220e+00  1.080000e+01
      vertex -4.070866e+01  5.309220e+00  1.520000e+01
      vertex -4.077694e+01  5.084108e+00  1.520000e+01
    endloop
  endfacet
  facet normal  9.569404e-01 -2.902844e-01  0.000000e+00
    outer loop
      vertex -4.070866e+01  5.309220e+00  1.080000e+01
      vertex -4.077694e+01  5.084108e+00  1.520000e+01
      vertex -4.077694e+01  5.084108e+00  1.080000e+01
    endloop
  endfacet
  facet normal  9.951854e-01 -9.801023e-02  0.000000e+00
    outer loop
      vertex -4.077694e+01  5.084108e+00  1.080000e+01
      vertex -4.077694e+01  5.084108e+00  1.520000e+01
      vertex -4.080000e+01  4.850000e+00  1.520000e+01
    endloop
  endfacet
  facet normal  9.951854e-01 -9.801023e-02  0.000000e+00
    outer loop
      vertex -4.077694e+01  5.084108e+00  1.080000e+01
      vertex -4.080000e+01  4.850000e+00  1.520000e+01
      vertex -4.080000e+01  4.850000e+00  1.080000e+01
    endloop
  endfacet
  facet normal  9.801688e-02 -9.951848e-01  0.000000e+00
    outer loop
      vertex -3.983411e+01  6.026942e+00  1.520000e+01
      vertex -3.960000e+01  6.050000e+00  1.080000e+01
      vertex -3.960000e+01  6.050000e+00  1.520000e+01
    endloop
  endfacet
  facet normal -9.801846e-02 -9.951845e-01  -0.000000e+00
    outer loop
      vertex -3.960000e+01  6.050000e+00  1.520000e+01
      vertex -3.960000e+01  6.050000e+00  1.080000e+01
      vertex -3.936589e+01  6.026942e+00  1.080000e+01
    endloop
  endfacet
  facet normal -9.801846e-02 -9.951845e-01  0.000000e+00
    outer loop
      vertex -3.960000e+01  6.050000e+00  1.520000e+01
      vertex -3.936589e+01  6.026942e+00  1.080000e+01
      vertex -3.936589e+01  6.026942e+00  1.520000e+01
    endloop
  endfacet
  facet normal -2.902878e-01 -9.569395e-01  -0.000000e+00
    outer loop
      vertex -3.936589e+01  6.026942e+00  1.520000e+01
      vertex -3.936589e+01  6.026942e+00  1.080000e+01
      vertex -3.914078e+01  5.958655e+00  1.080000e+01
    endloop
  endfacet
  facet normal -2.902878e-01 -9.569395e-01  0.000000e+00
    outer loop
      vertex -3.936589e+01  6.026942e+00  1.520000e+01
      vertex -3.914078e+01  5.958655e+00  1.080000e+01
      vertex -3.914078e+01  5.958655e+00  1.520000e+01
    endloop
  endfacet
  facet normal -4.713929e-01 -8.819232e-01  -0.000000e+00
    outer loop
      vertex -3.914078e+01  5.958655e+00  1.520000e+01
      vertex -3.914078e+01  5.958655e+00  1.080000e+01
      vertex -3.893332e+01  5.847764e+00  1.080000e+01
    endloop
  endfacet
  facet normal -4.713929e-01 -8.819232e-01  0.000000e+00
    outer loop
      vertex -3.914078e+01  5.958655e+00  1.520000e+01
      vertex -3.893332e+01  5.847764e+00  1.080000e+01
      vertex -3.893332e+01  5.847764e+00  1.520000e+01
    endloop
  endfacet
  facet normal -6.343952e-01 -7.730090e-01  -0.000000e+00
    outer loop
      vertex -3.893332e+01  5.847764e+00  1.520000e+01
      vertex -3.893332e+01  5.847764e+00  1.080000e+01
      vertex -3.875147e+01  5.698528e+00  1.080000e+01
    endloop
  endfacet
  facet normal -6.343952e-01 -7.730090e-01  0.000000e+00
    outer loop
      vertex -3.893332e+01  5.847764e+00  1.520000e+01
      vertex -3.875147e+01  5.698528e+00  1.080000e+01
      vertex -3.875147e+01  5.698528e+00  1.520000e+01
    endloop
  endfacet
  facet normal -7.730123e-01 -6.343909e-01  -0.000000e+00
    outer loop
      vertex -3.875147e+01  5.698528e+00  1.520000e+01
      vertex -3.875147e+01  5.698528e+00  1.080000e+01
      vertex -3.860224e+01  5.516684e+00  1.080000e+01
    endloop
  endfacet
  facet normal -7.730123e-01 -6.343909e-01  0.000000e+00
    outer loop
      vertex -3.875147e+01  5.698528e+00  1.520000e+01
      vertex -3.860224e+01  5.516684e+00  1.080000e+01
      vertex -3.860224e+01  5.516684e+00  1.520000e+01
    endloop
  endfacet
  facet normal -8.819184e-01 -4.714019e-01  -0.000000e+00
    outer loop
      vertex -3.860224e+01  5.516684e+00  1.520000e+01
      vertex -3.860224e+01  5.516684e+00  1.080000e+01
      vertex -3.849134e+01  5.309220e+00  1.080000e+01
    endloop
  endfacet
  facet normal -8.819184e-01 -4.714019e-01  0.000000e+00
    outer loop
      vertex -3.860224e+01  5.516684e+00  1.520000e+01
      vertex -3.849134e+01  5.309220e+00  1.080000e+01
      vertex -3.849134e+01  5.309220e+00  1.520000e+01
    endloop
  endfacet
  facet normal -9.569404e-01 -2.902844e-01  -0.000000e+00
    outer loop
      vertex -3.849134e+01  5.309220e+00  1.520000e+01
      vertex -3.849134e+01  5.309220e+00  1.080000e+01
      vertex -3.842306e+01  5.084108e+00  1.080000e+01
    endloop
  endfacet
  facet normal -9.569404e-01 -2.902844e-01  0.000000e+00
    outer loop
      vertex -3.849134e+01  5.309220e+00  1.520000e+01
      vertex -3.842306e+01  5.084108e+00  1.080000e+01
      vertex -3.842306e+01  5.084108e+00  1.520000e+01
    endloop
  endfacet
  facet normal -9.951854e-01 -9.801023e-02  -0.000000e+00
    outer loop
      vertex -3.842306e+01  5.084108e+00  1.520000e+01
      vertex -3.842306e+01  5.084108e+00  1.080000e+01
      vertex -3.840000e+01  4.850000e+00  1.080000e+01
    endloop
  endfacet
  facet normal -9.951854e-01 -9.801023e-02  0.000000e+00
    outer loop
      vertex -3.842306e+01  5.084108e+00  1.520000e+01
      vertex -3.840000e+01  4.850000e+00  1.080000e+01
      vertex -3.840000e+01  4.850000e+00  1.520000e+01
    endloop
  endfacet
  facet normal -9.802183e-02  9.951842e-01  0.000000e+00
    outer loop
      vertex  3.860000e+01 -2.420000e+01  1.080000e+01
      vertex  3.881460e+01 -2.417886e+01  1.520000e+01
      vertex  3.881460e+01 -2.417886e+01  1.080000e+01
    endloop
  endfacet
  facet normal -2.902808e-01  9.569415e-01  0.000000e+00
    outer loop
      vertex  3.881460e+01 -2.417886e+01  1.080000e+01
      vertex  3.881460e+01 -2.417886e+01  1.520000e+01
      vertex  3.902095e+01 -2.411627e+01  1.520000e+01
    endloop
  endfacet
  facet normal -2.902808e-01  9.569415e-01  0.000000e+00
    outer loop
      vertex  3.881460e+01 -2.417886e+01  1.080000e+01
      vertex  3.902095e+01 -2.411627e+01  1.520000e+01
      vertex  3.902095e+01 -2.411627e+01  1.080000e+01
    endloop
  endfacet
  facet normal -4.713965e-01  8.819214e-01  0.000000e+00
    outer loop
      vertex  3.902095e+01 -2.411627e+01  1.080000e+01
      vertex  3.902095e+01 -2.411627e+01  1.520000e+01
      vertex  3.921113e+01 -2.401462e+01  1.520000e+01
    endloop
  endfacet
  facet normal -4.713965e-01  8.819214e-01  0.000000e+00
    outer loop
      vertex  3.902095e+01 -2.411627e+01  1.080000e+01
      vertex  3.921113e+01 -2.401462e+01  1.520000e+01
      vertex  3.921113e+01 -2.401462e+01  1.080000e+01
    endloop
  endfacet
  facet normal -6.343912e-01  7.730122e-01  0.000000e+00
    outer loop
      vertex  3.921113e+01 -2.401462e+01  1.080000e+01
      vertex  3.921113e+01 -2.401462e+01  1.520000e+01
      vertex  3.937782e+01 -2.387782e+01  1.520000e+01
    endloop
  endfacet
  facet normal -6.343912e-01  7.730122e-01  0.000000e+00
    outer loop
      vertex  3.921113e+01 -2.401462e+01  1.080000e+01
      vertex  3.937782e+01 -2.387782e+01  1.520000e+01
      vertex  3.937782e+01 -2.387782e+01  1.080000e+01
    endloop
  endfacet
  facet normal -7.730122e-01  6.343912e-01  0.000000e+00
    outer loop
      vertex  3.937782e+01 -2.387782e+01  1.080000e+01
      vertex  3.937782e+01 -2.387782e+01  1.520000e+01
      vertex  3.951462e+01 -2.371113e+01  1.520000e+01
    endloop
  endfacet
  facet normal -7.730122e-01  6.343912e-01  0.000000e+00
    outer loop
      vertex  3.937782e+01 -2.387782e+01  1.080000e+01
      vertex  3.951462e+01 -2.371113e+01  1.520000e+01
      vertex  3.951462e+01 -2.371113e+01  1.080000e+01
    endloop
  endfacet
  facet normal -8.819212e-01  4.713970e-01  0.000000e+00
    outer loop
      vertex  3.951462e+01 -2.371113e+01  1.080000e+01
      vertex  3.951462e+01 -2.371113e+01  1.520000e+01
      vertex  3.961627e+01 -2.352095e+01  1.520000e+01
    endloop
  endfacet
  facet normal -8.819212e-01  4.713970e-01  0.000000e+00
    outer loop
      vertex  3.951462e+01 -2.371113e+01  1.080000e+01
      vertex  3.961627e+01 -2.352095e+01  1.520000e+01
      vertex  3.961627e+01 -2.352095e+01  1.080000e+01
    endloop
  endfacet
  facet normal -9.569415e-01  2.902808e-01  0.000000e+00
    outer loop
      vertex  3.961627e+01 -2.352095e+01  1.080000e+01
      vertex  3.961627e+01 -2.352095e+01  1.520000e+01
      vertex  3.967886e+01 -2.331460e+01  1.520000e+01
    endloop
  endfacet
  facet normal -9.569415e-01  2.902808e-01  0.000000e+00
    outer loop
      vertex  3.961627e+01 -2.352095e+01  1.080000e+01
      vertex  3.967886e+01 -2.331460e+01  1.520000e+01
      vertex  3.967886e+01 -2.331460e+01  1.080000e+01
    endloop
  endfacet
  facet normal -9.951842e-01  9.802183e-02  0.000000e+00
    outer loop
      vertex  3.967886e+01 -2.331460e+01  1.080000e+01
      vertex  3.967886e+01 -2.331460e+01  1.520000e+01
      vertex  3.970000e+01 -2.310000e+01  1.520000e+01
    endloop
  endfacet
  facet normal -9.951842e-01  9.802183e-02  0.000000e+00
    outer loop
      vertex  3.967886e+01 -2.331460e+01  1.080000e+01
      vertex  3.970000e+01 -2.310000e+01  1.520000e+01
      vertex  3.970000e+01 -2.310000e+01  1.080000e+01
    endloop
  endfacet
  facet normal -9.802183e-02  9.951842e-01  0.000000e+00
    outer loop
      vertex  3.881460e+01 -2.417886e+01  1.520000e+01
      vertex  3.860000e+01 -2.420000e+01  1.080000e+01
      vertex  3.860000e+01 -2.420000e+01  1.520000e+01
    endloop
  endfacet
  facet normal  9.802183e-02  9.951842e-01  0.000000e+00
    outer loop
      vertex  3.860000e+01 -2.420000e+01  1.520000e+01
      vertex  3.860000e+01 -2.420000e+01  1.080000e+01
      vertex  3.838540e+01 -2.417886e+01  1.080000e+01
    endloop
  endfacet
  facet normal  9.802183e-02  9.951842e-01  -0.000000e+00
    outer loop
      vertex  3.860000e+01 -2.420000e+01  1.520000e+01
      vertex  3.838540e+01 -2.417886e+01  1.080000e+01
      vertex  3.838540e+01 -2.417886e+01  1.520000e+01
    endloop
  endfacet
  facet normal  2.902808e-01  9.569415e-01  0.000000e+00
    outer loop
      vertex  3.838540e+01 -2.417886e+01  1.520000e+01
      vertex  3.838540e+01 -2.417886e+01  1.080000e+01
      vertex  3.817905e+01 -2.411627e+01  1.080000e+01
    endloop
  endfacet
  facet normal  2.902808e-01  9.569415e-01  -0.000000e+00
    outer loop
      vertex  3.838540e+01 -2.417886e+01  1.520000e+01
      vertex  3.817905e+01 -2.411627e+01  1.080000e+01
      vertex  3.817905e+01 -2.411627e+01  1.520000e+01
    endloop
  endfacet
  facet normal  4.714038e-01  8.819175e-01  0.000000e+00
    outer loop
      vertex  3.817905e+01 -2.411627e+01  1.520000e+01
      vertex  3.817905e+01 -2.411627e+01  1.080000e+01
      vertex  3.798887e+01 -2.401462e+01  1.080000e+01
    endloop
  endfacet
  facet normal  4.714038e-01  8.819175e-01  -0.000000e+00
    outer loop
      vertex  3.817905e+01 -2.411627e+01  1.520000e+01
      vertex  3.798887e+01 -2.401462e+01  1.080000e+01
      vertex  3.798887e+01 -2.401462e+01  1.520000e+01
    endloop
  endfacet
  facet normal  6.343912e-01  7.730122e-01  0.000000e+00
    outer loop
      vertex  3.798887e+01 -2.401462e+01  1.520000e+01
      vertex  3.798887e+01 -2.401462e+01  1.080000e+01
      vertex  3.782218e+01 -2.387782e+01  1.080000e+01
    endloop
  endfacet
  facet normal  6.343912e-01  7.730122e-01  -0.000000e+00
    outer loop
      vertex  3.798887e+01 -2.401462e+01  1.520000e+01
      vertex  3.782218e+01 -2.387782e+01  1.080000e+01
      vertex  3.782218e+01 -2.387782e+01  1.520000e+01
    endloop
  endfacet
  facet normal  7.730122e-01  6.343912e-01  0.000000e+00
    outer loop
      vertex  3.782218e+01 -2.387782e+01  1.520000e+01
      vertex  3.782218e+01 -2.387782e+01  1.080000e+01
      vertex  3.768538e+01 -2.371113e+01  1.080000e+01
    endloop
  endfacet
  facet normal  7.730122e-01  6.343912e-01  -0.000000e+00
    outer loop
      vertex  3.782218e+01 -2.387782e+01  1.520000e+01
      vertex  3.768538e+01 -2.371113e+01  1.080000e+01
      vertex  3.768538e+01 -2.371113e+01  1.520000e+01
    endloop
  endfacet
  facet normal  8.819212e-01  4.713970e-01  0.000000e+00
    outer loop
      vertex  3.768538e+01 -2.371113e+01  1.520000e+01
      vertex  3.768538e+01 -2.371113e+01  1.080000e+01
      vertex  3.758373e+01 -2.352095e+01  1.080000e+01
    endloop
  endfacet
  facet normal  8.819212e-01  4.713970e-01  -0.000000e+00
    outer loop
      vertex  3.768538e+01 -2.371113e+01  1.520000e+01
      vertex  3.758373e+01 -2.352095e+01  1.080000e+01
      vertex  3.758373e+01 -2.352095e+01  1.520000e+01
    endloop
  endfacet
  facet normal  9.569415e-01  2.902808e-01  0.000000e+00
    outer loop
      vertex  3.758373e+01 -2.352095e+01  1.520000e+01
      vertex  3.758373e+01 -2.352095e+01  1.080000e+01
      vertex  3.752114e+01 -2.331460e+01  1.080000e+01
    endloop
  endfacet
  facet normal  9.569415e-01  2.902808e-01  -0.000000e+00
    outer loop
      vertex  3.758373e+01 -2.352095e+01  1.520000e+01
      vertex  3.752114e+01 -2.331460e+01  1.080000e+01
      vertex  3.752114e+01 -2.331460e+01  1.520000e+01
    endloop
  endfacet
  facet normal  9.951842e-01  9.802183e-02  0.000000e+00
    outer loop
      vertex  3.752114e+01 -2.331460e+01  1.520000e+01
      vertex  3.752114e+01 -2.331460e+01  1.080000e+01
      vertex  3.750000e+01 -2.310000e+01  1.080000e+01
    endloop
  endfacet
  facet normal  9.951842e-01  9.802183e-02  -0.000000e+00
    outer loop
      vertex  3.752114e+01 -2.331460e+01  1.520000e+01
      vertex  3.750000e+01 -2.310000e+01  1.080000e+01
      vertex  3.750000e+01 -2.310000e+01  1.520000e+01
    endloop
  endfacet
  facet normal  9.801307e-02 -9.951851e-01  0.000000e+00
    outer loop
      vertex  3.860000e+01 -2.200000e+01  1.080000e+01
      vertex  3.838540e+01 -2.202114e+01  1.520000e+01
      vertex  3.838540e+01 -2.202114e+01  1.080000e+01
    endloop
  endfacet
  facet normal  2.902890e-01 -9.569390e-01  0.000000e+00
    outer loop
      vertex  3.838540e+01 -2.202114e+01  1.080000e+01
      vertex  3.838540e+01 -2.202114e+01  1.520000e+01
      vertex  3.817905e+01 -2.208373e+01  1.520000e+01
    endloop
  endfacet
  facet normal  2.902890e-01 -9.569390e-01  0.000000e+00
    outer loop
      vertex  3.838540e+01 -2.202114e+01  1.080000e+01
      vertex  3.817905e+01 -2.208373e+01  1.520000e+01
      vertex  3.817905e+01 -2.208373e+01  1.080000e+01
    endloop
  endfacet
  facet normal  4.713970e-01 -8.819212e-01  0.000000e+00
    outer loop
      vertex  3.817905e+01 -2.208373e+01  1.080000e+01
      vertex  3.817905e+01 -2.208373e+01  1.520000e+01
      vertex  3.798887e+01 -2.218538e+01  1.520000e+01
    endloop
  endfacet
  facet normal  4.713970e-01 -8.819212e-01  0.000000e+00
    outer loop
      vertex  3.817905e+01 -2.208373e+01  1.080000e+01
      vertex  3.798887e+01 -2.218538e+01  1.520000e+01
      vertex  3.798887e+01 -2.218538e+01  1.080000e+01
    endloop
  endfacet
  facet normal  6.343912e-01 -7.730122e-01  0.000000e+00
    outer loop
      vertex  3.798887e+01 -2.218538e+01  1.080000e+01
      vertex  3.798887e+01 -2.218538e+01  1.520000e+01
      vertex  3.782218e+01 -2.232218e+01  1.520000e+01
    endloop
  endfacet
  facet normal  6.343912e-01 -7.730122e-01  0.000000e+00
    outer loop
      vertex  3.798887e+01 -2.218538e+01  1.080000e+01
      vertex  3.782218e+01 -2.232218e+01  1.520000e+01
      vertex  3.782218e+01 -2.232218e+01  1.080000e+01
    endloop
  endfacet
  facet normal  7.730122e-01 -6.343912e-01  0.000000e+00
    outer loop
      vertex  3.782218e+01 -2.232218e+01  1.080000e+01
      vertex  3.782218e+01 -2.232218e+01  1.520000e+01
      vertex  3.768538e+01 -2.248887e+01  1.520000e+01
    endloop
  endfacet
  facet normal  7.730122e-01 -6.343912e-01  0.000000e+00
    outer loop
      vertex  3.782218e+01 -2.232218e+01  1.080000e+01
      vertex  3.768538e+01 -2.248887e+01  1.520000e+01
      vertex  3.768538e+01 -2.248887e+01  1.080000e+01
    endloop
  endfacet
  facet normal  8.819231e-01 -4.713933e-01  0.000000e+00
    outer loop
      vertex  3.768538e+01 -2.248887e+01  1.080000e+01
      vertex  3.768538e+01 -2.248887e+01  1.520000e+01
      vertex  3.758373e+01 -2.267905e+01  1.520000e+01
    endloop
  endfacet
  facet normal  8.819231e-01 -4.713933e-01  0.000000e+00
    outer loop
      vertex  3.768538e+01 -2.248887e+01  1.080000e+01
      vertex  3.758373e+01 -2.267905e+01  1.520000e+01
      vertex  3.758373e+01 -2.267905e+01  1.080000e+01
    endloop
  endfacet
  facet normal  9.569415e-01 -2.902808e-01  0.000000e+00
    outer loop
      vertex  3.758373e+01 -2.267905e+01  1.080000e+01
      vertex  3.758373e+01 -2.267905e+01  1.520000e+01
      vertex  3.752114e+01 -2.288540e+01  1.520000e+01
    endloop
  endfacet
  facet normal  9.569415e-01 -2.902808e-01  0.000000e+00
    outer loop
      vertex  3.758373e+01 -2.267905e+01  1.080000e+01
      vertex  3.752114e+01 -2.288540e+01  1.520000e+01
      vertex  3.752114e+01 -2.288540e+01  1.080000e+01
    endloop
  endfacet
  facet normal  9.951842e-01 -9.802183e-02  0.000000e+00
    outer loop
      vertex  3.752114e+01 -2.288540e+01  1.080000e+01
      vertex  3.752114e+01 -2.288540e+01  1.520000e+01
      vertex  3.750000e+01 -2.310000e+01  1.520000e+01
    endloop
  endfacet
  facet normal  9.951842e-01 -9.802183e-02  0.000000e+00
    outer loop
      vertex  3.752114e+01 -2.288540e+01  1.080000e+01
      vertex  3.750000e+01 -2.310000e+01  1.520000e+01
      vertex  3.750000e+01 -2.310000e+01  1.080000e+01
    endloop
  endfacet
  facet normal  9.801307e-02 -9.951851e-01  0.000000e+00
    outer loop
      vertex  3.838540e+01 -2.202114e+01  1.520000e+01
      vertex  3.860000e+01 -2.200000e+01  1.080000e+01
      vertex  3.860000e+01 -2.200000e+01  1.520000e+01
    endloop
  endfacet
  facet normal -9.801307e-02 -9.951851e-01  -0.000000e+00
    outer loop
      vertex  3.860000e+01 -2.200000e+01  1.520000e+01
      vertex  3.860000e+01 -2.200000e+01  1.080000e+01
      vertex  3.881460e+01 -2.202114e+01  1.080000e+01
    endloop
  endfacet
  facet normal -9.801307e-02 -9.951851e-01  0.000000e+00
    outer loop
      vertex  3.860000e+01 -2.200000e+01  1.520000e+01
      vertex  3.881460e+01 -2.202114e+01  1.080000e+01
      vertex  3.881460e+01 -2.202114e+01  1.520000e+01
    endloop
  endfacet
  facet normal -2.902890e-01 -9.569390e-01  -0.000000e+00
    outer loop
      vertex  3.881460e+01 -2.202114e+01  1.520000e+01
      vertex  3.881460e+01 -2.202114e+01  1.080000e+01
      vertex  3.902095e+01 -2.208373e+01  1.080000e+01
    endloop
  endfacet
  facet normal -2.902890e-01 -9.569390e-01  0.000000e+00
    outer loop
      vertex  3.881460e+01 -2.202114e+01  1.520000e+01
      vertex  3.902095e+01 -2.208373e+01  1.080000e+01
      vertex  3.902095e+01 -2.208373e+01  1.520000e+01
    endloop
  endfacet
  facet normal -4.713896e-01 -8.819250e-01  -0.000000e+00
    outer loop
      vertex  3.902095e+01 -2.208373e+01  1.520000e+01
      vertex  3.902095e+01 -2.208373e+01  1.080000e+01
      vertex  3.921113e+01 -2.218538e+01  1.080000e+01
    endloop
  endfacet
  facet normal -4.713896e-01 -8.819250e-01  0.000000e+00
    outer loop
      vertex  3.902095e+01 -2.208373e+01  1.520000e+01
      vertex  3.921113e+01 -2.218538e+01  1.080000e+01
      vertex  3.921113e+01 -2.218538e+01  1.520000e+01
    endloop
  endfacet
  facet normal -6.343912e-01 -7.730122e-01  -0.000000e+00
    outer loop
      vertex  3.921113e+01 -2.218538e+01  1.520000e+01
      vertex  3.921113e+01 -2.218538e+01  1.080000e+01
      vertex  3.937782e+01 -2.232218e+01  1.080000e+01
    endloop
  endfacet
  facet normal -6.343912e-01 -7.730122e-01  0.000000e+00
    outer loop
      vertex  3.921113e+01 -2.218538e+01  1.520000e+01
      vertex  3.937782e+01 -2.232218e+01  1.080000e+01
      vertex  3.937782e+01 -2.232218e+01  1.520000e+01
    endloop
  endfacet
  facet normal -7.730122e-01 -6.343912e-01  -0.000000e+00
    outer loop
      vertex  3.937782e+01 -2.232218e+01  1.520000e+01
      vertex  3.937782e+01 -2.232218e+01  1.080000e+01
      vertex  3.951462e+01 -2.248887e+01  1.080000e+01
    endloop
  endfacet
  facet normal -7.730122e-01 -6.343912e-01  0.000000e+00
    outer loop
      vertex  3.937782e+01 -2.232218e+01  1.520000e+01
      vertex  3.951462e+01 -2.248887e+01  1.080000e+01
      vertex  3.951462e+01 -2.248887e+01  1.520000e+01
    endloop
  endfacet
  facet normal -8.819231e-01 -4.713933e-01  -0.000000e+00
    outer loop
      vertex  3.951462e+01 -2.248887e+01  1.520000e+01
      vertex  3.951462e+01 -2.248887e+01  1.080000e+01
      vertex  3.961627e+01 -2.267905e+01  1.080000e+01
    endloop
  endfacet
  facet normal -8.819231e-01 -4.713933e-01  0.000000e+00
    outer loop
      vertex  3.951462e+01 -2.248887e+01  1.520000e+01
      vertex  3.961627e+01 -2.267905e+01  1.080000e+01
      vertex  3.961627e+01 -2.267905e+01  1.520000e+01
    endloop
  endfacet
  facet normal -9.569415e-01 -2.902808e-01  -0.000000e+00
    outer loop
      vertex  3.961627e+01 -2.267905e+01  1.520000e+01
      vertex  3.961627e+01 -2.267905e+01  1.080000e+01
      vertex  3.967886e+01 -2.288540e+01  1.080000e+01
    endloop
  endfacet
  facet normal -9.569415e-01 -2.902808e-01  0.000000e+00
    outer loop
      vertex  3.961627e+01 -2.267905e+01  1.520000e+01
      vertex  3.967886e+01 -2.288540e+01  1.080000e+01
      vertex  3.967886e+01 -2.288540e+01  1.520000e+01
    endloop
  endfacet
  facet normal -9.951842e-01 -9.802183e-02  -0.000000e+00
    outer loop
      vertex  3.967886e+01 -2.288540e+01  1.520000e+01
      vertex  3.967886e+01 -2.288540e+01  1.080000e+01
      vertex  3.970000e+01 -2.310000e+01  1.080000e+01
    endloop
  endfacet
  facet normal -9.951842e-01 -9.802183e-02  0.000000e+00
    outer loop
      vertex  3.967886e+01 -2.288540e+01  1.520000e+01
      vertex  3.970000e+01 -2.310000e+01  1.080000e+01
      vertex  3.970000e+01 -2.310000e+01  1.520000e+01
    endloop
  endfacet
  facet normal -9.801846e-02  9.951845e-01  0.000000e+00
    outer loop
      vertex -1.660000e+01  2.710000e+01  1.080000e+01
      vertex -1.636589e+01  2.712306e+01  1.520000e+01
      vertex -1.636589e+01  2.712306e+01  1.080000e+01
    endloop
  endfacet
  facet normal -2.902833e-01  9.569408e-01  0.000000e+00
    outer loop
      vertex -1.636589e+01  2.712306e+01  1.080000e+01
      vertex -1.636589e+01  2.712306e+01  1.520000e+01
      vertex -1.614078e+01  2.719135e+01  1.520000e+01
    endloop
  endfacet
  facet normal -2.902833e-01  9.569408e-01  0.000000e+00
    outer loop
      vertex -1.636589e+01  2.712306e+01  1.080000e+01
      vertex -1.614078e+01  2.719135e+01  1.520000e+01
      vertex -1.614078e+01  2.719135e+01  1.080000e+01
    endloop
  endfacet
  facet normal -4.713948e-01  8.819223e-01  0.000000e+00
    outer loop
      vertex -1.614078e+01  2.719135e+01  1.080000e+01
      vertex -1.614078e+01  2.719135e+01  1.520000e+01
      vertex -1.593332e+01  2.730224e+01  1.520000e+01
    endloop
  endfacet
  facet normal -4.713948e-01  8.819223e-01  0.000000e+00
    outer loop
      vertex -1.614078e+01  2.719135e+01  1.080000e+01
      vertex -1.593332e+01  2.730224e+01  1.520000e+01
      vertex -1.593332e+01  2.730224e+01  1.080000e+01
    endloop
  endfacet
  facet normal -6.343919e-01  7.730116e-01  0.000000e+00
    outer loop
      vertex -1.593332e+01  2.730224e+01  1.080000e+01
      vertex -1.593332e+01  2.730224e+01  1.520000e+01
      vertex -1.575147e+01  2.745147e+01  1.520000e+01
    endloop
  endfacet
  facet normal -6.343919e-01  7.730116e-01  0.000000e+00
    outer loop
      vertex -1.593332e+01  2.730224e+01  1.080000e+01
      vertex -1.575147e+01  2.745147e+01  1.520000e+01
      vertex -1.575147e+01  2.745147e+01  1.080000e+01
    endloop
  endfacet
  facet normal -7.730132e-01  6.343899e-01  0.000000e+00
    outer loop
      vertex -1.575147e+01  2.745147e+01  1.080000e+01
      vertex -1.575147e+01  2.745147e+01  1.520000e+01
      vertex -1.560224e+01  2.763332e+01  1.520000e+01
    endloop
  endfacet
  facet normal -7.730132e-01  6.343899e-01  0.000000e+00
    outer loop
      vertex -1.575147e+01  2.745147e+01  1.080000e+01
      vertex -1.560224e+01  2.763332e+01  1.520000e+01
      vertex -1.560224e+01  2.763332e+01  1.080000e+01
    endloop
  endfacet
  facet normal -8.819206e-01  4.713979e-01  0.000000e+00
    outer loop
      vertex -1.560224e+01  2.763332e+01  1.080000e+01
      vertex -1.560224e+01  2.763332e+01  1.520000e+01
      vertex -1.549134e+01  2.784078e+01  1.520000e+01
    endloop
  endfacet
  facet normal -8.819206e-01  4.713979e-01  0.000000e+00
    outer loop
      vertex -1.560224e+01  2.763332e+01  1.080000e+01
      vertex -1.549134e+01  2.784078e+01  1.520000e+01
      vertex -1.549134e+01  2.784078e+01  1.080000e+01
    endloop
  endfacet
  facet normal -9.569402e-01  2.902856e-01  0.000000e+00
    outer loop
      vertex -1.549134e+01  2.784078e+01  1.080000e+01
      vertex -1.549134e+01  2.784078e+01  1.520000e+01
      vertex -1.542306e+01  2.806589e+01  1.520000e+01
    endloop
  endfacet
  facet normal -9.569402e-01  2.902856e-01  0.000000e+00
    outer loop
      vertex -1.549134e+01  2.784078e+01  1.080000e+01
      vertex -1.542306e+01  2.806589e+01  1.520000e+01
      vertex -1.542306e+01  2.806589e+01  1.080000e+01
    endloop
  endfacet
  facet normal -9.951845e-01  9.801846e-02  0.000000e+00
    outer loop
      vertex -1.542306e+01  2.806589e+01  1.080000e+01
      vertex -1.542306e+01  2.806589e+01  1.520000e+01
      vertex -1.540000e+01  2.830000e+01  1.520000e+01
    endloop
  endfacet
  facet normal -9.951845e-01  9.801846e-02  0.000000e+00
    outer loop
      vertex -1.542306e+01  2.806589e+01  1.080000e+01
      vertex -1.540000e+01  2.830000e+01  1.520000e+01
      vertex -1.540000e+01  2.830000e+01  1.080000e+01
    endloop
  endfacet
  facet normal -9.801846e-02  9.951845e-01  0.000000e+00
    outer loop
      vertex -1.636589e+01  2.712306e+01  1.520000e+01
      vertex -1.660000e+01  2.710000e+01  1.080000e+01
      vertex -1.660000e+01  2.710000e+01  1.520000e+01
    endloop
  endfacet
  facet normal  9.801846e-02  9.951845e-01  0.000000e+00
    outer loop
      vertex -1.660000e+01  2.710000e+01  1.520000e+01
      vertex -1.660000e+01  2.710000e+01  1.080000e+01
      vertex -1.683411e+01  2.712306e+01  1.080000e+01
    endloop
  endfacet
  facet normal  9.801846e-02  9.951845e-01  -0.000000e+00
    outer loop
      vertex -1.660000e+01  2.710000e+01  1.520000e+01
      vertex -1.683411e+01  2.712306e+01  1.080000e+01
      vertex -1.683411e+01  2.712306e+01  1.520000e+01
    endloop
  endfacet
  facet normal  2.902856e-01  9.569402e-01  0.000000e+00
    outer loop
      vertex -1.683411e+01  2.712306e+01  1.520000e+01
      vertex -1.683411e+01  2.712306e+01  1.080000e+01
      vertex -1.705922e+01  2.719135e+01  1.080000e+01
    endloop
  endfacet
  facet normal  2.902856e-01  9.569402e-01  -0.000000e+00
    outer loop
      vertex -1.683411e+01  2.712306e+01  1.520000e+01
      vertex -1.705922e+01  2.719135e+01  1.080000e+01
      vertex -1.705922e+01  2.719135e+01  1.520000e+01
    endloop
  endfacet
  facet normal  4.713948e-01  8.819223e-01  0.000000e+00
    outer loop
      vertex -1.705922e+01  2.719135e+01  1.520000e+01
      vertex -1.705922e+01  2.719135e+01  1.080000e+01
      vertex -1.726668e+01  2.730224e+01  1.080000e+01
    endloop
  endfacet
  facet normal  4.713948e-01  8.819223e-01  -0.000000e+00
    outer loop
      vertex -1.705922e+01  2.719135e+01  1.520000e+01
      vertex -1.726668e+01  2.730224e+01  1.080000e+01
      vertex -1.726668e+01  2.730224e+01  1.520000e+01
    endloop
  endfacet
  facet normal  6.343899e-01  7.730132e-01  0.000000e+00
    outer loop
      vertex -1.726668e+01  2.730224e+01  1.520000e+01
      vertex -1.726668e+01  2.730224e+01  1.080000e+01
      vertex -1.744853e+01  2.745147e+01  1.080000e+01
    endloop
  endfacet
  facet normal  6.343899e-01  7.730132e-01  -0.000000e+00
    outer loop
      vertex -1.726668e+01  2.730224e+01  1.520000e+01
      vertex -1.744853e+01  2.745147e+01  1.080000e+01
      vertex -1.744853e+01  2.745147e+01  1.520000e+01
    endloop
  endfacet
  facet normal  7.730132e-01  6.343899e-01  0.000000e+00
    outer loop
      vertex -1.744853e+01  2.745147e+01  1.520000e+01
      vertex -1.744853e+01  2.745147e+01  1.080000e+01
      vertex -1.759776e+01  2.763332e+01  1.080000e+01
    endloop
  endfacet
  facet normal  7.730132e-01  6.343899e-01  -0.000000e+00
    outer loop
      vertex -1.744853e+01  2.745147e+01  1.520000e+01
      vertex -1.759776e+01  2.763332e+01  1.080000e+01
      vertex -1.759776e+01  2.763332e+01  1.520000e+01
    endloop
  endfacet
  facet normal  8.819190e-01  4.714011e-01  0.000000e+00
    outer loop
      vertex -1.759776e+01  2.763332e+01  1.520000e+01
      vertex -1.759776e+01  2.763332e+01  1.080000e+01
      vertex -1.770866e+01  2.784078e+01  1.080000e+01
    endloop
  endfacet
  facet normal  8.819190e-01  4.714011e-01  -0.000000e+00
    outer loop
      vertex -1.759776e+01  2.763332e+01  1.520000e+01
      vertex -1.770866e+01  2.784078e+01  1.080000e+01
      vertex -1.770866e+01  2.784078e+01  1.520000e+01
    endloop
  endfacet
  facet normal  9.569402e-01  2.902856e-01  0.000000e+00
    outer loop
      vertex -1.770866e+01  2.784078e+01  1.520000e+01
      vertex -1.770866e+01  2.784078e+01  1.080000e+01
      vertex -1.777694e+01  2.806589e+01  1.080000e+01
    endloop
  endfacet
  facet normal  9.569402e-01  2.902856e-01  -0.000000e+00
    outer loop
      vertex -1.770866e+01  2.784078e+01  1.520000e+01
      vertex -1.777694e+01  2.806589e+01  1.080000e+01
      vertex -1.777694e+01  2.806589e+01  1.520000e+01
    endloop
  endfacet
  facet normal  9.951854e-01  9.801044e-02  0.000000e+00
    outer loop
      vertex -1.777694e+01  2.806589e+01  1.520000e+01
      vertex -1.777694e+01  2.806589e+01  1.080000e+01
      vertex -1.780000e+01  2.830000e+01  1.080000e+01
    endloop
  endfacet
  facet normal  9.951854e-01  9.801044e-02  -0.000000e+00
    outer loop
      vertex -1.777694e+01  2.806589e+01  1.520000e+01
      vertex -1.780000e+01  2.830000e+01  1.080000e+01
      vertex -1.780000e+01  2.830000e+01  1.520000e+01
    endloop
  endfacet
  facet normal  9.801846e-02 -9.951845e-01  0.000000e+00
    outer loop
      vertex -1.660000e+01  2.950000e+01  1.080000e+01
      vertex -1.683411e+01  2.947694e+01  1.520000e+01
      vertex -1.683411e+01  2.947694e+01  1.080000e+01
    endloop
  endfacet
  facet normal  2.902856e-01 -9.569402e-01  0.000000e+00
    outer loop
      vertex -1.683411e+01  2.947694e+01  1.080000e+01
      vertex -1.683411e+01  2.947694e+01  1.520000e+01
      vertex -1.705922e+01  2.940866e+01  1.520000e+01
    endloop
  endfacet
  facet normal  2.902856e-01 -9.569402e-01  0.000000e+00
    outer loop
      vertex -1.683411e+01  2.947694e+01  1.080000e+01
      vertex -1.705922e+01  2.940866e+01  1.520000e+01
      vertex -1.705922e+01  2.940866e+01  1.080000e+01
    endloop
  endfacet
  facet normal  4.713948e-01 -8.819223e-01  0.000000e+00
    outer loop
      vertex -1.705922e+01  2.940866e+01  1.080000e+01
      vertex -1.705922e+01  2.940866e+01  1.520000e+01
      vertex -1.726668e+01  2.929776e+01  1.520000e+01
    endloop
  endfacet
  facet normal  4.713948e-01 -8.819223e-01  0.000000e+00
    outer loop
      vertex -1.705922e+01  2.940866e+01  1.080000e+01
      vertex -1.726668e+01  2.929776e+01  1.520000e+01
      vertex -1.726668e+01  2.929776e+01  1.080000e+01
    endloop
  endfacet
  facet normal  6.343899e-01 -7.730132e-01  0.000000e+00
    outer loop
      vertex -1.726668e+01  2.929776e+01  1.080000e+01
      vertex -1.726668e+01  2.929776e+01  1.520000e+01
      vertex -1.744853e+01  2.914853e+01  1.520000e+01
    endloop
  endfacet
  facet normal  6.343899e-01 -7.730132e-01  0.000000e+00
    outer loop
      vertex -1.726668e+01  2.929776e+01  1.080000e+01
      vertex -1.744853e+01  2.914853e+01  1.520000e+01
      vertex -1.744853e+01  2.914853e+01  1.080000e+01
    endloop
  endfacet
  facet normal  7.730132e-01 -6.343899e-01  0.000000e+00
    outer loop
      vertex -1.744853e+01  2.914853e+01  1.080000e+01
      vertex -1.744853e+01  2.914853e+01  1.520000e+01
      vertex -1.759776e+01  2.896668e+01  1.520000e+01
    endloop
  endfacet
  facet normal  7.730132e-01 -6.343899e-01  0.000000e+00
    outer loop
      vertex -1.744853e+01  2.914853e+01  1.080000e+01
      vertex -1.759776e+01  2.896668e+01  1.520000e+01
      vertex -1.759776e+01  2.896668e+01  1.080000e+01
    endloop
  endfacet
  facet normal  8.819190e-01 -4.714011e-01  0.000000e+00
    outer loop
      vertex -1.759776e+01  2.896668e+01  1.080000e+01
      vertex -1.759776e+01  2.896668e+01  1.520000e+01
      vertex -1.770866e+01  2.875922e+01  1.520000e+01
    endloop
  endfacet
  facet normal  8.819190e-01 -4.714011e-01  0.000000e+00
    outer loop
      vertex -1.759776e+01  2.896668e+01  1.080000e+01
      vertex -1.770866e+01  2.875922e+01  1.520000e+01
      vertex -1.770866e+01  2.875922e+01  1.080000e+01
    endloop
  endfacet
  facet normal  9.569402e-01 -2.902856e-01  0.000000e+00
    outer loop
      vertex -1.770866e+01  2.875922e+01  1.080000e+01
      vertex -1.770866e+01  2.875922e+01  1.520000e+01
      vertex -1.777694e+01  2.853411e+01  1.520000e+01
    endloop
  endfacet
  facet normal  9.569402e-01 -2.902856e-01  0.000000e+00
    outer loop
      vertex -1.770866e+01  2.875922e+01  1.080000e+01
      vertex -1.777694e+01  2.853411e+01  1.520000e+01
      vertex -1.777694e+01  2.853411e+01  1.080000e+01
    endloop
  endfacet
  facet normal  9.951856e-01 -9.800965e-02  0.000000e+00
    outer loop
      vertex -1.777694e+01  2.853411e+01  1.080000e+01
      vertex -1.777694e+01  2.853411e+01  1.520000e+01
      vertex -1.780000e+01  2.830000e+01  1.520000e+01
    endloop
  endfacet
  facet normal  9.951856e-01 -9.800965e-02  0.000000e+00
    outer loop
      vertex -1.777694e+01  2.853411e+01  1.080000e+01
      vertex -1.780000e+01  2.830000e+01  1.520000e+01
      vertex -1.780000e+01  2.830000e+01  1.080000e+01
    endloop
  endfacet
  facet normal  9.801846e-02 -9.951845e-01  0.000000e+00
    outer loop
      vertex -1.683411e+01  2.947694e+01  1.520000e+01
      vertex -1.660000e+01  2.950000e+01  1.080000e+01
      vertex -1.660000e+01  2.950000e+01  1.520000e+01
    endloop
  endfacet
  facet normal -9.801846e-02 -9.951845e-01  -0.000000e+00
    outer loop
      vertex -1.660000e+01  2.950000e+01  1.520000e+01
      vertex -1.660000e+01  2.950000e+01  1.080000e+01
      vertex -1.636589e+01  2.947694e+01  1.080000e+01
    endloop
  endfacet
  facet normal -9.801846e-02 -9.951845e-01  0.000000e+00
    outer loop
      vertex -1.660000e+01  2.950000e+01  1.520000e+01
      vertex -1.636589e+01  2.947694e+01  1.080000e+01
      vertex -1.636589e+01  2.947694e+01  1.520000e+01
    endloop
  endfacet
  facet normal -2.902833e-01 -9.569408e-01  -0.000000e+00
    outer loop
      vertex -1.636589e+01  2.947694e+01  1.520000e+01
      vertex -1.636589e+01  2.947694e+01  1.080000e+01
      vertex -1.614078e+01  2.940866e+01  1.080000e+01
    endloop
  endfacet
  facet normal -2.902833e-01 -9.569408e-01  0.000000e+00
    outer loop
      vertex -1.636589e+01  2.947694e+01  1.520000e+01
      vertex -1.614078e+01  2.940866e+01  1.080000e+01
      vertex -1.614078e+01  2.940866e+01  1.520000e+01
    endloop
  endfacet
  facet normal -4.713948e-01 -8.819223e-01  -0.000000e+00
    outer loop
      vertex -1.614078e+01  2.940866e+01  1.520000e+01
      vertex -1.614078e+01  2.940866e+01  1.080000e+01
      vertex -1.593332e+01  2.929776e+01  1.080000e+01
    endloop
  endfacet
  facet normal -4.713948e-01 -8.819223e-01  0.000000e+00
    outer loop
      vertex -1.614078e+01  2.940866e+01  1.520000e+01
      vertex -1.593332e+01  2.929776e+01  1.080000e+01
      vertex -1.593332e+01  2.929776e+01  1.520000e+01
    endloop
  endfacet
  facet normal -6.343919e-01 -7.730116e-01  -0.000000e+00
    outer loop
      vertex -1.593332e+01  2.929776e+01  1.520000e+01
      vertex -1.593332e+01  2.929776e+01  1.080000e+01
      vertex -1.575147e+01  2.914853e+01  1.080000e+01
    endloop
  endfacet
  facet normal -6.343919e-01 -7.730116e-01  0.000000e+00
    outer loop
      vertex -1.593332e+01  2.929776e+01  1.520000e+01
      vertex -1.575147e+01  2.914853e+01  1.080000e+01
      vertex -1.575147e+01  2.914853e+01  1.520000e+01
    endloop
  endfacet
  facet normal -7.730132e-01 -6.343899e-01  -0.000000e+00
    outer loop
      vertex -1.575147e+01  2.914853e+01  1.520000e+01
      vertex -1.575147e+01  2.914853e+01  1.080000e+01
      vertex -1.560224e+01  2.896668e+01  1.080000e+01
    endloop
  endfacet
  facet normal -7.730132e-01 -6.343899e-01  0.000000e+00
    outer loop
      vertex -1.575147e+01  2.914853e+01  1.520000e+01
      vertex -1.560224e+01  2.896668e+01  1.080000e+01
      vertex -1.560224e+01  2.896668e+01  1.520000e+01
    endloop
  endfacet
  facet normal -8.819206e-01 -4.713979e-01  -0.000000e+00
    outer loop
      vertex -1.560224e+01  2.896668e+01  1.520000e+01
      vertex -1.560224e+01  2.896668e+01  1.080000e+01
      vertex -1.549134e+01  2.875922e+01  1.080000e+01
    endloop
  endfacet
  facet normal -8.819206e-01 -4.713979e-01  0.000000e+00
    outer loop
      vertex -1.560224e+01  2.896668e+01  1.520000e+01
      vertex -1.549134e+01  2.875922e+01  1.080000e+01
      vertex -1.549134e+01  2.875922e+01  1.520000e+01
    endloop
  endfacet
  facet normal -9.569402e-01 -2.902856e-01  -0.000000e+00
    outer loop
      vertex -1.549134e+01  2.875922e+01  1.520000e+01
      vertex -1.549134e+01  2.875922e+01  1.080000e+01
      vertex -1.542306e+01  2.853411e+01  1.080000e+01
    endloop
  endfacet
  facet normal -9.569402e-01 -2.902856e-01  0.000000e+00
    outer loop
      vertex -1.549134e+01  2.875922e+01  1.520000e+01
      vertex -1.542306e+01  2.853411e+01  1.080000e+01
      vertex -1.542306e+01  2.853411e+01  1.520000e+01
    endloop
  endfacet
  facet normal -9.951846e-01 -9.801766e-02  -0.000000e+00
    outer loop
      vertex -1.542306e+01  2.853411e+01  1.520000e+01
      vertex -1.542306e+01  2.853411e+01  1.080000e+01
      vertex -1.540000e+01  2.830000e+01  1.080000e+01
    endloop
  endfacet
  facet normal -9.951846e-01 -9.801766e-02  0.000000e+00
    outer loop
      vertex -1.542306e+01  2.853411e+01  1.520000e+01
      vertex -1.540000e+01  2.830000e+01  1.080000e+01
      vertex -1.540000e+01  2.830000e+01  1.520000e+01
    endloop
  endfacet
  facet normal -9.801846e-02  9.951845e-01  0.000000e+00
    outer loop
      vertex  1.660000e+01  2.710000e+01  1.080000e+01
      vertex  1.683411e+01  2.712306e+01  1.520000e+01
      vertex  1.683411e+01  2.712306e+01  1.080000e+01
    endloop
  endfacet
  facet normal -2.902856e-01  9.569402e-01  0.000000e+00
    outer loop
      vertex  1.683411e+01  2.712306e+01  1.080000e+01
      vertex  1.683411e+01  2.712306e+01  1.520000e+01
      vertex  1.705922e+01  2.719135e+01  1.520000e+01
    endloop
  endfacet
  facet normal -2.902856e-01  9.569402e-01  0.000000e+00
    outer loop
      vertex  1.683411e+01  2.712306e+01  1.080000e+01
      vertex  1.705922e+01  2.719135e+01  1.520000e+01
      vertex  1.705922e+01  2.719135e+01  1.080000e+01
    endloop
  endfacet
  facet normal -4.713948e-01  8.819223e-01  0.000000e+00
    outer loop
      vertex  1.705922e+01  2.719135e+01  1.080000e+01
      vertex  1.705922e+01  2.719135e+01  1.520000e+01
      vertex  1.726668e+01  2.730224e+01  1.520000e+01
    endloop
  endfacet
  facet normal -4.713948e-01  8.819223e-01  0.000000e+00
    outer loop
      vertex  1.705922e+01  2.719135e+01  1.080000e+01
      vertex  1.726668e+01  2.730224e+01  1.520000e+01
      vertex  1.726668e+01  2.730224e+01  1.080000e+01
    endloop
  endfacet
  facet normal -6.343899e-01  7.730132e-01  0.000000e+00
    outer loop
      vertex  1.726668e+01  2.730224e+01  1.080000e+01
      vertex  1.726668e+01  2.730224e+01  1.520000e+01
      vertex  1.744853e+01  2.745147e+01  1.520000e+01
    endloop
  endfacet
  facet normal -6.343899e-01  7.730132e-01  0.000000e+00
    outer loop
      vertex  1.726668e+01  2.730224e+01  1.080000e+01
      vertex  1.744853e+01  2.745147e+01  1.520000e+01
      vertex  1.744853e+01  2.745147e+01  1.080000e+01
    endloop
  endfacet
  facet normal -7.730132e-01  6.343899e-01  0.000000e+00
    outer loop
      vertex  1.744853e+01  2.745147e+01  1.080000e+01
      vertex  1.744853e+01  2.745147e+01  1.520000e+01
      vertex  1.759776e+01  2.763332e+01  1.520000e+01
    endloop
  endfacet
  facet normal -7.730132e-01  6.343899e-01  0.000000e+00
    outer loop
      vertex  1.744853e+01  2.745147e+01  1.080000e+01
      vertex  1.759776e+01  2.763332e+01  1.520000e+01
      vertex  1.759776e+01  2.763332e+01  1.080000e+01
    endloop
  endfacet
  facet normal -8.819190e-01  4.714011e-01  0.000000e+00
    outer loop
      vertex  1.759776e+01  2.763332e+01  1.080000e+01
      vertex  1.759776e+01  2.763332e+01  1.520000e+01
      vertex  1.770866e+01  2.784078e+01  1.520000e+01
    endloop
  endfacet
  facet normal -8.819190e-01  4.714011e-01  0.000000e+00
    outer loop
      vertex  1.759776e+01  2.763332e+01  1.080000e+01
      vertex  1.770866e+01  2.784078e+01  1.520000e+01
      vertex  1.770866e+01  2.784078e+01  1.080000e+01
    endloop
  endfacet
  facet normal -9.569402e-01  2.902856e-01  0.000000e+00
    outer loop
      vertex  1.770866e+01  2.784078e+01  1.080000e+01
      vertex  1.770866e+01  2.784078e+01  1.520000e+01
      vertex  1.777694e+01  2.806589e+01  1.520000e+01
    endloop
  endfacet
  facet normal -9.569402e-01  2.902856e-01  0.000000e+00
    outer loop
      vertex  1.770866e+01  2.784078e+01  1.080000e+01
      vertex  1.777694e+01  2.806589e+01  1.520000e+01
      vertex  1.777694e+01  2.806589e+01  1.080000e+01
    endloop
  endfacet
  facet normal -9.951854e-01  9.801044e-02  0.000000e+00
    outer loop
      vertex  1.777694e+01  2.806589e+01  1.080000e+01
      vertex  1.777694e+01  2.806589e+01  1.520000e+01
      vertex  1.780000e+01  2.830000e+01  1.520000e+01
    endloop
  endfacet
  facet normal -9.951854e-01  9.801044e-02  0.000000e+00
    outer loop
      vertex  1.777694e+01  2.806589e+01  1.080000e+01
      vertex  1.780000e+01  2.830000e+01  1.520000e+01
      vertex  1.780000e+01  2.830000e+01  1.080000e+01
    endloop
  endfacet
  facet normal -9.801846e-02  9.951845e-01  0.000000e+00
    outer loop
      vertex  1.683411e+01  2.712306e+01  1.520000e+01
      vertex  1.660000e+01  2.710000e+01  1.080000e+01
      vertex  1.660000e+01  2.710000e+01  1.520000e+01
    endloop
  endfacet
  facet normal  9.801846e-02  9.951845e-01  0.000000e+00
    outer loop
      vertex  1.660000e+01  2.710000e+01  1.520000e+01
      vertex  1.660000e+01  2.710000e+01  1.080000e+01
      vertex  1.636589e+01  2.712306e+01  1.080000e+01
    endloop
  endfacet
  facet normal  9.801846e-02  9.951845e-01  -0.000000e+00
    outer loop
      vertex  1.660000e+01  2.710000e+01  1.520000e+01
      vertex  1.636589e+01  2.712306e+01  1.080000e+01
      vertex  1.636589e+01  2.712306e+01  1.520000e+01
    endloop
  endfacet
  facet normal  2.902833e-01  9.569408e-01  0.000000e+00
    outer loop
      vertex  1.636589e+01  2.712306e+01  1.520000e+01
      vertex  1.636589e+01  2.712306e+01  1.080000e+01
      vertex  1.614078e+01  2.719135e+01  1.080000e+01
    endloop
  endfacet
  facet normal  2.902833e-01  9.569408e-01  -0.000000e+00
    outer loop
      vertex  1.636589e+01  2.712306e+01  1.520000e+01
      vertex  1.614078e+01  2.719135e+01  1.080000e+01
      vertex  1.614078e+01  2.719135e+01  1.520000e+01
    endloop
  endfacet
  facet normal  4.713948e-01  8.819223e-01  0.000000e+00
    outer loop
      vertex  1.614078e+01  2.719135e+01  1.520000e+01
      vertex  1.614078e+01  2.719135e+01  1.080000e+01
      vertex  1.593332e+01  2.730224e+01  1.080000e+01
    endloop
  endfacet
  facet normal  4.713948e-01  8.819223e-01  -0.000000e+00
    outer loop
      vertex  1.614078e+01  2.719135e+01  1.520000e+01
      vertex  1.593332e+01  2.730224e+01  1.080000e+01
      vertex  1.593332e+01  2.730224e+01  1.520000e+01
    endloop
  endfacet
  facet normal  6.343919e-01  7.730116e-01  0.000000e+00
    outer loop
      vertex  1.593332e+01  2.730224e+01  1.520000e+01
      vertex  1.593332e+01  2.730224e+01  1.080000e+01
      vertex  1.575147e+01  2.745147e+01  1.080000e+01
    endloop
  endfacet
  facet normal  6.343919e-01  7.730116e-01  -0.000000e+00
    outer loop
      vertex  1.593332e+01  2.730224e+01  1.520000e+01
      vertex  1.575147e+01  2.745147e+01  1.080000e+01
      vertex  1.575147e+01  2.745147e+01  1.520000e+01
    endloop
  endfacet
  facet normal  7.730132e-01  6.343899e-01  0.000000e+00
    outer loop
      vertex  1.575147e+01  2.745147e+01  1.520000e+01
      vertex  1.575147e+01  2.745147e+01  1.080000e+01
      vertex  1.560224e+01  2.763332e+01  1.080000e+01
    endloop
  endfacet
  facet normal  7.730132e-01  6.343899e-01  -0.000000e+00
    outer loop
      vertex  1.575147e+01  2.745147e+01  1.520000e+01
      vertex  1.560224e+01  2.763332e+01  1.080000e+01
      vertex  1.560224e+01  2.763332e+01  1.520000e+01
    endloop
  endfacet
  facet normal  8.819206e-01  4.713979e-01  0.000000e+00
    outer loop
      vertex  1.560224e+01  2.763332e+01  1.520000e+01
      vertex  1.560224e+01  2.763332e+01  1.080000e+01
      vertex  1.549134e+01  2.784078e+01  1.080000e+01
    endloop
  endfacet
  facet normal  8.819206e-01  4.713979e-01  -0.000000e+00
    outer loop
      vertex  1.560224e+01  2.763332e+01  1.520000e+01
      vertex  1.549134e+01  2.784078e+01  1.080000e+01
      vertex  1.549134e+01  2.784078e+01  1.520000e+01
    endloop
  endfacet
  facet normal  9.569402e-01  2.902856e-01  0.000000e+00
    outer loop
      vertex  1.549134e+01  2.784078e+01  1.520000e+01
      vertex  1.549134e+01  2.784078e+01  1.080000e+01
      vertex  1.542306e+01  2.806589e+01  1.080000e+01
    endloop
  endfacet
  facet normal  9.569402e-01  2.902856e-01  -0.000000e+00
    outer loop
      vertex  1.549134e+01  2.784078e+01  1.520000e+01
      vertex  1.542306e+01  2.806589e+01  1.080000e+01
      vertex  1.542306e+01  2.806589e+01  1.520000e+01
    endloop
  endfacet
  facet normal  9.951845e-01  9.801846e-02  0.000000e+00
    outer loop
      vertex  1.542306e+01  2.806589e+01  1.520000e+01
      vertex  1.542306e+01  2.806589e+01  1.080000e+01
      vertex  1.540000e+01  2.830000e+01  1.080000e+01
    endloop
  endfacet
  facet normal  9.951845e-01  9.801846e-02  -0.000000e+00
    outer loop
      vertex  1.542306e+01  2.806589e+01  1.520000e+01
      vertex  1.540000e+01  2.830000e+01  1.080000e+01
      vertex  1.540000e+01  2.830000e+01  1.520000e+01
    endloop
  endfacet
  facet normal  9.801846e-02 -9.951845e-01  0.000000e+00
    outer loop
      vertex  1.660000e+01  2.950000e+01  1.080000e+01
      vertex  1.636589e+01  2.947694e+01  1.520000e+01
      vertex  1.636589e+01  2.947694e+01  1.080000e+01
    endloop
  endfacet
  facet normal  2.902833e-01 -9.569408e-01  0.000000e+00
    outer loop
      vertex  1.636589e+01  2.947694e+01  1.080000e+01
      vertex  1.636589e+01  2.947694e+01  1.520000e+01
      vertex  1.614078e+01  2.940866e+01  1.520000e+01
    endloop
  endfacet
  facet normal  2.902833e-01 -9.569408e-01  0.000000e+00
    outer loop
      vertex  1.636589e+01  2.947694e+01  1.080000e+01
      vertex  1.614078e+01  2.940866e+01  1.520000e+01
      vertex  1.614078e+01  2.940866e+01  1.080000e+01
    endloop
  endfacet
  facet normal  4.713948e-01 -8.819223e-01  0.000000e+00
    outer loop
      vertex  1.614078e+01  2.940866e+01  1.080000e+01
      vertex  1.614078e+01  2.940866e+01  1.520000e+01
      vertex  1.593332e+01  2.929776e+01  1.520000e+01
    endloop
  endfacet
  facet normal  4.713948e-01 -8.819223e-01  0.000000e+00
    outer loop
      vertex  1.614078e+01  2.940866e+01  1.080000e+01
      vertex  1.593332e+01  2.929776e+01  1.520000e+01
      vertex  1.593332e+01  2.929776e+01  1.080000e+01
    endloop
  endfacet
  facet normal  6.343919e-01 -7.730116e-01  0.000000e+00
    outer loop
      vertex  1.593332e+01  2.929776e+01  1.080000e+01
      vertex  1.593332e+01  2.929776e+01  1.520000e+01
      vertex  1.575147e+01  2.914853e+01  1.520000e+01
    endloop
  endfacet
  facet normal  6.343919e-01 -7.730116e-01  0.000000e+00
    outer loop
      vertex  1.593332e+01  2.929776e+01  1.080000e+01
      vertex  1.575147e+01  2.914853e+01  1.520000e+01
      vertex  1.575147e+01  2.914853e+01  1.080000e+01
    endloop
  endfacet
  facet normal  7.730132e-01 -6.343899e-01  0.000000e+00
    outer loop
      vertex  1.575147e+01  2.914853e+01  1.080000e+01
      vertex  1.575147e+01  2.914853e+01  1.520000e+01
      vertex  1.560224e+01  2.896668e+01  1.520000e+01
    endloop
  endfacet
  facet normal  7.730132e-01 -6.343899e-01  0.000000e+00
    outer loop
      vertex  1.575147e+01  2.914853e+01  1.080000e+01
      vertex  1.560224e+01  2.896668e+01  1.520000e+01
      vertex  1.560224e+01  2.896668e+01  1.080000e+01
    endloop
  endfacet
  facet normal  8.819206e-01 -4.713979e-01  0.000000e+00
    outer loop
      vertex  1.560224e+01  2.896668e+01  1.080000e+01
      vertex  1.560224e+01  2.896668e+01  1.520000e+01
      vertex  1.549134e+01  2.875922e+01  1.520000e+01
    endloop
  endfacet
  facet normal  8.819206e-01 -4.713979e-01  0.000000e+00
    outer loop
      vertex  1.560224e+01  2.896668e+01  1.080000e+01
      vertex  1.549134e+01  2.875922e+01  1.520000e+01
      vertex  1.549134e+01  2.875922e+01  1.080000e+01
    endloop
  endfacet
  facet normal  9.569402e-01 -2.902856e-01  0.000000e+00
    outer loop
      vertex  1.549134e+01  2.875922e+01  1.080000e+01
      vertex  1.549134e+01  2.875922e+01  1.520000e+01
      vertex  1.542306e+01  2.853411e+01  1.520000e+01
    endloop
  endfacet
  facet normal  9.569402e-01 -2.902856e-01  0.000000e+00
    outer loop
      vertex  1.549134e+01  2.875922e+01  1.080000e+01
      vertex  1.542306e+01  2.853411e+01  1.520000e+01
      vertex  1.542306e+01  2.853411e+01  1.080000e+01
    endloop
  endfacet
  facet normal  9.951846e-01 -9.801766e-02  0.000000e+00
    outer loop
      vertex  1.542306e+01  2.853411e+01  1.080000e+01
      vertex  1.542306e+01  2.853411e+01  1.520000e+01
      vertex  1.540000e+01  2.830000e+01  1.520000e+01
    endloop
  endfacet
  facet normal  9.951846e-01 -9.801766e-02  0.000000e+00
    outer loop
      vertex  1.542306e+01  2.853411e+01  1.080000e+01
      vertex  1.540000e+01  2.830000e+01  1.520000e+01
      vertex  1.540000e+01  2.830000e+01  1.080000e+01
    endloop
  endfacet
  facet normal  9.801846e-02 -9.951845e-01  0.000000e+00
    outer loop
      vertex  1.636589e+01  2.947694e+01  1.520000e+01
      vertex  1.660000e+01  2.950000e+01  1.080000e+01
      vertex  1.660000e+01  2.950000e+01  1.520000e+01
    endloop
  endfacet
  facet normal -9.801846e-02 -9.951845e-01  -0.000000e+00
    outer loop
      vertex  1.660000e+01  2.950000e+01  1.520000e+01
      vertex  1.660000e+01  2.950000e+01  1.080000e+01
      vertex  1.683411e+01  2.947694e+01  1.080000e+01
    endloop
  endfacet
  facet normal -9.801846e-02 -9.951845e-01  0.000000e+00
    outer loop
      vertex  1.660000e+01  2.950000e+01  1.520000e+01
      vertex  1.683411e+01  2.947694e+01  1.080000e+01
      vertex  1.683411e+01  2.947694e+01  1.520000e+01
    endloop
  endfacet
  facet normal -2.902856e-01 -9.569402e-01  -0.000000e+00
    outer loop
      vertex  1.683411e+01  2.947694e+01  1.520000e+01
      vertex  1.683411e+01  2.947694e+01  1.080000e+01
      vertex  1.705922e+01  2.940866e+01  1.080000e+01
    endloop
  endfacet
  facet normal -2.902856e-01 -9.569402e-01  0.000000e+00
    outer loop
      vertex  1.683411e+01  2.947694e+01  1.520000e+01
      vertex  1.705922e+01  2.940866e+01  1.080000e+01
      vertex  1.705922e+01  2.940866e+01  1.520000e+01
    endloop
  endfacet
  facet normal -4.713948e-01 -8.819223e-01  -0.000000e+00
    outer loop
      vertex  1.705922e+01  2.940866e+01  1.520000e+01
      vertex  1.705922e+01  2.940866e+01  1.080000e+01
      vertex  1.726668e+01  2.929776e+01  1.080000e+01
    endloop
  endfacet
  facet normal -4.713948e-01 -8.819223e-01  0.000000e+00
    outer loop
      vertex  1.705922e+01  2.940866e+01  1.520000e+01
      vertex  1.726668e+01  2.929776e+01  1.080000e+01
      vertex  1.726668e+01  2.929776e+01  1.520000e+01
    endloop
  endfacet
  facet normal -6.343899e-01 -7.730132e-01  -0.000000e+00
    outer loop
      vertex  1.726668e+01  2.929776e+01  1.520000e+01
      vertex  1.726668e+01  2.929776e+01  1.080000e+01
      vertex  1.744853e+01  2.914853e+01  1.080000e+01
    endloop
  endfacet
  facet normal -6.343899e-01 -7.730132e-01  0.000000e+00
    outer loop
      vertex  1.726668e+01  2.929776e+01  1.520000e+01
      vertex  1.744853e+01  2.914853e+01  1.080000e+01
      vertex  1.744853e+01  2.914853e+01  1.520000e+01
    endloop
  endfacet
  facet normal -7.730132e-01 -6.343899e-01  -0.000000e+00
    outer loop
      vertex  1.744853e+01  2.914853e+01  1.520000e+01
      vertex  1.744853e+01  2.914853e+01  1.080000e+01
      vertex  1.759776e+01  2.896668e+01  1.080000e+01
    endloop
  endfacet
  facet normal -7.730132e-01 -6.343899e-01  0.000000e+00
    outer loop
      vertex  1.744853e+01  2.914853e+01  1.520000e+01
      vertex  1.759776e+01  2.896668e+01  1.080000e+01
      vertex  1.759776e+01  2.896668e+01  1.520000e+01
    endloop
  endfacet
  facet normal -8.819190e-01 -4.714011e-01  -0.000000e+00
    outer loop
      vertex  1.759776e+01  2.896668e+01  1.520000e+01
      vertex  1.759776e+01  2.896668e+01  1.080000e+01
      vertex  1.770866e+01  2.875922e+01  1.080000e+01
    endloop
  endfacet
  facet normal -8.819190e-01 -4.714011e-01  0.000000e+00
    outer loop
      vertex  1.759776e+01  2.896668e+01  1.520000e+01
      vertex  1.770866e+01  2.875922e+01  1.080000e+01
      vertex  1.770866e+01  2.875922e+01  1.520000e+01
    endloop
  endfacet
  facet normal -9.569402e-01 -2.902856e-01  -0.000000e+00
    outer loop
      vertex  1.770866e+01  2.875922e+01  1.520000e+01
      vertex  1.770866e+01  2.875922e+01  1.080000e+01
      vertex  1.777694e+01  2.853411e+01  1.080000e+01
    endloop
  endfacet
  facet normal -9.569402e-01 -2.902856e-01  0.000000e+00
    outer loop
      vertex  1.770866e+01  2.875922e+01  1.520000e+01
      vertex  1.777694e+01  2.853411e+01  1.080000e+01
      vertex  1.777694e+01  2.853411e+01  1.520000e+01
    endloop
  endfacet
  facet normal -9.951856e-01 -9.800965e-02  -0.000000e+00
    outer loop
      vertex  1.777694e+01  2.853411e+01  1.520000e+01
      vertex  1.777694e+01  2.853411e+01  1.080000e+01
      vertex  1.780000e+01  2.830000e+01  1.080000e+01
    endloop
  endfacet
  facet normal -9.951856e-01 -9.800965e-02  0.000000e+00
    outer loop
      vertex  1.777694e+01  2.853411e+01  1.520000e+01
      vertex  1.780000e+01  2.830000e+01  1.080000e+01
      vertex  1.780000e+01  2.830000e+01  1.520000e+01
    endloop
  endfacet
  facet normal -1.000000e+00  -0.000000e+00  0.000000e+00
    outer loop
      vertex  3.710000e+01 -2.580000e+01  1.050000e+01
      vertex  3.710000e+01 -2.160000e+01  1.050000e+01
      vertex  3.710000e+01 -2.580000e+01  8.000000e-01
    endloop
  endfacet
  facet normal -1.000000e+00  0.000000e+00  0.000000e+00
    outer loop
      vertex  3.710000e+01 -2.580000e+01  8.000000e-01
      vertex  3.710000e+01 -2.160000e+01  1.050000e+01
      vertex  3.710000e+01 -2.160000e+01  8.000000e-01
    endloop
  endfacet
  facet normal  0.000000e+00  0.000000e+00 -9.999999e-01
    outer loop
      vertex  3.610000e+01 -2.580000e+01  1.320000e+01
      vertex  3.610000e+01 -2.160000e+01  1.320000e+01
      vertex  3.611728e+01 -2.580000e+01  1.320000e+01
    endloop
  endfacet
  facet normal  0.000000e+00  0.000000e+00 -9.999999e-01
    outer loop
      vertex  3.611728e+01 -2.580000e+01  1.320000e+01
      vertex  3.610000e+01 -2.160000e+01  1.320000e+01
      vertex  3.611728e+01 -2.160000e+01  1.320000e+01
    endloop
  endfacet
  facet normal -9.396926e-01  0.000000e+00 -3.420201e-01
    outer loop
      vertex  3.611728e+01 -2.160000e+01  1.320000e+01
      vertex  3.710000e+01 -2.160000e+01  1.050000e+01
      vertex  3.611728e+01 -2.580000e+01  1.320000e+01
    endloop
  endfacet
  facet normal -9.396926e-01  0.000000e+00 -3.420201e-01
    outer loop
      vertex  3.611728e+01 -2.580000e+01  1.320000e+01
      vertex  3.710000e+01 -2.160000e+01  1.050000e+01
      vertex  3.710000e+01 -2.580000e+01  1.050000e+01
    endloop
  endfacet
  facet normal -1.000000e+00  0.000000e+00  0.000000e+00
    outer loop
      vertex  3.610000e+01 -2.160000e+01  1.320000e+01
      vertex  3.610000e+01 -2.580000e+01  1.320000e+01
      vertex  3.610000e+01 -2.160000e+01  1.520000e+01
    endloop
  endfacet
  facet normal -1.000000e+00  -0.000000e+00  0.000000e+00
    outer loop
      vertex  3.610000e+01 -2.160000e+01  1.520000e+01
      vertex  3.610000e+01 -2.580000e+01  1.320000e+01
      vertex  3.610000e+01 -2.580000e+01  1.520000e+01
    endloop
  endfacet
  facet normal  -0.000000e+00  -0.000000e+00  9.999999e-01
    outer loop
      vertex -1.916294e+01  2.698886e+01  1.520000e+01
      vertex -1.891421e+01  2.668579e+01  1.520000e+01
      vertex -1.861114e+01  2.643706e+01  1.520000e+01
    endloop
  endfacet
  facet normal  -0.000000e+00  -0.000000e+00  1.000000e+00
    outer loop
      vertex -1.916294e+01  2.698886e+01  1.520000e+01
      vertex -1.861114e+01  2.643706e+01  1.520000e+01
      vertex -1.826537e+01  2.625224e+01  1.520000e+01
    endloop
  endfacet
  facet normal  -0.000000e+00  -0.000000e+00  1.000000e+00
    outer loop
      vertex -1.916294e+01  2.698886e+01  1.520000e+01
      vertex -1.826537e+01  2.625224e+01  1.520000e+01
      vertex -1.789018e+01  2.613843e+01  1.520000e+01
    endloop
  endfacet
  facet normal  -0.000000e+00  -0.000000e+00  1.000000e+00
    outer loop
      vertex -1.916294e+01  2.698886e+01  1.520000e+01
      vertex -1.789018e+01  2.613843e+01  1.520000e+01
      vertex -1.750000e+01  2.610000e+01  1.520000e+01
    endloop
  endfacet
  facet normal  0.000000e+00  -0.000000e+00  1.000000e+00
    outer loop
      vertex -1.916294e+01  2.698886e+01  1.520000e+01
      vertex -1.750000e+01  2.610000e+01  1.520000e+01
      vertex -1.570000e+01  2.610000e+01  1.520000e+01
    endloop
  endfacet
  facet normal  0.000000e+00  0.000000e+00  1.000000e+00
    outer loop
      vertex -1.916294e+01  2.698886e+01  1.520000e+01
      vertex -1.570000e+01  2.610000e+01  1.520000e+01
      vertex -1.660000e+01  2.710000e+01  1.520000e+01
    endloop
  endfacet
  facet normal  0.000000e+00  0.000000e+00  1.000000e+00
    outer loop
      vertex -1.916294e+01  2.698886e+01  1.520000e+01
      vertex -1.660000e+01  2.710000e+01  1.520000e+01
      vertex -1.683411e+01  2.712306e+01  1.520000e+01
    endloop
  endfacet
  facet normal  0.000000e+00  0.000000e+00  1.000000e+00
    outer loop
      vertex -1.916294e+01  2.698886e+01  1.520000e+01
      vertex -1.683411e+01  2.712306e+01  1.520000e+01
      vertex -1.705922e+01  2.719135e+01  1.520000e+01
    endloop
  endfacet
  facet normal  0.000000e+00  0.000000e+00  1.000000e+00
    outer loop
      vertex -1.916294e+01  2.698886e+01  1.520000e+01
      vertex -1.705922e+01  2.719135e+01  1.520000e+01
      vertex -1.726668e+01  2.730224e+01  1.520000e+01
    endloop
  endfacet
  facet normal  0.000000e+00  0.000000e+00  1.000000e+00
    outer loop
      vertex -1.916294e+01  2.698886e+01  1.520000e+01
      vertex -1.726668e+01  2.730224e+01  1.520000e+01
      vertex -1.934776e+01  2.733463e+01  1.520000e+01
    endloop
  endfacet
  facet normal  0.000000e+00  -0.000000e+00  1.000000e+00
    outer loop
      vertex -1.660000e+01  2.710000e+01  1.520000e+01
      vertex -1.570000e+01  2.610000e+01  1.520000e+01
      vertex -1.530982e+01  2.613843e+01  1.520000e+01
    endloop
  endfacet
  facet normal  0.000000e+00  -0.000000e+00  1.000000e+00
    outer loop
      vertex -1.660000e+01  2.710000e+01  1.520000e+01
      vertex -1.530982e+01  2.613843e+01  1.520000e+01
      vertex -1.493463e+01  2.625224e+01  1.520000e+01
    endloop
  endfacet
  facet normal  0.000000e+00  -0.000000e+00  1.000000e+00
    outer loop
      vertex -1.660000e+01  2.710000e+01  1.520000e+01
      vertex -1.493463e+01  2.625224e+01  1.520000e+01
      vertex -1.458886e+01  2.643706e+01  1.520000e+01
    endloop
  endfacet
  facet normal  0.000000e+00  -0.000000e+00  1.000000e+00
    outer loop
      vertex -1.660000e+01  2.710000e+01  1.520000e+01
      vertex -1.458886e+01  2.643706e+01  1.520000e+01
      vertex -1.428579e+01  2.668579e+01  1.520000e+01
    endloop
  endfacet
  facet normal  0.000000e+00  -0.000000e+00  1.000000e+00
    outer loop
      vertex -1.660000e+01  2.710000e+01  1.520000e+01
      vertex -1.428579e+01  2.668579e+01  1.520000e+01
      vertex -1.403706e+01  2.698886e+01  1.520000e+01
    endloop
  endfacet
  facet normal  0.000000e+00  -0.000000e+00  1.000000e+00
    outer loop
      vertex -1.660000e+01  2.950000e+01  1.520000e+01
      vertex -1.636589e+01  2.947694e+01  1.520000e+01
      vertex -1.403706e+01  2.961114e+01  1.520000e+01
    endloop
  endfacet
  facet normal  0.000000e+00  0.000000e+00  1.000000e+00
    outer loop
      vertex -1.660000e+01  2.950000e+01  1.520000e+01
      vertex -1.403706e+01  2.961114e+01  1.520000e+01
      vertex -1.428579e+01  2.991421e+01  1.520000e+01
    endloop
  endfacet
  facet normal  0.000000e+00  0.000000e+00  1.000000e+00
    outer loop
      vertex -1.660000e+01  2.950000e+01  1.520000e+01
      vertex -1.428579e+01  2.991421e+01  1.520000e+01
      vertex -1.458886e+01  3.016294e+01  1.520000e+01
    endloop
  endfacet
  facet normal  0.000000e+00  0.000000e+00  1.000000e+00
    outer loop
      vertex -1.660000e+01  2.950000e+01  1.520000e+01
      vertex -1.458886e+01  3.016294e+01  1.520000e+01
      vertex -1.493463e+01  3.034776e+01  1.520000e+01
    endloop
  endfacet
  facet normal  0.000000e+00  0.000000e+00  1.000000e+00
    outer loop
      vertex -1.660000e+01  2.950000e+01  1.520000e+01
      vertex -1.493463e+01  3.034776e+01  1.520000e+01
      vertex -1.530982e+01  3.046157e+01  1.520000e+01
    endloop
  endfacet
  facet normal  0.000000e+00  0.000000e+00  1.000000e+00
    outer loop
      vertex -1.660000e+01  2.950000e+01  1.520000e+01
      vertex -1.530982e+01  3.046157e+01  1.520000e+01
      vertex -1.570000e+01  3.050000e+01  1.520000e+01
    endloop
  endfacet
  facet normal  0.000000e+00  0.000000e+00  1.000000e+00
    outer loop
      vertex -1.660000e+01  2.950000e+01  1.520000e+01
      vertex -1.570000e+01  3.050000e+01  1.520000e+01
      vertex -1.750000e+01  3.050000e+01  1.520000e+01
    endloop
  endfacet
  facet normal  0.000000e+00  0.000000e+00  9.999999e-01
    outer loop
      vertex -1.660000e+01  2.950000e+01  1.520000e+01
      vertex -1.750000e+01  3.050000e+01  1.520000e+01
      vertex -1.789018e+01  3.046157e+01  1.520000e+01
    endloop
  endfacet
  facet normal  0.000000e+00  0.000000e+00  1.000000e+00
    outer loop
      vertex -1.660000e+01  2.950000e+01  1.520000e+01
      vertex -1.789018e+01  3.046157e+01  1.520000e+01
      vertex -1.826537e+01  3.034776e+01  1.520000e+01
    endloop
  endfacet
  facet normal  0.000000e+00  0.000000e+00  1.000000e+00
    outer loop
      vertex -1.660000e+01  2.950000e+01  1.520000e+01
      vertex -1.826537e+01  3.034776e+01  1.520000e+01
      vertex -1.861114e+01  3.016294e+01  1.520000e+01
    endloop
  endfacet
  facet normal  0.000000e+00  0.000000e+00  1.000000e+00
    outer loop
      vertex -1.660000e+01  2.950000e+01  1.520000e+01
      vertex -1.861114e+01  3.016294e+01  1.520000e+01
      vertex -1.891421e+01  2.991421e+01  1.520000e+01
    endloop
  endfacet
  facet normal  0.000000e+00  0.000000e+00  1.000000e+00
    outer loop
      vertex -1.660000e+01  2.950000e+01  1.520000e+01
      vertex -1.891421e+01  2.991421e+01  1.520000e+01
      vertex -1.916294e+01  2.961114e+01  1.520000e+01
    endloop
  endfacet
  facet normal  0.000000e+00  0.000000e+00  9.999999e-01
    outer loop
      vertex -1.660000e+01  2.950000e+01  1.520000e+01
      vertex -1.916294e+01  2.961114e+01  1.520000e+01
      vertex -1.683411e+01  2.947694e+01  1.520000e+01
    endloop
  endfacet
  facet normal  0.000000e+00  0.000000e+00  1.000000e+00
    outer loop
      vertex -1.403706e+01  2.698886e+01  1.520000e+01
      vertex -1.385224e+01  2.733463e+01  1.520000e+01
      vertex -1.593332e+01  2.730224e+01  1.520000e+01
    endloop
  endfacet
  facet normal  0.000000e+00  0.000000e+00  1.000000e+00
    outer loop
      vertex -1.403706e+01  2.698886e+01  1.520000e+01
      vertex -1.593332e+01  2.730224e+01  1.520000e+01
      vertex -1.614078e+01  2.719135e+01  1.520000e+01
    endloop
  endfacet
  facet normal  0.000000e+00  0.000000e+00  1.000000e+00
    outer loop
      vertex -1.403706e+01  2.698886e+01  1.520000e+01
      vertex -1.614078e+01  2.719135e+01  1.520000e+01
      vertex -1.636589e+01  2.712306e+01  1.520000e+01
    endloop
  endfacet
  facet normal  0.000000e+00  0.000000e+00  1.000000e+00
    outer loop
      vertex -1.403706e+01  2.698886e+01  1.520000e+01
      vertex -1.636589e+01  2.712306e+01  1.520000e+01
      vertex -1.660000e+01  2.710000e+01  1.520000e+01
    endloop
  endfacet
  facet normal  0.000000e+00  0.000000e+00  1.000000e+00
    outer loop
      vertex -1.683411e+01  2.947694e+01  1.520000e+01
      vertex -1.916294e+01  2.961114e+01  1.520000e+01
      vertex -1.705922e+01  2.940866e+01  1.520000e+01
    endloop
  endfacet
  facet normal  0.000000e+00  0.000000e+00  1.000000e+00
    outer loop
      vertex -1.705922e+01  2.940866e+01  1.520000e+01
      vertex -1.916294e+01  2.961114e+01  1.520000e+01
      vertex -1.934776e+01  2.926537e+01  1.520000e+01
    endloop
  endfacet
  facet normal  0.000000e+00  0.000000e+00  1.000000e+00
    outer loop
      vertex -1.705922e+01  2.940866e+01  1.520000e+01
      vertex -1.934776e+01  2.926537e+01  1.520000e+01
      vertex -1.726668e+01  2.929776e+01  1.520000e+01
    endloop
  endfacet
  facet normal  -0.000000e+00  0.000000e+00  1.000000e+00
    outer loop
      vertex -1.726668e+01  2.929776e+01  1.520000e+01
      vertex -1.934776e+01  2.926537e+01  1.520000e+01
      vertex -1.744853e+01  2.914853e+01  1.520000e+01
    endloop
  endfacet
  facet normal  0.000000e+00  0.000000e+00  1.000000e+00
    outer loop
      vertex -1.744853e+01  2.914853e+01  1.520000e+01
      vertex -1.934776e+01  2.926537e+01  1.520000e+01
      vertex -1.946157e+01  2.889018e+01  1.520000e+01
    endloop
  endfacet
  facet normal  0.000000e+00  0.000000e+00  1.000000e+00
    outer loop
      vertex -1.744853e+01  2.914853e+01  1.520000e+01
      vertex -1.946157e+01  2.889018e+01  1.520000e+01
      vertex -1.759776e+01  2.896668e+01  1.520000e+01
    endloop
  endfacet
  facet normal  -0.000000e+00  0.000000e+00  1.000000e+00
    outer loop
      vertex -1.759776e+01  2.896668e+01  1.520000e+01
      vertex -1.946157e+01  2.889018e+01  1.520000e+01
      vertex -1.770866e+01  2.875922e+01  1.520000e+01
    endloop
  endfacet
  facet normal  0.000000e+00  0.000000e+00  1.000000e+00
    outer loop
      vertex -1.770866e+01  2.875922e+01  1.520000e+01
      vertex -1.946157e+01  2.889018e+01  1.520000e+01
      vertex -1.950000e+01  2.850000e+01  1.520000e+01
    endloop
  endfacet
  facet normal  0.000000e+00  0.000000e+00  9.999999e-01
    outer loop
      vertex -1.770866e+01  2.875922e+01  1.520000e+01
      vertex -1.950000e+01  2.850000e+01  1.520000e+01
      vertex -1.777694e+01  2.853411e+01  1.520000e+01
    endloop
  endfacet
  facet normal  -0.000000e+00  0.000000e+00  1.000000e+00
    outer loop
      vertex -1.777694e+01  2.853411e+01  1.520000e+01
      vertex -1.950000e+01  2.850000e+01  1.520000e+01
      vertex -1.780000e+01  2.830000e+01  1.520000e+01
    endloop
  endfacet
  facet normal  0.000000e+00  0.000000e+00  1.000000e+00
    outer loop
      vertex -1.780000e+01  2.830000e+01  1.520000e+01
      vertex -1.950000e+01  2.850000e+01  1.520000e+01
      vertex -1.950000e+01  2.810000e+01  1.520000e+01
    endloop
  endfacet
  facet normal  -0.000000e+00  0.000000e+00  1.000000e+00
    outer loop
      vertex -1.780000e+01  2.830000e+01  1.520000e+01
      vertex -1.950000e+01  2.810000e+01  1.520000e+01
      vertex -1.777694e+01  2.806589e+01  1.520000e+01
    endloop
  endfacet
  facet normal  0.000000e+00  0.000000e+00  9.999999e-01
    outer loop
      vertex -1.777694e+01  2.806589e+01  1.520000e+01
      vertex -1.950000e+01  2.810000e+01  1.520000e+01
      vertex -1.770866e+01  2.784078e+01  1.520000e+01
    endloop
  endfacet
  facet normal  0.000000e+00  0.000000e+00  1.000000e+00
    outer loop
      vertex -1.770866e+01  2.784078e+01  1.520000e+01
      vertex -1.950000e+01  2.810000e+01  1.520000e+01
      vertex -1.946157e+01  2.770982e+01  1.520000e+01
    endloop
  endfacet
  facet normal  -0.000000e+00  0.000000e+00  1.000000e+00
    outer loop
      vertex -1.770866e+01  2.784078e+01  1.520000e+01
      vertex -1.946157e+01  2.770982e+01  1.520000e+01
      vertex -1.759776e+01  2.763332e+01  1.520000e+01
    endloop
  endfacet
  facet normal  0.000000e+00  0.000000e+00  1.000000e+00
    outer loop
      vertex -1.759776e+01  2.763332e+01  1.520000e+01
      vertex -1.946157e+01  2.770982e+01  1.520000e+01
      vertex -1.744853e+01  2.745147e+01  1.520000e+01
    endloop
  endfacet
  facet normal  0.000000e+00  0.000000e+00  1.000000e+00
    outer loop
      vertex -1.744853e+01  2.745147e+01  1.520000e+01
      vertex -1.946157e+01  2.770982e+01  1.520000e+01
      vertex -1.934776e+01  2.733463e+01  1.520000e+01
    endloop
  endfacet
  facet normal  -0.000000e+00  0.000000e+00  1.000000e+00
    outer loop
      vertex -1.744853e+01  2.745147e+01  1.520000e+01
      vertex -1.934776e+01  2.733463e+01  1.520000e+01
      vertex -1.726668e+01  2.730224e+01  1.520000e+01
    endloop
  endfacet
  facet normal  -0.000000e+00  0.000000e+00  1.000000e+00
    outer loop
      vertex -1.403706e+01  2.961114e+01  1.520000e+01
      vertex -1.636589e+01  2.947694e+01  1.520000e+01
      vertex -1.385224e+01  2.926537e+01  1.520000e+01
    endloop
  endfacet
  facet normal  0.000000e+00  0.000000e+00  9.999999e-01
    outer loop
      vertex -1.385224e+01  2.926537e+01  1.520000e+01
      vertex -1.636589e+01  2.947694e+01  1.520000e+01
      vertex -1.614078e+01  2.940866e+01  1.520000e+01
    endloop
  endfacet
  facet normal  0.000000e+00  0.000000e+00  1.000000e+00
    outer loop
      vertex -1.385224e+01  2.926537e+01  1.520000e+01
      vertex -1.614078e+01  2.940866e+01  1.520000e+01
      vertex -1.593332e+01  2.929776e+01  1.520000e+01
    endloop
  endfacet
  facet normal  0.000000e+00  0.000000e+00  1.000000e+00
    outer loop
      vertex -1.385224e+01  2.926537e+01  1.520000e+01
      vertex -1.593332e+01  2.929776e+01  1.520000e+01
      vertex -1.373843e+01  2.889018e+01  1.520000e+01
    endloop
  endfacet
  facet normal  0.000000e+00  0.000000e+00  1.000000e+00
    outer loop
      vertex -1.373843e+01  2.889018e+01  1.520000e+01
      vertex -1.593332e+01  2.929776e+01  1.520000e+01
      vertex -1.575147e+01  2.914853e+01  1.520000e+01
    endloop
  endfacet
  facet normal  0.000000e+00  0.000000e+00  1.000000e+00
    outer loop
      vertex -1.373843e+01  2.889018e+01  1.520000e+01
      vertex -1.575147e+01  2.914853e+01  1.520000e+01
      vertex -1.560224e+01  2.896668e+01  1.520000e+01
    endloop
  endfacet
  facet normal  0.000000e+00  0.000000e+00  1.000000e+00
    outer loop
      vertex -1.373843e+01  2.889018e+01  1.520000e+01
      vertex -1.560224e+01  2.896668e+01  1.520000e+01
      vertex -1.370000e+01  2.850000e+01  1.520000e+01
    endloop
  endfacet
  facet normal  0.000000e+00  0.000000e+00  1.000000e+00
    outer loop
      vertex -1.370000e+01  2.850000e+01  1.520000e+01
      vertex -1.560224e+01  2.896668e+01  1.520000e+01
      vertex -1.549134e+01  2.875922e+01  1.520000e+01
    endloop
  endfacet
  facet normal  0.000000e+00  0.000000e+00  1.000000e+00
    outer loop
      vertex -1.370000e+01  2.850000e+01  1.520000e+01
      vertex -1.549134e+01  2.875922e+01  1.520000e+01
      vertex -1.542306e+01  2.853411e+01  1.520000e+01
    endloop
  endfacet
  facet normal  0.000000e+00  0.000000e+00  1.000000e+00
    outer loop
      vertex -1.370000e+01  2.850000e+01  1.520000e+01
      vertex -1.542306e+01  2.853411e+01  1.520000e+01
      vertex -1.370000e+01  2.810000e+01  1.520000e+01
    endloop
  endfacet
  facet normal  0.000000e+00  0.000000e+00  1.000000e+00
    outer loop
      vertex -1.370000e+01  2.810000e+01  1.520000e+01
      vertex -1.542306e+01  2.853411e+01  1.520000e+01
      vertex -1.540000e+01  2.830000e+01  1.520000e+01
    endloop
  endfacet
  facet normal  0.000000e+00  0.000000e+00  1.000000e+00
    outer loop
      vertex -1.370000e+01  2.810000e+01  1.520000e+01
      vertex -1.540000e+01  2.830000e+01  1.520000e+01
      vertex -1.542306e+01  2.806589e+01  1.520000e+01
    endloop
  endfacet
  facet normal  -0.000000e+00  0.000000e+00  1.000000e+00
    outer loop
      vertex -1.370000e+01  2.810000e+01  1.520000e+01
      vertex -1.542306e+01  2.806589e+01  1.520000e+01
      vertex -1.373843e+01  2.770982e+01  1.520000e+01
    endloop
  endfacet
  facet normal  0.000000e+00  0.000000e+00  1.000000e+00
    outer loop
      vertex -1.373843e+01  2.770982e+01  1.520000e+01
      vertex -1.542306e+01  2.806589e+01  1.520000e+01
      vertex -1.549134e+01  2.784078e+01  1.520000e+01
    endloop
  endfacet
  facet normal  0.000000e+00  0.000000e+00  1.000000e+00
    outer loop
      vertex -1.373843e+01  2.770982e+01  1.520000e+01
      vertex -1.549134e+01  2.784078e+01  1.520000e+01
      vertex -1.560224e+01  2.763332e+01  1.520000e+01
    endloop
  endfacet
  facet normal  -0.000000e+00  0.000000e+00  1.000000e+00
    outer loop
      vertex -1.373843e+01  2.770982e+01  1.520000e+01
      vertex -1.560224e+01  2.763332e+01  1.520000e+01
      vertex -1.385224e+01  2.733463e+01  1.520000e+01
    endloop
  endfacet
  facet normal  0.000000e+00  0.000000e+00  1.000000e+00
    outer loop
      vertex -1.385224e+01  2.733463e+01  1.520000e+01
      vertex -1.560224e+01  2.763332e+01  1.520000e+01
      vertex -1.575147e+01  2.745147e+01  1.520000e+01
    endloop
  endfacet
  facet normal  0.000000e+00  0.000000e+00  1.000000e+00
    outer loop
      vertex -1.385224e+01  2.733463e+01  1.520000e+01
      vertex -1.575147e+01  2.745147e+01  1.520000e+01
      vertex -1.593332e+01  2.730224e+01  1.520000e+01
    endloop
  endfacet
  facet normal  0.000000e+00 -9.999999e-01  0.000000e+00
    outer loop
      vertex -1.570000e+01  2.610000e+01  1.520000e+01
      vertex -1.750000e+01  2.610000e+01  1.520000e+01
      vertex -1.570000e+01  2.610000e+01  8.000000e-01
    endloop
  endfacet
  facet normal  0.000000e+00 -9.999999e-01  0.000000e+00
    outer loop
      vertex -1.570000e+01  2.610000e+01  8.000000e-01
      vertex -1.750000e+01  2.610000e+01  1.520000e+01
      vertex -1.750000e+01  2.610000e+01  8.000000e-01
    endloop
  endfacet
  facet normal  0.000000e+00  9.999999e-01  0.000000e+00
    outer loop
      vertex -1.750000e+01  3.050000e+01  1.520000e+01
      vertex -1.570000e+01  3.050000e+01  1.520000e+01
      vertex -1.750000e+01  3.050000e+01  8.000000e-01
    endloop
  endfacet
  facet normal  0.000000e+00  9.999999e-01  0.000000e+00
    outer loop
      vertex -1.750000e+01  3.050000e+01  8.000000e-01
      vertex -1.570000e+01  3.050000e+01  1.520000e+01
      vertex -1.570000e+01  3.050000e+01  8.000000e-01
    endloop
  endfacet
  facet normal  -0.000000e+00  -0.000000e+00  1.000000e+00
    outer loop
      vertex  1.403706e+01  2.698886e+01  1.520000e+01
      vertex  1.428579e+01  2.668579e+01  1.520000e+01
      vertex  1.458886e+01  2.643706e+01  1.520000e+01
    endloop
  endfacet
  facet normal  -0.000000e+00  -0.000000e+00  1.000000e+00
    outer loop
      vertex  1.403706e+01  2.698886e+01  1.520000e+01
      vertex  1.458886e+01  2.643706e+01  1.520000e+01
      vertex  1.493463e+01  2.625224e+01  1.520000e+01
    endloop
  endfacet
  facet normal  -0.000000e+00  -0.000000e+00  1.000000e+00
    outer loop
      vertex  1.403706e+01  2.698886e+01  1.520000e+01
      vertex  1.493463e+01  2.625224e+01  1.520000e+01
      vertex  1.530982e+01  2.613843e+01  1.520000e+01
    endloop
  endfacet
  facet normal  -0.000000e+00  -0.000000e+00  1.000000e+00
    outer loop
      vertex  1.403706e+01  2.698886e+01  1.520000e+01
      vertex  1.530982e+01  2.613843e+01  1.520000e+01
      vertex  1.570000e+01  2.610000e+01  1.520000e+01
    endloop
  endfacet
  facet normal  0.000000e+00  -0.000000e+00  1.000000e+00
    outer loop
      vertex  1.403706e+01  2.698886e+01  1.520000e+01
      vertex  1.570000e+01  2.610000e+01  1.520000e+01
      vertex  1.750000e+01  2.610000e+01  1.520000e+01
    endloop
  endfacet
  facet normal  0.000000e+00  0.000000e+00  1.000000e+00
    outer loop
      vertex  1.403706e+01  2.698886e+01  1.520000e+01
      vertex  1.750000e+01  2.610000e+01  1.520000e+01
      vertex  1.660000e+01  2.710000e+01  1.520000e+01
    endloop
  endfacet
  facet normal  0.000000e+00  0.000000e+00  1.000000e+00
    outer loop
      vertex  1.403706e+01  2.698886e+01  1.520000e+01
      vertex  1.660000e+01  2.710000e+01  1.520000e+01
      vertex  1.636589e+01  2.712306e+01  1.520000e+01
    endloop
  endfacet
  facet normal  0.000000e+00  0.000000e+00  1.000000e+00
    outer loop
      vertex  1.403706e+01  2.698886e+01  1.520000e+01
      vertex  1.636589e+01  2.712306e+01  1.520000e+01
      vertex  1.614078e+01  2.719135e+01  1.520000e+01
    endloop
  endfacet
  facet normal  0.000000e+00  0.000000e+00  1.000000e+00
    outer loop
      vertex  1.403706e+01  2.698886e+01  1.520000e+01
      vertex  1.614078e+01  2.719135e+01  1.520000e+01
      vertex  1.593332e+01  2.730224e+01  1.520000e+01
    endloop
  endfacet
  facet normal  0.000000e+00  0.000000e+00  1.000000e+00
    outer loop
      vertex  1.403706e+01  2.698886e+01  1.520000e+01
      vertex  1.593332e+01  2.730224e+01  1.520000e+01
      vertex  1.385224e+01  2.733463e+01  1.520000e+01
    endloop
  endfacet
  facet normal  0.000000e+00  -0.000000e+00  9.999999e-01
    outer loop
      vertex  1.660000e+01  2.710000e+01  1.520000e+01
      vertex  1.750000e+01  2.610000e+01  1.520000e+01
      vertex  1.789018e+01  2.613843e+01  1.520000e+01
    endloop
  endfacet
  facet normal  0.000000e+00  -0.000000e+00  1.000000e+00
    outer loop
      vertex  1.660000e+01  2.710000e+01  1.520000e+01
      vertex  1.789018e+01  2.613843e+01  1.520000e+01
      vertex  1.826537e+01  2.625224e+01  1.520000e+01
    endloop
  endfacet
  facet normal  0.000000e+00  -0.000000e+00  1.000000e+00
    outer loop
      vertex  1.660000e+01  2.710000e+01  1.520000e+01
      vertex  1.826537e+01  2.625224e+01  1.520000e+01
      vertex  1.861114e+01  2.643706e+01  1.520000e+01
    endloop
  endfacet
  facet normal  0.000000e+00  -0.000000e+00  1.000000e+00
    outer loop
      vertex  1.660000e+01  2.710000e+01  1.520000e+01
      vertex  1.861114e+01  2.643706e+01  1.520000e+01
      vertex  1.891421e+01  2.668579e+01  1.520000e+01
    endloop
  endfacet
  facet normal  0.000000e+00  -0.000000e+00  1.000000e+00
    outer loop
      vertex  1.660000e+01  2.710000e+01  1.520000e+01
      vertex  1.891421e+01  2.668579e+01  1.520000e+01
      vertex  1.916294e+01  2.698886e+01  1.520000e+01
    endloop
  endfacet
  facet normal  0.000000e+00  -0.000000e+00  1.000000e+00
    outer loop
      vertex  1.660000e+01  2.950000e+01  1.520000e+01
      vertex  1.683411e+01  2.947694e+01  1.520000e+01
      vertex  1.916294e+01  2.961114e+01  1.520000e+01
    endloop
  endfacet
  facet normal  0.000000e+00  0.000000e+00  1.000000e+00
    outer loop
      vertex  1.660000e+01  2.950000e+01  1.520000e+01
      vertex  1.916294e+01  2.961114e+01  1.520000e+01
      vertex  1.891421e+01  2.991421e+01  1.520000e+01
    endloop
  endfacet
  facet normal  0.000000e+00  0.000000e+00  1.000000e+00
    outer loop
      vertex  1.660000e+01  2.950000e+01  1.520000e+01
      vertex  1.891421e+01  2.991421e+01  1.520000e+01
      vertex  1.861114e+01  3.016294e+01  1.520000e+01
    endloop
  endfacet
  facet normal  0.000000e+00  0.000000e+00  1.000000e+00
    outer loop
      vertex  1.660000e+01  2.950000e+01  1.520000e+01
      vertex  1.861114e+01  3.016294e+01  1.520000e+01
      vertex  1.826537e+01  3.034776e+01  1.520000e+01
    endloop
  endfacet
  facet normal  0.000000e+00  0.000000e+00  1.000000e+00
    outer loop
      vertex  1.660000e+01  2.950000e+01  1.520000e+01
      vertex  1.826537e+01  3.034776e+01  1.520000e+01
      vertex  1.789018e+01  3.046157e+01  1.520000e+01
    endloop
  endfacet
  facet normal  0.000000e+00  0.000000e+00  9.999999e-01
    outer loop
      vertex  1.660000e+01  2.950000e+01  1.520000e+01
      vertex  1.789018e+01  3.046157e+01  1.520000e+01
      vertex  1.750000e+01  3.050000e+01  1.520000e+01
    endloop
  endfacet
  facet normal  0.000000e+00  0.000000e+00  1.000000e+00
    outer loop
      vertex  1.660000e+01  2.950000e+01  1.520000e+01
      vertex  1.750000e+01  3.050000e+01  1.520000e+01
      vertex  1.570000e+01  3.050000e+01  1.520000e+01
    endloop
  endfacet
  facet normal  0.000000e+00  0.000000e+00  1.000000e+00
    outer loop
      vertex  1.660000e+01  2.950000e+01  1.520000e+01
      vertex  1.570000e+01  3.050000e+01  1.520000e+01
      vertex  1.530982e+01  3.046157e+01  1.520000e+01
    endloop
  endfacet
  facet normal  0.000000e+00  0.000000e+00  1.000000e+00
    outer loop
      vertex  1.660000e+01  2.950000e+01  1.520000e+01
      vertex  1.530982e+01  3.046157e+01  1.520000e+01
      vertex  1.493463e+01  3.034776e+01  1.520000e+01
    endloop
  endfacet
  facet normal  0.000000e+00  0.000000e+00  1.000000e+00
    outer loop
      vertex  1.660000e+01  2.950000e+01  1.520000e+01
      vertex  1.493463e+01  3.034776e+01  1.520000e+01
      vertex  1.458886e+01  3.016294e+01  1.520000e+01
    endloop
  endfacet
  facet normal  0.000000e+00  0.000000e+00  1.000000e+00
    outer loop
      vertex  1.660000e+01  2.950000e+01  1.520000e+01
      vertex  1.458886e+01  3.016294e+01  1.520000e+01
      vertex  1.428579e+01  2.991421e+01  1.520000e+01
    endloop
  endfacet
  facet normal  0.000000e+00  0.000000e+00  1.000000e+00
    outer loop
      vertex  1.660000e+01  2.950000e+01  1.520000e+01
      vertex  1.428579e+01  2.991421e+01  1.520000e+01
      vertex  1.403706e+01  2.961114e+01  1.520000e+01
    endloop
  endfacet
  facet normal  0.000000e+00  0.000000e+00  1.000000e+00
    outer loop
      vertex  1.660000e+01  2.950000e+01  1.520000e+01
      vertex  1.403706e+01  2.961114e+01  1.520000e+01
      vertex  1.636589e+01  2.947694e+01  1.520000e+01
    endloop
  endfacet
  facet normal  0.000000e+00  0.000000e+00  1.000000e+00
    outer loop
      vertex  1.916294e+01  2.698886e+01  1.520000e+01
      vertex  1.934776e+01  2.733463e+01  1.520000e+01
      vertex  1.726668e+01  2.730224e+01  1.520000e+01
    endloop
  endfacet
  facet normal  0.000000e+00  0.000000e+00  1.000000e+00
    outer loop
      vertex  1.916294e+01  2.698886e+01  1.520000e+01
      vertex  1.726668e+01  2.730224e+01  1.520000e+01
      vertex  1.705922e+01  2.719135e+01  1.520000e+01
    endloop
  endfacet
  facet normal  0.000000e+00  0.000000e+00  1.000000e+00
    outer loop
      vertex  1.916294e+01  2.698886e+01  1.520000e+01
      vertex  1.705922e+01  2.719135e+01  1.520000e+01
      vertex  1.683411e+01  2.712306e+01  1.520000e+01
    endloop
  endfacet
  facet normal  0.000000e+00  0.000000e+00  1.000000e+00
    outer loop
      vertex  1.916294e+01  2.698886e+01  1.520000e+01
      vertex  1.683411e+01  2.712306e+01  1.520000e+01
      vertex  1.660000e+01  2.710000e+01  1.520000e+01
    endloop
  endfacet
  facet normal  0.000000e+00  0.000000e+00  1.000000e+00
    outer loop
      vertex  1.636589e+01  2.947694e+01  1.520000e+01
      vertex  1.403706e+01  2.961114e+01  1.520000e+01
      vertex  1.614078e+01  2.940866e+01  1.520000e+01
    endloop
  endfacet
  facet normal  0.000000e+00  0.000000e+00  1.000000e+00
    outer loop
      vertex  1.614078e+01  2.940866e+01  1.520000e+01
      vertex  1.403706e+01  2.961114e+01  1.520000e+01
      vertex  1.385224e+01  2.926537e+01  1.520000e+01
    endloop
  endfacet
  facet normal  0.000000e+00  0.000000e+00  1.000000e+00
    outer loop
      vertex  1.614078e+01  2.940866e+01  1.520000e+01
      vertex  1.385224e+01  2.926537e+01  1.520000e+01
      vertex  1.593332e+01  2.929776e+01  1.520000e+01
    endloop
  endfacet
  facet normal  -0.000000e+00  0.000000e+00  1.000000e+00
    outer loop
      vertex  1.593332e+01  2.929776e+01  1.520000e+01
      vertex  1.385224e+01  2.926537e+01  1.520000e+01
      vertex  1.575147e+01  2.914853e+01  1.520000e+01
    endloop
  endfacet
  facet normal  0.000000e+00  0.000000e+00  1.000000e+00
    outer loop
      vertex  1.575147e+01  2.914853e+01  1.520000e+01
      vertex  1.385224e+01  2.926537e+01  1.520000e+01
      vertex  1.373843e+01  2.889018e+01  1.520000e+01
    endloop
  endfacet
  facet normal  0.000000e+00  0.000000e+00  1.000000e+00
    outer loop
      vertex  1.575147e+01  2.914853e+01  1.520000e+01
      vertex  1.373843e+01  2.889018e+01  1.520000e+01
      vertex  1.560224e+01  2.896668e+01  1.520000e+01
    endloop
  endfacet
  facet normal  -0.000000e+00  0.000000e+00  1.000000e+00
    outer loop
      vertex  1.560224e+01  2.896668e+01  1.520000e+01
      vertex  1.373843e+01  2.889018e+01  1.520000e+01
      vertex  1.549134e+01  2.875922e+01  1.520000e+01
    endloop
  endfacet
  facet normal  0.000000e+00  0.000000e+00  1.000000e+00
    outer loop
      vertex  1.549134e+01  2.875922e+01  1.520000e+01
      vertex  1.373843e+01  2.889018e+01  1.520000e+01
      vertex  1.370000e+01  2.850000e+01  1.520000e+01
    endloop
  endfacet
  facet normal  0.000000e+00  0.000000e+00  1.000000e+00
    outer loop
      vertex  1.549134e+01  2.875922e+01  1.520000e+01
      vertex  1.370000e+01  2.850000e+01  1.520000e+01
      vertex  1.542306e+01  2.853411e+01  1.520000e+01
    endloop
  endfacet
  facet normal  -0.000000e+00  0.000000e+00  9.999999e-01
    outer loop
      vertex  1.542306e+01  2.853411e+01  1.520000e+01
      vertex  1.370000e+01  2.850000e+01  1.520000e+01
      vertex  1.540000e+01  2.830000e+01  1.520000e+01
    endloop
  endfacet
  facet normal  0.000000e+00  0.000000e+00  1.000000e+00
    outer loop
      vertex  1.540000e+01  2.830000e+01  1.520000e+01
      vertex  1.370000e+01  2.850000e+01  1.520000e+01
      vertex  1.370000e+01  2.810000e+01  1.520000e+01
    endloop
  endfacet
  facet normal  -0.000000e+00  0.000000e+00  1.000000e+00
    outer loop
      vertex  1.540000e+01  2.830000e+01  1.520000e+01
      vertex  1.370000e+01  2.810000e+01  1.520000e+01
      vertex  1.542306e+01  2.806589e+01  1.520000e+01
    endloop
  endfacet
  facet normal  0.000000e+00  0.000000e+00  1.000000e+00
    outer loop
      vertex  1.542306e+01  2.806589e+01  1.520000e+01
      vertex  1.370000e+01  2.810000e+01  1.520000e+01
      vertex  1.549134e+01  2.784078e+01  1.520000e+01
    endloop
  endfacet
  facet normal  0.000000e+00  0.000000e+00  1.000000e+00
    outer loop
      vertex  1.549134e+01  2.784078e+01  1.520000e+01
      vertex  1.370000e+01  2.810000e+01  1.520000e+01
      vertex  1.373843e+01  2.770982e+01  1.520000e+01
    endloop
  endfacet
  facet normal  -0.000000e+00  0.000000e+00  1.000000e+00
    outer loop
      vertex  1.549134e+01  2.784078e+01  1.520000e+01
      vertex  1.373843e+01  2.770982e+01  1.520000e+01
      vertex  1.560224e+01  2.763332e+01  1.520000e+01
    endloop
  endfacet
  facet normal  0.000000e+00  0.000000e+00  1.000000e+00
    outer loop
      vertex  1.560224e+01  2.763332e+01  1.520000e+01
      vertex  1.373843e+01  2.770982e+01  1.520000e+01
      vertex  1.575147e+01  2.745147e+01  1.520000e+01
    endloop
  endfacet
  facet normal  0.000000e+00  0.000000e+00  1.000000e+00
    outer loop
      vertex  1.575147e+01  2.745147e+01  1.520000e+01
      vertex  1.373843e+01  2.770982e+01  1.520000e+01
      vertex  1.385224e+01  2.733463e+01  1.520000e+01
    endloop
  endfacet
  facet normal  -0.000000e+00  0.000000e+00  1.000000e+00
    outer loop
      vertex  1.575147e+01  2.745147e+01  1.520000e+01
      vertex  1.385224e+01  2.733463e+01  1.520000e+01
      vertex  1.593332e+01  2.730224e+01  1.520000e+01
    endloop
  endfacet
  facet normal  -0.000000e+00  0.000000e+00  1.000000e+00
    outer loop
      vertex  1.916294e+01  2.961114e+01  1.520000e+01
      vertex  1.683411e+01  2.947694e+01  1.520000e+01
      vertex  1.934776e+01  2.926537e+01  1.520000e+01
    endloop
  endfacet
  facet normal  0.000000e+00  0.000000e+00  1.000000e+00
    outer loop
      vertex  1.934776e+01  2.926537e+01  1.520000e+01
      vertex  1.683411e+01  2.947694e+01  1.520000e+01
      vertex  1.705922e+01  2.940866e+01  1.520000e+01
    endloop
  endfacet
  facet normal  0.000000e+00  0.000000e+00  1.000000e+00
    outer loop
      vertex  1.934776e+01  2.926537e+01  1.520000e+01
      vertex  1.705922e+01  2.940866e+01  1.520000e+01
      vertex  1.726668e+01  2.929776e+01  1.520000e+01
    endloop
  endfacet
  facet normal  0.000000e+00  0.000000e+00  1.000000e+00
    outer loop
      vertex  1.934776e+01  2.926537e+01  1.520000e+01
      vertex  1.726668e+01  2.929776e+01  1.520000e+01
      vertex  1.946157e+01  2.889018e+01  1.520000e+01
    endloop
  endfacet
  facet normal  0.000000e+00  0.000000e+00  1.000000e+00
    outer loop
      vertex  1.946157e+01  2.889018e+01  1.520000e+01
      vertex  1.726668e+01  2.929776e+01  1.520000e+01
      vertex  1.744853e+01  2.914853e+01  1.520000e+01
    endloop
  endfacet
  facet normal  0.000000e+00  0.000000e+00  1.000000e+00
    outer loop
      vertex  1.946157e+01  2.889018e+01  1.520000e+01
      vertex  1.744853e+01  2.914853e+01  1.520000e+01
      vertex  1.759776e+01  2.896668e+01  1.520000e+01
    endloop
  endfacet
  facet normal  0.000000e+00  0.000000e+00  1.000000e+00
    outer loop
      vertex  1.946157e+01  2.889018e+01  1.520000e+01
      vertex  1.759776e+01  2.896668e+01  1.520000e+01
      vertex  1.950000e+01  2.850000e+01  1.520000e+01
    endloop
  endfacet
  facet normal  0.000000e+00  0.000000e+00  1.000000e+00
    outer loop
      vertex  1.950000e+01  2.850000e+01  1.520000e+01
      vertex  1.759776e+01  2.896668e+01  1.520000e+01
      vertex  1.770866e+01  2.875922e+01  1.520000e+01
    endloop
  endfacet
  facet normal  0.000000e+00  0.000000e+00  9.999999e-01
    outer loop
      vertex  1.950000e+01  2.850000e+01  1.520000e+01
      vertex  1.770866e+01  2.875922e+01  1.520000e+01
      vertex  1.777694e+01  2.853411e+01  1.520000e+01
    endloop
  endfacet
  facet normal  0.000000e+00  0.000000e+00  1.000000e+00
    outer loop
      vertex  1.950000e+01  2.850000e+01  1.520000e+01
      vertex  1.777694e+01  2.853411e+01  1.520000e+01
      vertex  1.950000e+01  2.810000e+01  1.520000e+01
    endloop
  endfacet
  facet normal  0.000000e+00  0.000000e+00  1.000000e+00
    outer loop
      vertex  1.950000e+01  2.810000e+01  1.520000e+01
      vertex  1.777694e+01  2.853411e+01  1.520000e+01
      vertex  1.780000e+01  2.830000e+01  1.520000e+01
    endloop
  endfacet
  facet normal  0.000000e+00  0.000000e+00  1.000000e+00
    outer loop
      vertex  1.950000e+01  2.810000e+01  1.520000e+01
      vertex  1.780000e+01  2.830000e+01  1.520000e+01
      vertex  1.777694e+01  2.806589e+01  1.520000e+01
    endloop
  endfacet
  facet normal  -0.000000e+00  0.000000e+00  1.000000e+00
    outer loop
      vertex  1.950000e+01  2.810000e+01  1.520000e+01
      vertex  1.777694e+01  2.806589e+01  1.520000e+01
      vertex  1.946157e+01  2.770982e+01  1.520000e+01
    endloop
  endfacet
  facet normal  0.000000e+00  0.000000e+00  9.999999e-01
    outer loop
      vertex  1.946157e+01  2.770982e+01  1.520000e+01
      vertex  1.777694e+01  2.806589e+01  1.520000e+01
      vertex  1.770866e+01  2.784078e+01  1.520000e+01
    endloop
  endfacet
  facet normal  0.000000e+00  0.000000e+00  1.000000e+00
    outer loop
      vertex  1.946157e+01  2.770982e+01  1.520000e+01
      vertex  1.770866e+01  2.784078e+01  1.520000e+01
      vertex  1.759776e+01  2.763332e+01  1.520000e+01
    endloop
  endfacet
  facet normal  -0.000000e+00  0.000000e+00  1.000000e+00
    outer loop
      vertex  1.946157e+01  2.770982e+01  1.520000e+01
      vertex  1.759776e+01  2.763332e+01  1.520000e+01
      vertex  1.934776e+01  2.733463e+01  1.520000e+01
    endloop
  endfacet
  facet normal  0.000000e+00  0.000000e+00  1.000000e+00
    outer loop
      vertex  1.934776e+01  2.733463e+01  1.520000e+01
      vertex  1.759776e+01  2.763332e+01  1.520000e+01
      vertex  1.744853e+01  2.745147e+01  1.520000e+01
    endloop
  endfacet
  facet normal  0.000000e+00  0.000000e+00  1.000000e+00
    outer loop
      vertex  1.934776e+01  2.733463e+01  1.520000e+01
      vertex  1.744853e+01  2.745147e+01  1.520000e+01
      vertex  1.726668e+01  2.730224e+01  1.520000e+01
    endloop
  endfacet
  facet normal  0.000000e+00  9.999999e-01  0.000000e+00
    outer loop
      vertex  1.570000e+01  3.050000e+01  1.520000e+01
      vertex  1.750000e+01  3.050000e+01  1.520000e+01
      vertex  1.570000e+01  3.050000e+01  8.000000e-01
    endloop
  endfacet
  facet normal  0.000000e+00  9.999999e-01  0.000000e+00
    outer loop
      vertex  1.570000e+01  3.050000e+01  8.000000e-01
      vertex  1.750000e+01  3.050000e+01  1.520000e+01
      vertex  1.750000e+01  3.050000e+01  8.000000e-01
    endloop
  endfacet
  facet normal  0.000000e+00 -9.999999e-01  0.000000e+00
    outer loop
      vertex  1.750000e+01  2.610000e+01  1.520000e+01
      vertex  1.570000e+01  2.610000e+01  1.520000e+01
      vertex  1.750000e+01  2.610000e+01  8.000000e-01
    endloop
  endfacet
  facet normal  0.000000e+00 -9.999999e-01  0.000000e+00
    outer loop
      vertex  1.750000e+01  2.610000e+01  8.000000e-01
      vertex  1.570000e+01  2.610000e+01  1.520000e+01
      vertex  1.570000e+01  2.610000e+01  8.000000e-01
    endloop
  endfacet
  facet normal  0.000000e+00  1.000000e+00  0.000000e+00
    outer loop
      vertex -4.170000e+01  7.350000e+00  1.520000e+01
      vertex -3.910000e+01  7.350000e+00  1.520000e+01
      vertex -4.170000e+01  7.350000e+00  8.000000e-01
    endloop
  endfacet
  facet normal  0.000000e+00  1.000000e+00  0.000000e+00
    outer loop
      vertex -4.170000e+01  7.350000e+00  8.000000e-01
      vertex -3.910000e+01  7.350000e+00  1.520000e+01
      vertex -3.910000e+01  7.350000e+00  8.000000e-01
    endloop
  endfacet
  facet normal  9.801718e-02  9.951847e-01  0.000000e+00
    outer loop
      vertex -3.910000e+01  7.350000e+00  8.000000e-01
      vertex -3.910000e+01  7.350000e+00  1.520000e+01
      vertex -3.870982e+01  7.311571e+00  8.000000e-01
    endloop
  endfacet
  facet normal  9.801718e-02  9.951847e-01  -0.000000e+00
    outer loop
      vertex -3.870982e+01  7.311571e+00  8.000000e-01
      vertex -3.910000e+01  7.350000e+00  1.520000e+01
      vertex -3.870982e+01  7.311571e+00  1.520000e+01
    endloop
  endfacet
  facet normal  2.902842e-01  9.569405e-01  0.000000e+00
    outer loop
      vertex -3.870982e+01  7.311571e+00  8.000000e-01
      vertex -3.870982e+01  7.311571e+00  1.520000e+01
      vertex -3.833463e+01  7.197759e+00  8.000000e-01
    endloop
  endfacet
  facet normal  2.902842e-01  9.569405e-01  -0.000000e+00
    outer loop
      vertex -3.833463e+01  7.197759e+00  8.000000e-01
      vertex -3.870982e+01  7.311571e+00  1.520000e+01
      vertex -3.833463e+01  7.197759e+00  1.520000e+01
    endloop
  endfacet
  facet normal  4.713984e-01  8.819204e-01  0.000000e+00
    outer loop
      vertex -3.833463e+01  7.197759e+00  8.000000e-01
      vertex -3.833463e+01  7.197759e+00  1.520000e+01
      vertex -3.798886e+01  7.012939e+00  8.000000e-01
    endloop
  endfacet
  facet normal  4.713984e-01  8.819204e-01  -0.000000e+00
    outer loop
      vertex -3.798886e+01  7.012939e+00  8.000000e-01
      vertex -3.833463e+01  7.197759e+00  1.520000e+01
      vertex -3.798886e+01  7.012939e+00  1.520000e+01
    endloop
  endfacet
  facet normal  6.343926e-01  7.730110e-01  0.000000e+00
    outer loop
      vertex -3.798886e+01  7.012939e+00  8.000000e-01
      vertex -3.798886e+01  7.012939e+00  1.520000e+01
      vertex -3.768579e+01  6.764214e+00  8.000000e-01
    endloop
  endfacet
  facet normal  6.343926e-01  7.730110e-01  -0.000000e+00
    outer loop
      vertex -3.768579e+01  6.764214e+00  8.000000e-01
      vertex -3.798886e+01  7.012939e+00  1.520000e+01
      vertex -3.768579e+01  6.764214e+00  1.520000e+01
    endloop
  endfacet
  facet normal  7.730100e-01  6.343939e-01  0.000000e+00
    outer loop
      vertex -3.768579e+01  6.764214e+00  8.000000e-01
      vertex -3.768579e+01  6.764214e+00  1.520000e+01
      vertex -3.743706e+01  6.461141e+00  8.000000e-01
    endloop
  endfacet
  facet normal  7.730100e-01  6.343939e-01  -0.000000e+00
    outer loop
      vertex -3.743706e+01  6.461141e+00  8.000000e-01
      vertex -3.768579e+01  6.764214e+00  1.520000e+01
      vertex -3.743706e+01  6.461141e+00  1.520000e+01
    endloop
  endfacet
  facet normal  8.819190e-01  4.714011e-01  0.000000e+00
    outer loop
      vertex -3.743706e+01  6.461141e+00  8.000000e-01
      vertex -3.743706e+01  6.461141e+00  1.520000e+01
      vertex -3.725224e+01  6.115367e+00  8.000000e-01
    endloop
  endfacet
  facet normal  8.819190e-01  4.714011e-01  -0.000000e+00
    outer loop
      vertex -3.725224e+01  6.115367e+00  8.000000e-01
      vertex -3.743706e+01  6.461141e+00  1.520000e+01
      vertex -3.725224e+01  6.115367e+00  1.520000e+01
    endloop
  endfacet
  facet normal  9.569404e-01  2.902845e-01  0.000000e+00
    outer loop
      vertex -3.725224e+01  6.115367e+00  8.000000e-01
      vertex -3.725224e+01  6.115367e+00  1.520000e+01
      vertex -3.713843e+01  5.740180e+00  8.000000e-01
    endloop
  endfacet
  facet normal  9.569404e-01  2.902845e-01  -0.000000e+00
    outer loop
      vertex -3.713843e+01  5.740180e+00  8.000000e-01
      vertex -3.725224e+01  6.115367e+00  1.520000e+01
      vertex -3.713843e+01  5.740180e+00  1.520000e+01
    endloop
  endfacet
  facet normal  9.951848e-01  9.801669e-02  0.000000e+00
    outer loop
      vertex -3.713843e+01  5.740180e+00  8.000000e-01
      vertex -3.713843e+01  5.740180e+00  1.520000e+01
      vertex -3.710000e+01  5.350000e+00  8.000000e-01
    endloop
  endfacet
  facet normal  9.951848e-01  9.801669e-02  -0.000000e+00
    outer loop
      vertex -3.710000e+01  5.350000e+00  8.000000e-01
      vertex -3.713843e+01  5.740180e+00  1.520000e+01
      vertex -3.710000e+01  5.350000e+00  1.520000e+01
    endloop
  endfacet
  facet normal  1.000000e+00  0.000000e+00  0.000000e+00
    outer loop
      vertex -3.710000e+01  5.350000e+00  8.000000e-01
      vertex -3.710000e+01  5.350000e+00  1.520000e+01
      vertex -3.710000e+01  4.350000e+00  8.000000e-01
    endloop
  endfacet
  facet normal  1.000000e+00  0.000000e+00  0.000000e+00
    outer loop
      vertex -3.710000e+01  4.350000e+00  8.000000e-01
      vertex -3.710000e+01  5.350000e+00  1.520000e+01
      vertex -3.710000e+01  4.350000e+00  1.520000e+01
    endloop
  endfacet
  facet normal  9.951848e-01 -9.801669e-02  0.000000e+00
    outer loop
      vertex -3.710000e+01  4.350000e+00  8.000000e-01
      vertex -3.710000e+01  4.350000e+00  1.520000e+01
      vertex -3.713843e+01  3.959819e+00  8.000000e-01
    endloop
  endfacet
  facet normal  9.951848e-01 -9.801669e-02  0.000000e+00
    outer loop
      vertex -3.713843e+01  3.959819e+00  8.000000e-01
      vertex -3.710000e+01  4.350000e+00  1.520000e+01
      vertex -3.713843e+01  3.959819e+00  1.520000e+01
    endloop
  endfacet
  facet normal  9.569404e-01 -2.902847e-01  0.000000e+00
    outer loop
      vertex -3.713843e+01  3.959819e+00  8.000000e-01
      vertex -3.713843e+01  3.959819e+00  1.520000e+01
      vertex -3.725224e+01  3.584633e+00  8.000000e-01
    endloop
  endfacet
  facet normal  9.569404e-01 -2.902847e-01  0.000000e+00
    outer loop
      vertex -3.725224e+01  3.584633e+00  8.000000e-01
      vertex -3.713843e+01  3.959819e+00  1.520000e+01
      vertex -3.725224e+01  3.584633e+00  1.520000e+01
    endloop
  endfacet
  facet normal  8.819190e-01 -4.714011e-01  0.000000e+00
    outer loop
      vertex -3.725224e+01  3.584633e+00  8.000000e-01
      vertex -3.725224e+01  3.584633e+00  1.520000e+01
      vertex -3.743706e+01  3.238859e+00  8.000000e-01
    endloop
  endfacet
  facet normal  8.819190e-01 -4.714011e-01  0.000000e+00
    outer loop
      vertex -3.743706e+01  3.238859e+00  8.000000e-01
      vertex -3.725224e+01  3.584633e+00  1.520000e+01
      vertex -3.743706e+01  3.238859e+00  1.520000e+01
    endloop
  endfacet
  facet normal  7.730100e-01 -6.343939e-01  0.000000e+00
    outer loop
      vertex -3.743706e+01  3.238859e+00  8.000000e-01
      vertex -3.743706e+01  3.238859e+00  1.520000e+01
      vertex -3.768579e+01  2.935786e+00  8.000000e-01
    endloop
  endfacet
  facet normal  7.730100e-01 -6.343939e-01  0.000000e+00
    outer loop
      vertex -3.768579e+01  2.935786e+00  8.000000e-01
      vertex -3.743706e+01  3.238859e+00  1.520000e+01
      vertex -3.768579e+01  2.935786e+00  1.520000e+01
    endloop
  endfacet
  facet normal  6.343923e-01 -7.730113e-01  0.000000e+00
    outer loop
      vertex -3.768579e+01  2.935786e+00  8.000000e-01
      vertex -3.768579e+01  2.935786e+00  1.520000e+01
      vertex -3.798886e+01  2.687061e+00  8.000000e-01
    endloop
  endfacet
  facet normal  6.343923e-01 -7.730113e-01  0.000000e+00
    outer loop
      vertex -3.798886e+01  2.687061e+00  8.000000e-01
      vertex -3.768579e+01  2.935786e+00  1.520000e+01
      vertex -3.798886e+01  2.687061e+00  1.520000e+01
    endloop
  endfacet
  facet normal  4.713988e-01 -8.819201e-01  0.000000e+00
    outer loop
      vertex -3.798886e+01  2.687061e+00  8.000000e-01
      vertex -3.798886e+01  2.687061e+00  1.520000e+01
      vertex -3.833463e+01  2.502241e+00  8.000000e-01
    endloop
  endfacet
  facet normal  4.713988e-01 -8.819201e-01  0.000000e+00
    outer loop
      vertex -3.833463e+01  2.502241e+00  8.000000e-01
      vertex -3.798886e+01  2.687061e+00  1.520000e+01
      vertex -3.833463e+01  2.502241e+00  1.520000e+01
    endloop
  endfacet
  facet normal  2.902842e-01 -9.569405e-01  0.000000e+00
    outer loop
      vertex -3.833463e+01  2.502241e+00  8.000000e-01
      vertex -3.833463e+01  2.502241e+00  1.520000e+01
      vertex -3.870982e+01  2.388429e+00  8.000000e-01
    endloop
  endfacet
  facet normal  2.902842e-01 -9.569405e-01  0.000000e+00
    outer loop
      vertex -3.870982e+01  2.388429e+00  8.000000e-01
      vertex -3.833463e+01  2.502241e+00  1.520000e+01
      vertex -3.870982e+01  2.388429e+00  1.520000e+01
    endloop
  endfacet
  facet normal  9.801778e-02 -9.951846e-01  0.000000e+00
    outer loop
      vertex -3.870982e+01  2.388429e+00  8.000000e-01
      vertex -3.870982e+01  2.388429e+00  1.520000e+01
      vertex -3.910000e+01  2.350000e+00  8.000000e-01
    endloop
  endfacet
  facet normal  9.801778e-02 -9.951846e-01  0.000000e+00
    outer loop
      vertex -3.910000e+01  2.350000e+00  8.000000e-01
      vertex -3.870982e+01  2.388429e+00  1.520000e+01
      vertex -3.910000e+01  2.350000e+00  1.520000e+01
    endloop
  endfacet
  facet normal -9.801778e-02 -9.951846e-01  -0.000000e+00
    outer loop
      vertex  3.910000e+01  2.350000e+00  8.000000e-01
      vertex  3.910000e+01  2.350000e+00  1.520000e+01
      vertex  3.870982e+01  2.388429e+00  8.000000e-01
    endloop
  endfacet
  facet normal -9.801778e-02 -9.951846e-01  0.000000e+00
    outer loop
      vertex  3.870982e+01  2.388429e+00  8.000000e-01
      vertex  3.910000e+01  2.350000e+00  1.520000e+01
      vertex  3.870982e+01  2.388429e+00  1.520000e+01
    endloop
  endfacet
  facet normal -2.902842e-01 -9.569405e-01  -0.000000e+00
    outer loop
      vertex  3.870982e+01  2.388429e+00  8.000000e-01
      vertex  3.870982e+01  2.388429e+00  1.520000e+01
      vertex  3.833463e+01  2.502241e+00  8.000000e-01
    endloop
  endfacet
  facet normal -2.902842e-01 -9.569405e-01  0.000000e+00
    outer loop
      vertex  3.833463e+01  2.502241e+00  8.000000e-01
      vertex  3.870982e+01  2.388429e+00  1.520000e+01
      vertex  3.833463e+01  2.502241e+00  1.520000e+01
    endloop
  endfacet
  facet normal -4.713988e-01 -8.819201e-01  -0.000000e+00
    outer loop
      vertex  3.833463e+01  2.502241e+00  8.000000e-01
      vertex  3.833463e+01  2.502241e+00  1.520000e+01
      vertex  3.798886e+01  2.687061e+00  8.000000e-01
    endloop
  endfacet
  facet normal -4.713988e-01 -8.819201e-01  0.000000e+00
    outer loop
      vertex  3.798886e+01  2.687061e+00  8.000000e-01
      vertex  3.833463e+01  2.502241e+00  1.520000e+01
      vertex  3.798886e+01  2.687061e+00  1.520000e+01
    endloop
  endfacet
  facet normal -6.343923e-01 -7.730113e-01  -0.000000e+00
    outer loop
      vertex  3.798886e+01  2.687061e+00  8.000000e-01
      vertex  3.798886e+01  2.687061e+00  1.520000e+01
      vertex  3.768579e+01  2.935786e+00  8.000000e-01
    endloop
  endfacet
  facet normal -6.343923e-01 -7.730113e-01  0.000000e+00
    outer loop
      vertex  3.768579e+01  2.935786e+00  8.000000e-01
      vertex  3.798886e+01  2.687061e+00  1.520000e+01
      vertex  3.768579e+01  2.935786e+00  1.520000e+01
    endloop
  endfacet
  facet normal -7.730100e-01 -6.343939e-01  -0.000000e+00
    outer loop
      vertex  3.768579e+01  2.935786e+00  8.000000e-01
      vertex  3.768579e+01  2.935786e+00  1.520000e+01
      vertex  3.743706e+01  3.238859e+00  8.000000e-01
    endloop
  endfacet
  facet normal -7.730100e-01 -6.343939e-01  0.000000e+00
    outer loop
      vertex  3.743706e+01  3.238859e+00  8.000000e-01
      vertex  3.768579e+01  2.935786e+00  1.520000e+01
      vertex  3.743706e+01  3.238859e+00  1.520000e+01
    endloop
  endfacet
  facet normal -8.819190e-01 -4.714011e-01  -0.000000e+00
    outer loop
      vertex  3.743706e+01  3.238859e+00  8.000000e-01
      vertex  3.743706e+01  3.238859e+00  1.520000e+01
      vertex  3.725224e+01  3.584633e+00  8.000000e-01
    endloop
  endfacet
  facet normal -8.819190e-01 -4.714011e-01  0.000000e+00
    outer loop
      vertex  3.725224e+01  3.584633e+00  8.000000e-01
      vertex  3.743706e+01  3.238859e+00  1.520000e+01
      vertex  3.725224e+01  3.584633e+00  1.520000e+01
    endloop
  endfacet
  facet normal -9.569404e-01 -2.902847e-01  -0.000000e+00
    outer loop
      vertex  3.725224e+01  3.584633e+00  8.000000e-01
      vertex  3.725224e+01  3.584633e+00  1.520000e+01
      vertex  3.713843e+01  3.959819e+00  8.000000e-01
    endloop
  endfacet
  facet normal -9.569404e-01 -2.902847e-01  0.000000e+00
    outer loop
      vertex  3.713843e+01  3.959819e+00  8.000000e-01
      vertex  3.725224e+01  3.584633e+00  1.520000e+01
      vertex  3.713843e+01  3.959819e+00  1.520000e+01
    endloop
  endfacet
  facet normal -9.951848e-01 -9.801669e-02  -0.000000e+00
    outer loop
      vertex  3.713843e+01  3.959819e+00  8.000000e-01
      vertex  3.713843e+01  3.959819e+00  1.520000e+01
      vertex  3.710000e+01  4.350000e+00  8.000000e-01
    endloop
  endfacet
  facet normal -9.951848e-01 -9.801669e-02  0.000000e+00
    outer loop
      vertex  3.710000e+01  4.350000e+00  8.000000e-01
      vertex  3.713843e+01  3.959819e+00  1.520000e+01
      vertex  3.710000e+01  4.350000e+00  1.520000e+01
    endloop
  endfacet
  facet normal  0.000000e+00  1.000000e+00  0.000000e+00
    outer loop
      vertex -3.270000e+01  9.350000e+00  2.300000e+00
      vertex -4.250000e+01  9.350000e+00  2.300000e+00
      vertex -3.630000e+01  9.350000e+00  3.000000e+00
    endloop
  endfacet
  facet normal  -0.000000e+00  1.000000e+00  0.000000e+00
    outer loop
      vertex -3.270000e+01  9.350000e+00  2.300000e+00
      vertex -3.630000e+01  9.350000e+00  3.000000e+00
      vertex -3.620000e+01  9.350000e+00  3.000000e+00
    endloop
  endfacet
  facet normal  -0.000000e+00  9.999999e-01  0.000000e+00
    outer loop
      vertex -3.270000e+01  9.350000e+00  2.300000e+00
      vertex -3.620000e+01  9.350000e+00  3.000000e+00
      vertex -3.596589e+01  9.350000e+00  3.023058e+00
    endloop
  endfacet
  facet normal  -0.000000e+00  1.000000e+00  0.000000e+00
    outer loop
      vertex -3.270000e+01  9.350000e+00  2.300000e+00
      vertex -3.596589e+01  9.350000e+00  3.023058e+00
      vertex -3.574078e+01  9.350000e+00  3.091345e+00
    endloop
  endfacet
  facet normal  -0.000000e+00  1.000000e+00  0.000000e+00
    outer loop
      vertex -3.270000e+01  9.350000e+00  2.300000e+00
      vertex -3.574078e+01  9.350000e+00  3.091345e+00
      vertex -3.553332e+01  9.350000e+00  3.202236e+00
    endloop
  endfacet
  facet normal  -0.000000e+00  1.000000e+00  0.000000e+00
    outer loop
      vertex -3.270000e+01  9.350000e+00  2.300000e+00
      vertex -3.553332e+01  9.350000e+00  3.202236e+00
      vertex -3.535147e+01  9.350000e+00  3.351472e+00
    endloop
  endfacet
  facet normal  -0.000000e+00  1.000000e+00  0.000000e+00
    outer loop
      vertex -3.270000e+01  9.350000e+00  2.300000e+00
      vertex -3.535147e+01  9.350000e+00  3.351472e+00
      vertex -3.520224e+01  9.350000e+00  3.533316e+00
    endloop
  endfacet
  facet normal  -0.000000e+00  1.000000e+00  0.000000e+00
    outer loop
      vertex -3.270000e+01  9.350000e+00  2.300000e+00
      vertex -3.520224e+01  9.350000e+00  3.533316e+00
      vertex -3.509134e+01  9.350000e+00  3.740780e+00
    endloop
  endfacet
  facet normal  -0.000000e+00  1.000000e+00  0.000000e+00
    outer loop
      vertex -3.270000e+01  9.350000e+00  2.300000e+00
      vertex -3.509134e+01  9.350000e+00  3.740780e+00
      vertex -3.502306e+01  9.350000e+00  3.965892e+00
    endloop
  endfacet
  facet normal  -0.000000e+00  1.000000e+00  0.000000e+00
    outer loop
      vertex -3.270000e+01  9.350000e+00  2.300000e+00
      vertex -3.502306e+01  9.350000e+00  3.965892e+00
      vertex -3.500000e+01  9.350000e+00  4.200000e+00
    endloop
  endfacet
  facet normal  -0.000000e+00  1.000000e+00  0.000000e+00
    outer loop
      vertex -3.270000e+01  9.350000e+00  2.300000e+00
      vertex -3.500000e+01  9.350000e+00  4.200000e+00
      vertex -3.500000e+01  9.350000e+00  1.520000e+01
    endloop
  endfacet
  facet normal  -0.000000e+00  1.000000e+00  0.000000e+00
    outer loop
      vertex -3.270000e+01  9.350000e+00  2.300000e+00
      vertex -3.500000e+01  9.350000e+00  1.520000e+01
      vertex -3.270000e+01  9.350000e+00  1.520000e+01
    endloop
  endfacet
  facet normal  -0.000000e+00  1.000000e+00  0.000000e+00
    outer loop
      vertex -4.250000e+01  9.350000e+00  2.300000e+00
      vertex -4.250000e+01  9.350000e+00  1.520000e+01
      vertex -3.750000e+01  9.350000e+00  1.520000e+01
    endloop
  endfacet
  facet normal  0.000000e+00  9.999999e-01  0.000000e+00
    outer loop
      vertex -4.250000e+01  9.350000e+00  2.300000e+00
      vertex -3.750000e+01  9.350000e+00  1.520000e+01
      vertex -3.750000e+01  9.350000e+00  4.200000e+00
    endloop
  endfacet
  facet normal  0.000000e+00  1.000000e+00  0.000000e+00
    outer loop
      vertex -4.250000e+01  9.350000e+00  2.300000e+00
      vertex -3.750000e+01  9.350000e+00  4.200000e+00
      vertex -3.747694e+01  9.350000e+00  3.965892e+00
    endloop
  endfacet
  facet normal  0.000000e+00  1.000000e+00  0.000000e+00
    outer loop
      vertex -4.250000e+01  9.350000e+00  2.300000e+00
      vertex -3.747694e+01  9.350000e+00  3.965892e+00
      vertex -3.740866e+01  9.350000e+00  3.740780e+00
    endloop
  endfacet
  facet normal  0.000000e+00  1.000000e+00  0.000000e+00
    outer loop
      vertex -4.250000e+01  9.350000e+00  2.300000e+00
      vertex -3.740866e+01  9.350000e+00  3.740780e+00
      vertex -3.729776e+01  9.350000e+00  3.533316e+00
    endloop
  endfacet
  facet normal  0.000000e+00  1.000000e+00  0.000000e+00
    outer loop
      vertex -4.250000e+01  9.350000e+00  2.300000e+00
      vertex -3.729776e+01  9.350000e+00  3.533316e+00
      vertex -3.714853e+01  9.350000e+00  3.351472e+00
    endloop
  endfacet
  facet normal  0.000000e+00  1.000000e+00  0.000000e+00
    outer loop
      vertex -4.250000e+01  9.350000e+00  2.300000e+00
      vertex -3.714853e+01  9.350000e+00  3.351472e+00
      vertex -3.696668e+01  9.350000e+00  3.202236e+00
    endloop
  endfacet
  facet normal  0.000000e+00  1.000000e+00  0.000000e+00
    outer loop
      vertex -4.250000e+01  9.350000e+00  2.300000e+00
      vertex -3.696668e+01  9.350000e+00  3.202236e+00
      vertex -3.675922e+01  9.350000e+00  3.091345e+00
    endloop
  endfacet
  facet normal  0.000000e+00  1.000000e+00  0.000000e+00
    outer loop
      vertex -4.250000e+01  9.350000e+00  2.300000e+00
      vertex -3.675922e+01  9.350000e+00  3.091345e+00
      vertex -3.653411e+01  9.350000e+00  3.023058e+00
    endloop
  endfacet
  facet normal  0.000000e+00  1.000000e+00  0.000000e+00
    outer loop
      vertex -4.250000e+01  9.350000e+00  2.300000e+00
      vertex -3.653411e+01  9.350000e+00  3.023058e+00
      vertex -3.630000e+01  9.350000e+00  3.000000e+00
    endloop
  endfacet
  facet normal  1.000000e+00  0.000000e+00  0.000000e+00
    outer loop
      vertex -4.170000e+01  7.350000e+00  1.520000e+01
      vertex -4.170000e+01  7.350000e+00  8.000000e-01
      vertex -4.170000e+01  8.550000e+00  1.520000e+01
    endloop
  endfacet
  facet normal  1.000000e+00  0.000000e+00  0.000000e+00
    outer loop
      vertex -4.170000e+01  8.550000e+00  1.520000e+01
      vertex -4.170000e+01  7.350000e+00  8.000000e-01
      vertex -4.170000e+01  8.550000e+00  8.000000e-01
    endloop
  endfacet
  facet normal  0.000000e+00 -1.000000e+00  0.000000e+00
    outer loop
      vertex  4.170000e+01  1.585000e+01  8.000000e-01
      vertex  4.250000e+01  1.585000e+01  8.000000e-01
      vertex  4.170000e+01  1.585000e+01  1.520000e+01
    endloop
  endfacet
  facet normal  0.000000e+00 -1.000000e+00  0.000000e+00
    outer loop
      vertex  4.170000e+01  1.585000e+01  1.520000e+01
      vertex  4.250000e+01  1.585000e+01  8.000000e-01
      vertex  4.250000e+01  1.585000e+01  1.520000e+01
    endloop
  endfacet
  facet normal  0.000000e+00  1.000000e+00  0.000000e+00
    outer loop
      vertex  4.250000e+01  8.350000e+00  8.000000e-01
      vertex  4.170000e+01  8.350000e+00  8.000000e-01
      vertex  4.250000e+01  8.350000e+00  1.520000e+01
    endloop
  endfacet
  facet normal  0.000000e+00  1.000000e+00  0.000000e+00
    outer loop
      vertex  4.250000e+01  8.350000e+00  1.520000e+01
      vertex  4.170000e+01  8.350000e+00  8.000000e-01
      vertex  4.170000e+01  8.350000e+00  1.520000e+01
    endloop
  endfacet
  facet normal -1.000000e+00  0.000000e+00  0.000000e+00
    outer loop
      vertex  4.170000e+01  2.120000e+01  1.520000e+01
      vertex  4.170000e+01  2.120000e+01  8.000000e-01
      vertex  4.170000e+01  1.585000e+01  1.520000e+01
    endloop
  endfacet
  facet normal -1.000000e+00  0.000000e+00  0.000000e+00
    outer loop
      vertex  4.170000e+01  1.585000e+01  1.520000e+01
      vertex  4.170000e+01  2.120000e+01  8.000000e-01
      vertex  4.170000e+01  1.585000e+01  8.000000e-01
    endloop
  endfacet
  facet normal  0.000000e+00  0.000000e+00  1.000000e+00
    outer loop
      vertex  2.060000e+01  3.440000e+01  1.000000e+00
      vertex  2.170000e+01  3.440000e+01  1.000000e+00
      vertex  2.060000e+01  3.500000e+01  1.000000e+00
    endloop
  endfacet
  facet normal  -0.000000e+00  0.000000e+00  1.000000e+00
    outer loop
      vertex  2.060000e+01  3.500000e+01  1.000000e+00
      vertex  2.170000e+01  3.440000e+01  1.000000e+00
      vertex  2.170000e+01  3.500000e+01  1.000000e+00
    endloop
  endfacet
  facet normal  0.000000e+00  0.000000e+00  1.000000e+00
    outer loop
      vertex -2.170000e+01  3.440000e+01  1.000000e+00
      vertex -2.060000e+01  3.440000e+01  1.000000e+00
      vertex -2.170000e+01  3.500000e+01  1.000000e+00
    endloop
  endfacet
  facet normal  -0.000000e+00  0.000000e+00  1.000000e+00
    outer loop
      vertex -2.170000e+01  3.500000e+01  1.000000e+00
      vertex -2.060000e+01  3.440000e+01  1.000000e+00
      vertex -2.060000e+01  3.500000e+01  1.000000e+00
    endloop
  endfacet
  facet normal  0.000000e+00 -1.000000e+00  0.000000e+00
    outer loop
      vertex -2.170000e+01  3.500000e+01  1.520000e+01
      vertex -2.170000e+01  3.500000e+01  1.000000e+00
      vertex -2.060000e+01  3.500000e+01  1.520000e+01
    endloop
  endfacet
  facet normal  0.000000e+00 -1.000000e+00  -0.000000e+00
    outer loop
      vertex -2.060000e+01  3.500000e+01  1.520000e+01
      vertex -2.170000e+01  3.500000e+01  1.000000e+00
      vertex -2.060000e+01  3.500000e+01  1.000000e+00
    endloop
  endfacet
  facet normal  0.000000e+00 -1.000000e+00  0.000000e+00
    outer loop
      vertex  2.060000e+01  3.500000e+01  1.520000e+01
      vertex  2.060000e+01  3.500000e+01  1.000000e+00
      vertex  2.170000e+01  3.500000e+01  1.520000e+01
    endloop
  endfacet
  facet normal  0.000000e+00 -1.000000e+00  -0.000000e+00
    outer loop
      vertex  2.170000e+01  3.500000e+01  1.520000e+01
      vertex  2.060000e+01  3.500000e+01  1.000000e+00
      vertex  2.170000e+01  3.500000e+01  1.000000e+00
    endloop
  endfacet
  facet normal  0.000000e+00 -1.000000e+00  0.000000e+00
    outer loop
      vertex -4.170000e+01  8.550000e+00  1.520000e+01
      vertex -3.740866e+01  8.550000e+00  3.740780e+00
      vertex -3.747694e+01  8.550000e+00  3.965892e+00
    endloop
  endfacet
  facet normal  0.000000e+00 -1.000000e+00  0.000000e+00
    outer loop
      vertex -4.170000e+01  8.550000e+00  1.520000e+01
      vertex -3.747694e+01  8.550000e+00  3.965892e+00
      vertex -3.750000e+01  8.550000e+00  4.200000e+00
    endloop
  endfacet
  facet normal  0.000000e+00 -9.999999e-01  0.000000e+00
    outer loop
      vertex -4.170000e+01  8.550000e+00  1.520000e+01
      vertex -3.750000e+01  8.550000e+00  4.200000e+00
      vertex -3.750000e+01  8.550000e+00  1.520000e+01
    endloop
  endfacet
  facet normal  0.000000e+00 -1.000000e+00  0.000000e+00
    outer loop
      vertex -4.170000e+01  8.550000e+00  8.000000e-01
      vertex -3.190000e+01  8.550000e+00  8.000000e-01
      vertex -3.620000e+01  8.550000e+00  3.000000e+00
    endloop
  endfacet
  facet normal  -0.000000e+00 -9.999999e-01  0.000000e+00
    outer loop
      vertex -4.170000e+01  8.550000e+00  8.000000e-01
      vertex -3.620000e+01  8.550000e+00  3.000000e+00
      vertex -3.630000e+01  8.550000e+00  3.000000e+00
    endloop
  endfacet
  facet normal  -0.000000e+00 -1.000000e+00  0.000000e+00
    outer loop
      vertex -4.170000e+01  8.550000e+00  8.000000e-01
      vertex -3.630000e+01  8.550000e+00  3.000000e+00
      vertex -3.653411e+01  8.550000e+00  3.023058e+00
    endloop
  endfacet
  facet normal  -0.000000e+00 -1.000000e+00  0.000000e+00
    outer loop
      vertex -4.170000e+01  8.550000e+00  8.000000e-01
      vertex -3.653411e+01  8.550000e+00  3.023058e+00
      vertex -3.675922e+01  8.550000e+00  3.091345e+00
    endloop
  endfacet
  facet normal  -0.000000e+00 -1.000000e+00  0.000000e+00
    outer loop
      vertex -4.170000e+01  8.550000e+00  8.000000e-01
      vertex -3.675922e+01  8.550000e+00  3.091345e+00
      vertex -3.696668e+01  8.550000e+00  3.202236e+00
    endloop
  endfacet
  facet normal  -0.000000e+00 -1.000000e+00  0.000000e+00
    outer loop
      vertex -4.170000e+01  8.550000e+00  8.000000e-01
      vertex -3.696668e+01  8.550000e+00  3.202236e+00
      vertex -3.714853e+01  8.550000e+00  3.351472e+00
    endloop
  endfacet
  facet normal  -0.000000e+00 -1.000000e+00  0.000000e+00
    outer loop
      vertex -4.170000e+01  8.550000e+00  8.000000e-01
      vertex -3.714853e+01  8.550000e+00  3.351472e+00
      vertex -3.729776e+01  8.550000e+00  3.533316e+00
    endloop
  endfacet
  facet normal  -0.000000e+00 -1.000000e+00  0.000000e+00
    outer loop
      vertex -4.170000e+01  8.550000e+00  8.000000e-01
      vertex -3.729776e+01  8.550000e+00  3.533316e+00
      vertex -3.740866e+01  8.550000e+00  3.740780e+00
    endloop
  endfacet
  facet normal  -0.000000e+00 -9.999999e-01  0.000000e+00
    outer loop
      vertex -4.170000e+01  8.550000e+00  8.000000e-01
      vertex -3.740866e+01  8.550000e+00  3.740780e+00
      vertex -4.170000e+01  8.550000e+00  1.520000e+01
    endloop
  endfacet
  facet normal  -0.000000e+00 -1.000000e+00  -0.000000e+00
    outer loop
      vertex -3.190000e+01  8.550000e+00  8.000000e-01
      vertex -3.190000e+01  8.550000e+00  1.670000e+01
      vertex -3.270000e+01  8.550000e+00  1.670000e+01
    endloop
  endfacet
  facet normal  0.000000e+00 -1.000000e+00  0.000000e+00
    outer loop
      vertex -3.190000e+01  8.550000e+00  8.000000e-01
      vertex -3.270000e+01  8.550000e+00  1.670000e+01
      vertex -3.270000e+01  8.550000e+00  1.520000e+01
    endloop
  endfacet
  facet normal  -0.000000e+00 -1.000000e+00  -0.000000e+00
    outer loop
      vertex -3.190000e+01  8.550000e+00  8.000000e-01
      vertex -3.270000e+01  8.550000e+00  1.520000e+01
      vertex -3.500000e+01  8.550000e+00  1.520000e+01
    endloop
  endfacet
  facet normal  0.000000e+00 -1.000000e+00  0.000000e+00
    outer loop
      vertex -3.190000e+01  8.550000e+00  8.000000e-01
      vertex -3.500000e+01  8.550000e+00  1.520000e+01
      vertex -3.500000e+01  8.550000e+00  4.200000e+00
    endloop
  endfacet
  facet normal  0.000000e+00 -1.000000e+00  -0.000000e+00
    outer loop
      vertex -3.190000e+01  8.550000e+00  8.000000e-01
      vertex -3.500000e+01  8.550000e+00  4.200000e+00
      vertex -3.502306e+01  8.550000e+00  3.965892e+00
    endloop
  endfacet
  facet normal  0.000000e+00 -1.000000e+00  -0.000000e+00
    outer loop
      vertex -3.190000e+01  8.550000e+00  8.000000e-01
      vertex -3.502306e+01  8.550000e+00  3.965892e+00
      vertex -3.509134e+01  8.550000e+00  3.740780e+00
    endloop
  endfacet
  facet normal  0.000000e+00 -1.000000e+00  -0.000000e+00
    outer loop
      vertex -3.190000e+01  8.550000e+00  8.000000e-01
      vertex -3.509134e+01  8.550000e+00  3.740780e+00
      vertex -3.520224e+01  8.550000e+00  3.533316e+00
    endloop
  endfacet
  facet normal  0.000000e+00 -1.000000e+00  -0.000000e+00
    outer loop
      vertex -3.190000e+01  8.550000e+00  8.000000e-01
      vertex -3.520224e+01  8.550000e+00  3.533316e+00
      vertex -3.535147e+01  8.550000e+00  3.351472e+00
    endloop
  endfacet
  facet normal  0.000000e+00 -9.999999e-01  -0.000000e+00
    outer loop
      vertex -3.190000e+01  8.550000e+00  8.000000e-01
      vertex -3.535147e+01  8.550000e+00  3.351472e+00
      vertex -3.553332e+01  8.550000e+00  3.202236e+00
    endloop
  endfacet
  facet normal  0.000000e+00 -9.999999e-01  -0.000000e+00
    outer loop
      vertex -3.190000e+01  8.550000e+00  8.000000e-01
      vertex -3.553332e+01  8.550000e+00  3.202236e+00
      vertex -3.574078e+01  8.550000e+00  3.091345e+00
    endloop
  endfacet
  facet normal  0.000000e+00 -1.000000e+00  -0.000000e+00
    outer loop
      vertex -3.190000e+01  8.550000e+00  8.000000e-01
      vertex -3.574078e+01  8.550000e+00  3.091345e+00
      vertex -3.596589e+01  8.550000e+00  3.023058e+00
    endloop
  endfacet
  facet normal  0.000000e+00 -1.000000e+00  -0.000000e+00
    outer loop
      vertex -3.190000e+01  8.550000e+00  8.000000e-01
      vertex -3.596589e+01  8.550000e+00  3.023058e+00
      vertex -3.620000e+01  8.550000e+00  3.000000e+00
    endloop
  endfacet
  facet normal  0.000000e+00  0.000000e+00  1.000000e+00
    outer loop
      vertex -3.500000e+01  8.550000e+00  1.520000e+01
      vertex -3.270000e+01  8.550000e+00  1.520000e+01
      vertex -3.500000e+01  9.350000e+00  1.520000e+01
    endloop
  endfacet
  facet normal  -0.000000e+00  0.000000e+00  1.000000e+00
    outer loop
      vertex -3.500000e+01  9.350000e+00  1.520000e+01
      vertex -3.270000e+01  8.550000e+00  1.520000e+01
      vertex -3.270000e+01  9.350000e+00  1.520000e+01
    endloop
  endfacet
  facet normal -1.000000e+00  0.000000e+00  0.000000e+00
    outer loop
      vertex -3.500000e+01  9.350000e+00  1.520000e+01
      vertex -3.500000e+01  9.350000e+00  4.200000e+00
      vertex -3.500000e+01  8.550000e+00  1.520000e+01
    endloop
  endfacet
  facet normal -1.000000e+00  0.000000e+00  0.000000e+00
    outer loop
      vertex -3.500000e+01  8.550000e+00  1.520000e+01
      vertex -3.500000e+01  9.350000e+00  4.200000e+00
      vertex -3.500000e+01  8.550000e+00  4.200000e+00
    endloop
  endfacet
  facet normal -6.343878e-01  0.000000e+00  7.730150e-01
    outer loop
      vertex -3.535147e+01  8.550000e+00  3.351472e+00
      vertex -3.553332e+01  9.350000e+00  3.202236e+00
      vertex -3.553332e+01  8.550000e+00  3.202236e+00
    endloop
  endfacet
  facet normal -4.713997e-01  0.000000e+00  8.819196e-01
    outer loop
      vertex -3.553332e+01  8.550000e+00  3.202236e+00
      vertex -3.553332e+01  9.350000e+00  3.202236e+00
      vertex -3.574078e+01  9.350000e+00  3.091345e+00
    endloop
  endfacet
  facet normal -4.713997e-01  0.000000e+00  8.819196e-01
    outer loop
      vertex -3.553332e+01  8.550000e+00  3.202236e+00
      vertex -3.574078e+01  9.350000e+00  3.091345e+00
      vertex -3.574078e+01  8.550000e+00  3.091345e+00
    endloop
  endfacet
  facet normal -2.902833e-01  0.000000e+00  9.569407e-01
    outer loop
      vertex -3.574078e+01  8.550000e+00  3.091345e+00
      vertex -3.574078e+01  9.350000e+00  3.091345e+00
      vertex -3.596589e+01  9.350000e+00  3.023058e+00
    endloop
  endfacet
  facet normal -2.902833e-01  0.000000e+00  9.569407e-01
    outer loop
      vertex -3.574078e+01  8.550000e+00  3.091345e+00
      vertex -3.596589e+01  9.350000e+00  3.023058e+00
      vertex -3.596589e+01  8.550000e+00  3.023058e+00
    endloop
  endfacet
  facet normal -9.801747e-02  0.000000e+00  9.951847e-01
    outer loop
      vertex -3.596589e+01  8.550000e+00  3.023058e+00
      vertex -3.596589e+01  9.350000e+00  3.023058e+00
      vertex -3.620000e+01  9.350000e+00  3.000000e+00
    endloop
  endfacet
  facet normal -9.801747e-02  0.000000e+00  9.951847e-01
    outer loop
      vertex -3.596589e+01  8.550000e+00  3.023058e+00
      vertex -3.620000e+01  9.350000e+00  3.000000e+00
      vertex -3.620000e+01  8.550000e+00  3.000000e+00
    endloop
  endfacet
  facet normal -6.343878e-01  0.000000e+00  7.730150e-01
    outer loop
      vertex -3.553332e+01  9.350000e+00  3.202236e+00
      vertex -3.535147e+01  8.550000e+00  3.351472e+00
      vertex -3.535147e+01  9.350000e+00  3.351472e+00
    endloop
  endfacet
  facet normal -7.730116e-01  0.000000e+00  6.343919e-01
    outer loop
      vertex -3.535147e+01  9.350000e+00  3.351472e+00
      vertex -3.535147e+01  8.550000e+00  3.351472e+00
      vertex -3.520224e+01  8.550000e+00  3.533316e+00
    endloop
  endfacet
  facet normal -7.730116e-01  0.000000e+00  6.343919e-01
    outer loop
      vertex -3.535147e+01  9.350000e+00  3.351472e+00
      vertex -3.520224e+01  8.550000e+00  3.533316e+00
      vertex -3.520224e+01  9.350000e+00  3.533316e+00
    endloop
  endfacet
  facet normal -8.819189e-01  0.000000e+00  4.714011e-01
    outer loop
      vertex -3.520224e+01  9.350000e+00  3.533316e+00
      vertex -3.520224e+01  8.550000e+00  3.533316e+00
      vertex -3.509134e+01  8.550000e+00  3.740780e+00
    endloop
  endfacet
  facet normal -8.819189e-01  0.000000e+00  4.714011e-01
    outer loop
      vertex -3.520224e+01  9.350000e+00  3.533316e+00
      vertex -3.509134e+01  8.550000e+00  3.740780e+00
      vertex -3.509134e+01  9.350000e+00  3.740780e+00
    endloop
  endfacet
  facet normal -9.569403e-01  0.000000e+00  2.902847e-01
    outer loop
      vertex -3.509134e+01  9.350000e+00  3.740780e+00
      vertex -3.509134e+01  8.550000e+00  3.740780e+00
      vertex -3.502306e+01  8.550000e+00  3.965892e+00
    endloop
  endfacet
  facet normal -9.569403e-01  0.000000e+00  2.902847e-01
    outer loop
      vertex -3.509134e+01  9.350000e+00  3.740780e+00
      vertex -3.502306e+01  8.550000e+00  3.965892e+00
      vertex -3.502306e+01  9.350000e+00  3.965892e+00
    endloop
  endfacet
  facet normal -9.951854e-01  0.000000e+00  9.801035e-02
    outer loop
      vertex -3.502306e+01  9.350000e+00  3.965892e+00
      vertex -3.502306e+01  8.550000e+00  3.965892e+00
      vertex -3.500000e+01  8.550000e+00  4.200000e+00
    endloop
  endfacet
  facet normal -9.951854e-01  0.000000e+00  9.801035e-02
    outer loop
      vertex -3.502306e+01  9.350000e+00  3.965892e+00
      vertex -3.500000e+01  8.550000e+00  4.200000e+00
      vertex -3.500000e+01  9.350000e+00  4.200000e+00
    endloop
  endfacet
  facet normal  0.000000e+00  0.000000e+00  1.000000e+00
    outer loop
      vertex -3.630000e+01  9.350000e+00  3.000000e+00
      vertex -3.630000e+01  8.550000e+00  3.000000e+00
      vertex -3.620000e+01  9.350000e+00  3.000000e+00
    endloop
  endfacet
  facet normal  0.000000e+00  0.000000e+00  1.000000e+00
    outer loop
      vertex -3.620000e+01  9.350000e+00  3.000000e+00
      vertex -3.630000e+01  8.550000e+00  3.000000e+00
      vertex -3.620000e+01  8.550000e+00  3.000000e+00
    endloop
  endfacet
  facet normal  7.730116e-01  0.000000e+00  6.343919e-01
    outer loop
      vertex -3.714853e+01  8.550000e+00  3.351472e+00
      vertex -3.729776e+01  9.350000e+00  3.533316e+00
      vertex -3.729776e+01  8.550000e+00  3.533316e+00
    endloop
  endfacet
  facet normal  8.819189e-01  -0.000000e+00  4.714011e-01
    outer loop
      vertex -3.729776e+01  8.550000e+00  3.533316e+00
      vertex -3.729776e+01  9.350000e+00  3.533316e+00
      vertex -3.740866e+01  9.350000e+00  3.740780e+00
    endloop
  endfacet
  facet normal  8.819189e-01  0.000000e+00  4.714011e-01
    outer loop
      vertex -3.729776e+01  8.550000e+00  3.533316e+00
      vertex -3.740866e+01  9.350000e+00  3.740780e+00
      vertex -3.740866e+01  8.550000e+00  3.740780e+00
    endloop
  endfacet
  facet normal  9.569403e-01  -0.000000e+00  2.902847e-01
    outer loop
      vertex -3.740866e+01  8.550000e+00  3.740780e+00
      vertex -3.740866e+01  9.350000e+00  3.740780e+00
      vertex -3.747694e+01  9.350000e+00  3.965892e+00
    endloop
  endfacet
  facet normal  9.569403e-01  0.000000e+00  2.902847e-01
    outer loop
      vertex -3.740866e+01  8.550000e+00  3.740780e+00
      vertex -3.747694e+01  9.350000e+00  3.965892e+00
      vertex -3.747694e+01  8.550000e+00  3.965892e+00
    endloop
  endfacet
  facet normal  9.951854e-01  -0.000000e+00  9.801035e-02
    outer loop
      vertex -3.747694e+01  8.550000e+00  3.965892e+00
      vertex -3.747694e+01  9.350000e+00  3.965892e+00
      vertex -3.750000e+01  9.350000e+00  4.200000e+00
    endloop
  endfacet
  facet normal  9.951854e-01  0.000000e+00  9.801035e-02
    outer loop
      vertex -3.747694e+01  8.550000e+00  3.965892e+00
      vertex -3.750000e+01  9.350000e+00  4.200000e+00
      vertex -3.750000e+01  8.550000e+00  4.200000e+00
    endloop
  endfacet
  facet normal  7.730116e-01  -0.000000e+00  6.343919e-01
    outer loop
      vertex -3.729776e+01  9.350000e+00  3.533316e+00
      vertex -3.714853e+01  8.550000e+00  3.351472e+00
      vertex -3.714853e+01  9.350000e+00  3.351472e+00
    endloop
  endfacet
  facet normal  6.343878e-01  0.000000e+00  7.730150e-01
    outer loop
      vertex -3.714853e+01  9.350000e+00  3.351472e+00
      vertex -3.714853e+01  8.550000e+00  3.351472e+00
      vertex -3.696668e+01  8.550000e+00  3.202236e+00
    endloop
  endfacet
  facet normal  6.343878e-01  -0.000000e+00  7.730150e-01
    outer loop
      vertex -3.714853e+01  9.350000e+00  3.351472e+00
      vertex -3.696668e+01  8.550000e+00  3.202236e+00
      vertex -3.696668e+01  9.350000e+00  3.202236e+00
    endloop
  endfacet
  facet normal  4.713997e-01  0.000000e+00  8.819196e-01
    outer loop
      vertex -3.696668e+01  9.350000e+00  3.202236e+00
      vertex -3.696668e+01  8.550000e+00  3.202236e+00
      vertex -3.675922e+01  8.550000e+00  3.091345e+00
    endloop
  endfacet
  facet normal  4.713997e-01  -0.000000e+00  8.819196e-01
    outer loop
      vertex -3.696668e+01  9.350000e+00  3.202236e+00
      vertex -3.675922e+01  8.550000e+00  3.091345e+00
      vertex -3.675922e+01  9.350000e+00  3.091345e+00
    endloop
  endfacet
  facet normal  2.902833e-01  0.000000e+00  9.569407e-01
    outer loop
      vertex -3.675922e+01  9.350000e+00  3.091345e+00
      vertex -3.675922e+01  8.550000e+00  3.091345e+00
      vertex -3.653411e+01  8.550000e+00  3.023058e+00
    endloop
  endfacet
  facet normal  2.902833e-01  -0.000000e+00  9.569407e-01
    outer loop
      vertex -3.675922e+01  9.350000e+00  3.091345e+00
      vertex -3.653411e+01  8.550000e+00  3.023058e+00
      vertex -3.653411e+01  9.350000e+00  3.023058e+00
    endloop
  endfacet
  facet normal  9.801747e-02  0.000000e+00  9.951847e-01
    outer loop
      vertex -3.653411e+01  9.350000e+00  3.023058e+00
      vertex -3.653411e+01  8.550000e+00  3.023058e+00
      vertex -3.630000e+01  8.550000e+00  3.000000e+00
    endloop
  endfacet
  facet normal  9.801747e-02  -0.000000e+00  9.951847e-01
    outer loop
      vertex -3.653411e+01  9.350000e+00  3.023058e+00
      vertex -3.630000e+01  8.550000e+00  3.000000e+00
      vertex -3.630000e+01  9.350000e+00  3.000000e+00
    endloop
  endfacet
  facet normal  1.000000e+00  0.000000e+00  0.000000e+00
    outer loop
      vertex -3.750000e+01  9.350000e+00  4.200000e+00
      vertex -3.750000e+01  9.350000e+00  1.520000e+01
      vertex -3.750000e+01  8.550000e+00  4.200000e+00
    endloop
  endfacet
  facet normal  1.000000e+00  0.000000e+00  0.000000e+00
    outer loop
      vertex -3.750000e+01  8.550000e+00  4.200000e+00
      vertex -3.750000e+01  9.350000e+00  1.520000e+01
      vertex -3.750000e+01  8.550000e+00  1.520000e+01
    endloop
  endfacet
  facet normal -1.000000e+00  -0.000000e+00  -0.000000e+00
    outer loop
      vertex -3.270000e+01  2.120000e+01  1.520000e+01
      vertex -3.270000e+01  2.200000e+01  1.520000e+01
      vertex -3.270000e+01  2.200000e+01  2.300000e+00
    endloop
  endfacet
  facet normal -1.000000e+00  0.000000e+00  0.000000e+00
    outer loop
      vertex -3.270000e+01  2.120000e+01  1.520000e+01
      vertex -3.270000e+01  2.200000e+01  2.300000e+00
      vertex -3.270000e+01  9.350000e+00  2.300000e+00
    endloop
  endfacet
  facet normal -1.000000e+00  0.000000e+00  0.000000e+00
    outer loop
      vertex -3.270000e+01  2.120000e+01  1.520000e+01
      vertex -3.270000e+01  9.350000e+00  2.300000e+00
      vertex -3.270000e+01  9.350000e+00  1.520000e+01
    endloop
  endfacet
  facet normal -1.000000e+00  0.000000e+00  0.000000e+00
    outer loop
      vertex -3.270000e+01  2.120000e+01  1.520000e+01
      vertex -3.270000e+01  9.350000e+00  1.520000e+01
      vertex -3.270000e+01  2.120000e+01  1.670000e+01
    endloop
  endfacet
  facet normal -1.000000e+00  0.000000e+00  0.000000e+00
    outer loop
      vertex -3.270000e+01  8.550000e+00  1.520000e+01
      vertex -3.270000e+01  8.550000e+00  1.670000e+01
      vertex -3.270000e+01  9.350000e+00  1.520000e+01
    endloop
  endfacet
  facet normal -1.000000e+00  0.000000e+00  0.000000e+00
    outer loop
      vertex -3.270000e+01  9.350000e+00  1.520000e+01
      vertex -3.270000e+01  8.550000e+00  1.670000e+01
      vertex -3.270000e+01  2.120000e+01  1.670000e+01
    endloop
  endfacet
  facet normal  1.000000e+00  -0.000000e+00  0.000000e+00
    outer loop
      vertex -3.190000e+01  2.120000e+01  1.670000e+01
      vertex -3.190000e+01  8.550000e+00  1.670000e+01
      vertex -3.190000e+01  2.120000e+01  1.520000e+01
    endloop
  endfacet
  facet normal  1.000000e+00  0.000000e+00  0.000000e+00
    outer loop
      vertex -3.190000e+01  2.120000e+01  1.520000e+01
      vertex -3.190000e+01  8.550000e+00  1.670000e+01
      vertex -3.190000e+01  8.550000e+00  8.000000e-01
    endloop
  endfacet
  facet normal  1.000000e+00  0.000000e+00  0.000000e+00
    outer loop
      vertex -3.190000e+01  2.120000e+01  1.520000e+01
      vertex -3.190000e+01  8.550000e+00  8.000000e-01
      vertex -3.190000e+01  2.120000e+01  8.000000e-01
    endloop
  endfacet
  facet normal  0.000000e+00  1.000000e+00  0.000000e+00
    outer loop
      vertex -3.270000e+01  2.120000e+01  1.670000e+01
      vertex -3.190000e+01  2.120000e+01  1.670000e+01
      vertex -3.270000e+01  2.120000e+01  1.520000e+01
    endloop
  endfacet
  facet normal  0.000000e+00  1.000000e+00  0.000000e+00
    outer loop
      vertex -3.270000e+01  2.120000e+01  1.520000e+01
      vertex -3.190000e+01  2.120000e+01  1.670000e+01
      vertex -3.190000e+01  2.120000e+01  1.520000e+01
    endloop
  endfacet
  facet normal  0.000000e+00 -1.000000e+00  0.000000e+00
    outer loop
      vertex -3.190000e+01  2.120000e+01  1.520000e+01
      vertex -3.190000e+01  2.120000e+01  8.000000e-01
      vertex -2.170000e+01  2.120000e+01  1.520000e+01
    endloop
  endfacet
  facet normal  0.000000e+00 -1.000000e+00  -0.000000e+00
    outer loop
      vertex -2.170000e+01  2.120000e+01  1.520000e+01
      vertex -3.190000e+01  2.120000e+01  8.000000e-01
      vertex -2.170000e+01  2.120000e+01  8.000000e-01
    endloop
  endfacet
  facet normal  0.000000e+00  0.000000e+00  9.999999e-01
    outer loop
      vertex -3.270000e+01  8.550000e+00  1.670000e+01
      vertex -3.190000e+01  8.550000e+00  1.670000e+01
      vertex -3.270000e+01  2.120000e+01  1.670000e+01
    endloop
  endfacet
  facet normal  -0.000000e+00  0.000000e+00  9.999999e-01
    outer loop
      vertex -3.270000e+01  2.120000e+01  1.670000e+01
      vertex -3.190000e+01  8.550000e+00  1.670000e+01
      vertex -3.190000e+01  2.120000e+01  1.670000e+01
    endloop
  endfacet
endsolid CATIA STL
