solid CATIA STL
  facet normal  0.000000e+00 -1.000000e+00  -0.000000e+00
    outer loop
      vertex -2.060000e+01  3.690000e+01  8.000000e-01
      vertex -2.060000e+01  3.690000e+01  1.000000e+00
      vertex -2.170000e+01  3.690000e+01  8.000000e-01
    endloop
  endfacet
  facet normal  0.000000e+00 -1.000000e+00  0.000000e+00
    outer loop
      vertex -2.170000e+01  3.690000e+01  8.000000e-01
      vertex -2.060000e+01  3.690000e+01  1.000000e+00
      vertex -2.170000e+01  3.690000e+01  1.000000e+00
    endloop
  endfacet
  facet normal  0.000000e+00 -1.000000e+00  -0.000000e+00
    outer loop
      vertex  2.170000e+01  3.690000e+01  8.000000e-01
      vertex  2.170000e+01  3.690000e+01  1.000000e+00
      vertex  2.060000e+01  3.690000e+01  8.000000e-01
    endloop
  endfacet
  facet normal  0.000000e+00 -1.000000e+00  0.000000e+00
    outer loop
      vertex  2.060000e+01  3.690000e+01  8.000000e-01
      vertex  2.170000e+01  3.690000e+01  1.000000e+00
      vertex  2.060000e+01  3.690000e+01  1.000000e+00
    endloop
  endfacet
  facet normal  0.000000e+00  0.000000e+00  1.000000e+00
    outer loop
      vertex  1.370000e+01  3.320000e+01  2.300000e+00
      vertex  1.370000e+01  2.880000e+01  2.300000e+00
      vertex  1.560224e+01  3.166669e+01  2.300000e+00
    endloop
  endfacet
  facet normal  0.000000e+00  -0.000000e+00  1.000000e+00
    outer loop
      vertex  1.370000e+01  3.320000e+01  2.300000e+00
      vertex  1.560224e+01  3.166669e+01  2.300000e+00
      vertex  1.575147e+01  3.184853e+01  2.300000e+00
    endloop
  endfacet
  facet normal  0.000000e+00  -0.000000e+00  1.000000e+00
    outer loop
      vertex  1.370000e+01  3.320000e+01  2.300000e+00
      vertex  1.575147e+01  3.184853e+01  2.300000e+00
      vertex  1.593332e+01  3.199776e+01  2.300000e+00
    endloop
  endfacet
  facet normal  0.000000e+00  -0.000000e+00  9.999999e-01
    outer loop
      vertex  1.370000e+01  3.320000e+01  2.300000e+00
      vertex  1.593332e+01  3.199776e+01  2.300000e+00
      vertex  1.614078e+01  3.210865e+01  2.300000e+00
    endloop
  endfacet
  facet normal  0.000000e+00  -0.000000e+00  1.000000e+00
    outer loop
      vertex  1.370000e+01  3.320000e+01  2.300000e+00
      vertex  1.614078e+01  3.210865e+01  2.300000e+00
      vertex  1.636589e+01  3.217694e+01  2.300000e+00
    endloop
  endfacet
  facet normal  0.000000e+00  -0.000000e+00  1.000000e+00
    outer loop
      vertex  1.370000e+01  3.320000e+01  2.300000e+00
      vertex  1.636589e+01  3.217694e+01  2.300000e+00
      vertex  1.660000e+01  3.220000e+01  2.300000e+00
    endloop
  endfacet
  facet normal  -0.000000e+00  -0.000000e+00  1.000000e+00
    outer loop
      vertex  1.370000e+01  3.320000e+01  2.300000e+00
      vertex  1.660000e+01  3.220000e+01  2.300000e+00
      vertex  1.683411e+01  3.217694e+01  2.300000e+00
    endloop
  endfacet
  facet normal  -0.000000e+00  0.000000e+00  1.000000e+00
    outer loop
      vertex  2.170000e+01  3.320000e+01  2.300000e+00
      vertex  1.370000e+01  3.320000e+01  2.300000e+00
      vertex  1.683411e+01  3.217694e+01  2.300000e+00
    endloop
  endfacet
  facet normal  -0.000000e+00  0.000000e+00  1.000000e+00
    outer loop
      vertex  2.170000e+01  3.320000e+01  2.300000e+00
      vertex  1.683411e+01  3.217694e+01  2.300000e+00
      vertex  1.705922e+01  3.210865e+01  2.300000e+00
    endloop
  endfacet
  facet normal  -0.000000e+00  0.000000e+00  9.999999e-01
    outer loop
      vertex  2.170000e+01  3.320000e+01  2.300000e+00
      vertex  1.705922e+01  3.210865e+01  2.300000e+00
      vertex  1.726668e+01  3.199776e+01  2.300000e+00
    endloop
  endfacet
  facet normal  -0.000000e+00  0.000000e+00  1.000000e+00
    outer loop
      vertex  2.170000e+01  3.320000e+01  2.300000e+00
      vertex  1.726668e+01  3.199776e+01  2.300000e+00
      vertex  2.170000e+01  2.860000e+01  2.300000e+00
    endloop
  endfacet
  facet normal  0.000000e+00  0.000000e+00  1.000000e+00
    outer loop
      vertex  1.370000e+01  2.880000e+01  2.300000e+00
      vertex  2.090000e+01  2.880000e+01  2.300000e+00
      vertex  1.683411e+01  2.982306e+01  2.300000e+00
    endloop
  endfacet
  facet normal  0.000000e+00  0.000000e+00  1.000000e+00
    outer loop
      vertex  1.370000e+01  2.880000e+01  2.300000e+00
      vertex  1.683411e+01  2.982306e+01  2.300000e+00
      vertex  1.660000e+01  2.980000e+01  2.300000e+00
    endloop
  endfacet
  facet normal  0.000000e+00  0.000000e+00  1.000000e+00
    outer loop
      vertex  1.370000e+01  2.880000e+01  2.300000e+00
      vertex  1.660000e+01  2.980000e+01  2.300000e+00
      vertex  1.636589e+01  2.982306e+01  2.300000e+00
    endloop
  endfacet
  facet normal  0.000000e+00  0.000000e+00  1.000000e+00
    outer loop
      vertex  1.370000e+01  2.880000e+01  2.300000e+00
      vertex  1.636589e+01  2.982306e+01  2.300000e+00
      vertex  1.614078e+01  2.989134e+01  2.300000e+00
    endloop
  endfacet
  facet normal  0.000000e+00  0.000000e+00  1.000000e+00
    outer loop
      vertex  1.370000e+01  2.880000e+01  2.300000e+00
      vertex  1.614078e+01  2.989134e+01  2.300000e+00
      vertex  1.593332e+01  3.000224e+01  2.300000e+00
    endloop
  endfacet
  facet normal  0.000000e+00  0.000000e+00  1.000000e+00
    outer loop
      vertex  1.370000e+01  2.880000e+01  2.300000e+00
      vertex  1.593332e+01  3.000224e+01  2.300000e+00
      vertex  1.575147e+01  3.015147e+01  2.300000e+00
    endloop
  endfacet
  facet normal  0.000000e+00  0.000000e+00  1.000000e+00
    outer loop
      vertex  1.370000e+01  2.880000e+01  2.300000e+00
      vertex  1.575147e+01  3.015147e+01  2.300000e+00
      vertex  1.560224e+01  3.033331e+01  2.300000e+00
    endloop
  endfacet
  facet normal  0.000000e+00  0.000000e+00  1.000000e+00
    outer loop
      vertex  1.370000e+01  2.880000e+01  2.300000e+00
      vertex  1.560224e+01  3.033331e+01  2.300000e+00
      vertex  1.549134e+01  3.054078e+01  2.300000e+00
    endloop
  endfacet
  facet normal  0.000000e+00  0.000000e+00  1.000000e+00
    outer loop
      vertex  1.370000e+01  2.880000e+01  2.300000e+00
      vertex  1.549134e+01  3.054078e+01  2.300000e+00
      vertex  1.542306e+01  3.076589e+01  2.300000e+00
    endloop
  endfacet
  facet normal  0.000000e+00  0.000000e+00  1.000000e+00
    outer loop
      vertex  1.370000e+01  2.880000e+01  2.300000e+00
      vertex  1.542306e+01  3.076589e+01  2.300000e+00
      vertex  1.540000e+01  3.100000e+01  2.300000e+00
    endloop
  endfacet
  facet normal  0.000000e+00  -0.000000e+00  1.000000e+00
    outer loop
      vertex  1.370000e+01  2.880000e+01  2.300000e+00
      vertex  1.540000e+01  3.100000e+01  2.300000e+00
      vertex  1.542306e+01  3.123411e+01  2.300000e+00
    endloop
  endfacet
  facet normal  0.000000e+00  -0.000000e+00  9.999999e-01
    outer loop
      vertex  1.370000e+01  2.880000e+01  2.300000e+00
      vertex  1.542306e+01  3.123411e+01  2.300000e+00
      vertex  1.549134e+01  3.145922e+01  2.300000e+00
    endloop
  endfacet
  facet normal  0.000000e+00  -0.000000e+00  9.999999e-01
    outer loop
      vertex  1.370000e+01  2.880000e+01  2.300000e+00
      vertex  1.549134e+01  3.145922e+01  2.300000e+00
      vertex  1.560224e+01  3.166669e+01  2.300000e+00
    endloop
  endfacet
  facet normal  0.000000e+00  0.000000e+00  9.999999e-01
    outer loop
      vertex  2.170000e+01  2.860000e+01  2.300000e+00
      vertex  1.726668e+01  3.199776e+01  2.300000e+00
      vertex  1.744853e+01  3.184853e+01  2.300000e+00
    endloop
  endfacet
  facet normal  0.000000e+00  0.000000e+00  1.000000e+00
    outer loop
      vertex  2.170000e+01  2.860000e+01  2.300000e+00
      vertex  1.744853e+01  3.184853e+01  2.300000e+00
      vertex  1.759776e+01  3.166669e+01  2.300000e+00
    endloop
  endfacet
  facet normal  0.000000e+00  0.000000e+00  1.000000e+00
    outer loop
      vertex  2.170000e+01  2.860000e+01  2.300000e+00
      vertex  1.759776e+01  3.166669e+01  2.300000e+00
      vertex  1.770866e+01  3.145922e+01  2.300000e+00
    endloop
  endfacet
  facet normal  0.000000e+00  0.000000e+00  1.000000e+00
    outer loop
      vertex  2.170000e+01  2.860000e+01  2.300000e+00
      vertex  1.770866e+01  3.145922e+01  2.300000e+00
      vertex  1.777694e+01  3.123411e+01  2.300000e+00
    endloop
  endfacet
  facet normal  0.000000e+00  0.000000e+00  9.999999e-01
    outer loop
      vertex  2.170000e+01  2.860000e+01  2.300000e+00
      vertex  1.777694e+01  3.123411e+01  2.300000e+00
      vertex  1.780000e+01  3.100000e+01  2.300000e+00
    endloop
  endfacet
  facet normal  0.000000e+00  0.000000e+00  9.999999e-01
    outer loop
      vertex  2.170000e+01  2.860000e+01  2.300000e+00
      vertex  1.780000e+01  3.100000e+01  2.300000e+00
      vertex  1.777694e+01  3.076589e+01  2.300000e+00
    endloop
  endfacet
  facet normal  0.000000e+00  0.000000e+00  1.000000e+00
    outer loop
      vertex  2.170000e+01  2.860000e+01  2.300000e+00
      vertex  1.777694e+01  3.076589e+01  2.300000e+00
      vertex  1.770866e+01  3.054078e+01  2.300000e+00
    endloop
  endfacet
  facet normal  0.000000e+00  0.000000e+00  1.000000e+00
    outer loop
      vertex  2.170000e+01  2.860000e+01  2.300000e+00
      vertex  1.770866e+01  3.054078e+01  2.300000e+00
      vertex  1.759776e+01  3.033331e+01  2.300000e+00
    endloop
  endfacet
  facet normal  0.000000e+00  0.000000e+00  1.000000e+00
    outer loop
      vertex  2.170000e+01  2.860000e+01  2.300000e+00
      vertex  1.759776e+01  3.033331e+01  2.300000e+00
      vertex  1.744853e+01  3.015147e+01  2.300000e+00
    endloop
  endfacet
  facet normal  0.000000e+00  0.000000e+00  1.000000e+00
    outer loop
      vertex  2.170000e+01  2.860000e+01  2.300000e+00
      vertex  1.744853e+01  3.015147e+01  2.300000e+00
      vertex  1.726668e+01  3.000224e+01  2.300000e+00
    endloop
  endfacet
  facet normal  0.000000e+00  0.000000e+00  1.000000e+00
    outer loop
      vertex  2.170000e+01  2.860000e+01  2.300000e+00
      vertex  1.726668e+01  3.000224e+01  2.300000e+00
      vertex  1.705922e+01  2.989134e+01  2.300000e+00
    endloop
  endfacet
  facet normal  0.000000e+00  0.000000e+00  1.000000e+00
    outer loop
      vertex  2.170000e+01  2.860000e+01  2.300000e+00
      vertex  1.705922e+01  2.989134e+01  2.300000e+00
      vertex  1.683411e+01  2.982306e+01  2.300000e+00
    endloop
  endfacet
  facet normal  0.000000e+00  0.000000e+00  9.999999e-01
    outer loop
      vertex  2.170000e+01  2.860000e+01  2.300000e+00
      vertex  1.683411e+01  2.982306e+01  2.300000e+00
      vertex  2.090000e+01  2.880000e+01  2.300000e+00
    endloop
  endfacet
  facet normal  0.000000e+00  0.000000e+00  9.999999e-01
    outer loop
      vertex  2.170000e+01  2.860000e+01  2.300000e+00
      vertex  2.090000e+01  2.880000e+01  2.300000e+00
      vertex  2.090000e+01  2.860000e+01  2.300000e+00
    endloop
  endfacet
  facet normal  -0.000000e+00  0.000000e+00  9.999999e-01
    outer loop
      vertex  2.250000e+01  3.850000e+01  2.300000e+00
      vertex  2.060000e+01  3.850000e+01  2.300000e+00
      vertex  2.060000e+01  3.750000e+01  2.300000e+00
    endloop
  endfacet
  facet normal  0.000000e+00  0.000000e+00  1.000000e+00
    outer loop
      vertex  2.250000e+01  3.850000e+01  2.300000e+00
      vertex  2.060000e+01  3.750000e+01  2.300000e+00
      vertex  2.170000e+01  3.750000e+01  2.300000e+00
    endloop
  endfacet
  facet normal  -0.000000e+00  0.000000e+00  1.000000e+00
    outer loop
      vertex  2.250000e+01  3.850000e+01  2.300000e+00
      vertex  2.170000e+01  3.750000e+01  2.300000e+00
      vertex  2.170000e+01  3.320000e+01  2.300000e+00
    endloop
  endfacet
  facet normal  -0.000000e+00  0.000000e+00  9.999999e-01
    outer loop
      vertex  2.250000e+01  3.850000e+01  2.300000e+00
      vertex  2.170000e+01  3.320000e+01  2.300000e+00
      vertex  2.170000e+01  2.860000e+01  2.300000e+00
    endloop
  endfacet
  facet normal  -0.000000e+00  0.000000e+00  1.000000e+00
    outer loop
      vertex  2.250000e+01  3.850000e+01  2.300000e+00
      vertex  2.170000e+01  2.860000e+01  2.300000e+00
      vertex  2.170000e+01  2.520000e+01  2.300000e+00
    endloop
  endfacet
  facet normal  0.000000e+00  0.000000e+00  1.000000e+00
    outer loop
      vertex  2.250000e+01  3.850000e+01  2.300000e+00
      vertex  2.170000e+01  2.520000e+01  2.300000e+00
      vertex  2.250000e+01  2.600000e+01  2.300000e+00
    endloop
  endfacet
  facet normal  0.000000e+00  0.000000e+00  1.000000e+00
    outer loop
      vertex  2.250000e+01  2.600000e+01  2.300000e+00
      vertex  2.170000e+01  2.520000e+01  2.300000e+00
      vertex  4.450000e+01  2.600000e+01  2.300000e+00
    endloop
  endfacet
  facet normal  0.000000e+00  0.000000e+00  1.000000e+00
    outer loop
      vertex  4.450000e+01  2.600000e+01  2.300000e+00
      vertex  2.170000e+01  2.520000e+01  2.300000e+00
      vertex  2.290000e+01  2.520000e+01  2.300000e+00
    endloop
  endfacet
  facet normal  -0.000000e+00  0.000000e+00  1.000000e+00
    outer loop
      vertex  4.450000e+01  2.600000e+01  2.300000e+00
      vertex  2.290000e+01  2.520000e+01  2.300000e+00
      vertex  4.450000e+01  2.485000e+01  2.300000e+00
    endloop
  endfacet
  facet normal  0.000000e+00  0.000000e+00  1.000000e+00
    outer loop
      vertex  4.450000e+01  2.485000e+01  2.300000e+00
      vertex  2.290000e+01  2.520000e+01  2.300000e+00
      vertex  2.290000e+01  2.485000e+01  2.300000e+00
    endloop
  endfacet
  facet normal  0.000000e+00  0.000000e+00  1.000000e+00
    outer loop
      vertex  2.890000e+01  8.850000e+00  8.000000e-01
      vertex  4.090000e+01  9.850000e+00  8.000000e-01
      vertex  2.890000e+01  9.850000e+00  8.000000e-01
    endloop
  endfacet
  facet normal  0.000000e+00  0.000000e+00  1.000000e+00
    outer loop
      vertex  3.550000e+01 -1.830000e+01  8.000000e-01
      vertex  3.610000e+01 -1.810000e+01  8.000000e-01
      vertex  2.260000e+01 -1.830000e+01  8.000000e-01
    endloop
  endfacet
  facet normal  0.000000e+00  0.000000e+00  1.000000e+00
    outer loop
      vertex -1.980000e+01 -1.750000e+01  8.000000e-01
      vertex -4.090000e+01  4.650000e+00  8.000000e-01
      vertex -4.090000e+01 -1.750000e+01  8.000000e-01
    endloop
  endfacet
  facet normal  0.000000e+00  -0.000000e+00  9.999999e-01
    outer loop
      vertex -3.610000e+01 -1.810000e+01  8.000000e-01
      vertex -3.550000e+01 -1.830000e+01  8.000000e-01
      vertex -1.980000e+01 -1.830000e+01  8.000000e-01
    endloop
  endfacet
  facet normal  0.000000e+00  -0.000000e+00  1.000000e+00
    outer loop
      vertex -3.610000e+01 -1.810000e+01  8.000000e-01
      vertex -1.980000e+01 -1.830000e+01  8.000000e-01
      vertex -1.980000e+01 -1.750000e+01  8.000000e-01
    endloop
  endfacet
  facet normal  0.000000e+00  0.000000e+00  9.999999e-01
    outer loop
      vertex -3.610000e+01 -1.810000e+01  8.000000e-01
      vertex -1.980000e+01 -1.750000e+01  8.000000e-01
      vertex -4.090000e+01 -1.750000e+01  8.000000e-01
    endloop
  endfacet
  facet normal  0.000000e+00  0.000000e+00  1.000000e+00
    outer loop
      vertex -3.610000e+01 -1.810000e+01  8.000000e-01
      vertex -4.090000e+01 -1.750000e+01  8.000000e-01
      vertex -4.090000e+01 -1.810000e+01  8.000000e-01
    endloop
  endfacet
  facet normal  0.000000e+00  0.000000e+00  1.000000e+00
    outer loop
      vertex -4.170000e+01  1.085000e+01  8.000000e-01
      vertex -4.170000e+01  9.850000e+00  8.000000e-01
      vertex -3.400000e+00  9.850000e+00  8.000000e-01
    endloop
  endfacet
  facet normal  0.000000e+00  -0.000000e+00  1.000000e+00
    outer loop
      vertex -4.170000e+01  1.085000e+01  8.000000e-01
      vertex -3.400000e+00  9.850000e+00  8.000000e-01
      vertex  1.260000e+01  9.850000e+00  8.000000e-01
    endloop
  endfacet
  facet normal  0.000000e+00  -0.000000e+00  1.000000e+00
    outer loop
      vertex -4.170000e+01  1.085000e+01  8.000000e-01
      vertex  1.260000e+01  9.850000e+00  8.000000e-01
      vertex  2.290000e+01  9.850000e+00  8.000000e-01
    endloop
  endfacet
  facet normal  0.000000e+00  0.000000e+00  1.000000e+00
    outer loop
      vertex -4.170000e+01  1.085000e+01  8.000000e-01
      vertex  2.290000e+01  9.850000e+00  8.000000e-01
      vertex -3.150000e+01  1.085000e+01  8.000000e-01
    endloop
  endfacet
  facet normal  0.000000e+00  0.000000e+00  9.999999e-01
    outer loop
      vertex  2.090000e+01  2.440000e+01  8.000000e-01
      vertex  2.090000e+01  2.880000e+01  8.000000e-01
      vertex  1.370000e+01  2.880000e+01  8.000000e-01
    endloop
  endfacet
  facet normal  0.000000e+00  0.000000e+00  1.000000e+00
    outer loop
      vertex  2.090000e+01  2.440000e+01  8.000000e-01
      vertex  1.370000e+01  2.880000e+01  8.000000e-01
      vertex -1.370000e+01  2.880000e+01  8.000000e-01
    endloop
  endfacet
  facet normal  0.000000e+00  0.000000e+00  9.999999e-01
    outer loop
      vertex  2.090000e+01  2.440000e+01  8.000000e-01
      vertex -1.370000e+01  2.880000e+01  8.000000e-01
      vertex -2.090000e+01  2.880000e+01  8.000000e-01
    endloop
  endfacet
  facet normal  0.000000e+00  0.000000e+00  1.000000e+00
    outer loop
      vertex  2.090000e+01  2.440000e+01  8.000000e-01
      vertex -2.090000e+01  2.880000e+01  8.000000e-01
      vertex -2.090000e+01  2.590000e+01  8.000000e-01
    endloop
  endfacet
  facet normal  0.000000e+00  0.000000e+00  1.000000e+00
    outer loop
      vertex  2.090000e+01  2.440000e+01  8.000000e-01
      vertex -2.090000e+01  2.590000e+01  8.000000e-01
      vertex -2.170000e+01  2.590000e+01  8.000000e-01
    endloop
  endfacet
  facet normal  0.000000e+00  0.000000e+00  1.000000e+00
    outer loop
      vertex  2.090000e+01  2.440000e+01  8.000000e-01
      vertex -2.170000e+01  2.590000e+01  8.000000e-01
      vertex -2.170000e+01  2.290000e+01  8.000000e-01
    endloop
  endfacet
  facet normal  0.000000e+00  0.000000e+00  9.999999e-01
    outer loop
      vertex  2.260000e+01 -1.750000e+01  8.000000e-01
      vertex  2.260000e+01 -1.830000e+01  8.000000e-01
      vertex  3.610000e+01 -1.810000e+01  8.000000e-01
    endloop
  endfacet
  facet normal  0.000000e+00  -0.000000e+00  1.000000e+00
    outer loop
      vertex  2.260000e+01 -1.750000e+01  8.000000e-01
      vertex  3.610000e+01 -1.810000e+01  8.000000e-01
      vertex  4.090000e+01 -1.810000e+01  8.000000e-01
    endloop
  endfacet
  facet normal  0.000000e+00  -0.000000e+00  9.999999e-01
    outer loop
      vertex  2.260000e+01 -1.750000e+01  8.000000e-01
      vertex  4.090000e+01 -1.810000e+01  8.000000e-01
      vertex  4.090000e+01  9.850000e+00  8.000000e-01
    endloop
  endfacet
  facet normal  0.000000e+00  0.000000e+00  9.999999e-01
    outer loop
      vertex  2.260000e+01 -1.750000e+01  8.000000e-01
      vertex  4.090000e+01  9.850000e+00  8.000000e-01
      vertex  2.890000e+01  8.850000e+00  8.000000e-01
    endloop
  endfacet
  facet normal  0.000000e+00  0.000000e+00  1.000000e+00
    outer loop
      vertex  2.260000e+01 -1.750000e+01  8.000000e-01
      vertex  2.890000e+01  8.850000e+00  8.000000e-01
      vertex  1.260000e+01  8.850000e+00  8.000000e-01
    endloop
  endfacet
  facet normal  0.000000e+00  0.000000e+00  1.000000e+00
    outer loop
      vertex  2.260000e+01 -1.750000e+01  8.000000e-01
      vertex  1.260000e+01  8.850000e+00  8.000000e-01
      vertex -3.400000e+00  8.850000e+00  8.000000e-01
    endloop
  endfacet
  facet normal  0.000000e+00  0.000000e+00  1.000000e+00
    outer loop
      vertex  2.260000e+01 -1.750000e+01  8.000000e-01
      vertex -3.400000e+00  8.850000e+00  8.000000e-01
      vertex -4.090000e+01  8.850000e+00  8.000000e-01
    endloop
  endfacet
  facet normal  0.000000e+00  0.000000e+00  1.000000e+00
    outer loop
      vertex  2.260000e+01 -1.750000e+01  8.000000e-01
      vertex -4.090000e+01  8.850000e+00  8.000000e-01
      vertex -4.090000e+01  4.850000e+00  8.000000e-01
    endloop
  endfacet
  facet normal  0.000000e+00  0.000000e+00  1.000000e+00
    outer loop
      vertex  2.260000e+01 -1.750000e+01  8.000000e-01
      vertex -4.090000e+01  4.850000e+00  8.000000e-01
      vertex -4.090000e+01  4.650000e+00  8.000000e-01
    endloop
  endfacet
  facet normal  0.000000e+00  0.000000e+00  1.000000e+00
    outer loop
      vertex  2.260000e+01 -1.750000e+01  8.000000e-01
      vertex -4.090000e+01  4.650000e+00  8.000000e-01
      vertex -1.980000e+01 -1.750000e+01  8.000000e-01
    endloop
  endfacet
  facet normal  0.000000e+00  0.000000e+00  9.999999e-01
    outer loop
      vertex  2.170000e+01  3.690000e+01  8.000000e-01
      vertex -2.170000e+01  3.320000e+01  8.000000e-01
      vertex -1.370000e+01  3.320000e+01  8.000000e-01
    endloop
  endfacet
  facet normal  0.000000e+00  0.000000e+00  1.000000e+00
    outer loop
      vertex  2.170000e+01  3.690000e+01  8.000000e-01
      vertex -1.370000e+01  3.320000e+01  8.000000e-01
      vertex  1.370000e+01  3.320000e+01  8.000000e-01
    endloop
  endfacet
  facet normal  0.000000e+00  0.000000e+00  9.999999e-01
    outer loop
      vertex  2.170000e+01  3.690000e+01  8.000000e-01
      vertex  1.370000e+01  3.320000e+01  8.000000e-01
      vertex  2.170000e+01  3.320000e+01  8.000000e-01
    endloop
  endfacet
  facet normal  0.000000e+00  0.000000e+00  1.000000e+00
    outer loop
      vertex -2.170000e+01  3.320000e+01  8.000000e-01
      vertex  2.170000e+01  3.690000e+01  8.000000e-01
      vertex  2.060000e+01  3.690000e+01  8.000000e-01
    endloop
  endfacet
  facet normal  0.000000e+00  0.000000e+00  1.000000e+00
    outer loop
      vertex -2.170000e+01  3.320000e+01  8.000000e-01
      vertex  2.060000e+01  3.690000e+01  8.000000e-01
      vertex -2.060000e+01  3.690000e+01  8.000000e-01
    endloop
  endfacet
  facet normal  0.000000e+00  0.000000e+00  1.000000e+00
    outer loop
      vertex -2.170000e+01  3.320000e+01  8.000000e-01
      vertex -2.060000e+01  3.690000e+01  8.000000e-01
      vertex -2.170000e+01  3.690000e+01  8.000000e-01
    endloop
  endfacet
  facet normal  0.000000e+00  0.000000e+00  1.000000e+00
    outer loop
      vertex  3.610000e+01 -2.290000e+01  8.000000e-01
      vertex  3.610000e+01 -1.810000e+01  8.000000e-01
      vertex  3.550000e+01 -1.830000e+01  8.000000e-01
    endloop
  endfacet
  facet normal  0.000000e+00  0.000000e+00  9.999999e-01
    outer loop
      vertex  3.610000e+01 -2.290000e+01  8.000000e-01
      vertex  3.550000e+01 -1.830000e+01  8.000000e-01
      vertex  3.550000e+01 -1.910000e+01  8.000000e-01
    endloop
  endfacet
  facet normal  0.000000e+00  0.000000e+00  1.000000e+00
    outer loop
      vertex  3.610000e+01 -2.290000e+01  8.000000e-01
      vertex  3.550000e+01 -1.910000e+01  8.000000e-01
      vertex  2.220000e+01 -1.910000e+01  8.000000e-01
    endloop
  endfacet
  facet normal  0.000000e+00  0.000000e+00  9.999999e-01
    outer loop
      vertex  3.610000e+01 -2.290000e+01  8.000000e-01
      vertex  2.220000e+01 -1.910000e+01  8.000000e-01
      vertex  2.220000e+01 -2.290000e+01  8.000000e-01
    endloop
  endfacet
  facet normal  -0.000000e+00  0.000000e+00  1.000000e+00
    outer loop
      vertex  2.290000e+01  2.440000e+01  8.000000e-01
      vertex  2.090000e+01  2.440000e+01  8.000000e-01
      vertex  2.290000e+01  1.195000e+01  8.000000e-01
    endloop
  endfacet
  facet normal  0.000000e+00  0.000000e+00  1.000000e+00
    outer loop
      vertex  2.290000e+01  1.195000e+01  8.000000e-01
      vertex  2.090000e+01  2.440000e+01  8.000000e-01
      vertex -2.170000e+01  2.290000e+01  8.000000e-01
    endloop
  endfacet
  facet normal  0.000000e+00  0.000000e+00  1.000000e+00
    outer loop
      vertex  2.290000e+01  1.195000e+01  8.000000e-01
      vertex -2.170000e+01  2.290000e+01  8.000000e-01
      vertex  1.890000e+01  1.195000e+01  8.000000e-01
    endloop
  endfacet
  facet normal  0.000000e+00  0.000000e+00  9.999999e-01
    outer loop
      vertex  1.890000e+01  1.195000e+01  8.000000e-01
      vertex -2.170000e+01  2.290000e+01  8.000000e-01
      vertex -3.150000e+01  2.290000e+01  8.000000e-01
    endloop
  endfacet
  facet normal  0.000000e+00  0.000000e+00  9.999999e-01
    outer loop
      vertex  1.890000e+01  1.195000e+01  8.000000e-01
      vertex -3.150000e+01  2.290000e+01  8.000000e-01
      vertex  1.890000e+01  1.095000e+01  8.000000e-01
    endloop
  endfacet
  facet normal  0.000000e+00  0.000000e+00  1.000000e+00
    outer loop
      vertex  1.890000e+01  1.095000e+01  8.000000e-01
      vertex -3.150000e+01  2.290000e+01  8.000000e-01
      vertex -3.150000e+01  1.085000e+01  8.000000e-01
    endloop
  endfacet
  facet normal  0.000000e+00  0.000000e+00  1.000000e+00
    outer loop
      vertex  1.890000e+01  1.095000e+01  8.000000e-01
      vertex -3.150000e+01  1.085000e+01  8.000000e-01
      vertex  2.290000e+01  1.095000e+01  8.000000e-01
    endloop
  endfacet
  facet normal  0.000000e+00  0.000000e+00  1.000000e+00
    outer loop
      vertex  2.290000e+01  1.095000e+01  8.000000e-01
      vertex -3.150000e+01  1.085000e+01  8.000000e-01
      vertex  2.290000e+01  9.850000e+00  8.000000e-01
    endloop
  endfacet
  facet normal  0.000000e+00  0.000000e+00  1.000000e+00
    outer loop
      vertex -3.550000e+01 -1.830000e+01  8.000000e-01
      vertex -3.610000e+01 -1.810000e+01  8.000000e-01
      vertex -3.550000e+01 -1.910000e+01  8.000000e-01
    endloop
  endfacet
  facet normal  0.000000e+00  0.000000e+00  1.000000e+00
    outer loop
      vertex -3.550000e+01 -1.910000e+01  8.000000e-01
      vertex -3.610000e+01 -1.810000e+01  8.000000e-01
      vertex -3.610000e+01 -2.290000e+01  8.000000e-01
    endloop
  endfacet
  facet normal  0.000000e+00  0.000000e+00  9.999999e-01
    outer loop
      vertex -3.550000e+01 -1.910000e+01  8.000000e-01
      vertex -3.610000e+01 -2.290000e+01  8.000000e-01
      vertex -1.900000e+01 -1.910000e+01  8.000000e-01
    endloop
  endfacet
  facet normal  0.000000e+00  0.000000e+00  1.000000e+00
    outer loop
      vertex -1.900000e+01 -1.910000e+01  8.000000e-01
      vertex -3.610000e+01 -2.290000e+01  8.000000e-01
      vertex -1.900000e+01 -2.290000e+01  8.000000e-01
    endloop
  endfacet
  facet normal  0.000000e+00  0.000000e+00  1.000000e+00
    outer loop
      vertex -1.370000e+01  2.880000e+01  8.000000e-01
      vertex  1.370000e+01  2.880000e+01  8.000000e-01
      vertex -1.370000e+01  3.320000e+01  8.000000e-01
    endloop
  endfacet
  facet normal  -0.000000e+00  0.000000e+00  1.000000e+00
    outer loop
      vertex -1.370000e+01  3.320000e+01  8.000000e-01
      vertex  1.370000e+01  2.880000e+01  8.000000e-01
      vertex  1.370000e+01  3.320000e+01  8.000000e-01
    endloop
  endfacet
  facet normal  0.000000e+00  0.000000e+00  1.000000e+00
    outer loop
      vertex -3.400000e+00  8.850000e+00  8.000000e-01
      vertex  1.260000e+01  8.850000e+00  8.000000e-01
      vertex -3.400000e+00  9.850000e+00  8.000000e-01
    endloop
  endfacet
  facet normal  -0.000000e+00  0.000000e+00  1.000000e+00
    outer loop
      vertex -3.400000e+00  9.850000e+00  8.000000e-01
      vertex  1.260000e+01  8.850000e+00  8.000000e-01
      vertex  1.260000e+01  9.850000e+00  8.000000e-01
    endloop
  endfacet
  facet normal  0.000000e+00  0.000000e+00  1.000000e+00
    outer loop
      vertex -2.060000e+01  3.850000e+01  2.300000e+00
      vertex -2.170000e+01  3.750000e+01  2.300000e+00
      vertex -2.060000e+01  3.750000e+01  2.300000e+00
    endloop
  endfacet
  facet normal  0.000000e+00  -0.000000e+00  1.000000e+00
    outer loop
      vertex -3.150000e+01  2.290000e+01  2.300000e+00
      vertex -3.100000e+01  2.290000e+01  2.300000e+00
      vertex -3.100000e+01  2.370000e+01  2.300000e+00
    endloop
  endfacet
  facet normal  0.000000e+00  0.000000e+00  1.000000e+00
    outer loop
      vertex -3.150000e+01  2.290000e+01  2.300000e+00
      vertex -3.100000e+01  2.370000e+01  2.300000e+00
      vertex -4.250000e+01  2.450000e+01  2.300000e+00
    endloop
  endfacet
  facet normal  0.000000e+00  0.000000e+00  1.000000e+00
    outer loop
      vertex -3.150000e+01  2.290000e+01  2.300000e+00
      vertex -4.250000e+01  2.450000e+01  2.300000e+00
      vertex -4.170000e+01  1.085000e+01  2.300000e+00
    endloop
  endfacet
  facet normal  0.000000e+00  0.000000e+00  9.999999e-01
    outer loop
      vertex -3.150000e+01  2.290000e+01  2.300000e+00
      vertex -4.170000e+01  1.085000e+01  2.300000e+00
      vertex -3.150000e+01  1.085000e+01  2.300000e+00
    endloop
  endfacet
  facet normal  -0.000000e+00  0.000000e+00  9.999999e-01
    outer loop
      vertex  2.220000e+01 -1.910000e+01  2.300000e+00
      vertex  2.180000e+01 -1.910000e+01  2.300000e+00
      vertex -1.780000e+01 -1.950000e+01  2.300000e+00
    endloop
  endfacet
  facet normal  0.000000e+00  0.000000e+00  1.000000e+00
    outer loop
      vertex  2.220000e+01 -1.910000e+01  2.300000e+00
      vertex -1.780000e+01 -1.950000e+01  2.300000e+00
      vertex  2.060000e+01 -1.950000e+01  2.300000e+00
    endloop
  endfacet
  facet normal  -0.000000e+00  0.000000e+00  1.000000e+00
    outer loop
      vertex  2.220000e+01 -1.910000e+01  2.300000e+00
      vertex  2.060000e+01 -1.950000e+01  2.300000e+00
      vertex  2.060000e+01 -2.450000e+01  2.300000e+00
    endloop
  endfacet
  facet normal  0.000000e+00  0.000000e+00  1.000000e+00
    outer loop
      vertex  2.220000e+01 -1.910000e+01  2.300000e+00
      vertex  2.060000e+01 -2.450000e+01  2.300000e+00
      vertex  2.220000e+01 -2.290000e+01  2.300000e+00
    endloop
  endfacet
  facet normal  -0.000000e+00  0.000000e+00  1.000000e+00
    outer loop
      vertex  3.610000e+01 -2.290000e+01  2.300000e+00
      vertex  2.220000e+01 -2.290000e+01  2.300000e+00
      vertex  2.060000e+01 -2.450000e+01  2.300000e+00
    endloop
  endfacet
  facet normal  0.000000e+00  0.000000e+00  1.000000e+00
    outer loop
      vertex  3.610000e+01 -2.290000e+01  2.300000e+00
      vertex  2.060000e+01 -2.450000e+01  2.300000e+00
      vertex  4.250000e+01 -2.450000e+01  2.300000e+00
    endloop
  endfacet
  facet normal  0.000000e+00  0.000000e+00  1.000000e+00
    outer loop
      vertex  3.610000e+01 -2.290000e+01  2.300000e+00
      vertex  4.250000e+01 -2.450000e+01  2.300000e+00
      vertex  3.860000e+01 -2.180000e+01  2.300000e+00
    endloop
  endfacet
  facet normal  0.000000e+00  0.000000e+00  1.000000e+00
    outer loop
      vertex  3.610000e+01 -2.290000e+01  2.300000e+00
      vertex  3.860000e+01 -2.180000e+01  2.300000e+00
      vertex  3.836589e+01 -2.177694e+01  2.300000e+00
    endloop
  endfacet
  facet normal  0.000000e+00  0.000000e+00  9.999999e-01
    outer loop
      vertex  3.610000e+01 -2.290000e+01  2.300000e+00
      vertex  3.836589e+01 -2.177694e+01  2.300000e+00
      vertex  3.814078e+01 -2.170866e+01  2.300000e+00
    endloop
  endfacet
  facet normal  0.000000e+00  0.000000e+00  1.000000e+00
    outer loop
      vertex  3.610000e+01 -2.290000e+01  2.300000e+00
      vertex  3.814078e+01 -2.170866e+01  2.300000e+00
      vertex  3.793332e+01 -2.159776e+01  2.300000e+00
    endloop
  endfacet
  facet normal  0.000000e+00  0.000000e+00  1.000000e+00
    outer loop
      vertex  3.610000e+01 -2.290000e+01  2.300000e+00
      vertex  3.793332e+01 -2.159776e+01  2.300000e+00
      vertex  3.775147e+01 -2.144853e+01  2.300000e+00
    endloop
  endfacet
  facet normal  0.000000e+00  0.000000e+00  1.000000e+00
    outer loop
      vertex  3.610000e+01 -2.290000e+01  2.300000e+00
      vertex  3.775147e+01 -2.144853e+01  2.300000e+00
      vertex  3.760224e+01 -2.126668e+01  2.300000e+00
    endloop
  endfacet
  facet normal  0.000000e+00  0.000000e+00  9.999999e-01
    outer loop
      vertex  3.610000e+01 -2.290000e+01  2.300000e+00
      vertex  3.760224e+01 -2.126668e+01  2.300000e+00
      vertex  3.749134e+01 -2.105922e+01  2.300000e+00
    endloop
  endfacet
  facet normal  0.000000e+00  0.000000e+00  1.000000e+00
    outer loop
      vertex  3.610000e+01 -2.290000e+01  2.300000e+00
      vertex  3.749134e+01 -2.105922e+01  2.300000e+00
      vertex  3.742306e+01 -2.083411e+01  2.300000e+00
    endloop
  endfacet
  facet normal  0.000000e+00  0.000000e+00  1.000000e+00
    outer loop
      vertex  3.610000e+01 -2.290000e+01  2.300000e+00
      vertex  3.742306e+01 -2.083411e+01  2.300000e+00
      vertex  3.740000e+01 -2.060000e+01  2.300000e+00
    endloop
  endfacet
  facet normal  0.000000e+00  -0.000000e+00  1.000000e+00
    outer loop
      vertex  3.610000e+01 -2.290000e+01  2.300000e+00
      vertex  3.740000e+01 -2.060000e+01  2.300000e+00
      vertex  3.742306e+01 -2.036589e+01  2.300000e+00
    endloop
  endfacet
  facet normal  0.000000e+00  -0.000000e+00  9.999999e-01
    outer loop
      vertex  3.610000e+01 -2.290000e+01  2.300000e+00
      vertex  3.742306e+01 -2.036589e+01  2.300000e+00
      vertex  3.749134e+01 -2.014078e+01  2.300000e+00
    endloop
  endfacet
  facet normal  0.000000e+00  0.000000e+00  1.000000e+00
    outer loop
      vertex  3.610000e+01 -1.810000e+01  2.300000e+00
      vertex  3.610000e+01 -2.290000e+01  2.300000e+00
      vertex  3.749134e+01 -2.014078e+01  2.300000e+00
    endloop
  endfacet
  facet normal  0.000000e+00  -0.000000e+00  1.000000e+00
    outer loop
      vertex  3.610000e+01 -1.810000e+01  2.300000e+00
      vertex  3.749134e+01 -2.014078e+01  2.300000e+00
      vertex  3.760224e+01 -1.993332e+01  2.300000e+00
    endloop
  endfacet
  facet normal  0.000000e+00  -0.000000e+00  1.000000e+00
    outer loop
      vertex  3.610000e+01 -1.810000e+01  2.300000e+00
      vertex  3.760224e+01 -1.993332e+01  2.300000e+00
      vertex  3.775147e+01 -1.975147e+01  2.300000e+00
    endloop
  endfacet
  facet normal  0.000000e+00  -0.000000e+00  1.000000e+00
    outer loop
      vertex  3.610000e+01 -1.810000e+01  2.300000e+00
      vertex  3.775147e+01 -1.975147e+01  2.300000e+00
      vertex  3.793332e+01 -1.960224e+01  2.300000e+00
    endloop
  endfacet
  facet normal  0.000000e+00  -0.000000e+00  1.000000e+00
    outer loop
      vertex  3.610000e+01 -1.810000e+01  2.300000e+00
      vertex  3.793332e+01 -1.960224e+01  2.300000e+00
      vertex  3.814078e+01 -1.949134e+01  2.300000e+00
    endloop
  endfacet
  facet normal  0.000000e+00  -0.000000e+00  1.000000e+00
    outer loop
      vertex  3.610000e+01 -1.810000e+01  2.300000e+00
      vertex  3.814078e+01 -1.949134e+01  2.300000e+00
      vertex  3.836589e+01 -1.942306e+01  2.300000e+00
    endloop
  endfacet
  facet normal  0.000000e+00  -0.000000e+00  9.999999e-01
    outer loop
      vertex  3.610000e+01 -1.810000e+01  2.300000e+00
      vertex  3.836589e+01 -1.942306e+01  2.300000e+00
      vertex  3.860000e+01 -1.940000e+01  2.300000e+00
    endloop
  endfacet
  facet normal  -0.000000e+00  -0.000000e+00  1.000000e+00
    outer loop
      vertex  3.610000e+01 -1.810000e+01  2.300000e+00
      vertex  3.860000e+01 -1.940000e+01  2.300000e+00
      vertex  3.883411e+01 -1.942306e+01  2.300000e+00
    endloop
  endfacet
  facet normal  -0.000000e+00  -0.000000e+00  1.000000e+00
    outer loop
      vertex  3.610000e+01 -1.810000e+01  2.300000e+00
      vertex  3.883411e+01 -1.942306e+01  2.300000e+00
      vertex  3.905922e+01 -1.949134e+01  2.300000e+00
    endloop
  endfacet
  facet normal  0.000000e+00  0.000000e+00  1.000000e+00
    outer loop
      vertex -4.090000e+01 -1.810000e+01  2.300000e+00
      vertex -4.250000e+01 -2.450000e+01  2.300000e+00
      vertex -3.959776e+01 -1.993332e+01  2.300000e+00
    endloop
  endfacet
  facet normal  0.000000e+00  -0.000000e+00  1.000000e+00
    outer loop
      vertex -4.090000e+01 -1.810000e+01  2.300000e+00
      vertex -3.959776e+01 -1.993332e+01  2.300000e+00
      vertex -3.944853e+01 -1.975147e+01  2.300000e+00
    endloop
  endfacet
  facet normal  0.000000e+00  -0.000000e+00  1.000000e+00
    outer loop
      vertex -4.090000e+01 -1.810000e+01  2.300000e+00
      vertex -3.944853e+01 -1.975147e+01  2.300000e+00
      vertex -3.926669e+01 -1.960224e+01  2.300000e+00
    endloop
  endfacet
  facet normal  0.000000e+00  -0.000000e+00  9.999999e-01
    outer loop
      vertex -4.090000e+01 -1.810000e+01  2.300000e+00
      vertex -3.926669e+01 -1.960224e+01  2.300000e+00
      vertex -3.905922e+01 -1.949134e+01  2.300000e+00
    endloop
  endfacet
  facet normal  0.000000e+00  -0.000000e+00  1.000000e+00
    outer loop
      vertex -4.090000e+01 -1.810000e+01  2.300000e+00
      vertex -3.905922e+01 -1.949134e+01  2.300000e+00
      vertex -3.883411e+01 -1.942306e+01  2.300000e+00
    endloop
  endfacet
  facet normal  0.000000e+00  -0.000000e+00  1.000000e+00
    outer loop
      vertex -4.090000e+01 -1.810000e+01  2.300000e+00
      vertex -3.883411e+01 -1.942306e+01  2.300000e+00
      vertex -3.860000e+01 -1.940000e+01  2.300000e+00
    endloop
  endfacet
  facet normal  0.000000e+00  -0.000000e+00  1.000000e+00
    outer loop
      vertex -4.090000e+01 -1.810000e+01  2.300000e+00
      vertex -3.860000e+01 -1.940000e+01  2.300000e+00
      vertex -3.610000e+01 -1.810000e+01  2.300000e+00
    endloop
  endfacet
  facet normal  0.000000e+00  -0.000000e+00  1.000000e+00
    outer loop
      vertex -4.250000e+01 -2.450000e+01  2.300000e+00
      vertex -4.090000e+01 -1.810000e+01  2.300000e+00
      vertex -4.090000e+01 -1.750000e+01  2.300000e+00
    endloop
  endfacet
  facet normal  0.000000e+00  0.000000e+00  1.000000e+00
    outer loop
      vertex -4.250000e+01 -2.450000e+01  2.300000e+00
      vertex -4.090000e+01 -1.750000e+01  2.300000e+00
      vertex -4.170000e+01 -1.750000e+01  2.300000e+00
    endloop
  endfacet
  facet normal  0.000000e+00  -0.000000e+00  1.000000e+00
    outer loop
      vertex -4.250000e+01 -2.450000e+01  2.300000e+00
      vertex -4.170000e+01 -1.750000e+01  2.300000e+00
      vertex -4.170000e+01  4.650000e+00  2.300000e+00
    endloop
  endfacet
  facet normal  0.000000e+00  -0.000000e+00  1.000000e+00
    outer loop
      vertex -4.250000e+01 -2.450000e+01  2.300000e+00
      vertex -4.170000e+01  4.650000e+00  2.300000e+00
      vertex -4.170000e+01  9.850000e+00  2.300000e+00
    endloop
  endfacet
  facet normal  0.000000e+00  -0.000000e+00  1.000000e+00
    outer loop
      vertex -4.250000e+01 -2.450000e+01  2.300000e+00
      vertex -4.170000e+01  9.850000e+00  2.300000e+00
      vertex -4.170000e+01  1.085000e+01  2.300000e+00
    endloop
  endfacet
  facet normal  0.000000e+00  0.000000e+00  1.000000e+00
    outer loop
      vertex -4.250000e+01 -2.450000e+01  2.300000e+00
      vertex -4.170000e+01  1.085000e+01  2.300000e+00
      vertex -4.250000e+01  2.450000e+01  2.300000e+00
    endloop
  endfacet
  facet normal  0.000000e+00  0.000000e+00  1.000000e+00
    outer loop
      vertex -2.170000e+01  3.320000e+01  2.300000e+00
      vertex -2.170000e+01  2.860000e+01  2.300000e+00
      vertex -1.726668e+01  3.199776e+01  2.300000e+00
    endloop
  endfacet
  facet normal  0.000000e+00  -0.000000e+00  9.999999e-01
    outer loop
      vertex -2.170000e+01  3.320000e+01  2.300000e+00
      vertex -1.726668e+01  3.199776e+01  2.300000e+00
      vertex -1.705922e+01  3.210865e+01  2.300000e+00
    endloop
  endfacet
  facet normal  0.000000e+00  -0.000000e+00  1.000000e+00
    outer loop
      vertex -2.170000e+01  3.320000e+01  2.300000e+00
      vertex -1.705922e+01  3.210865e+01  2.300000e+00
      vertex -1.683411e+01  3.217694e+01  2.300000e+00
    endloop
  endfacet
  facet normal  0.000000e+00  -0.000000e+00  9.999999e-01
    outer loop
      vertex -2.170000e+01  3.320000e+01  2.300000e+00
      vertex -1.683411e+01  3.217694e+01  2.300000e+00
      vertex -1.660000e+01  3.220000e+01  2.300000e+00
    endloop
  endfacet
  facet normal  0.000000e+00  -0.000000e+00  1.000000e+00
    outer loop
      vertex -2.170000e+01  3.320000e+01  2.300000e+00
      vertex -1.660000e+01  3.220000e+01  2.300000e+00
      vertex -1.370000e+01  3.320000e+01  2.300000e+00
    endloop
  endfacet
  facet normal  -0.000000e+00  0.000000e+00  1.000000e+00
    outer loop
      vertex  4.090000e+01 -1.810000e+01  2.300000e+00
      vertex  3.610000e+01 -1.810000e+01  2.300000e+00
      vertex  3.905922e+01 -1.949134e+01  2.300000e+00
    endloop
  endfacet
  facet normal  -0.000000e+00  0.000000e+00  9.999999e-01
    outer loop
      vertex  4.090000e+01 -1.810000e+01  2.300000e+00
      vertex  3.905922e+01 -1.949134e+01  2.300000e+00
      vertex  3.926669e+01 -1.960224e+01  2.300000e+00
    endloop
  endfacet
  facet normal  -0.000000e+00  0.000000e+00  1.000000e+00
    outer loop
      vertex  4.090000e+01 -1.810000e+01  2.300000e+00
      vertex  3.926669e+01 -1.960224e+01  2.300000e+00
      vertex  3.944853e+01 -1.975147e+01  2.300000e+00
    endloop
  endfacet
  facet normal  -0.000000e+00  0.000000e+00  1.000000e+00
    outer loop
      vertex  4.090000e+01 -1.810000e+01  2.300000e+00
      vertex  3.944853e+01 -1.975147e+01  2.300000e+00
      vertex  3.959776e+01 -1.993332e+01  2.300000e+00
    endloop
  endfacet
  facet normal  -0.000000e+00  0.000000e+00  1.000000e+00
    outer loop
      vertex  4.090000e+01 -1.810000e+01  2.300000e+00
      vertex  3.959776e+01 -1.993332e+01  2.300000e+00
      vertex  4.250000e+01 -2.450000e+01  2.300000e+00
    endloop
  endfacet
  facet normal  0.000000e+00  0.000000e+00  9.999999e-01
    outer loop
      vertex -3.610000e+01 -2.290000e+01  2.300000e+00
      vertex -3.749134e+01 -2.014078e+01  2.300000e+00
      vertex -3.742306e+01 -2.036589e+01  2.300000e+00
    endloop
  endfacet
  facet normal  0.000000e+00  0.000000e+00  1.000000e+00
    outer loop
      vertex -3.610000e+01 -2.290000e+01  2.300000e+00
      vertex -3.742306e+01 -2.036589e+01  2.300000e+00
      vertex -3.740000e+01 -2.060000e+01  2.300000e+00
    endloop
  endfacet
  facet normal  0.000000e+00  0.000000e+00  1.000000e+00
    outer loop
      vertex -3.610000e+01 -2.290000e+01  2.300000e+00
      vertex -3.740000e+01 -2.060000e+01  2.300000e+00
      vertex -3.742306e+01 -2.083411e+01  2.300000e+00
    endloop
  endfacet
  facet normal  0.000000e+00  0.000000e+00  1.000000e+00
    outer loop
      vertex -3.610000e+01 -2.290000e+01  2.300000e+00
      vertex -3.742306e+01 -2.083411e+01  2.300000e+00
      vertex -3.749134e+01 -2.105922e+01  2.300000e+00
    endloop
  endfacet
  facet normal  0.000000e+00  0.000000e+00  9.999999e-01
    outer loop
      vertex -3.610000e+01 -2.290000e+01  2.300000e+00
      vertex -3.749134e+01 -2.105922e+01  2.300000e+00
      vertex -3.760224e+01 -2.126668e+01  2.300000e+00
    endloop
  endfacet
  facet normal  0.000000e+00  0.000000e+00  1.000000e+00
    outer loop
      vertex -3.610000e+01 -2.290000e+01  2.300000e+00
      vertex -3.760224e+01 -2.126668e+01  2.300000e+00
      vertex -3.775147e+01 -2.144853e+01  2.300000e+00
    endloop
  endfacet
  facet normal  0.000000e+00  0.000000e+00  1.000000e+00
    outer loop
      vertex -3.610000e+01 -2.290000e+01  2.300000e+00
      vertex -3.775147e+01 -2.144853e+01  2.300000e+00
      vertex -3.793332e+01 -2.159776e+01  2.300000e+00
    endloop
  endfacet
  facet normal  0.000000e+00  0.000000e+00  1.000000e+00
    outer loop
      vertex -3.610000e+01 -2.290000e+01  2.300000e+00
      vertex -3.793332e+01 -2.159776e+01  2.300000e+00
      vertex -3.814078e+01 -2.170866e+01  2.300000e+00
    endloop
  endfacet
  facet normal  0.000000e+00  0.000000e+00  9.999999e-01
    outer loop
      vertex -3.610000e+01 -2.290000e+01  2.300000e+00
      vertex -3.814078e+01 -2.170866e+01  2.300000e+00
      vertex -3.836589e+01 -2.177694e+01  2.300000e+00
    endloop
  endfacet
  facet normal  0.000000e+00  0.000000e+00  1.000000e+00
    outer loop
      vertex -3.610000e+01 -2.290000e+01  2.300000e+00
      vertex -3.836589e+01 -2.177694e+01  2.300000e+00
      vertex -3.860000e+01 -2.180000e+01  2.300000e+00
    endloop
  endfacet
  facet normal  0.000000e+00  0.000000e+00  1.000000e+00
    outer loop
      vertex -3.610000e+01 -2.290000e+01  2.300000e+00
      vertex -3.860000e+01 -2.180000e+01  2.300000e+00
      vertex -4.250000e+01 -2.450000e+01  2.300000e+00
    endloop
  endfacet
  facet normal  0.000000e+00  0.000000e+00  1.000000e+00
    outer loop
      vertex -3.610000e+01 -2.290000e+01  2.300000e+00
      vertex -4.250000e+01 -2.450000e+01  2.300000e+00
      vertex -1.780000e+01 -2.450000e+01  2.300000e+00
    endloop
  endfacet
  facet normal  0.000000e+00  0.000000e+00  1.000000e+00
    outer loop
      vertex -3.610000e+01 -2.290000e+01  2.300000e+00
      vertex -1.780000e+01 -2.450000e+01  2.300000e+00
      vertex -1.900000e+01 -2.290000e+01  2.300000e+00
    endloop
  endfacet
  facet normal  -0.000000e+00  0.000000e+00  9.999999e-01
    outer loop
      vertex -3.610000e+01 -1.810000e+01  2.300000e+00
      vertex -3.860000e+01 -1.940000e+01  2.300000e+00
      vertex -3.836589e+01 -1.942306e+01  2.300000e+00
    endloop
  endfacet
  facet normal  -0.000000e+00  0.000000e+00  1.000000e+00
    outer loop
      vertex -3.610000e+01 -1.810000e+01  2.300000e+00
      vertex -3.836589e+01 -1.942306e+01  2.300000e+00
      vertex -3.814078e+01 -1.949134e+01  2.300000e+00
    endloop
  endfacet
  facet normal  -0.000000e+00  0.000000e+00  1.000000e+00
    outer loop
      vertex -3.610000e+01 -1.810000e+01  2.300000e+00
      vertex -3.814078e+01 -1.949134e+01  2.300000e+00
      vertex -3.793332e+01 -1.960224e+01  2.300000e+00
    endloop
  endfacet
  facet normal  -0.000000e+00  0.000000e+00  1.000000e+00
    outer loop
      vertex -3.610000e+01 -1.810000e+01  2.300000e+00
      vertex -3.793332e+01 -1.960224e+01  2.300000e+00
      vertex -3.775147e+01 -1.975147e+01  2.300000e+00
    endloop
  endfacet
  facet normal  -0.000000e+00  0.000000e+00  1.000000e+00
    outer loop
      vertex -3.610000e+01 -1.810000e+01  2.300000e+00
      vertex -3.775147e+01 -1.975147e+01  2.300000e+00
      vertex -3.760224e+01 -1.993332e+01  2.300000e+00
    endloop
  endfacet
  facet normal  -0.000000e+00  0.000000e+00  1.000000e+00
    outer loop
      vertex -3.610000e+01 -1.810000e+01  2.300000e+00
      vertex -3.760224e+01 -1.993332e+01  2.300000e+00
      vertex -3.749134e+01 -2.014078e+01  2.300000e+00
    endloop
  endfacet
  facet normal  -0.000000e+00  0.000000e+00  1.000000e+00
    outer loop
      vertex -3.610000e+01 -1.810000e+01  2.300000e+00
      vertex -3.749134e+01 -2.014078e+01  2.300000e+00
      vertex -3.610000e+01 -2.290000e+01  2.300000e+00
    endloop
  endfacet
  facet normal  0.000000e+00  0.000000e+00  1.000000e+00
    outer loop
      vertex  4.250000e+01 -2.450000e+01  2.300000e+00
      vertex  3.959776e+01 -1.993332e+01  2.300000e+00
      vertex  3.970866e+01 -2.014078e+01  2.300000e+00
    endloop
  endfacet
  facet normal  0.000000e+00  0.000000e+00  1.000000e+00
    outer loop
      vertex  4.250000e+01 -2.450000e+01  2.300000e+00
      vertex  3.970866e+01 -2.014078e+01  2.300000e+00
      vertex  3.977694e+01 -2.036589e+01  2.300000e+00
    endloop
  endfacet
  facet normal  0.000000e+00  0.000000e+00  1.000000e+00
    outer loop
      vertex  4.250000e+01 -2.450000e+01  2.300000e+00
      vertex  3.977694e+01 -2.036589e+01  2.300000e+00
      vertex  3.980000e+01 -2.060000e+01  2.300000e+00
    endloop
  endfacet
  facet normal  0.000000e+00  0.000000e+00  1.000000e+00
    outer loop
      vertex  4.250000e+01 -2.450000e+01  2.300000e+00
      vertex  3.980000e+01 -2.060000e+01  2.300000e+00
      vertex  3.977694e+01 -2.083411e+01  2.300000e+00
    endloop
  endfacet
  facet normal  0.000000e+00  0.000000e+00  1.000000e+00
    outer loop
      vertex  4.250000e+01 -2.450000e+01  2.300000e+00
      vertex  3.977694e+01 -2.083411e+01  2.300000e+00
      vertex  3.970866e+01 -2.105922e+01  2.300000e+00
    endloop
  endfacet
  facet normal  0.000000e+00  0.000000e+00  1.000000e+00
    outer loop
      vertex  4.250000e+01 -2.450000e+01  2.300000e+00
      vertex  3.970866e+01 -2.105922e+01  2.300000e+00
      vertex  3.959776e+01 -2.126668e+01  2.300000e+00
    endloop
  endfacet
  facet normal  0.000000e+00  0.000000e+00  1.000000e+00
    outer loop
      vertex  4.250000e+01 -2.450000e+01  2.300000e+00
      vertex  3.959776e+01 -2.126668e+01  2.300000e+00
      vertex  3.944853e+01 -2.144853e+01  2.300000e+00
    endloop
  endfacet
  facet normal  0.000000e+00  0.000000e+00  1.000000e+00
    outer loop
      vertex  4.250000e+01 -2.450000e+01  2.300000e+00
      vertex  3.944853e+01 -2.144853e+01  2.300000e+00
      vertex  3.926669e+01 -2.159776e+01  2.300000e+00
    endloop
  endfacet
  facet normal  0.000000e+00  0.000000e+00  1.000000e+00
    outer loop
      vertex  4.250000e+01 -2.450000e+01  2.300000e+00
      vertex  3.926669e+01 -2.159776e+01  2.300000e+00
      vertex  3.905922e+01 -2.170866e+01  2.300000e+00
    endloop
  endfacet
  facet normal  0.000000e+00  0.000000e+00  1.000000e+00
    outer loop
      vertex  4.250000e+01 -2.450000e+01  2.300000e+00
      vertex  3.905922e+01 -2.170866e+01  2.300000e+00
      vertex  3.883411e+01 -2.177694e+01  2.300000e+00
    endloop
  endfacet
  facet normal  0.000000e+00  0.000000e+00  1.000000e+00
    outer loop
      vertex  4.250000e+01 -2.450000e+01  2.300000e+00
      vertex  3.883411e+01 -2.177694e+01  2.300000e+00
      vertex  3.860000e+01 -2.180000e+01  2.300000e+00
    endloop
  endfacet
  facet normal  0.000000e+00  0.000000e+00  1.000000e+00
    outer loop
      vertex  4.250000e+01 -2.450000e+01  2.300000e+00
      vertex  4.250000e+01 -1.495000e+01  2.300000e+00
      vertex  4.170000e+01 -1.495000e+01  2.300000e+00
    endloop
  endfacet
  facet normal  0.000000e+00  0.000000e+00  1.000000e+00
    outer loop
      vertex  4.250000e+01 -2.450000e+01  2.300000e+00
      vertex  4.170000e+01 -1.495000e+01  2.300000e+00
      vertex  4.170000e+01 -1.750000e+01  2.300000e+00
    endloop
  endfacet
  facet normal  0.000000e+00  0.000000e+00  1.000000e+00
    outer loop
      vertex  4.250000e+01 -2.450000e+01  2.300000e+00
      vertex  4.170000e+01 -1.750000e+01  2.300000e+00
      vertex  4.090000e+01 -1.750000e+01  2.300000e+00
    endloop
  endfacet
  facet normal  0.000000e+00  0.000000e+00  1.000000e+00
    outer loop
      vertex  4.250000e+01 -2.450000e+01  2.300000e+00
      vertex  4.090000e+01 -1.750000e+01  2.300000e+00
      vertex  4.090000e+01 -1.810000e+01  2.300000e+00
    endloop
  endfacet
  facet normal  0.000000e+00  0.000000e+00  1.000000e+00
    outer loop
      vertex -4.250000e+01 -2.450000e+01  2.300000e+00
      vertex -3.860000e+01 -2.180000e+01  2.300000e+00
      vertex -3.883411e+01 -2.177694e+01  2.300000e+00
    endloop
  endfacet
  facet normal  0.000000e+00  0.000000e+00  9.999999e-01
    outer loop
      vertex -4.250000e+01 -2.450000e+01  2.300000e+00
      vertex -3.883411e+01 -2.177694e+01  2.300000e+00
      vertex -3.905922e+01 -2.170866e+01  2.300000e+00
    endloop
  endfacet
  facet normal  0.000000e+00  0.000000e+00  1.000000e+00
    outer loop
      vertex -4.250000e+01 -2.450000e+01  2.300000e+00
      vertex -3.905922e+01 -2.170866e+01  2.300000e+00
      vertex -3.926669e+01 -2.159776e+01  2.300000e+00
    endloop
  endfacet
  facet normal  0.000000e+00  0.000000e+00  1.000000e+00
    outer loop
      vertex -4.250000e+01 -2.450000e+01  2.300000e+00
      vertex -3.926669e+01 -2.159776e+01  2.300000e+00
      vertex -3.944853e+01 -2.144853e+01  2.300000e+00
    endloop
  endfacet
  facet normal  0.000000e+00  0.000000e+00  1.000000e+00
    outer loop
      vertex -4.250000e+01 -2.450000e+01  2.300000e+00
      vertex -3.944853e+01 -2.144853e+01  2.300000e+00
      vertex -3.959776e+01 -2.126668e+01  2.300000e+00
    endloop
  endfacet
  facet normal  0.000000e+00  0.000000e+00  1.000000e+00
    outer loop
      vertex -4.250000e+01 -2.450000e+01  2.300000e+00
      vertex -3.959776e+01 -2.126668e+01  2.300000e+00
      vertex -3.970866e+01 -2.105922e+01  2.300000e+00
    endloop
  endfacet
  facet normal  0.000000e+00  0.000000e+00  1.000000e+00
    outer loop
      vertex -4.250000e+01 -2.450000e+01  2.300000e+00
      vertex -3.970866e+01 -2.105922e+01  2.300000e+00
      vertex -3.977694e+01 -2.083411e+01  2.300000e+00
    endloop
  endfacet
  facet normal  0.000000e+00  0.000000e+00  1.000000e+00
    outer loop
      vertex -4.250000e+01 -2.450000e+01  2.300000e+00
      vertex -3.977694e+01 -2.083411e+01  2.300000e+00
      vertex -3.980000e+01 -2.060000e+01  2.300000e+00
    endloop
  endfacet
  facet normal  0.000000e+00  -0.000000e+00  1.000000e+00
    outer loop
      vertex -4.250000e+01 -2.450000e+01  2.300000e+00
      vertex -3.980000e+01 -2.060000e+01  2.300000e+00
      vertex -3.977694e+01 -2.036589e+01  2.300000e+00
    endloop
  endfacet
  facet normal  0.000000e+00  -0.000000e+00  1.000000e+00
    outer loop
      vertex -4.250000e+01 -2.450000e+01  2.300000e+00
      vertex -3.977694e+01 -2.036589e+01  2.300000e+00
      vertex -3.970866e+01 -2.014078e+01  2.300000e+00
    endloop
  endfacet
  facet normal  0.000000e+00  -0.000000e+00  1.000000e+00
    outer loop
      vertex -4.250000e+01 -2.450000e+01  2.300000e+00
      vertex -3.970866e+01 -2.014078e+01  2.300000e+00
      vertex -3.959776e+01 -1.993332e+01  2.300000e+00
    endloop
  endfacet
  facet normal  0.000000e+00  -0.000000e+00  9.999999e-01
    outer loop
      vertex -2.170000e+01  2.860000e+01  2.300000e+00
      vertex -2.090000e+01  2.860000e+01  2.300000e+00
      vertex -2.090000e+01  2.880000e+01  2.300000e+00
    endloop
  endfacet
  facet normal  0.000000e+00  -0.000000e+00  1.000000e+00
    outer loop
      vertex -2.170000e+01  2.860000e+01  2.300000e+00
      vertex -2.090000e+01  2.880000e+01  2.300000e+00
      vertex -1.683411e+01  2.982306e+01  2.300000e+00
    endloop
  endfacet
  facet normal  0.000000e+00  0.000000e+00  1.000000e+00
    outer loop
      vertex -2.170000e+01  2.860000e+01  2.300000e+00
      vertex -1.683411e+01  2.982306e+01  2.300000e+00
      vertex -1.705922e+01  2.989134e+01  2.300000e+00
    endloop
  endfacet
  facet normal  0.000000e+00  0.000000e+00  1.000000e+00
    outer loop
      vertex -2.170000e+01  2.860000e+01  2.300000e+00
      vertex -1.705922e+01  2.989134e+01  2.300000e+00
      vertex -1.726668e+01  3.000224e+01  2.300000e+00
    endloop
  endfacet
  facet normal  0.000000e+00  0.000000e+00  1.000000e+00
    outer loop
      vertex -2.170000e+01  2.860000e+01  2.300000e+00
      vertex -1.726668e+01  3.000224e+01  2.300000e+00
      vertex -1.744853e+01  3.015147e+01  2.300000e+00
    endloop
  endfacet
  facet normal  0.000000e+00  0.000000e+00  1.000000e+00
    outer loop
      vertex -2.170000e+01  2.860000e+01  2.300000e+00
      vertex -1.744853e+01  3.015147e+01  2.300000e+00
      vertex -1.759776e+01  3.033331e+01  2.300000e+00
    endloop
  endfacet
  facet normal  0.000000e+00  0.000000e+00  1.000000e+00
    outer loop
      vertex -2.170000e+01  2.860000e+01  2.300000e+00
      vertex -1.759776e+01  3.033331e+01  2.300000e+00
      vertex -1.770866e+01  3.054078e+01  2.300000e+00
    endloop
  endfacet
  facet normal  0.000000e+00  0.000000e+00  1.000000e+00
    outer loop
      vertex -2.170000e+01  2.860000e+01  2.300000e+00
      vertex -1.770866e+01  3.054078e+01  2.300000e+00
      vertex -1.777694e+01  3.076589e+01  2.300000e+00
    endloop
  endfacet
  facet normal  0.000000e+00  0.000000e+00  1.000000e+00
    outer loop
      vertex -2.170000e+01  2.860000e+01  2.300000e+00
      vertex -1.777694e+01  3.076589e+01  2.300000e+00
      vertex -1.780000e+01  3.100000e+01  2.300000e+00
    endloop
  endfacet
  facet normal  0.000000e+00  -0.000000e+00  9.999999e-01
    outer loop
      vertex -2.170000e+01  2.860000e+01  2.300000e+00
      vertex -1.780000e+01  3.100000e+01  2.300000e+00
      vertex -1.777694e+01  3.123411e+01  2.300000e+00
    endloop
  endfacet
  facet normal  0.000000e+00  -0.000000e+00  1.000000e+00
    outer loop
      vertex -2.170000e+01  2.860000e+01  2.300000e+00
      vertex -1.777694e+01  3.123411e+01  2.300000e+00
      vertex -1.770866e+01  3.145922e+01  2.300000e+00
    endloop
  endfacet
  facet normal  0.000000e+00  -0.000000e+00  1.000000e+00
    outer loop
      vertex -2.170000e+01  2.860000e+01  2.300000e+00
      vertex -1.770866e+01  3.145922e+01  2.300000e+00
      vertex -1.759776e+01  3.166669e+01  2.300000e+00
    endloop
  endfacet
  facet normal  0.000000e+00  -0.000000e+00  1.000000e+00
    outer loop
      vertex -2.170000e+01  2.860000e+01  2.300000e+00
      vertex -1.759776e+01  3.166669e+01  2.300000e+00
      vertex -1.744853e+01  3.184853e+01  2.300000e+00
    endloop
  endfacet
  facet normal  0.000000e+00  -0.000000e+00  9.999999e-01
    outer loop
      vertex -2.170000e+01  2.860000e+01  2.300000e+00
      vertex -1.744853e+01  3.184853e+01  2.300000e+00
      vertex -1.726668e+01  3.199776e+01  2.300000e+00
    endloop
  endfacet
  facet normal  0.000000e+00  0.000000e+00  1.000000e+00
    outer loop
      vertex -2.250000e+01  3.850000e+01  2.300000e+00
      vertex -2.250000e+01  2.450000e+01  2.300000e+00
      vertex -2.170000e+01  2.590000e+01  2.300000e+00
    endloop
  endfacet
  facet normal  0.000000e+00  -0.000000e+00  1.000000e+00
    outer loop
      vertex -2.250000e+01  3.850000e+01  2.300000e+00
      vertex -2.170000e+01  2.590000e+01  2.300000e+00
      vertex -2.170000e+01  2.860000e+01  2.300000e+00
    endloop
  endfacet
  facet normal  0.000000e+00  -0.000000e+00  9.999999e-01
    outer loop
      vertex -2.250000e+01  3.850000e+01  2.300000e+00
      vertex -2.170000e+01  2.860000e+01  2.300000e+00
      vertex -2.170000e+01  3.320000e+01  2.300000e+00
    endloop
  endfacet
  facet normal  0.000000e+00  -0.000000e+00  1.000000e+00
    outer loop
      vertex -2.250000e+01  3.850000e+01  2.300000e+00
      vertex -2.170000e+01  3.320000e+01  2.300000e+00
      vertex -2.170000e+01  3.750000e+01  2.300000e+00
    endloop
  endfacet
  facet normal  0.000000e+00  -0.000000e+00  9.999999e-01
    outer loop
      vertex -2.250000e+01  3.850000e+01  2.300000e+00
      vertex -2.170000e+01  3.750000e+01  2.300000e+00
      vertex -2.060000e+01  3.850000e+01  2.300000e+00
    endloop
  endfacet
  facet normal  0.000000e+00  0.000000e+00  9.999999e-01
    outer loop
      vertex -1.370000e+01  2.880000e+01  2.300000e+00
      vertex -1.560224e+01  3.166669e+01  2.300000e+00
      vertex -1.549134e+01  3.145922e+01  2.300000e+00
    endloop
  endfacet
  facet normal  0.000000e+00  0.000000e+00  1.000000e+00
    outer loop
      vertex -1.370000e+01  2.880000e+01  2.300000e+00
      vertex -1.549134e+01  3.145922e+01  2.300000e+00
      vertex -1.542306e+01  3.123411e+01  2.300000e+00
    endloop
  endfacet
  facet normal  0.000000e+00  0.000000e+00  1.000000e+00
    outer loop
      vertex -1.370000e+01  2.880000e+01  2.300000e+00
      vertex -1.542306e+01  3.123411e+01  2.300000e+00
      vertex -1.540000e+01  3.100000e+01  2.300000e+00
    endloop
  endfacet
  facet normal  0.000000e+00  0.000000e+00  1.000000e+00
    outer loop
      vertex -1.370000e+01  2.880000e+01  2.300000e+00
      vertex -1.540000e+01  3.100000e+01  2.300000e+00
      vertex -1.542306e+01  3.076589e+01  2.300000e+00
    endloop
  endfacet
  facet normal  0.000000e+00  0.000000e+00  1.000000e+00
    outer loop
      vertex -1.370000e+01  2.880000e+01  2.300000e+00
      vertex -1.542306e+01  3.076589e+01  2.300000e+00
      vertex -1.549134e+01  3.054078e+01  2.300000e+00
    endloop
  endfacet
  facet normal  0.000000e+00  0.000000e+00  1.000000e+00
    outer loop
      vertex -1.370000e+01  2.880000e+01  2.300000e+00
      vertex -1.549134e+01  3.054078e+01  2.300000e+00
      vertex -1.560224e+01  3.033331e+01  2.300000e+00
    endloop
  endfacet
  facet normal  0.000000e+00  0.000000e+00  1.000000e+00
    outer loop
      vertex -1.370000e+01  2.880000e+01  2.300000e+00
      vertex -1.560224e+01  3.033331e+01  2.300000e+00
      vertex -1.575147e+01  3.015147e+01  2.300000e+00
    endloop
  endfacet
  facet normal  0.000000e+00  0.000000e+00  1.000000e+00
    outer loop
      vertex -1.370000e+01  2.880000e+01  2.300000e+00
      vertex -1.575147e+01  3.015147e+01  2.300000e+00
      vertex -1.593332e+01  3.000224e+01  2.300000e+00
    endloop
  endfacet
  facet normal  0.000000e+00  0.000000e+00  1.000000e+00
    outer loop
      vertex -1.370000e+01  2.880000e+01  2.300000e+00
      vertex -1.593332e+01  3.000224e+01  2.300000e+00
      vertex -1.614078e+01  2.989134e+01  2.300000e+00
    endloop
  endfacet
  facet normal  0.000000e+00  0.000000e+00  1.000000e+00
    outer loop
      vertex -1.370000e+01  2.880000e+01  2.300000e+00
      vertex -1.614078e+01  2.989134e+01  2.300000e+00
      vertex -1.636589e+01  2.982306e+01  2.300000e+00
    endloop
  endfacet
  facet normal  0.000000e+00  0.000000e+00  1.000000e+00
    outer loop
      vertex -1.370000e+01  2.880000e+01  2.300000e+00
      vertex -1.636589e+01  2.982306e+01  2.300000e+00
      vertex -1.660000e+01  2.980000e+01  2.300000e+00
    endloop
  endfacet
  facet normal  0.000000e+00  0.000000e+00  1.000000e+00
    outer loop
      vertex -1.370000e+01  2.880000e+01  2.300000e+00
      vertex -1.660000e+01  2.980000e+01  2.300000e+00
      vertex -1.683411e+01  2.982306e+01  2.300000e+00
    endloop
  endfacet
  facet normal  0.000000e+00  0.000000e+00  1.000000e+00
    outer loop
      vertex -1.370000e+01  2.880000e+01  2.300000e+00
      vertex -1.683411e+01  2.982306e+01  2.300000e+00
      vertex -2.090000e+01  2.880000e+01  2.300000e+00
    endloop
  endfacet
  facet normal  -0.000000e+00  0.000000e+00  1.000000e+00
    outer loop
      vertex -1.370000e+01  3.320000e+01  2.300000e+00
      vertex -1.660000e+01  3.220000e+01  2.300000e+00
      vertex -1.636589e+01  3.217694e+01  2.300000e+00
    endloop
  endfacet
  facet normal  -0.000000e+00  0.000000e+00  1.000000e+00
    outer loop
      vertex -1.370000e+01  3.320000e+01  2.300000e+00
      vertex -1.636589e+01  3.217694e+01  2.300000e+00
      vertex -1.614078e+01  3.210865e+01  2.300000e+00
    endloop
  endfacet
  facet normal  -0.000000e+00  0.000000e+00  1.000000e+00
    outer loop
      vertex -1.370000e+01  3.320000e+01  2.300000e+00
      vertex -1.614078e+01  3.210865e+01  2.300000e+00
      vertex -1.593332e+01  3.199776e+01  2.300000e+00
    endloop
  endfacet
  facet normal  -0.000000e+00  0.000000e+00  1.000000e+00
    outer loop
      vertex -1.370000e+01  3.320000e+01  2.300000e+00
      vertex -1.593332e+01  3.199776e+01  2.300000e+00
      vertex -1.575147e+01  3.184853e+01  2.300000e+00
    endloop
  endfacet
  facet normal  -0.000000e+00  0.000000e+00  1.000000e+00
    outer loop
      vertex -1.370000e+01  3.320000e+01  2.300000e+00
      vertex -1.575147e+01  3.184853e+01  2.300000e+00
      vertex -1.560224e+01  3.166669e+01  2.300000e+00
    endloop
  endfacet
  facet normal  -0.000000e+00  0.000000e+00  1.000000e+00
    outer loop
      vertex -1.370000e+01  3.320000e+01  2.300000e+00
      vertex -1.560224e+01  3.166669e+01  2.300000e+00
      vertex -1.370000e+01  2.880000e+01  2.300000e+00
    endloop
  endfacet
  facet normal  0.000000e+00  -0.000000e+00  1.000000e+00
    outer loop
      vertex -4.250000e+01  2.450000e+01  2.300000e+00
      vertex -3.100000e+01  2.370000e+01  2.300000e+00
      vertex -2.250000e+01  2.450000e+01  2.300000e+00
    endloop
  endfacet
  facet normal  0.000000e+00  0.000000e+00  1.000000e+00
    outer loop
      vertex -2.250000e+01  2.450000e+01  2.300000e+00
      vertex -3.100000e+01  2.370000e+01  2.300000e+00
      vertex -2.170000e+01  2.370000e+01  2.300000e+00
    endloop
  endfacet
  facet normal  0.000000e+00  -0.000000e+00  9.999999e-01
    outer loop
      vertex -2.250000e+01  2.450000e+01  2.300000e+00
      vertex -2.170000e+01  2.370000e+01  2.300000e+00
      vertex -2.170000e+01  2.590000e+01  2.300000e+00
    endloop
  endfacet
  facet normal  -0.000000e+00  0.000000e+00  1.000000e+00
    outer loop
      vertex  2.180000e+01 -1.830000e+01  2.300000e+00
      vertex -1.900000e+01 -1.830000e+01  2.300000e+00
      vertex  2.180000e+01 -1.910000e+01  2.300000e+00
    endloop
  endfacet
  facet normal  0.000000e+00  0.000000e+00  1.000000e+00
    outer loop
      vertex  2.180000e+01 -1.910000e+01  2.300000e+00
      vertex -1.900000e+01 -1.830000e+01  2.300000e+00
      vertex -1.900000e+01 -1.910000e+01  2.300000e+00
    endloop
  endfacet
  facet normal  -0.000000e+00  0.000000e+00  1.000000e+00
    outer loop
      vertex  2.180000e+01 -1.910000e+01  2.300000e+00
      vertex -1.900000e+01 -1.910000e+01  2.300000e+00
      vertex -1.780000e+01 -1.950000e+01  2.300000e+00
    endloop
  endfacet
  facet normal  0.000000e+00  0.000000e+00  1.000000e+00
    outer loop
      vertex -1.900000e+01 -2.290000e+01  2.300000e+00
      vertex -1.780000e+01 -2.450000e+01  2.300000e+00
      vertex -1.900000e+01 -1.910000e+01  2.300000e+00
    endloop
  endfacet
  facet normal  0.000000e+00  0.000000e+00  1.000000e+00
    outer loop
      vertex -1.900000e+01 -1.910000e+01  2.300000e+00
      vertex -1.780000e+01 -2.450000e+01  2.300000e+00
      vertex -1.780000e+01 -1.950000e+01  2.300000e+00
    endloop
  endfacet
  facet normal  -0.000000e+00  0.000000e+00  1.000000e+00
    outer loop
      vertex  4.450000e+01  1.085000e+01  2.300000e+00
      vertex  4.250000e+01  1.085000e+01  2.300000e+00
      vertex  4.450000e+01  1.000000e+01  2.300000e+00
    endloop
  endfacet
  facet normal  0.000000e+00  0.000000e+00  1.000000e+00
    outer loop
      vertex  4.450000e+01  1.000000e+01  2.300000e+00
      vertex  4.250000e+01  1.085000e+01  2.300000e+00
      vertex  4.250000e+01  9.850000e+00  2.300000e+00
    endloop
  endfacet
  facet normal  -0.000000e+00  0.000000e+00  1.000000e+00
    outer loop
      vertex  4.450000e+01  1.000000e+01  2.300000e+00
      vertex  4.250000e+01  9.850000e+00  2.300000e+00
      vertex  4.350000e+01  9.000000e+00  2.300000e+00
    endloop
  endfacet
  facet normal  0.000000e+00  0.000000e+00  1.000000e+00
    outer loop
      vertex  4.350000e+01  9.000000e+00  2.300000e+00
      vertex  4.250000e+01  9.850000e+00  2.300000e+00
      vertex  4.250000e+01  9.000000e+00  2.300000e+00
    endloop
  endfacet
  facet normal  0.000000e+00  -0.000000e+00  1.000000e+00
    outer loop
      vertex  4.250000e+01  9.000000e+00  2.300000e+00
      vertex  4.250000e+01  9.850000e+00  2.300000e+00
      vertex  4.170000e+01  9.850000e+00  2.300000e+00
    endloop
  endfacet
  facet normal  0.000000e+00  0.000000e+00  1.000000e+00
    outer loop
      vertex  4.250000e+01  9.000000e+00  2.300000e+00
      vertex  4.170000e+01  9.850000e+00  2.300000e+00
      vertex  4.250000e+01  8.500000e-01  2.300000e+00
    endloop
  endfacet
  facet normal  0.000000e+00  0.000000e+00  9.999999e-01
    outer loop
      vertex  4.250000e+01  8.500000e-01  2.300000e+00
      vertex  4.170000e+01  9.850000e+00  2.300000e+00
      vertex  4.170000e+01  8.500000e-01  2.300000e+00
    endloop
  endfacet
  facet normal  -0.000000e+00  0.000000e+00 -1.000000e+00
    outer loop
      vertex -2.060000e+01  3.690000e+01 -2.000000e-01
      vertex  2.060000e+01  3.690000e+01 -2.000000e-01
      vertex  1.683075e+01  3.378474e+01 -2.000000e-01
    endloop
  endfacet
  facet normal  0.000000e+00  0.000000e+00 -1.000000e+00
    outer loop
      vertex -2.060000e+01  3.690000e+01 -2.000000e-01
      vertex  1.683075e+01  3.378474e+01 -2.000000e-01
      vertex  1.636925e+01  3.378474e+01 -2.000000e-01
    endloop
  endfacet
  facet normal  0.000000e+00  0.000000e+00 -1.000000e+00
    outer loop
      vertex -2.060000e+01  3.690000e+01 -2.000000e-01
      vertex  1.636925e+01  3.378474e+01 -2.000000e-01
      vertex -1.636925e+01  3.378474e+01 -2.000000e-01
    endloop
  endfacet
  facet normal  0.000000e+00  0.000000e+00 -1.000000e+00
    outer loop
      vertex -2.060000e+01  3.690000e+01 -2.000000e-01
      vertex -1.636925e+01  3.378474e+01 -2.000000e-01
      vertex -1.683075e+01  3.378474e+01 -2.000000e-01
    endloop
  endfacet
  facet normal  -0.000000e+00  0.000000e+00 -9.999999e-01
    outer loop
      vertex -2.060000e+01  3.690000e+01 -2.000000e-01
      vertex -1.683075e+01  3.378474e+01 -2.000000e-01
      vertex -1.728596e+01  3.370879e+01 -2.000000e-01
    endloop
  endfacet
  facet normal  -0.000000e+00  0.000000e+00 -1.000000e+00
    outer loop
      vertex -2.060000e+01  3.690000e+01 -2.000000e-01
      vertex -1.728596e+01  3.370879e+01 -2.000000e-01
      vertex -1.772245e+01  3.355894e+01 -2.000000e-01
    endloop
  endfacet
  facet normal  -0.000000e+00  0.000000e+00 -1.000000e+00
    outer loop
      vertex -2.060000e+01  3.690000e+01 -2.000000e-01
      vertex -1.772245e+01  3.355894e+01 -2.000000e-01
      vertex -1.812833e+01  3.333929e+01 -2.000000e-01
    endloop
  endfacet
  facet normal  -0.000000e+00  0.000000e+00 -1.000000e+00
    outer loop
      vertex -2.060000e+01  3.690000e+01 -2.000000e-01
      vertex -1.812833e+01  3.333929e+01 -2.000000e-01
      vertex -1.849252e+01  3.305582e+01 -2.000000e-01
    endloop
  endfacet
  facet normal  -0.000000e+00  0.000000e+00 -9.999999e-01
    outer loop
      vertex -2.060000e+01  3.690000e+01 -2.000000e-01
      vertex -1.849252e+01  3.305582e+01 -2.000000e-01
      vertex -1.880509e+01  3.271629e+01 -2.000000e-01
    endloop
  endfacet
  facet normal  -0.000000e+00  0.000000e+00 -1.000000e+00
    outer loop
      vertex -2.060000e+01  3.690000e+01 -2.000000e-01
      vertex -1.880509e+01  3.271629e+01 -2.000000e-01
      vertex -1.905750e+01  3.232993e+01 -2.000000e-01
    endloop
  endfacet
  facet normal  -0.000000e+00  0.000000e+00 -9.999999e-01
    outer loop
      vertex -2.060000e+01  3.690000e+01 -2.000000e-01
      vertex -1.905750e+01  3.232993e+01 -2.000000e-01
      vertex -1.924289e+01  3.190730e+01 -2.000000e-01
    endloop
  endfacet
  facet normal  -0.000000e+00  0.000000e+00 -1.000000e+00
    outer loop
      vertex -2.060000e+01  3.690000e+01 -2.000000e-01
      vertex -1.924289e+01  3.190730e+01 -2.000000e-01
      vertex -1.935618e+01  3.145992e+01 -2.000000e-01
    endloop
  endfacet
  facet normal  -0.000000e+00  0.000000e+00 -1.000000e+00
    outer loop
      vertex -2.060000e+01  3.690000e+01 -2.000000e-01
      vertex -1.935618e+01  3.145992e+01 -2.000000e-01
      vertex -1.939429e+01  3.100000e+01 -2.000000e-01
    endloop
  endfacet
  facet normal  -0.000000e+00  -0.000000e+00 -1.000000e+00
    outer loop
      vertex -2.060000e+01  3.690000e+01 -2.000000e-01
      vertex -1.939429e+01  3.100000e+01 -2.000000e-01
      vertex -1.935618e+01  3.054008e+01 -2.000000e-01
    endloop
  endfacet
  facet normal  0.000000e+00  0.000000e+00 -1.000000e+00
    outer loop
      vertex -1.780000e+01 -2.450000e+01 -2.000000e-01
      vertex -4.250000e+01 -2.450000e+01 -2.000000e-01
      vertex -3.883075e+01 -2.338475e+01 -2.000000e-01
    endloop
  endfacet
  facet normal  0.000000e+00  0.000000e+00 -1.000000e+00
    outer loop
      vertex -1.780000e+01 -2.450000e+01 -2.000000e-01
      vertex -3.883075e+01 -2.338475e+01 -2.000000e-01
      vertex -3.836925e+01 -2.338475e+01 -2.000000e-01
    endloop
  endfacet
  facet normal  0.000000e+00  0.000000e+00 -1.000000e+00
    outer loop
      vertex -1.780000e+01 -2.450000e+01 -2.000000e-01
      vertex -3.836925e+01 -2.338475e+01 -2.000000e-01
      vertex -3.791404e+01 -2.330879e+01 -2.000000e-01
    endloop
  endfacet
  facet normal  0.000000e+00  0.000000e+00 -9.999999e-01
    outer loop
      vertex -1.780000e+01 -2.450000e+01 -2.000000e-01
      vertex -3.791404e+01 -2.330879e+01 -2.000000e-01
      vertex -1.780000e+01 -1.950000e+01 -2.000000e-01
    endloop
  endfacet
  facet normal  0.000000e+00  0.000000e+00 -1.000000e+00
    outer loop
      vertex -1.780000e+01 -1.950000e+01 -2.000000e-01
      vertex -3.791404e+01 -2.330879e+01 -2.000000e-01
      vertex -3.747755e+01 -2.315894e+01 -2.000000e-01
    endloop
  endfacet
  facet normal  0.000000e+00  0.000000e+00 -1.000000e+00
    outer loop
      vertex -1.780000e+01 -1.950000e+01 -2.000000e-01
      vertex -3.747755e+01 -2.315894e+01 -2.000000e-01
      vertex -3.707167e+01 -2.293929e+01 -2.000000e-01
    endloop
  endfacet
  facet normal  0.000000e+00  0.000000e+00 -1.000000e+00
    outer loop
      vertex -1.780000e+01 -1.950000e+01 -2.000000e-01
      vertex -3.707167e+01 -2.293929e+01 -2.000000e-01
      vertex -3.670748e+01 -2.265583e+01 -2.000000e-01
    endloop
  endfacet
  facet normal  0.000000e+00  0.000000e+00 -1.000000e+00
    outer loop
      vertex -1.780000e+01 -1.950000e+01 -2.000000e-01
      vertex -3.670748e+01 -2.265583e+01 -2.000000e-01
      vertex -3.639491e+01 -2.231629e+01 -2.000000e-01
    endloop
  endfacet
  facet normal  0.000000e+00  0.000000e+00 -9.999999e-01
    outer loop
      vertex -1.780000e+01 -1.950000e+01 -2.000000e-01
      vertex -3.639491e+01 -2.231629e+01 -2.000000e-01
      vertex -3.614249e+01 -2.192994e+01 -2.000000e-01
    endloop
  endfacet
  facet normal  0.000000e+00  0.000000e+00 -1.000000e+00
    outer loop
      vertex -1.780000e+01 -1.950000e+01 -2.000000e-01
      vertex -3.614249e+01 -2.192994e+01 -2.000000e-01
      vertex -3.595711e+01 -2.150731e+01 -2.000000e-01
    endloop
  endfacet
  facet normal  0.000000e+00  0.000000e+00 -1.000000e+00
    outer loop
      vertex -1.780000e+01 -1.950000e+01 -2.000000e-01
      vertex -3.595711e+01 -2.150731e+01 -2.000000e-01
      vertex -3.584382e+01 -2.105993e+01 -2.000000e-01
    endloop
  endfacet
  facet normal  0.000000e+00  0.000000e+00 -1.000000e+00
    outer loop
      vertex -1.780000e+01 -1.950000e+01 -2.000000e-01
      vertex -3.584382e+01 -2.105993e+01 -2.000000e-01
      vertex -3.580571e+01 -2.060000e+01 -2.000000e-01
    endloop
  endfacet
  facet normal  0.000000e+00  0.000000e+00 -1.000000e+00
    outer loop
      vertex -1.780000e+01 -1.950000e+01 -2.000000e-01
      vertex -3.580571e+01 -2.060000e+01 -2.000000e-01
      vertex -3.584382e+01 -2.014008e+01 -2.000000e-01
    endloop
  endfacet
  facet normal  0.000000e+00  0.000000e+00 -1.000000e+00
    outer loop
      vertex -1.780000e+01 -1.950000e+01 -2.000000e-01
      vertex -3.584382e+01 -2.014008e+01 -2.000000e-01
      vertex -3.595711e+01 -1.969270e+01 -2.000000e-01
    endloop
  endfacet
  facet normal  0.000000e+00  0.000000e+00 -1.000000e+00
    outer loop
      vertex -1.780000e+01 -1.950000e+01 -2.000000e-01
      vertex -3.595711e+01 -1.969270e+01 -2.000000e-01
      vertex -3.614249e+01 -1.927007e+01 -2.000000e-01
    endloop
  endfacet
  facet normal  0.000000e+00  0.000000e+00 -9.999999e-01
    outer loop
      vertex -1.780000e+01 -1.950000e+01 -2.000000e-01
      vertex -3.614249e+01 -1.927007e+01 -2.000000e-01
      vertex -2.250000e+01  2.450000e+01 -2.000000e-01
    endloop
  endfacet
  facet normal  0.000000e+00  0.000000e+00 -9.999999e-01
    outer loop
      vertex -1.780000e+01 -1.950000e+01 -2.000000e-01
      vertex -2.250000e+01  2.450000e+01 -2.000000e-01
      vertex -1.683075e+01  2.821525e+01 -2.000000e-01
    endloop
  endfacet
  facet normal  0.000000e+00  -0.000000e+00 -1.000000e+00
    outer loop
      vertex -1.780000e+01 -1.950000e+01 -2.000000e-01
      vertex -1.683075e+01  2.821525e+01 -2.000000e-01
      vertex -1.636925e+01  2.821525e+01 -2.000000e-01
    endloop
  endfacet
  facet normal  0.000000e+00  -0.000000e+00 -1.000000e+00
    outer loop
      vertex -1.780000e+01 -1.950000e+01 -2.000000e-01
      vertex -1.636925e+01  2.821525e+01 -2.000000e-01
      vertex  1.636925e+01  2.821525e+01 -2.000000e-01
    endloop
  endfacet
  facet normal  0.000000e+00  0.000000e+00 -9.999999e-01
    outer loop
      vertex  2.060000e+01 -2.450000e+01 -2.000000e-01
      vertex  2.060000e+01 -1.950000e+01 -2.000000e-01
      vertex  3.791404e+01 -2.330879e+01 -2.000000e-01
    endloop
  endfacet
  facet normal  0.000000e+00  -0.000000e+00 -9.999999e-01
    outer loop
      vertex  2.060000e+01 -2.450000e+01 -2.000000e-01
      vertex  3.791404e+01 -2.330879e+01 -2.000000e-01
      vertex  3.836925e+01 -2.338475e+01 -2.000000e-01
    endloop
  endfacet
  facet normal  0.000000e+00  -0.000000e+00 -1.000000e+00
    outer loop
      vertex  2.060000e+01 -2.450000e+01 -2.000000e-01
      vertex  3.836925e+01 -2.338475e+01 -2.000000e-01
      vertex  3.883075e+01 -2.338475e+01 -2.000000e-01
    endloop
  endfacet
  facet normal  0.000000e+00  -0.000000e+00 -1.000000e+00
    outer loop
      vertex  2.060000e+01 -2.450000e+01 -2.000000e-01
      vertex  3.883075e+01 -2.338475e+01 -2.000000e-01
      vertex  4.250000e+01 -2.450000e+01 -2.000000e-01
    endloop
  endfacet
  facet normal  -0.000000e+00  -0.000000e+00 -1.000000e+00
    outer loop
      vertex  2.250000e+01  2.600000e+01 -2.000000e-01
      vertex  4.450000e+01  2.600000e+01 -2.000000e-01
      vertex  4.450000e+01  1.000000e+01 -2.000000e-01
    endloop
  endfacet
  facet normal  -0.000000e+00  0.000000e+00 -1.000000e+00
    outer loop
      vertex  2.250000e+01  2.600000e+01 -2.000000e-01
      vertex  4.450000e+01  1.000000e+01 -2.000000e-01
      vertex  4.350000e+01  9.000000e+00 -2.000000e-01
    endloop
  endfacet
  facet normal  0.000000e+00  0.000000e+00 -1.000000e+00
    outer loop
      vertex  2.250000e+01  2.600000e+01 -2.000000e-01
      vertex  4.350000e+01  9.000000e+00 -2.000000e-01
      vertex  4.250000e+01  9.000000e+00 -2.000000e-01
    endloop
  endfacet
  facet normal  -0.000000e+00  0.000000e+00 -1.000000e+00
    outer loop
      vertex  2.250000e+01  2.600000e+01 -2.000000e-01
      vertex  4.250000e+01  9.000000e+00 -2.000000e-01
      vertex  3.883075e+01 -1.781526e+01 -2.000000e-01
    endloop
  endfacet
  facet normal  0.000000e+00  0.000000e+00 -1.000000e+00
    outer loop
      vertex  2.250000e+01  2.600000e+01 -2.000000e-01
      vertex  3.883075e+01 -1.781526e+01 -2.000000e-01
      vertex  3.836925e+01 -1.781526e+01 -2.000000e-01
    endloop
  endfacet
  facet normal  -0.000000e+00  0.000000e+00 -1.000000e+00
    outer loop
      vertex  2.250000e+01  2.600000e+01 -2.000000e-01
      vertex  3.836925e+01 -1.781526e+01 -2.000000e-01
      vertex  3.791404e+01 -1.789122e+01 -2.000000e-01
    endloop
  endfacet
  facet normal  -0.000000e+00  0.000000e+00 -1.000000e+00
    outer loop
      vertex  2.250000e+01  2.600000e+01 -2.000000e-01
      vertex  3.791404e+01 -1.789122e+01 -2.000000e-01
      vertex  3.747755e+01 -1.804107e+01 -2.000000e-01
    endloop
  endfacet
  facet normal  -0.000000e+00  0.000000e+00 -1.000000e+00
    outer loop
      vertex  2.250000e+01  2.600000e+01 -2.000000e-01
      vertex  3.747755e+01 -1.804107e+01 -2.000000e-01
      vertex  3.707167e+01 -1.826072e+01 -2.000000e-01
    endloop
  endfacet
  facet normal  -0.000000e+00  0.000000e+00 -1.000000e+00
    outer loop
      vertex  2.250000e+01  2.600000e+01 -2.000000e-01
      vertex  3.707167e+01 -1.826072e+01 -2.000000e-01
      vertex  3.670748e+01 -1.854418e+01 -2.000000e-01
    endloop
  endfacet
  facet normal  -0.000000e+00  0.000000e+00 -1.000000e+00
    outer loop
      vertex  2.250000e+01  2.600000e+01 -2.000000e-01
      vertex  3.670748e+01 -1.854418e+01 -2.000000e-01
      vertex  3.639491e+01 -1.888371e+01 -2.000000e-01
    endloop
  endfacet
  facet normal  -0.000000e+00  0.000000e+00 -1.000000e+00
    outer loop
      vertex  2.250000e+01  2.600000e+01 -2.000000e-01
      vertex  3.639491e+01 -1.888371e+01 -2.000000e-01
      vertex  3.614249e+01 -1.927007e+01 -2.000000e-01
    endloop
  endfacet
  facet normal  0.000000e+00  0.000000e+00 -1.000000e+00
    outer loop
      vertex -4.250000e+01 -2.450000e+01 -2.000000e-01
      vertex -4.250000e+01  2.450000e+01 -2.000000e-01
      vertex -4.139429e+01 -2.060000e+01 -2.000000e-01
    endloop
  endfacet
  facet normal  0.000000e+00  -0.000000e+00 -1.000000e+00
    outer loop
      vertex -4.250000e+01 -2.450000e+01 -2.000000e-01
      vertex -4.139429e+01 -2.060000e+01 -2.000000e-01
      vertex -4.135618e+01 -2.105993e+01 -2.000000e-01
    endloop
  endfacet
  facet normal  0.000000e+00  -0.000000e+00 -1.000000e+00
    outer loop
      vertex -4.250000e+01 -2.450000e+01 -2.000000e-01
      vertex -4.135618e+01 -2.105993e+01 -2.000000e-01
      vertex -4.124289e+01 -2.150731e+01 -2.000000e-01
    endloop
  endfacet
  facet normal  0.000000e+00  -0.000000e+00 -1.000000e+00
    outer loop
      vertex -4.250000e+01 -2.450000e+01 -2.000000e-01
      vertex -4.124289e+01 -2.150731e+01 -2.000000e-01
      vertex -4.105750e+01 -2.192994e+01 -2.000000e-01
    endloop
  endfacet
  facet normal  0.000000e+00  -0.000000e+00 -1.000000e+00
    outer loop
      vertex -4.250000e+01 -2.450000e+01 -2.000000e-01
      vertex -4.105750e+01 -2.192994e+01 -2.000000e-01
      vertex -4.080509e+01 -2.231629e+01 -2.000000e-01
    endloop
  endfacet
  facet normal  0.000000e+00  -0.000000e+00 -1.000000e+00
    outer loop
      vertex -4.250000e+01 -2.450000e+01 -2.000000e-01
      vertex -4.080509e+01 -2.231629e+01 -2.000000e-01
      vertex -4.049252e+01 -2.265583e+01 -2.000000e-01
    endloop
  endfacet
  facet normal  0.000000e+00  -0.000000e+00 -1.000000e+00
    outer loop
      vertex -4.250000e+01 -2.450000e+01 -2.000000e-01
      vertex -4.049252e+01 -2.265583e+01 -2.000000e-01
      vertex -4.012833e+01 -2.293929e+01 -2.000000e-01
    endloop
  endfacet
  facet normal  0.000000e+00  -0.000000e+00 -1.000000e+00
    outer loop
      vertex -4.250000e+01 -2.450000e+01 -2.000000e-01
      vertex -4.012833e+01 -2.293929e+01 -2.000000e-01
      vertex -3.972245e+01 -2.315894e+01 -2.000000e-01
    endloop
  endfacet
  facet normal  0.000000e+00  -0.000000e+00 -1.000000e+00
    outer loop
      vertex -4.250000e+01 -2.450000e+01 -2.000000e-01
      vertex -3.972245e+01 -2.315894e+01 -2.000000e-01
      vertex -3.928596e+01 -2.330879e+01 -2.000000e-01
    endloop
  endfacet
  facet normal  0.000000e+00  -0.000000e+00 -1.000000e+00
    outer loop
      vertex -4.250000e+01 -2.450000e+01 -2.000000e-01
      vertex -3.928596e+01 -2.330879e+01 -2.000000e-01
      vertex -3.883075e+01 -2.338475e+01 -2.000000e-01
    endloop
  endfacet
  facet normal  0.000000e+00  0.000000e+00 -1.000000e+00
    outer loop
      vertex -2.250000e+01  2.450000e+01 -2.000000e-01
      vertex -3.614249e+01 -1.927007e+01 -2.000000e-01
      vertex -3.639491e+01 -1.888371e+01 -2.000000e-01
    endloop
  endfacet
  facet normal  0.000000e+00  0.000000e+00 -1.000000e+00
    outer loop
      vertex -2.250000e+01  2.450000e+01 -2.000000e-01
      vertex -3.639491e+01 -1.888371e+01 -2.000000e-01
      vertex -3.670748e+01 -1.854418e+01 -2.000000e-01
    endloop
  endfacet
  facet normal  0.000000e+00  0.000000e+00 -1.000000e+00
    outer loop
      vertex -2.250000e+01  2.450000e+01 -2.000000e-01
      vertex -3.670748e+01 -1.854418e+01 -2.000000e-01
      vertex -3.707167e+01 -1.826072e+01 -2.000000e-01
    endloop
  endfacet
  facet normal  0.000000e+00  0.000000e+00 -1.000000e+00
    outer loop
      vertex -2.250000e+01  2.450000e+01 -2.000000e-01
      vertex -3.707167e+01 -1.826072e+01 -2.000000e-01
      vertex -3.747755e+01 -1.804107e+01 -2.000000e-01
    endloop
  endfacet
  facet normal  0.000000e+00  0.000000e+00 -1.000000e+00
    outer loop
      vertex -2.250000e+01  2.450000e+01 -2.000000e-01
      vertex -3.747755e+01 -1.804107e+01 -2.000000e-01
      vertex -3.791404e+01 -1.789122e+01 -2.000000e-01
    endloop
  endfacet
  facet normal  0.000000e+00  0.000000e+00 -1.000000e+00
    outer loop
      vertex -2.250000e+01  2.450000e+01 -2.000000e-01
      vertex -3.791404e+01 -1.789122e+01 -2.000000e-01
      vertex -3.836925e+01 -1.781526e+01 -2.000000e-01
    endloop
  endfacet
  facet normal  0.000000e+00  0.000000e+00 -1.000000e+00
    outer loop
      vertex -2.250000e+01  2.450000e+01 -2.000000e-01
      vertex -3.836925e+01 -1.781526e+01 -2.000000e-01
      vertex -3.883075e+01 -1.781526e+01 -2.000000e-01
    endloop
  endfacet
  facet normal  0.000000e+00  0.000000e+00 -9.999999e-01
    outer loop
      vertex -2.250000e+01  2.450000e+01 -2.000000e-01
      vertex -3.883075e+01 -1.781526e+01 -2.000000e-01
      vertex -4.250000e+01  2.450000e+01 -2.000000e-01
    endloop
  endfacet
  facet normal  -0.000000e+00  0.000000e+00 -1.000000e+00
    outer loop
      vertex -4.250000e+01  2.450000e+01 -2.000000e-01
      vertex -3.883075e+01 -1.781526e+01 -2.000000e-01
      vertex -3.928596e+01 -1.789122e+01 -2.000000e-01
    endloop
  endfacet
  facet normal  -0.000000e+00  0.000000e+00 -1.000000e+00
    outer loop
      vertex -4.250000e+01  2.450000e+01 -2.000000e-01
      vertex -3.928596e+01 -1.789122e+01 -2.000000e-01
      vertex -3.972245e+01 -1.804107e+01 -2.000000e-01
    endloop
  endfacet
  facet normal  -0.000000e+00  0.000000e+00 -1.000000e+00
    outer loop
      vertex -4.250000e+01  2.450000e+01 -2.000000e-01
      vertex -3.972245e+01 -1.804107e+01 -2.000000e-01
      vertex -4.012833e+01 -1.826072e+01 -2.000000e-01
    endloop
  endfacet
  facet normal  -0.000000e+00  0.000000e+00 -1.000000e+00
    outer loop
      vertex -4.250000e+01  2.450000e+01 -2.000000e-01
      vertex -4.012833e+01 -1.826072e+01 -2.000000e-01
      vertex -4.049252e+01 -1.854418e+01 -2.000000e-01
    endloop
  endfacet
  facet normal  -0.000000e+00  0.000000e+00 -1.000000e+00
    outer loop
      vertex -4.250000e+01  2.450000e+01 -2.000000e-01
      vertex -4.049252e+01 -1.854418e+01 -2.000000e-01
      vertex -4.080509e+01 -1.888371e+01 -2.000000e-01
    endloop
  endfacet
  facet normal  -0.000000e+00  0.000000e+00 -1.000000e+00
    outer loop
      vertex -4.250000e+01  2.450000e+01 -2.000000e-01
      vertex -4.080509e+01 -1.888371e+01 -2.000000e-01
      vertex -4.105750e+01 -1.927007e+01 -2.000000e-01
    endloop
  endfacet
  facet normal  -0.000000e+00  0.000000e+00 -1.000000e+00
    outer loop
      vertex -4.250000e+01  2.450000e+01 -2.000000e-01
      vertex -4.105750e+01 -1.927007e+01 -2.000000e-01
      vertex -4.124289e+01 -1.969270e+01 -2.000000e-01
    endloop
  endfacet
  facet normal  -0.000000e+00  0.000000e+00 -1.000000e+00
    outer loop
      vertex -4.250000e+01  2.450000e+01 -2.000000e-01
      vertex -4.124289e+01 -1.969270e+01 -2.000000e-01
      vertex -4.135618e+01 -2.014008e+01 -2.000000e-01
    endloop
  endfacet
  facet normal  -0.000000e+00  0.000000e+00 -1.000000e+00
    outer loop
      vertex -4.250000e+01  2.450000e+01 -2.000000e-01
      vertex -4.135618e+01 -2.014008e+01 -2.000000e-01
      vertex -4.139429e+01 -2.060000e+01 -2.000000e-01
    endloop
  endfacet
  facet normal  0.000000e+00  0.000000e+00 -1.000000e+00
    outer loop
      vertex -2.250000e+01  2.450000e+01 -2.000000e-01
      vertex -2.250000e+01  3.850000e+01 -2.000000e-01
      vertex -2.060000e+01  3.850000e+01 -2.000000e-01
    endloop
  endfacet
  facet normal  0.000000e+00  -0.000000e+00 -1.000000e+00
    outer loop
      vertex -2.250000e+01  2.450000e+01 -2.000000e-01
      vertex -2.060000e+01  3.850000e+01 -2.000000e-01
      vertex -2.060000e+01  3.690000e+01 -2.000000e-01
    endloop
  endfacet
  facet normal  0.000000e+00  -0.000000e+00 -1.000000e+00
    outer loop
      vertex -2.250000e+01  2.450000e+01 -2.000000e-01
      vertex -2.060000e+01  3.690000e+01 -2.000000e-01
      vertex -1.935618e+01  3.054008e+01 -2.000000e-01
    endloop
  endfacet
  facet normal  0.000000e+00  -0.000000e+00 -1.000000e+00
    outer loop
      vertex -2.250000e+01  2.450000e+01 -2.000000e-01
      vertex -1.935618e+01  3.054008e+01 -2.000000e-01
      vertex -1.924289e+01  3.009270e+01 -2.000000e-01
    endloop
  endfacet
  facet normal  0.000000e+00  -0.000000e+00 -1.000000e+00
    outer loop
      vertex -2.250000e+01  2.450000e+01 -2.000000e-01
      vertex -1.924289e+01  3.009270e+01 -2.000000e-01
      vertex -1.905750e+01  2.967006e+01 -2.000000e-01
    endloop
  endfacet
  facet normal  0.000000e+00  -0.000000e+00 -1.000000e+00
    outer loop
      vertex -2.250000e+01  2.450000e+01 -2.000000e-01
      vertex -1.905750e+01  2.967006e+01 -2.000000e-01
      vertex -1.880509e+01  2.928371e+01 -2.000000e-01
    endloop
  endfacet
  facet normal  0.000000e+00  -0.000000e+00 -1.000000e+00
    outer loop
      vertex -2.250000e+01  2.450000e+01 -2.000000e-01
      vertex -1.880509e+01  2.928371e+01 -2.000000e-01
      vertex -1.849252e+01  2.894417e+01 -2.000000e-01
    endloop
  endfacet
  facet normal  0.000000e+00  -0.000000e+00 -1.000000e+00
    outer loop
      vertex -2.250000e+01  2.450000e+01 -2.000000e-01
      vertex -1.849252e+01  2.894417e+01 -2.000000e-01
      vertex -1.812833e+01  2.866072e+01 -2.000000e-01
    endloop
  endfacet
  facet normal  0.000000e+00  -0.000000e+00 -1.000000e+00
    outer loop
      vertex -2.250000e+01  2.450000e+01 -2.000000e-01
      vertex -1.812833e+01  2.866072e+01 -2.000000e-01
      vertex -1.772245e+01  2.844106e+01 -2.000000e-01
    endloop
  endfacet
  facet normal  0.000000e+00  -0.000000e+00 -1.000000e+00
    outer loop
      vertex -2.250000e+01  2.450000e+01 -2.000000e-01
      vertex -1.772245e+01  2.844106e+01 -2.000000e-01
      vertex -1.728596e+01  2.829122e+01 -2.000000e-01
    endloop
  endfacet
  facet normal  0.000000e+00  -0.000000e+00 -1.000000e+00
    outer loop
      vertex -2.250000e+01  2.450000e+01 -2.000000e-01
      vertex -1.728596e+01  2.829122e+01 -2.000000e-01
      vertex -1.683075e+01  2.821525e+01 -2.000000e-01
    endloop
  endfacet
  facet normal  0.000000e+00  0.000000e+00 -1.000000e+00
    outer loop
      vertex  2.060000e+01 -1.950000e+01 -2.000000e-01
      vertex  3.614249e+01 -1.927007e+01 -2.000000e-01
      vertex  3.595711e+01 -1.969270e+01 -2.000000e-01
    endloop
  endfacet
  facet normal  -0.000000e+00  0.000000e+00 -1.000000e+00
    outer loop
      vertex  2.060000e+01 -1.950000e+01 -2.000000e-01
      vertex  3.595711e+01 -1.969270e+01 -2.000000e-01
      vertex  3.584382e+01 -2.014008e+01 -2.000000e-01
    endloop
  endfacet
  facet normal  -0.000000e+00  0.000000e+00 -1.000000e+00
    outer loop
      vertex  2.060000e+01 -1.950000e+01 -2.000000e-01
      vertex  3.584382e+01 -2.014008e+01 -2.000000e-01
      vertex  3.580571e+01 -2.060000e+01 -2.000000e-01
    endloop
  endfacet
  facet normal  -0.000000e+00  -0.000000e+00 -1.000000e+00
    outer loop
      vertex  2.060000e+01 -1.950000e+01 -2.000000e-01
      vertex  3.580571e+01 -2.060000e+01 -2.000000e-01
      vertex  3.584382e+01 -2.105993e+01 -2.000000e-01
    endloop
  endfacet
  facet normal  -0.000000e+00  -0.000000e+00 -1.000000e+00
    outer loop
      vertex  2.060000e+01 -1.950000e+01 -2.000000e-01
      vertex  3.584382e+01 -2.105993e+01 -2.000000e-01
      vertex  3.595711e+01 -2.150731e+01 -2.000000e-01
    endloop
  endfacet
  facet normal  -0.000000e+00  -0.000000e+00 -9.999999e-01
    outer loop
      vertex  2.060000e+01 -1.950000e+01 -2.000000e-01
      vertex  3.595711e+01 -2.150731e+01 -2.000000e-01
      vertex  3.614249e+01 -2.192994e+01 -2.000000e-01
    endloop
  endfacet
  facet normal  -0.000000e+00  -0.000000e+00 -1.000000e+00
    outer loop
      vertex  2.060000e+01 -1.950000e+01 -2.000000e-01
      vertex  3.614249e+01 -2.192994e+01 -2.000000e-01
      vertex  3.639491e+01 -2.231629e+01 -2.000000e-01
    endloop
  endfacet
  facet normal  -0.000000e+00  -0.000000e+00 -1.000000e+00
    outer loop
      vertex  2.060000e+01 -1.950000e+01 -2.000000e-01
      vertex  3.639491e+01 -2.231629e+01 -2.000000e-01
      vertex  3.670748e+01 -2.265583e+01 -2.000000e-01
    endloop
  endfacet
  facet normal  -0.000000e+00  -0.000000e+00 -1.000000e+00
    outer loop
      vertex  2.060000e+01 -1.950000e+01 -2.000000e-01
      vertex  3.670748e+01 -2.265583e+01 -2.000000e-01
      vertex  3.707167e+01 -2.293929e+01 -2.000000e-01
    endloop
  endfacet
  facet normal  -0.000000e+00  -0.000000e+00 -1.000000e+00
    outer loop
      vertex  2.060000e+01 -1.950000e+01 -2.000000e-01
      vertex  3.707167e+01 -2.293929e+01 -2.000000e-01
      vertex  3.747755e+01 -2.315894e+01 -2.000000e-01
    endloop
  endfacet
  facet normal  -0.000000e+00  -0.000000e+00 -1.000000e+00
    outer loop
      vertex  2.060000e+01 -1.950000e+01 -2.000000e-01
      vertex  3.747755e+01 -2.315894e+01 -2.000000e-01
      vertex  3.791404e+01 -2.330879e+01 -2.000000e-01
    endloop
  endfacet
  facet normal  0.000000e+00  0.000000e+00 -9.999999e-01
    outer loop
      vertex  2.060000e+01  3.690000e+01 -2.000000e-01
      vertex  1.935618e+01  3.054007e+01 -2.000000e-01
      vertex  1.939429e+01  3.100000e+01 -2.000000e-01
    endloop
  endfacet
  facet normal  0.000000e+00  0.000000e+00 -1.000000e+00
    outer loop
      vertex  2.060000e+01  3.690000e+01 -2.000000e-01
      vertex  1.939429e+01  3.100000e+01 -2.000000e-01
      vertex  1.935618e+01  3.145992e+01 -2.000000e-01
    endloop
  endfacet
  facet normal  0.000000e+00  0.000000e+00 -9.999999e-01
    outer loop
      vertex  2.060000e+01  3.690000e+01 -2.000000e-01
      vertex  1.935618e+01  3.145992e+01 -2.000000e-01
      vertex  1.924289e+01  3.190730e+01 -2.000000e-01
    endloop
  endfacet
  facet normal  0.000000e+00  0.000000e+00 -1.000000e+00
    outer loop
      vertex  2.060000e+01  3.690000e+01 -2.000000e-01
      vertex  1.924289e+01  3.190730e+01 -2.000000e-01
      vertex  1.905750e+01  3.232993e+01 -2.000000e-01
    endloop
  endfacet
  facet normal  0.000000e+00  0.000000e+00 -1.000000e+00
    outer loop
      vertex  2.060000e+01  3.690000e+01 -2.000000e-01
      vertex  1.905750e+01  3.232993e+01 -2.000000e-01
      vertex  1.880509e+01  3.271629e+01 -2.000000e-01
    endloop
  endfacet
  facet normal  0.000000e+00  0.000000e+00 -9.999999e-01
    outer loop
      vertex  2.060000e+01  3.690000e+01 -2.000000e-01
      vertex  1.880509e+01  3.271629e+01 -2.000000e-01
      vertex  1.849252e+01  3.305582e+01 -2.000000e-01
    endloop
  endfacet
  facet normal  0.000000e+00  0.000000e+00 -9.999999e-01
    outer loop
      vertex  2.060000e+01  3.690000e+01 -2.000000e-01
      vertex  1.849252e+01  3.305582e+01 -2.000000e-01
      vertex  1.812833e+01  3.333928e+01 -2.000000e-01
    endloop
  endfacet
  facet normal  0.000000e+00  0.000000e+00 -1.000000e+00
    outer loop
      vertex  2.060000e+01  3.690000e+01 -2.000000e-01
      vertex  1.812833e+01  3.333928e+01 -2.000000e-01
      vertex  1.772245e+01  3.355893e+01 -2.000000e-01
    endloop
  endfacet
  facet normal  0.000000e+00  0.000000e+00 -1.000000e+00
    outer loop
      vertex  2.060000e+01  3.690000e+01 -2.000000e-01
      vertex  1.772245e+01  3.355893e+01 -2.000000e-01
      vertex  1.728596e+01  3.370878e+01 -2.000000e-01
    endloop
  endfacet
  facet normal  0.000000e+00  0.000000e+00 -1.000000e+00
    outer loop
      vertex  2.060000e+01  3.690000e+01 -2.000000e-01
      vertex  1.728596e+01  3.370878e+01 -2.000000e-01
      vertex  1.683075e+01  3.378474e+01 -2.000000e-01
    endloop
  endfacet
  facet normal  0.000000e+00  0.000000e+00 -1.000000e+00
    outer loop
      vertex  2.250000e+01  2.600000e+01 -2.000000e-01
      vertex  1.683075e+01  2.821525e+01 -2.000000e-01
      vertex  1.728596e+01  2.829121e+01 -2.000000e-01
    endloop
  endfacet
  facet normal  0.000000e+00  0.000000e+00 -1.000000e+00
    outer loop
      vertex  2.250000e+01  2.600000e+01 -2.000000e-01
      vertex  1.728596e+01  2.829121e+01 -2.000000e-01
      vertex  1.772245e+01  2.844106e+01 -2.000000e-01
    endloop
  endfacet
  facet normal  0.000000e+00  0.000000e+00 -1.000000e+00
    outer loop
      vertex  2.250000e+01  2.600000e+01 -2.000000e-01
      vertex  1.772245e+01  2.844106e+01 -2.000000e-01
      vertex  1.812833e+01  2.866071e+01 -2.000000e-01
    endloop
  endfacet
  facet normal  0.000000e+00  0.000000e+00 -1.000000e+00
    outer loop
      vertex  2.250000e+01  2.600000e+01 -2.000000e-01
      vertex  1.812833e+01  2.866071e+01 -2.000000e-01
      vertex  1.849252e+01  2.894417e+01 -2.000000e-01
    endloop
  endfacet
  facet normal  0.000000e+00  0.000000e+00 -1.000000e+00
    outer loop
      vertex  2.250000e+01  2.600000e+01 -2.000000e-01
      vertex  1.849252e+01  2.894417e+01 -2.000000e-01
      vertex  1.880509e+01  2.928371e+01 -2.000000e-01
    endloop
  endfacet
  facet normal  0.000000e+00  0.000000e+00 -1.000000e+00
    outer loop
      vertex  2.250000e+01  2.600000e+01 -2.000000e-01
      vertex  1.880509e+01  2.928371e+01 -2.000000e-01
      vertex  1.905750e+01  2.967006e+01 -2.000000e-01
    endloop
  endfacet
  facet normal  0.000000e+00  0.000000e+00 -1.000000e+00
    outer loop
      vertex  2.250000e+01  2.600000e+01 -2.000000e-01
      vertex  1.905750e+01  2.967006e+01 -2.000000e-01
      vertex  1.924289e+01  3.009269e+01 -2.000000e-01
    endloop
  endfacet
  facet normal  0.000000e+00  0.000000e+00 -1.000000e+00
    outer loop
      vertex  2.250000e+01  2.600000e+01 -2.000000e-01
      vertex  1.924289e+01  3.009269e+01 -2.000000e-01
      vertex  1.935618e+01  3.054007e+01 -2.000000e-01
    endloop
  endfacet
  facet normal  0.000000e+00  0.000000e+00 -1.000000e+00
    outer loop
      vertex  2.250000e+01  2.600000e+01 -2.000000e-01
      vertex  1.935618e+01  3.054007e+01 -2.000000e-01
      vertex  2.060000e+01  3.690000e+01 -2.000000e-01
    endloop
  endfacet
  facet normal  0.000000e+00  0.000000e+00 -1.000000e+00
    outer loop
      vertex  2.250000e+01  2.600000e+01 -2.000000e-01
      vertex  2.060000e+01  3.690000e+01 -2.000000e-01
      vertex  2.060000e+01  3.850000e+01 -2.000000e-01
    endloop
  endfacet
  facet normal  0.000000e+00  0.000000e+00 -1.000000e+00
    outer loop
      vertex  2.250000e+01  2.600000e+01 -2.000000e-01
      vertex  2.060000e+01  3.850000e+01 -2.000000e-01
      vertex  2.250000e+01  3.850000e+01 -2.000000e-01
    endloop
  endfacet
  facet normal  0.000000e+00  0.000000e+00 -1.000000e+00
    outer loop
      vertex  4.250000e+01  9.000000e+00 -2.000000e-01
      vertex  4.139429e+01 -2.060000e+01 -2.000000e-01
      vertex  4.135618e+01 -2.014008e+01 -2.000000e-01
    endloop
  endfacet
  facet normal  0.000000e+00  0.000000e+00 -9.999999e-01
    outer loop
      vertex  4.250000e+01  9.000000e+00 -2.000000e-01
      vertex  4.135618e+01 -2.014008e+01 -2.000000e-01
      vertex  4.124289e+01 -1.969270e+01 -2.000000e-01
    endloop
  endfacet
  facet normal  0.000000e+00  0.000000e+00 -1.000000e+00
    outer loop
      vertex  4.250000e+01  9.000000e+00 -2.000000e-01
      vertex  4.124289e+01 -1.969270e+01 -2.000000e-01
      vertex  4.105750e+01 -1.927007e+01 -2.000000e-01
    endloop
  endfacet
  facet normal  0.000000e+00  0.000000e+00 -9.999999e-01
    outer loop
      vertex  4.250000e+01  9.000000e+00 -2.000000e-01
      vertex  4.105750e+01 -1.927007e+01 -2.000000e-01
      vertex  4.080509e+01 -1.888371e+01 -2.000000e-01
    endloop
  endfacet
  facet normal  0.000000e+00  0.000000e+00 -1.000000e+00
    outer loop
      vertex  4.250000e+01  9.000000e+00 -2.000000e-01
      vertex  4.080509e+01 -1.888371e+01 -2.000000e-01
      vertex  4.049252e+01 -1.854418e+01 -2.000000e-01
    endloop
  endfacet
  facet normal  0.000000e+00  0.000000e+00 -1.000000e+00
    outer loop
      vertex  4.250000e+01  9.000000e+00 -2.000000e-01
      vertex  4.049252e+01 -1.854418e+01 -2.000000e-01
      vertex  4.012833e+01 -1.826072e+01 -2.000000e-01
    endloop
  endfacet
  facet normal  0.000000e+00  0.000000e+00 -1.000000e+00
    outer loop
      vertex  4.250000e+01  9.000000e+00 -2.000000e-01
      vertex  4.012833e+01 -1.826072e+01 -2.000000e-01
      vertex  3.972245e+01 -1.804107e+01 -2.000000e-01
    endloop
  endfacet
  facet normal  0.000000e+00  0.000000e+00 -1.000000e+00
    outer loop
      vertex  4.250000e+01  9.000000e+00 -2.000000e-01
      vertex  3.972245e+01 -1.804107e+01 -2.000000e-01
      vertex  3.928596e+01 -1.789122e+01 -2.000000e-01
    endloop
  endfacet
  facet normal  0.000000e+00  0.000000e+00 -9.999999e-01
    outer loop
      vertex  4.250000e+01  9.000000e+00 -2.000000e-01
      vertex  3.928596e+01 -1.789122e+01 -2.000000e-01
      vertex  3.883075e+01 -1.781526e+01 -2.000000e-01
    endloop
  endfacet
  facet normal  0.000000e+00  0.000000e+00 -1.000000e+00
    outer loop
      vertex  4.250000e+01 -2.450000e+01 -2.000000e-01
      vertex  3.883075e+01 -2.338475e+01 -2.000000e-01
      vertex  3.928596e+01 -2.330879e+01 -2.000000e-01
    endloop
  endfacet
  facet normal  0.000000e+00  0.000000e+00 -1.000000e+00
    outer loop
      vertex  4.250000e+01 -2.450000e+01 -2.000000e-01
      vertex  3.928596e+01 -2.330879e+01 -2.000000e-01
      vertex  3.972245e+01 -2.315894e+01 -2.000000e-01
    endloop
  endfacet
  facet normal  0.000000e+00  0.000000e+00 -1.000000e+00
    outer loop
      vertex  4.250000e+01 -2.450000e+01 -2.000000e-01
      vertex  3.972245e+01 -2.315894e+01 -2.000000e-01
      vertex  4.012833e+01 -2.293929e+01 -2.000000e-01
    endloop
  endfacet
  facet normal  0.000000e+00  0.000000e+00 -1.000000e+00
    outer loop
      vertex  4.250000e+01 -2.450000e+01 -2.000000e-01
      vertex  4.012833e+01 -2.293929e+01 -2.000000e-01
      vertex  4.049252e+01 -2.265583e+01 -2.000000e-01
    endloop
  endfacet
  facet normal  0.000000e+00  0.000000e+00 -1.000000e+00
    outer loop
      vertex  4.250000e+01 -2.450000e+01 -2.000000e-01
      vertex  4.049252e+01 -2.265583e+01 -2.000000e-01
      vertex  4.080509e+01 -2.231629e+01 -2.000000e-01
    endloop
  endfacet
  facet normal  0.000000e+00  0.000000e+00 -1.000000e+00
    outer loop
      vertex  4.250000e+01 -2.450000e+01 -2.000000e-01
      vertex  4.080509e+01 -2.231629e+01 -2.000000e-01
      vertex  4.105750e+01 -2.192994e+01 -2.000000e-01
    endloop
  endfacet
  facet normal  0.000000e+00  0.000000e+00 -1.000000e+00
    outer loop
      vertex  4.250000e+01 -2.450000e+01 -2.000000e-01
      vertex  4.105750e+01 -2.192994e+01 -2.000000e-01
      vertex  4.124289e+01 -2.150731e+01 -2.000000e-01
    endloop
  endfacet
  facet normal  0.000000e+00  0.000000e+00 -1.000000e+00
    outer loop
      vertex  4.250000e+01 -2.450000e+01 -2.000000e-01
      vertex  4.124289e+01 -2.150731e+01 -2.000000e-01
      vertex  4.135618e+01 -2.105993e+01 -2.000000e-01
    endloop
  endfacet
  facet normal  0.000000e+00  0.000000e+00 -1.000000e+00
    outer loop
      vertex  4.250000e+01 -2.450000e+01 -2.000000e-01
      vertex  4.135618e+01 -2.105993e+01 -2.000000e-01
      vertex  4.139429e+01 -2.060000e+01 -2.000000e-01
    endloop
  endfacet
  facet normal  0.000000e+00  0.000000e+00 -1.000000e+00
    outer loop
      vertex  4.250000e+01 -2.450000e+01 -2.000000e-01
      vertex  4.139429e+01 -2.060000e+01 -2.000000e-01
      vertex  4.250000e+01  9.000000e+00 -2.000000e-01
    endloop
  endfacet
  facet normal  0.000000e+00  0.000000e+00 -9.999999e-01
    outer loop
      vertex  2.250000e+01  2.600000e+01 -2.000000e-01
      vertex  3.614249e+01 -1.927007e+01 -2.000000e-01
      vertex  1.683075e+01  2.821525e+01 -2.000000e-01
    endloop
  endfacet
  facet normal  0.000000e+00  0.000000e+00 -1.000000e+00
    outer loop
      vertex  1.683075e+01  2.821525e+01 -2.000000e-01
      vertex  3.614249e+01 -1.927007e+01 -2.000000e-01
      vertex  2.060000e+01 -1.950000e+01 -2.000000e-01
    endloop
  endfacet
  facet normal  0.000000e+00  0.000000e+00 -1.000000e+00
    outer loop
      vertex  1.683075e+01  2.821525e+01 -2.000000e-01
      vertex  2.060000e+01 -1.950000e+01 -2.000000e-01
      vertex  1.636925e+01  2.821525e+01 -2.000000e-01
    endloop
  endfacet
  facet normal  0.000000e+00  -0.000000e+00 -1.000000e+00
    outer loop
      vertex  1.636925e+01  2.821525e+01 -2.000000e-01
      vertex  2.060000e+01 -1.950000e+01 -2.000000e-01
      vertex -1.780000e+01 -1.950000e+01 -2.000000e-01
    endloop
  endfacet
  facet normal  0.000000e+00  0.000000e+00 -1.000000e+00
    outer loop
      vertex  1.636925e+01  2.821525e+01 -2.000000e-01
      vertex -1.636925e+01  2.821525e+01 -2.000000e-01
      vertex  1.591404e+01  2.829121e+01 -2.000000e-01
    endloop
  endfacet
  facet normal  -0.000000e+00  0.000000e+00 -1.000000e+00
    outer loop
      vertex  1.591404e+01  2.829121e+01 -2.000000e-01
      vertex -1.636925e+01  2.821525e+01 -2.000000e-01
      vertex -1.591404e+01  2.829122e+01 -2.000000e-01
    endloop
  endfacet
  facet normal  0.000000e+00  0.000000e+00 -1.000000e+00
    outer loop
      vertex  1.591404e+01  2.829121e+01 -2.000000e-01
      vertex -1.591404e+01  2.829122e+01 -2.000000e-01
      vertex  1.547755e+01  2.844106e+01 -2.000000e-01
    endloop
  endfacet
  facet normal  -0.000000e+00  0.000000e+00 -1.000000e+00
    outer loop
      vertex  1.547755e+01  2.844106e+01 -2.000000e-01
      vertex -1.591404e+01  2.829122e+01 -2.000000e-01
      vertex -1.547755e+01  2.844106e+01 -2.000000e-01
    endloop
  endfacet
  facet normal  0.000000e+00  0.000000e+00 -1.000000e+00
    outer loop
      vertex  1.547755e+01  2.844106e+01 -2.000000e-01
      vertex -1.547755e+01  2.844106e+01 -2.000000e-01
      vertex  1.507167e+01  2.866071e+01 -2.000000e-01
    endloop
  endfacet
  facet normal  -0.000000e+00  0.000000e+00 -9.999999e-01
    outer loop
      vertex  1.507167e+01  2.866071e+01 -2.000000e-01
      vertex -1.547755e+01  2.844106e+01 -2.000000e-01
      vertex -1.507167e+01  2.866072e+01 -2.000000e-01
    endloop
  endfacet
  facet normal  0.000000e+00  0.000000e+00 -1.000000e+00
    outer loop
      vertex  1.507167e+01  2.866071e+01 -2.000000e-01
      vertex -1.507167e+01  2.866072e+01 -2.000000e-01
      vertex  1.470748e+01  2.894417e+01 -2.000000e-01
    endloop
  endfacet
  facet normal  -0.000000e+00  0.000000e+00 -1.000000e+00
    outer loop
      vertex  1.470748e+01  2.894417e+01 -2.000000e-01
      vertex -1.507167e+01  2.866072e+01 -2.000000e-01
      vertex -1.470748e+01  2.894417e+01 -2.000000e-01
    endloop
  endfacet
  facet normal  0.000000e+00  0.000000e+00 -1.000000e+00
    outer loop
      vertex  1.470748e+01  2.894417e+01 -2.000000e-01
      vertex -1.470748e+01  2.894417e+01 -2.000000e-01
      vertex  1.439491e+01  2.928371e+01 -2.000000e-01
    endloop
  endfacet
  facet normal  -0.000000e+00  0.000000e+00 -1.000000e+00
    outer loop
      vertex  1.439491e+01  2.928371e+01 -2.000000e-01
      vertex -1.470748e+01  2.894417e+01 -2.000000e-01
      vertex -1.439491e+01  2.928371e+01 -2.000000e-01
    endloop
  endfacet
  facet normal  0.000000e+00  0.000000e+00 -1.000000e+00
    outer loop
      vertex  1.439491e+01  2.928371e+01 -2.000000e-01
      vertex -1.439491e+01  2.928371e+01 -2.000000e-01
      vertex  1.414250e+01  2.967006e+01 -2.000000e-01
    endloop
  endfacet
  facet normal  -0.000000e+00  0.000000e+00 -1.000000e+00
    outer loop
      vertex  1.414250e+01  2.967006e+01 -2.000000e-01
      vertex -1.439491e+01  2.928371e+01 -2.000000e-01
      vertex -1.414250e+01  2.967006e+01 -2.000000e-01
    endloop
  endfacet
  facet normal  0.000000e+00  0.000000e+00 -1.000000e+00
    outer loop
      vertex  1.414250e+01  2.967006e+01 -2.000000e-01
      vertex -1.414250e+01  2.967006e+01 -2.000000e-01
      vertex  1.395711e+01  3.009269e+01 -2.000000e-01
    endloop
  endfacet
  facet normal  -0.000000e+00  0.000000e+00 -1.000000e+00
    outer loop
      vertex  1.395711e+01  3.009269e+01 -2.000000e-01
      vertex -1.414250e+01  2.967006e+01 -2.000000e-01
      vertex -1.395711e+01  3.009270e+01 -2.000000e-01
    endloop
  endfacet
  facet normal  0.000000e+00  0.000000e+00 -1.000000e+00
    outer loop
      vertex  1.395711e+01  3.009269e+01 -2.000000e-01
      vertex -1.395711e+01  3.009270e+01 -2.000000e-01
      vertex  1.384382e+01  3.054007e+01 -2.000000e-01
    endloop
  endfacet
  facet normal  -0.000000e+00  0.000000e+00 -1.000000e+00
    outer loop
      vertex  1.384382e+01  3.054007e+01 -2.000000e-01
      vertex -1.395711e+01  3.009270e+01 -2.000000e-01
      vertex -1.384382e+01  3.054008e+01 -2.000000e-01
    endloop
  endfacet
  facet normal  0.000000e+00  0.000000e+00 -1.000000e+00
    outer loop
      vertex  1.384382e+01  3.054007e+01 -2.000000e-01
      vertex -1.384382e+01  3.054008e+01 -2.000000e-01
      vertex  1.380571e+01  3.100000e+01 -2.000000e-01
    endloop
  endfacet
  facet normal  -0.000000e+00  0.000000e+00 -1.000000e+00
    outer loop
      vertex  1.380571e+01  3.100000e+01 -2.000000e-01
      vertex -1.384382e+01  3.054008e+01 -2.000000e-01
      vertex -1.380571e+01  3.100000e+01 -2.000000e-01
    endloop
  endfacet
  facet normal  0.000000e+00  0.000000e+00 -1.000000e+00
    outer loop
      vertex  1.380571e+01  3.100000e+01 -2.000000e-01
      vertex -1.380571e+01  3.100000e+01 -2.000000e-01
      vertex  1.384382e+01  3.145992e+01 -2.000000e-01
    endloop
  endfacet
  facet normal  -0.000000e+00  0.000000e+00 -1.000000e+00
    outer loop
      vertex  1.384382e+01  3.145992e+01 -2.000000e-01
      vertex -1.380571e+01  3.100000e+01 -2.000000e-01
      vertex -1.384382e+01  3.145992e+01 -2.000000e-01
    endloop
  endfacet
  facet normal  0.000000e+00  0.000000e+00 -9.999999e-01
    outer loop
      vertex  1.384382e+01  3.145992e+01 -2.000000e-01
      vertex -1.384382e+01  3.145992e+01 -2.000000e-01
      vertex  1.395711e+01  3.190730e+01 -2.000000e-01
    endloop
  endfacet
  facet normal  -0.000000e+00  0.000000e+00 -1.000000e+00
    outer loop
      vertex  1.395711e+01  3.190730e+01 -2.000000e-01
      vertex -1.384382e+01  3.145992e+01 -2.000000e-01
      vertex -1.395711e+01  3.190730e+01 -2.000000e-01
    endloop
  endfacet
  facet normal  0.000000e+00  0.000000e+00 -9.999999e-01
    outer loop
      vertex  1.395711e+01  3.190730e+01 -2.000000e-01
      vertex -1.395711e+01  3.190730e+01 -2.000000e-01
      vertex  1.414250e+01  3.232993e+01 -2.000000e-01
    endloop
  endfacet
  facet normal  -0.000000e+00  0.000000e+00 -1.000000e+00
    outer loop
      vertex  1.414250e+01  3.232993e+01 -2.000000e-01
      vertex -1.395711e+01  3.190730e+01 -2.000000e-01
      vertex -1.414250e+01  3.232993e+01 -2.000000e-01
    endloop
  endfacet
  facet normal  0.000000e+00  0.000000e+00 -1.000000e+00
    outer loop
      vertex  1.414250e+01  3.232993e+01 -2.000000e-01
      vertex -1.414250e+01  3.232993e+01 -2.000000e-01
      vertex  1.439491e+01  3.271629e+01 -2.000000e-01
    endloop
  endfacet
  facet normal  -0.000000e+00  0.000000e+00 -1.000000e+00
    outer loop
      vertex  1.439491e+01  3.271629e+01 -2.000000e-01
      vertex -1.414250e+01  3.232993e+01 -2.000000e-01
      vertex -1.439491e+01  3.271629e+01 -2.000000e-01
    endloop
  endfacet
  facet normal  0.000000e+00  0.000000e+00 -1.000000e+00
    outer loop
      vertex  1.439491e+01  3.271629e+01 -2.000000e-01
      vertex -1.439491e+01  3.271629e+01 -2.000000e-01
      vertex  1.470748e+01  3.305582e+01 -2.000000e-01
    endloop
  endfacet
  facet normal  -0.000000e+00  0.000000e+00 -1.000000e+00
    outer loop
      vertex  1.470748e+01  3.305582e+01 -2.000000e-01
      vertex -1.439491e+01  3.271629e+01 -2.000000e-01
      vertex -1.470748e+01  3.305582e+01 -2.000000e-01
    endloop
  endfacet
  facet normal  0.000000e+00  0.000000e+00 -1.000000e+00
    outer loop
      vertex  1.470748e+01  3.305582e+01 -2.000000e-01
      vertex -1.470748e+01  3.305582e+01 -2.000000e-01
      vertex  1.507167e+01  3.333928e+01 -2.000000e-01
    endloop
  endfacet
  facet normal  -0.000000e+00  0.000000e+00 -1.000000e+00
    outer loop
      vertex  1.507167e+01  3.333928e+01 -2.000000e-01
      vertex -1.470748e+01  3.305582e+01 -2.000000e-01
      vertex -1.507167e+01  3.333929e+01 -2.000000e-01
    endloop
  endfacet
  facet normal  0.000000e+00  0.000000e+00 -9.999999e-01
    outer loop
      vertex  1.507167e+01  3.333928e+01 -2.000000e-01
      vertex -1.507167e+01  3.333929e+01 -2.000000e-01
      vertex  1.547755e+01  3.355893e+01 -2.000000e-01
    endloop
  endfacet
  facet normal  -0.000000e+00  0.000000e+00 -1.000000e+00
    outer loop
      vertex  1.547755e+01  3.355893e+01 -2.000000e-01
      vertex -1.507167e+01  3.333929e+01 -2.000000e-01
      vertex -1.547755e+01  3.355894e+01 -2.000000e-01
    endloop
  endfacet
  facet normal  0.000000e+00  0.000000e+00 -1.000000e+00
    outer loop
      vertex  1.547755e+01  3.355893e+01 -2.000000e-01
      vertex -1.547755e+01  3.355894e+01 -2.000000e-01
      vertex  1.591404e+01  3.370878e+01 -2.000000e-01
    endloop
  endfacet
  facet normal  -0.000000e+00  0.000000e+00 -1.000000e+00
    outer loop
      vertex  1.591404e+01  3.370878e+01 -2.000000e-01
      vertex -1.547755e+01  3.355894e+01 -2.000000e-01
      vertex -1.591404e+01  3.370879e+01 -2.000000e-01
    endloop
  endfacet
  facet normal  0.000000e+00  0.000000e+00 -1.000000e+00
    outer loop
      vertex  1.591404e+01  3.370878e+01 -2.000000e-01
      vertex -1.591404e+01  3.370879e+01 -2.000000e-01
      vertex  1.636925e+01  3.378474e+01 -2.000000e-01
    endloop
  endfacet
  facet normal  -0.000000e+00  0.000000e+00 -1.000000e+00
    outer loop
      vertex  1.636925e+01  3.378474e+01 -2.000000e-01
      vertex -1.591404e+01  3.370879e+01 -2.000000e-01
      vertex -1.636925e+01  3.378474e+01 -2.000000e-01
    endloop
  endfacet
  facet normal  0.000000e+00 -1.000000e+00  0.000000e+00
    outer loop
      vertex  4.350000e+01  9.000000e+00  2.300000e+00
      vertex  4.250000e+01  9.000000e+00  2.300000e+00
      vertex  4.350000e+01  9.000000e+00 -2.000000e-01
    endloop
  endfacet
  facet normal  0.000000e+00 -1.000000e+00  0.000000e+00
    outer loop
      vertex  4.350000e+01  9.000000e+00 -2.000000e-01
      vertex  4.250000e+01  9.000000e+00  2.300000e+00
      vertex  4.250000e+01  9.000000e+00 -2.000000e-01
    endloop
  endfacet
  facet normal  1.000000e+00  0.000000e+00  -0.000000e+00
    outer loop
      vertex  4.250000e+01 -2.450000e+01 -2.000000e-01
      vertex  4.250000e+01  9.000000e+00 -2.000000e-01
      vertex  4.250000e+01  9.000000e+00  2.300000e+00
    endloop
  endfacet
  facet normal  1.000000e+00  0.000000e+00  0.000000e+00
    outer loop
      vertex  4.250000e+01 -2.450000e+01 -2.000000e-01
      vertex  4.250000e+01  9.000000e+00  2.300000e+00
      vertex  4.250000e+01  8.500000e-01  2.300000e+00
    endloop
  endfacet
  facet normal  1.000000e+00  0.000000e+00  0.000000e+00
    outer loop
      vertex  4.250000e+01 -2.450000e+01 -2.000000e-01
      vertex  4.250000e+01  8.500000e-01  2.300000e+00
      vertex  4.250000e+01 -1.495000e+01  2.300000e+00
    endloop
  endfacet
  facet normal  1.000000e+00  0.000000e+00  0.000000e+00
    outer loop
      vertex  4.250000e+01 -2.450000e+01 -2.000000e-01
      vertex  4.250000e+01 -1.495000e+01  2.300000e+00
      vertex  4.250000e+01 -2.450000e+01  2.300000e+00
    endloop
  endfacet
  facet normal  1.000000e+00  0.000000e+00  0.000000e+00
    outer loop
      vertex  4.250000e+01 -1.495000e+01  5.600000e+00
      vertex  4.250000e+01 -1.495000e+01  2.300000e+00
      vertex  4.250000e+01  8.500000e-01  5.600000e+00
    endloop
  endfacet
  facet normal  1.000000e+00  0.000000e+00  0.000000e+00
    outer loop
      vertex  4.250000e+01  8.500000e-01  5.600000e+00
      vertex  4.250000e+01 -1.495000e+01  2.300000e+00
      vertex  4.250000e+01  8.500000e-01  2.300000e+00
    endloop
  endfacet
  facet normal  7.071068e-01 -7.071068e-01  0.000000e+00
    outer loop
      vertex  4.450000e+01  1.000000e+01  2.300000e+00
      vertex  4.350000e+01  9.000000e+00  2.300000e+00
      vertex  4.450000e+01  1.000000e+01 -2.000000e-01
    endloop
  endfacet
  facet normal  7.071068e-01 -7.071068e-01  0.000000e+00
    outer loop
      vertex  4.450000e+01  1.000000e+01 -2.000000e-01
      vertex  4.350000e+01  9.000000e+00  2.300000e+00
      vertex  4.350000e+01  9.000000e+00 -2.000000e-01
    endloop
  endfacet
  facet normal  0.000000e+00 -9.999999e-01  0.000000e+00
    outer loop
      vertex  2.060000e+01 -2.450000e+01  2.300000e+00
      vertex  2.060000e+01 -2.450000e+01 -2.000000e-01
      vertex  4.250000e+01 -2.450000e+01  2.300000e+00
    endloop
  endfacet
  facet normal  0.000000e+00 -9.999999e-01  -0.000000e+00
    outer loop
      vertex  4.250000e+01 -2.450000e+01  2.300000e+00
      vertex  2.060000e+01 -2.450000e+01 -2.000000e-01
      vertex  4.250000e+01 -2.450000e+01 -2.000000e-01
    endloop
  endfacet
  facet normal -1.000000e+00  0.000000e+00  0.000000e+00
    outer loop
      vertex  2.060000e+01 -1.950000e+01  2.300000e+00
      vertex  2.060000e+01 -1.950000e+01 -2.000000e-01
      vertex  2.060000e+01 -2.450000e+01  2.300000e+00
    endloop
  endfacet
  facet normal -1.000000e+00  0.000000e+00  0.000000e+00
    outer loop
      vertex  2.060000e+01 -2.450000e+01  2.300000e+00
      vertex  2.060000e+01 -1.950000e+01 -2.000000e-01
      vertex  2.060000e+01 -2.450000e+01 -2.000000e-01
    endloop
  endfacet
  facet normal  0.000000e+00 -1.000000e+00  0.000000e+00
    outer loop
      vertex -1.780000e+01 -1.950000e+01  2.300000e+00
      vertex -1.780000e+01 -1.950000e+01 -2.000000e-01
      vertex  2.060000e+01 -1.950000e+01  2.300000e+00
    endloop
  endfacet
  facet normal  0.000000e+00 -1.000000e+00  -0.000000e+00
    outer loop
      vertex  2.060000e+01 -1.950000e+01  2.300000e+00
      vertex -1.780000e+01 -1.950000e+01 -2.000000e-01
      vertex  2.060000e+01 -1.950000e+01 -2.000000e-01
    endloop
  endfacet
  facet normal  1.000000e+00  0.000000e+00  0.000000e+00
    outer loop
      vertex -1.780000e+01 -2.450000e+01  2.300000e+00
      vertex -1.780000e+01 -2.450000e+01 -2.000000e-01
      vertex -1.780000e+01 -1.950000e+01  2.300000e+00
    endloop
  endfacet
  facet normal  1.000000e+00  0.000000e+00  0.000000e+00
    outer loop
      vertex -1.780000e+01 -1.950000e+01  2.300000e+00
      vertex -1.780000e+01 -2.450000e+01 -2.000000e-01
      vertex -1.780000e+01 -1.950000e+01 -2.000000e-01
    endloop
  endfacet
  facet normal  0.000000e+00 -1.000000e+00  0.000000e+00
    outer loop
      vertex -4.250000e+01 -2.450000e+01  2.300000e+00
      vertex -4.250000e+01 -2.450000e+01 -2.000000e-01
      vertex -1.780000e+01 -2.450000e+01  2.300000e+00
    endloop
  endfacet
  facet normal  0.000000e+00 -1.000000e+00  -0.000000e+00
    outer loop
      vertex -1.780000e+01 -2.450000e+01  2.300000e+00
      vertex -4.250000e+01 -2.450000e+01 -2.000000e-01
      vertex -1.780000e+01 -2.450000e+01 -2.000000e-01
    endloop
  endfacet
  facet normal -9.999999e-01  -0.000000e+00  0.000000e+00
    outer loop
      vertex -4.250000e+01 -2.450000e+01  2.300000e+00
      vertex -4.250000e+01  2.450000e+01  2.300000e+00
      vertex -4.250000e+01 -2.450000e+01 -2.000000e-01
    endloop
  endfacet
  facet normal -9.999999e-01  0.000000e+00  0.000000e+00
    outer loop
      vertex -4.250000e+01 -2.450000e+01 -2.000000e-01
      vertex -4.250000e+01  2.450000e+01  2.300000e+00
      vertex -4.250000e+01  2.450000e+01 -2.000000e-01
    endloop
  endfacet
  facet normal  0.000000e+00  1.000000e+00  0.000000e+00
    outer loop
      vertex -4.250000e+01  2.450000e+01  2.300000e+00
      vertex -2.250000e+01  2.450000e+01  2.300000e+00
      vertex -4.250000e+01  2.450000e+01 -2.000000e-01
    endloop
  endfacet
  facet normal  0.000000e+00  1.000000e+00  0.000000e+00
    outer loop
      vertex -4.250000e+01  2.450000e+01 -2.000000e-01
      vertex -2.250000e+01  2.450000e+01  2.300000e+00
      vertex -2.250000e+01  2.450000e+01 -2.000000e-01
    endloop
  endfacet
  facet normal -1.000000e+00  0.000000e+00  0.000000e+00
    outer loop
      vertex -2.250000e+01  3.850000e+01  2.300000e+00
      vertex -2.250000e+01  3.850000e+01 -2.000000e-01
      vertex -2.250000e+01  2.450000e+01  2.300000e+00
    endloop
  endfacet
  facet normal -1.000000e+00  0.000000e+00  0.000000e+00
    outer loop
      vertex -2.250000e+01  2.450000e+01  2.300000e+00
      vertex -2.250000e+01  3.850000e+01 -2.000000e-01
      vertex -2.250000e+01  2.450000e+01 -2.000000e-01
    endloop
  endfacet
  facet normal  0.000000e+00  1.000000e+00  0.000000e+00
    outer loop
      vertex -2.250000e+01  3.850000e+01  2.300000e+00
      vertex -2.060000e+01  3.850000e+01  2.300000e+00
      vertex -2.250000e+01  3.850000e+01 -2.000000e-01
    endloop
  endfacet
  facet normal  0.000000e+00  1.000000e+00  0.000000e+00
    outer loop
      vertex -2.250000e+01  3.850000e+01 -2.000000e-01
      vertex -2.060000e+01  3.850000e+01  2.300000e+00
      vertex -2.060000e+01  3.850000e+01 -2.000000e-01
    endloop
  endfacet
  facet normal  9.999999e-01  0.000000e+00  0.000000e+00
    outer loop
      vertex -2.060000e+01  3.690000e+01  8.000000e-01
      vertex -2.060000e+01  3.750000e+01  1.000000e+00
      vertex -2.060000e+01  3.690000e+01  1.000000e+00
    endloop
  endfacet
  facet normal  1.000000e+00  -0.000000e+00  0.000000e+00
    outer loop
      vertex -2.060000e+01  3.850000e+01  2.300000e+00
      vertex -2.060000e+01  3.750000e+01  2.300000e+00
      vertex -2.060000e+01  3.850000e+01 -2.000000e-01
    endloop
  endfacet
  facet normal  1.000000e+00  0.000000e+00  0.000000e+00
    outer loop
      vertex -2.060000e+01  3.850000e+01 -2.000000e-01
      vertex -2.060000e+01  3.750000e+01  2.300000e+00
      vertex -2.060000e+01  3.750000e+01  1.000000e+00
    endloop
  endfacet
  facet normal  1.000000e+00  0.000000e+00  0.000000e+00
    outer loop
      vertex -2.060000e+01  3.850000e+01 -2.000000e-01
      vertex -2.060000e+01  3.750000e+01  1.000000e+00
      vertex -2.060000e+01  3.690000e+01 -2.000000e-01
    endloop
  endfacet
  facet normal  1.000000e+00  0.000000e+00  0.000000e+00
    outer loop
      vertex -2.060000e+01  3.690000e+01 -2.000000e-01
      vertex -2.060000e+01  3.750000e+01  1.000000e+00
      vertex -2.060000e+01  3.690000e+01  8.000000e-01
    endloop
  endfacet
  facet normal  0.000000e+00  1.000000e+00  0.000000e+00
    outer loop
      vertex  2.060000e+01  3.690000e+01 -2.000000e-01
      vertex -2.060000e+01  3.690000e+01 -2.000000e-01
      vertex  2.060000e+01  3.690000e+01  8.000000e-01
    endloop
  endfacet
  facet normal  0.000000e+00  1.000000e+00  0.000000e+00
    outer loop
      vertex  2.060000e+01  3.690000e+01  8.000000e-01
      vertex -2.060000e+01  3.690000e+01 -2.000000e-01
      vertex -2.060000e+01  3.690000e+01  8.000000e-01
    endloop
  endfacet
  facet normal -9.999999e-01  0.000000e+00  0.000000e+00
    outer loop
      vertex  2.060000e+01  3.750000e+01  1.000000e+00
      vertex  2.060000e+01  3.690000e+01  8.000000e-01
      vertex  2.060000e+01  3.690000e+01  1.000000e+00
    endloop
  endfacet
  facet normal -1.000000e+00  0.000000e+00  0.000000e+00
    outer loop
      vertex  2.060000e+01  3.690000e+01 -2.000000e-01
      vertex  2.060000e+01  3.690000e+01  8.000000e-01
      vertex  2.060000e+01  3.850000e+01 -2.000000e-01
    endloop
  endfacet
  facet normal -1.000000e+00  0.000000e+00  0.000000e+00
    outer loop
      vertex  2.060000e+01  3.850000e+01 -2.000000e-01
      vertex  2.060000e+01  3.690000e+01  8.000000e-01
      vertex  2.060000e+01  3.750000e+01  1.000000e+00
    endloop
  endfacet
  facet normal -1.000000e+00  0.000000e+00  0.000000e+00
    outer loop
      vertex  2.060000e+01  3.850000e+01 -2.000000e-01
      vertex  2.060000e+01  3.750000e+01  1.000000e+00
      vertex  2.060000e+01  3.850000e+01  2.300000e+00
    endloop
  endfacet
  facet normal -1.000000e+00  -0.000000e+00  0.000000e+00
    outer loop
      vertex  2.060000e+01  3.850000e+01  2.300000e+00
      vertex  2.060000e+01  3.750000e+01  1.000000e+00
      vertex  2.060000e+01  3.750000e+01  2.300000e+00
    endloop
  endfacet
  facet normal  0.000000e+00  1.000000e+00  0.000000e+00
    outer loop
      vertex  2.060000e+01  3.850000e+01  2.300000e+00
      vertex  2.250000e+01  3.850000e+01  2.300000e+00
      vertex  2.060000e+01  3.850000e+01 -2.000000e-01
    endloop
  endfacet
  facet normal  0.000000e+00  1.000000e+00  0.000000e+00
    outer loop
      vertex  2.060000e+01  3.850000e+01 -2.000000e-01
      vertex  2.250000e+01  3.850000e+01  2.300000e+00
      vertex  2.250000e+01  3.850000e+01 -2.000000e-01
    endloop
  endfacet
  facet normal  1.000000e+00  0.000000e+00  0.000000e+00
    outer loop
      vertex  2.250000e+01  2.600000e+01  2.300000e+00
      vertex  2.250000e+01  2.600000e+01 -2.000000e-01
      vertex  2.250000e+01  3.850000e+01  2.300000e+00
    endloop
  endfacet
  facet normal  1.000000e+00  0.000000e+00  0.000000e+00
    outer loop
      vertex  2.250000e+01  3.850000e+01  2.300000e+00
      vertex  2.250000e+01  2.600000e+01 -2.000000e-01
      vertex  2.250000e+01  3.850000e+01 -2.000000e-01
    endloop
  endfacet
  facet normal  0.000000e+00  9.999999e-01  0.000000e+00
    outer loop
      vertex  2.250000e+01  2.600000e+01  2.300000e+00
      vertex  4.450000e+01  2.600000e+01  2.300000e+00
      vertex  2.250000e+01  2.600000e+01 -2.000000e-01
    endloop
  endfacet
  facet normal  0.000000e+00  9.999999e-01  0.000000e+00
    outer loop
      vertex  2.250000e+01  2.600000e+01 -2.000000e-01
      vertex  4.450000e+01  2.600000e+01  2.300000e+00
      vertex  4.450000e+01  2.600000e+01 -2.000000e-01
    endloop
  endfacet
  facet normal  1.000000e+00  -0.000000e+00  0.000000e+00
    outer loop
      vertex  4.450000e+01  2.600000e+01  2.300000e+00
      vertex  4.450000e+01  2.485000e+01  2.300000e+00
      vertex  4.450000e+01  2.600000e+01 -2.000000e-01
    endloop
  endfacet
  facet normal  1.000000e+00  0.000000e+00  0.000000e+00
    outer loop
      vertex  4.450000e+01  2.600000e+01 -2.000000e-01
      vertex  4.450000e+01  2.485000e+01  2.300000e+00
      vertex  4.450000e+01  2.485000e+01  6.000000e-01
    endloop
  endfacet
  facet normal  1.000000e+00  0.000000e+00  0.000000e+00
    outer loop
      vertex  4.450000e+01  2.600000e+01 -2.000000e-01
      vertex  4.450000e+01  2.485000e+01  6.000000e-01
      vertex  4.450000e+01  1.000000e+01 -2.000000e-01
    endloop
  endfacet
  facet normal  1.000000e+00  0.000000e+00  0.000000e+00
    outer loop
      vertex  4.450000e+01  1.000000e+01 -2.000000e-01
      vertex  4.450000e+01  2.485000e+01  6.000000e-01
      vertex  4.450000e+01  1.085000e+01  6.000000e-01
    endloop
  endfacet
  facet normal  1.000000e+00  0.000000e+00  0.000000e+00
    outer loop
      vertex  4.450000e+01  1.000000e+01 -2.000000e-01
      vertex  4.450000e+01  1.085000e+01  6.000000e-01
      vertex  4.450000e+01  1.000000e+01  2.300000e+00
    endloop
  endfacet
  facet normal  1.000000e+00  -0.000000e+00  0.000000e+00
    outer loop
      vertex  4.450000e+01  1.000000e+01  2.300000e+00
      vertex  4.450000e+01  1.085000e+01  6.000000e-01
      vertex  4.450000e+01  1.085000e+01  2.300000e+00
    endloop
  endfacet
  facet normal  1.645934e-01  9.863616e-01  -0.000000e+00
    outer loop
      vertex  3.836925e+01 -2.338475e+01  0.000000e+00
      vertex  3.791404e+01 -2.330879e+01 -2.000000e-01
      vertex  3.791404e+01 -2.330879e+01  0.000000e+00
    endloop
  endfacet
  facet normal  3.247020e-01  9.458163e-01  0.000000e+00
    outer loop
      vertex  3.791404e+01 -2.330879e+01  0.000000e+00
      vertex  3.791404e+01 -2.330879e+01 -2.000000e-01
      vertex  3.747755e+01 -2.315894e+01 -2.000000e-01
    endloop
  endfacet
  facet normal  3.247020e-01  9.458163e-01  -0.000000e+00
    outer loop
      vertex  3.791404e+01 -2.330879e+01  0.000000e+00
      vertex  3.747755e+01 -2.315894e+01 -2.000000e-01
      vertex  3.747755e+01 -2.315894e+01  0.000000e+00
    endloop
  endfacet
  facet normal  4.759457e-01  8.794746e-01  0.000000e+00
    outer loop
      vertex  3.747755e+01 -2.315894e+01  0.000000e+00
      vertex  3.747755e+01 -2.315894e+01 -2.000000e-01
      vertex  3.707167e+01 -2.293929e+01 -2.000000e-01
    endloop
  endfacet
  facet normal  4.759457e-01  8.794746e-01  -0.000000e+00
    outer loop
      vertex  3.747755e+01 -2.315894e+01  0.000000e+00
      vertex  3.707167e+01 -2.293929e+01 -2.000000e-01
      vertex  3.707167e+01 -2.293929e+01  0.000000e+00
    endloop
  endfacet
  facet normal  6.142113e-01  7.891416e-01  0.000000e+00
    outer loop
      vertex  3.707167e+01 -2.293929e+01  0.000000e+00
      vertex  3.707167e+01 -2.293929e+01 -2.000000e-01
      vertex  3.670748e+01 -2.265583e+01 -2.000000e-01
    endloop
  endfacet
  facet normal  6.142113e-01  7.891416e-01  -0.000000e+00
    outer loop
      vertex  3.707167e+01 -2.293929e+01  0.000000e+00
      vertex  3.670748e+01 -2.265583e+01 -2.000000e-01
      vertex  3.670748e+01 -2.265583e+01  0.000000e+00
    endloop
  endfacet
  facet normal  7.357265e-01  6.772788e-01  0.000000e+00
    outer loop
      vertex  3.670748e+01 -2.265583e+01  0.000000e+00
      vertex  3.670748e+01 -2.265583e+01 -2.000000e-01
      vertex  3.639491e+01 -2.231629e+01 -2.000000e-01
    endloop
  endfacet
  facet normal  7.357265e-01  6.772788e-01  -0.000000e+00
    outer loop
      vertex  3.670748e+01 -2.265583e+01  0.000000e+00
      vertex  3.639491e+01 -2.231629e+01 -2.000000e-01
      vertex  3.639491e+01 -2.231629e+01  0.000000e+00
    endloop
  endfacet
  facet normal  8.371647e-01  5.469509e-01  0.000000e+00
    outer loop
      vertex  3.639491e+01 -2.231629e+01  0.000000e+00
      vertex  3.639491e+01 -2.231629e+01 -2.000000e-01
      vertex  3.614249e+01 -2.192994e+01 -2.000000e-01
    endloop
  endfacet
  facet normal  8.371647e-01  5.469509e-01  -0.000000e+00
    outer loop
      vertex  3.639491e+01 -2.231629e+01  0.000000e+00
      vertex  3.614249e+01 -2.192994e+01 -2.000000e-01
      vertex  3.614249e+01 -2.192994e+01  0.000000e+00
    endloop
  endfacet
  facet normal  9.157734e-01  4.016955e-01  0.000000e+00
    outer loop
      vertex  3.614249e+01 -2.192994e+01  0.000000e+00
      vertex  3.614249e+01 -2.192994e+01 -2.000000e-01
      vertex  3.595711e+01 -2.150731e+01 -2.000000e-01
    endloop
  endfacet
  facet normal  9.157734e-01  4.016955e-01  -0.000000e+00
    outer loop
      vertex  3.614249e+01 -2.192994e+01  0.000000e+00
      vertex  3.595711e+01 -2.150731e+01 -2.000000e-01
      vertex  3.595711e+01 -2.150731e+01  0.000000e+00
    endloop
  endfacet
  facet normal  9.694018e-01  2.454791e-01  0.000000e+00
    outer loop
      vertex  3.595711e+01 -2.150731e+01  0.000000e+00
      vertex  3.595711e+01 -2.150731e+01 -2.000000e-01
      vertex  3.584382e+01 -2.105993e+01 -2.000000e-01
    endloop
  endfacet
  facet normal  9.694018e-01  2.454791e-01  -0.000000e+00
    outer loop
      vertex  3.595711e+01 -2.150731e+01  0.000000e+00
      vertex  3.584382e+01 -2.105993e+01 -2.000000e-01
      vertex  3.584382e+01 -2.105993e+01  0.000000e+00
    endloop
  endfacet
  facet normal  9.965841e-01  8.258407e-02  0.000000e+00
    outer loop
      vertex  3.584382e+01 -2.105993e+01  0.000000e+00
      vertex  3.584382e+01 -2.105993e+01 -2.000000e-01
      vertex  3.580571e+01 -2.060000e+01 -2.000000e-01
    endloop
  endfacet
  facet normal  9.965841e-01  8.258373e-02 -7.875798e-07
    outer loop
      vertex  3.584382e+01 -2.105993e+01  0.000000e+00
      vertex  3.580571e+01 -2.060000e+01 -2.000000e-01
      vertex  3.580571e+01 -2.060000e+01  6.750156e-14
    endloop
  endfacet
  facet normal  1.645934e-01  9.863616e-01  0.000000e+00
    outer loop
      vertex  3.791404e+01 -2.330879e+01 -2.000000e-01
      vertex  3.836925e+01 -2.338475e+01  0.000000e+00
      vertex  3.836925e+01 -2.338475e+01 -2.000000e-01
    endloop
  endfacet
  facet normal  0.000000e+00  9.999999e-01  0.000000e+00
    outer loop
      vertex  3.836925e+01 -2.338475e+01 -2.000000e-01
      vertex  3.836925e+01 -2.338475e+01  0.000000e+00
      vertex  3.883075e+01 -2.338475e+01  0.000000e+00
    endloop
  endfacet
  facet normal  0.000000e+00  9.999999e-01  0.000000e+00
    outer loop
      vertex  3.836925e+01 -2.338475e+01 -2.000000e-01
      vertex  3.883075e+01 -2.338475e+01  0.000000e+00
      vertex  3.883075e+01 -2.338475e+01 -2.000000e-01
    endloop
  endfacet
  facet normal -1.645934e-01  9.863616e-01  0.000000e+00
    outer loop
      vertex  3.883075e+01 -2.338475e+01 -2.000000e-01
      vertex  3.883075e+01 -2.338475e+01  0.000000e+00
      vertex  3.928596e+01 -2.330879e+01  0.000000e+00
    endloop
  endfacet
  facet normal -1.645934e-01  9.863616e-01  0.000000e+00
    outer loop
      vertex  3.883075e+01 -2.338475e+01 -2.000000e-01
      vertex  3.928596e+01 -2.330879e+01  0.000000e+00
      vertex  3.928596e+01 -2.330879e+01 -2.000000e-01
    endloop
  endfacet
  facet normal -3.247020e-01  9.458163e-01  0.000000e+00
    outer loop
      vertex  3.928596e+01 -2.330879e+01 -2.000000e-01
      vertex  3.928596e+01 -2.330879e+01  0.000000e+00
      vertex  3.972245e+01 -2.315894e+01  0.000000e+00
    endloop
  endfacet
  facet normal -3.247020e-01  9.458163e-01  0.000000e+00
    outer loop
      vertex  3.928596e+01 -2.330879e+01 -2.000000e-01
      vertex  3.972245e+01 -2.315894e+01  0.000000e+00
      vertex  3.972245e+01 -2.315894e+01 -2.000000e-01
    endloop
  endfacet
  facet normal -4.759492e-01  8.794728e-01  0.000000e+00
    outer loop
      vertex  3.972245e+01 -2.315894e+01 -2.000000e-01
      vertex  3.972245e+01 -2.315894e+01  0.000000e+00
      vertex  4.012833e+01 -2.293929e+01  0.000000e+00
    endloop
  endfacet
  facet normal -4.759492e-01  8.794728e-01  0.000000e+00
    outer loop
      vertex  3.972245e+01 -2.315894e+01 -2.000000e-01
      vertex  4.012833e+01 -2.293929e+01  0.000000e+00
      vertex  4.012833e+01 -2.293929e+01 -2.000000e-01
    endloop
  endfacet
  facet normal -6.142113e-01  7.891416e-01  0.000000e+00
    outer loop
      vertex  4.012833e+01 -2.293929e+01 -2.000000e-01
      vertex  4.012833e+01 -2.293929e+01  0.000000e+00
      vertex  4.049252e+01 -2.265583e+01  0.000000e+00
    endloop
  endfacet
  facet normal -6.142113e-01  7.891416e-01  0.000000e+00
    outer loop
      vertex  4.012833e+01 -2.293929e+01 -2.000000e-01
      vertex  4.049252e+01 -2.265583e+01  0.000000e+00
      vertex  4.049252e+01 -2.265583e+01 -2.000000e-01
    endloop
  endfacet
  facet normal -7.357224e-01  6.772832e-01  0.000000e+00
    outer loop
      vertex  4.049252e+01 -2.265583e+01 -2.000000e-01
      vertex  4.049252e+01 -2.265583e+01  0.000000e+00
      vertex  4.080509e+01 -2.231629e+01  0.000000e+00
    endloop
  endfacet
  facet normal -7.357224e-01  6.772832e-01  0.000000e+00
    outer loop
      vertex  4.049252e+01 -2.265583e+01 -2.000000e-01
      vertex  4.080509e+01 -2.231629e+01  0.000000e+00
      vertex  4.080509e+01 -2.231629e+01 -2.000000e-01
    endloop
  endfacet
  facet normal -8.371685e-01  5.469451e-01  0.000000e+00
    outer loop
      vertex  4.080509e+01 -2.231629e+01 -2.000000e-01
      vertex  4.080509e+01 -2.231629e+01  0.000000e+00
      vertex  4.105750e+01 -2.192994e+01  0.000000e+00
    endloop
  endfacet
  facet normal -8.371685e-01  5.469451e-01  0.000000e+00
    outer loop
      vertex  4.080509e+01 -2.231629e+01 -2.000000e-01
      vertex  4.105750e+01 -2.192994e+01  0.000000e+00
      vertex  4.105750e+01 -2.192994e+01 -2.000000e-01
    endloop
  endfacet
  facet normal -9.157734e-01  4.016955e-01  0.000000e+00
    outer loop
      vertex  4.105750e+01 -2.192994e+01 -2.000000e-01
      vertex  4.105750e+01 -2.192994e+01  0.000000e+00
      vertex  4.124289e+01 -2.150731e+01  0.000000e+00
    endloop
  endfacet
  facet normal -9.157734e-01  4.016955e-01  0.000000e+00
    outer loop
      vertex  4.105750e+01 -2.192994e+01 -2.000000e-01
      vertex  4.124289e+01 -2.150731e+01  0.000000e+00
      vertex  4.124289e+01 -2.150731e+01 -2.000000e-01
    endloop
  endfacet
  facet normal -9.693999e-01  2.454869e-01  0.000000e+00
    outer loop
      vertex  4.124289e+01 -2.150731e+01 -2.000000e-01
      vertex  4.124289e+01 -2.150731e+01  0.000000e+00
      vertex  4.135618e+01 -2.105993e+01  0.000000e+00
    endloop
  endfacet
  facet normal -9.693999e-01  2.454869e-01  0.000000e+00
    outer loop
      vertex  4.124289e+01 -2.150731e+01 -2.000000e-01
      vertex  4.135618e+01 -2.105993e+01  0.000000e+00
      vertex  4.135618e+01 -2.105993e+01 -2.000000e-01
    endloop
  endfacet
  facet normal -9.965841e-01  8.258373e-02  0.000000e+00
    outer loop
      vertex  4.135618e+01 -2.105993e+01 -2.000000e-01
      vertex  4.135618e+01 -2.105993e+01  0.000000e+00
      vertex  4.139429e+01 -2.060000e+01  6.750156e-14
    endloop
  endfacet
  facet normal -9.965841e-01  8.258407e-02 -7.875830e-07
    outer loop
      vertex  4.135618e+01 -2.105993e+01 -2.000000e-01
      vertex  4.139429e+01 -2.060000e+01  6.750156e-14
      vertex  4.139429e+01 -2.060000e+01 -2.000000e-01
    endloop
  endfacet
  facet normal -1.645934e-01 -9.863616e-01  0.000000e+00
    outer loop
      vertex  3.883075e+01 -1.781526e+01  0.000000e+00
      vertex  3.928596e+01 -1.789122e+01 -2.000000e-01
      vertex  3.928596e+01 -1.789122e+01  0.000000e+00
    endloop
  endfacet
  facet normal -3.246984e-01 -9.458176e-01  -0.000000e+00
    outer loop
      vertex  3.928596e+01 -1.789122e+01  0.000000e+00
      vertex  3.928596e+01 -1.789122e+01 -2.000000e-01
      vertex  3.972245e+01 -1.804107e+01 -2.000000e-01
    endloop
  endfacet
  facet normal -3.246984e-01 -9.458176e-01  0.000000e+00
    outer loop
      vertex  3.928596e+01 -1.789122e+01  0.000000e+00
      vertex  3.972245e+01 -1.804107e+01 -2.000000e-01
      vertex  3.972245e+01 -1.804107e+01  0.000000e+00
    endloop
  endfacet
  facet normal -4.759492e-01 -8.794728e-01  -0.000000e+00
    outer loop
      vertex  3.972245e+01 -1.804107e+01  0.000000e+00
      vertex  3.972245e+01 -1.804107e+01 -2.000000e-01
      vertex  4.012833e+01 -1.826072e+01 -2.000000e-01
    endloop
  endfacet
  facet normal -4.759492e-01 -8.794728e-01  0.000000e+00
    outer loop
      vertex  3.972245e+01 -1.804107e+01  0.000000e+00
      vertex  4.012833e+01 -1.826072e+01 -2.000000e-01
      vertex  4.012833e+01 -1.826072e+01  0.000000e+00
    endloop
  endfacet
  facet normal -6.142138e-01 -7.891397e-01  -0.000000e+00
    outer loop
      vertex  4.012833e+01 -1.826072e+01  0.000000e+00
      vertex  4.012833e+01 -1.826072e+01 -2.000000e-01
      vertex  4.049252e+01 -1.854418e+01 -2.000000e-01
    endloop
  endfacet
  facet normal -6.142113e-01 -7.891416e-01  7.525841e-06
    outer loop
      vertex  4.012833e+01 -1.826072e+01  0.000000e+00
      vertex  4.049252e+01 -1.854418e+01 -2.000000e-01
      vertex  4.049252e+01 -1.854418e+01  0.000000e+00
    endloop
  endfacet
  facet normal -7.357205e-01 -6.772853e-01  6.459095e-06
    outer loop
      vertex  4.049252e+01 -1.854418e+01  0.000000e+00
      vertex  4.049252e+01 -1.854418e+01 -2.000000e-01
      vertex  4.080509e+01 -1.888371e+01 -2.000000e-01
    endloop
  endfacet
  facet normal -7.357247e-01 -6.772808e-01 -7.573781e-06
    outer loop
      vertex  4.049252e+01 -1.854418e+01  0.000000e+00
      vertex  4.080509e+01 -1.888371e+01 -2.000000e-01
      vertex  4.080508e+01 -1.888371e+01  0.000000e+00
    endloop
  endfacet
  facet normal -8.371685e-01 -5.469451e-01 -1.075165e-05
    outer loop
      vertex  4.080508e+01 -1.888371e+01  0.000000e+00
      vertex  4.080509e+01 -1.888371e+01 -2.000000e-01
      vertex  4.105750e+01 -1.927007e+01 -2.000000e-01
    endloop
  endfacet
  facet normal -8.371660e-01 -5.469490e-01  0.000000e+00
    outer loop
      vertex  4.080508e+01 -1.888371e+01  0.000000e+00
      vertex  4.105750e+01 -1.927007e+01 -2.000000e-01
      vertex  4.105750e+01 -1.927007e+01  0.000000e+00
    endloop
  endfacet
  facet normal -9.157734e-01 -4.016955e-01  -0.000000e+00
    outer loop
      vertex  4.105750e+01 -1.927007e+01  0.000000e+00
      vertex  4.105750e+01 -1.927007e+01 -2.000000e-01
      vertex  4.124289e+01 -1.969270e+01 -2.000000e-01
    endloop
  endfacet
  facet normal -9.157727e-01 -4.016970e-01  3.830880e-06
    outer loop
      vertex  4.105750e+01 -1.927007e+01  0.000000e+00
      vertex  4.124289e+01 -1.969270e+01 -2.000000e-01
      vertex  4.124289e+01 -1.969270e+01  0.000000e+00
    endloop
  endfacet
  facet normal -9.693999e-01 -2.454869e-01  2.341145e-06
    outer loop
      vertex  4.124289e+01 -1.969270e+01  0.000000e+00
      vertex  4.124289e+01 -1.969270e+01 -2.000000e-01
      vertex  4.135618e+01 -2.014008e+01 -2.000000e-01
    endloop
  endfacet
  facet normal -9.693999e-01 -2.454869e-01  2.341145e-06
    outer loop
      vertex  4.124289e+01 -1.969270e+01  0.000000e+00
      vertex  4.135618e+01 -2.014008e+01 -2.000000e-01
      vertex  4.135618e+01 -2.014008e+01  0.000000e+00
    endloop
  endfacet
  facet normal -9.965841e-01 -8.258407e-02  7.875830e-07
    outer loop
      vertex  4.135618e+01 -2.014008e+01  0.000000e+00
      vertex  4.135618e+01 -2.014008e+01 -2.000000e-01
      vertex  4.139429e+01 -2.060000e+01 -2.000000e-01
    endloop
  endfacet
  facet normal -9.965841e-01 -8.258407e-02  7.875830e-07
    outer loop
      vertex  4.135618e+01 -2.014008e+01  0.000000e+00
      vertex  4.139429e+01 -2.060000e+01 -2.000000e-01
      vertex  4.139429e+01 -2.060000e+01  6.750156e-14
    endloop
  endfacet
  facet normal -1.645934e-01 -9.863616e-01  -0.000000e+00
    outer loop
      vertex  3.928596e+01 -1.789122e+01 -2.000000e-01
      vertex  3.883075e+01 -1.781526e+01  0.000000e+00
      vertex  3.883075e+01 -1.781526e+01 -2.000000e-01
    endloop
  endfacet
  facet normal  0.000000e+00 -9.999999e-01  0.000000e+00
    outer loop
      vertex  3.883075e+01 -1.781526e+01 -2.000000e-01
      vertex  3.883075e+01 -1.781526e+01  0.000000e+00
      vertex  3.836925e+01 -1.781526e+01  0.000000e+00
    endloop
  endfacet
  facet normal  0.000000e+00 -9.999999e-01  0.000000e+00
    outer loop
      vertex  3.883075e+01 -1.781526e+01 -2.000000e-01
      vertex  3.836925e+01 -1.781526e+01  0.000000e+00
      vertex  3.836925e+01 -1.781526e+01 -2.000000e-01
    endloop
  endfacet
  facet normal  1.645934e-01 -9.863616e-01  0.000000e+00
    outer loop
      vertex  3.836925e+01 -1.781526e+01 -2.000000e-01
      vertex  3.836925e+01 -1.781526e+01  0.000000e+00
      vertex  3.791404e+01 -1.789122e+01  0.000000e+00
    endloop
  endfacet
  facet normal  1.645934e-01 -9.863616e-01  0.000000e+00
    outer loop
      vertex  3.836925e+01 -1.781526e+01 -2.000000e-01
      vertex  3.791404e+01 -1.789122e+01  0.000000e+00
      vertex  3.791404e+01 -1.789122e+01 -2.000000e-01
    endloop
  endfacet
  facet normal  3.246984e-01 -9.458176e-01  0.000000e+00
    outer loop
      vertex  3.791404e+01 -1.789122e+01 -2.000000e-01
      vertex  3.791404e+01 -1.789122e+01  0.000000e+00
      vertex  3.747755e+01 -1.804107e+01  0.000000e+00
    endloop
  endfacet
  facet normal  3.246984e-01 -9.458176e-01  0.000000e+00
    outer loop
      vertex  3.791404e+01 -1.789122e+01 -2.000000e-01
      vertex  3.747755e+01 -1.804107e+01  0.000000e+00
      vertex  3.747755e+01 -1.804107e+01 -2.000000e-01
    endloop
  endfacet
  facet normal  4.759492e-01 -8.794728e-01  0.000000e+00
    outer loop
      vertex  3.747755e+01 -1.804107e+01 -2.000000e-01
      vertex  3.747755e+01 -1.804107e+01  0.000000e+00
      vertex  3.707167e+01 -1.826072e+01  0.000000e+00
    endloop
  endfacet
  facet normal  4.759458e-01 -8.794746e-01 -9.077945e-06
    outer loop
      vertex  3.747755e+01 -1.804107e+01 -2.000000e-01
      vertex  3.707167e+01 -1.826072e+01  0.000000e+00
      vertex  3.707167e+01 -1.826072e+01 -2.000000e-01
    endloop
  endfacet
  facet normal  6.142113e-01 -7.891416e-01 -1.171515e-05
    outer loop
      vertex  3.707167e+01 -1.826072e+01 -2.000000e-01
      vertex  3.707167e+01 -1.826072e+01  0.000000e+00
      vertex  3.670748e+01 -1.854418e+01  0.000000e+00
    endloop
  endfacet
  facet normal  6.142138e-01 -7.891397e-01 -4.189377e-06
    outer loop
      vertex  3.707167e+01 -1.826072e+01 -2.000000e-01
      vertex  3.670748e+01 -1.854418e+01  0.000000e+00
      vertex  3.670748e+01 -1.854418e+01 -2.000000e-01
    endloop
  endfacet
  facet normal  7.357205e-01 -6.772853e-01 -7.573660e-06
    outer loop
      vertex  3.670748e+01 -1.854418e+01 -2.000000e-01
      vertex  3.670748e+01 -1.854418e+01  0.000000e+00
      vertex  3.639491e+01 -1.888371e+01  0.000000e+00
    endloop
  endfacet
  facet normal  7.357247e-01 -6.772808e-01  6.459053e-06
    outer loop
      vertex  3.670748e+01 -1.854418e+01 -2.000000e-01
      vertex  3.639491e+01 -1.888371e+01  0.000000e+00
      vertex  3.639491e+01 -1.888371e+01 -2.000000e-01
    endloop
  endfacet
  facet normal  8.371685e-01 -5.469451e-01  5.216075e-06
    outer loop
      vertex  3.639491e+01 -1.888371e+01 -2.000000e-01
      vertex  3.639491e+01 -1.888371e+01  0.000000e+00
      vertex  3.614250e+01 -1.927007e+01  0.000000e+00
    endloop
  endfacet
  facet normal  8.371647e-01 -5.469509e-01 -1.075152e-05
    outer loop
      vertex  3.639491e+01 -1.888371e+01 -2.000000e-01
      vertex  3.614250e+01 -1.927007e+01  0.000000e+00
      vertex  3.614249e+01 -1.927007e+01 -2.000000e-01
    endloop
  endfacet
  facet normal  9.157734e-01 -4.016955e-01 -1.363613e-05
    outer loop
      vertex  3.614249e+01 -1.927007e+01 -2.000000e-01
      vertex  3.614250e+01 -1.927007e+01  0.000000e+00
      vertex  3.595712e+01 -1.969270e+01  0.000000e+00
    endloop
  endfacet
  facet normal  9.157734e-01 -4.016955e-01 -1.363613e-05
    outer loop
      vertex  3.614249e+01 -1.927007e+01 -2.000000e-01
      vertex  3.595712e+01 -1.969270e+01  0.000000e+00
      vertex  3.595711e+01 -1.969270e+01 -2.000000e-01
    endloop
  endfacet
  facet normal  9.693999e-01 -2.454869e-01 -1.614869e-05
    outer loop
      vertex  3.595711e+01 -1.969270e+01 -2.000000e-01
      vertex  3.595712e+01 -1.969270e+01  0.000000e+00
      vertex  3.584382e+01 -2.014008e+01  0.000000e+00
    endloop
  endfacet
  facet normal  9.694018e-01 -2.454791e-01  2.341071e-06
    outer loop
      vertex  3.595711e+01 -1.969270e+01 -2.000000e-01
      vertex  3.584382e+01 -2.014008e+01  0.000000e+00
      vertex  3.584382e+01 -2.014008e+01 -2.000000e-01
    endloop
  endfacet
  facet normal  9.965841e-01 -8.258407e-02  7.875830e-07
    outer loop
      vertex  3.584382e+01 -2.014008e+01 -2.000000e-01
      vertex  3.584382e+01 -2.014008e+01  0.000000e+00
      vertex  3.580571e+01 -2.060000e+01  6.750156e-14
    endloop
  endfacet
  facet normal  9.965841e-01 -8.258407e-02  7.875830e-07
    outer loop
      vertex  3.584382e+01 -2.014008e+01 -2.000000e-01
      vertex  3.580571e+01 -2.060000e+01  6.750156e-14
      vertex  3.580571e+01 -2.060000e+01 -2.000000e-01
    endloop
  endfacet
  facet normal  1.645934e-01  9.863616e-01  -0.000000e+00
    outer loop
      vertex -3.883075e+01 -2.338475e+01  0.000000e+00
      vertex -3.928596e+01 -2.330879e+01 -2.000000e-01
      vertex -3.928596e+01 -2.330879e+01  0.000000e+00
    endloop
  endfacet
  facet normal  3.247020e-01  9.458163e-01  0.000000e+00
    outer loop
      vertex -3.928596e+01 -2.330879e+01  0.000000e+00
      vertex -3.928596e+01 -2.330879e+01 -2.000000e-01
      vertex -3.972245e+01 -2.315894e+01 -2.000000e-01
    endloop
  endfacet
  facet normal  3.247020e-01  9.458163e-01  -0.000000e+00
    outer loop
      vertex -3.928596e+01 -2.330879e+01  0.000000e+00
      vertex -3.972245e+01 -2.315894e+01 -2.000000e-01
      vertex -3.972245e+01 -2.315894e+01  0.000000e+00
    endloop
  endfacet
  facet normal  4.759492e-01  8.794728e-01  0.000000e+00
    outer loop
      vertex -3.972245e+01 -2.315894e+01  0.000000e+00
      vertex -3.972245e+01 -2.315894e+01 -2.000000e-01
      vertex -4.012833e+01 -2.293929e+01 -2.000000e-01
    endloop
  endfacet
  facet normal  4.759492e-01  8.794728e-01  -0.000000e+00
    outer loop
      vertex -3.972245e+01 -2.315894e+01  0.000000e+00
      vertex -4.012833e+01 -2.293929e+01 -2.000000e-01
      vertex -4.012833e+01 -2.293929e+01  0.000000e+00
    endloop
  endfacet
  facet normal  6.142113e-01  7.891416e-01  0.000000e+00
    outer loop
      vertex -4.012833e+01 -2.293929e+01  0.000000e+00
      vertex -4.012833e+01 -2.293929e+01 -2.000000e-01
      vertex -4.049252e+01 -2.265583e+01 -2.000000e-01
    endloop
  endfacet
  facet normal  6.142113e-01  7.891416e-01  -0.000000e+00
    outer loop
      vertex -4.012833e+01 -2.293929e+01  0.000000e+00
      vertex -4.049252e+01 -2.265583e+01 -2.000000e-01
      vertex -4.049252e+01 -2.265583e+01  0.000000e+00
    endloop
  endfacet
  facet normal  7.357224e-01  6.772832e-01  0.000000e+00
    outer loop
      vertex -4.049252e+01 -2.265583e+01  0.000000e+00
      vertex -4.049252e+01 -2.265583e+01 -2.000000e-01
      vertex -4.080509e+01 -2.231629e+01 -2.000000e-01
    endloop
  endfacet
  facet normal  7.357224e-01  6.772832e-01  -0.000000e+00
    outer loop
      vertex -4.049252e+01 -2.265583e+01  0.000000e+00
      vertex -4.080509e+01 -2.231629e+01 -2.000000e-01
      vertex -4.080509e+01 -2.231629e+01  0.000000e+00
    endloop
  endfacet
  facet normal  8.371685e-01  5.469451e-01  0.000000e+00
    outer loop
      vertex -4.080509e+01 -2.231629e+01  0.000000e+00
      vertex -4.080509e+01 -2.231629e+01 -2.000000e-01
      vertex -4.105750e+01 -2.192994e+01 -2.000000e-01
    endloop
  endfacet
  facet normal  8.371685e-01  5.469451e-01  -0.000000e+00
    outer loop
      vertex -4.080509e+01 -2.231629e+01  0.000000e+00
      vertex -4.105750e+01 -2.192994e+01 -2.000000e-01
      vertex -4.105750e+01 -2.192994e+01  0.000000e+00
    endloop
  endfacet
  facet normal  9.157734e-01  4.016955e-01  0.000000e+00
    outer loop
      vertex -4.105750e+01 -2.192994e+01  0.000000e+00
      vertex -4.105750e+01 -2.192994e+01 -2.000000e-01
      vertex -4.124289e+01 -2.150731e+01 -2.000000e-01
    endloop
  endfacet
  facet normal  9.157734e-01  4.016955e-01  -0.000000e+00
    outer loop
      vertex -4.105750e+01 -2.192994e+01  0.000000e+00
      vertex -4.124289e+01 -2.150731e+01 -2.000000e-01
      vertex -4.124289e+01 -2.150731e+01  0.000000e+00
    endloop
  endfacet
  facet normal  9.693999e-01  2.454869e-01  0.000000e+00
    outer loop
      vertex -4.124289e+01 -2.150731e+01  0.000000e+00
      vertex -4.124289e+01 -2.150731e+01 -2.000000e-01
      vertex -4.135618e+01 -2.105993e+01 -2.000000e-01
    endloop
  endfacet
  facet normal  9.693999e-01  2.454869e-01  -0.000000e+00
    outer loop
      vertex -4.124289e+01 -2.150731e+01  0.000000e+00
      vertex -4.135618e+01 -2.105993e+01 -2.000000e-01
      vertex -4.135618e+01 -2.105993e+01  0.000000e+00
    endloop
  endfacet
  facet normal  9.965841e-01  8.258407e-02  0.000000e+00
    outer loop
      vertex -4.135618e+01 -2.105993e+01  0.000000e+00
      vertex -4.135618e+01 -2.105993e+01 -2.000000e-01
      vertex -4.139429e+01 -2.060000e+01 -2.000000e-01
    endloop
  endfacet
  facet normal  9.965841e-01  8.258373e-02 -7.875798e-07
    outer loop
      vertex -4.135618e+01 -2.105993e+01  0.000000e+00
      vertex -4.139429e+01 -2.060000e+01 -2.000000e-01
      vertex -4.139429e+01 -2.060000e+01  6.705747e-14
    endloop
  endfacet
  facet normal  1.645934e-01  9.863616e-01  0.000000e+00
    outer loop
      vertex -3.928596e+01 -2.330879e+01 -2.000000e-01
      vertex -3.883075e+01 -2.338475e+01  0.000000e+00
      vertex -3.883075e+01 -2.338475e+01 -2.000000e-01
    endloop
  endfacet
  facet normal  0.000000e+00  9.999999e-01  0.000000e+00
    outer loop
      vertex -3.883075e+01 -2.338475e+01 -2.000000e-01
      vertex -3.883075e+01 -2.338475e+01  0.000000e+00
      vertex -3.836925e+01 -2.338475e+01  0.000000e+00
    endloop
  endfacet
  facet normal  0.000000e+00  9.999999e-01  0.000000e+00
    outer loop
      vertex -3.883075e+01 -2.338475e+01 -2.000000e-01
      vertex -3.836925e+01 -2.338475e+01  0.000000e+00
      vertex -3.836925e+01 -2.338475e+01 -2.000000e-01
    endloop
  endfacet
  facet normal -1.645934e-01  9.863616e-01  0.000000e+00
    outer loop
      vertex -3.836925e+01 -2.338475e+01 -2.000000e-01
      vertex -3.836925e+01 -2.338475e+01  0.000000e+00
      vertex -3.791404e+01 -2.330879e+01  0.000000e+00
    endloop
  endfacet
  facet normal -1.645934e-01  9.863616e-01  0.000000e+00
    outer loop
      vertex -3.836925e+01 -2.338475e+01 -2.000000e-01
      vertex -3.791404e+01 -2.330879e+01  0.000000e+00
      vertex -3.791404e+01 -2.330879e+01 -2.000000e-01
    endloop
  endfacet
  facet normal -3.247020e-01  9.458163e-01  0.000000e+00
    outer loop
      vertex -3.791404e+01 -2.330879e+01 -2.000000e-01
      vertex -3.791404e+01 -2.330879e+01  0.000000e+00
      vertex -3.747755e+01 -2.315894e+01  0.000000e+00
    endloop
  endfacet
  facet normal -3.247020e-01  9.458163e-01  0.000000e+00
    outer loop
      vertex -3.791404e+01 -2.330879e+01 -2.000000e-01
      vertex -3.747755e+01 -2.315894e+01  0.000000e+00
      vertex -3.747755e+01 -2.315894e+01 -2.000000e-01
    endloop
  endfacet
  facet normal -4.759457e-01  8.794746e-01  0.000000e+00
    outer loop
      vertex -3.747755e+01 -2.315894e+01 -2.000000e-01
      vertex -3.747755e+01 -2.315894e+01  0.000000e+00
      vertex -3.707167e+01 -2.293929e+01  0.000000e+00
    endloop
  endfacet
  facet normal -4.759457e-01  8.794746e-01  0.000000e+00
    outer loop
      vertex -3.747755e+01 -2.315894e+01 -2.000000e-01
      vertex -3.707167e+01 -2.293929e+01  0.000000e+00
      vertex -3.707167e+01 -2.293929e+01 -2.000000e-01
    endloop
  endfacet
  facet normal -6.142113e-01  7.891416e-01  0.000000e+00
    outer loop
      vertex -3.707167e+01 -2.293929e+01 -2.000000e-01
      vertex -3.707167e+01 -2.293929e+01  0.000000e+00
      vertex -3.670748e+01 -2.265583e+01  0.000000e+00
    endloop
  endfacet
  facet normal -6.142113e-01  7.891416e-01  0.000000e+00
    outer loop
      vertex -3.707167e+01 -2.293929e+01 -2.000000e-01
      vertex -3.670748e+01 -2.265583e+01  0.000000e+00
      vertex -3.670748e+01 -2.265583e+01 -2.000000e-01
    endloop
  endfacet
  facet normal -7.357265e-01  6.772788e-01  0.000000e+00
    outer loop
      vertex -3.670748e+01 -2.265583e+01 -2.000000e-01
      vertex -3.670748e+01 -2.265583e+01  0.000000e+00
      vertex -3.639491e+01 -2.231629e+01  0.000000e+00
    endloop
  endfacet
  facet normal -7.357265e-01  6.772788e-01  0.000000e+00
    outer loop
      vertex -3.670748e+01 -2.265583e+01 -2.000000e-01
      vertex -3.639491e+01 -2.231629e+01  0.000000e+00
      vertex -3.639491e+01 -2.231629e+01 -2.000000e-01
    endloop
  endfacet
  facet normal -8.371647e-01  5.469509e-01  0.000000e+00
    outer loop
      vertex -3.639491e+01 -2.231629e+01 -2.000000e-01
      vertex -3.639491e+01 -2.231629e+01  0.000000e+00
      vertex -3.614249e+01 -2.192994e+01  0.000000e+00
    endloop
  endfacet
  facet normal -8.371647e-01  5.469509e-01  0.000000e+00
    outer loop
      vertex -3.639491e+01 -2.231629e+01 -2.000000e-01
      vertex -3.614249e+01 -2.192994e+01  0.000000e+00
      vertex -3.614249e+01 -2.192994e+01 -2.000000e-01
    endloop
  endfacet
  facet normal -9.157734e-01  4.016955e-01  0.000000e+00
    outer loop
      vertex -3.614249e+01 -2.192994e+01 -2.000000e-01
      vertex -3.614249e+01 -2.192994e+01  0.000000e+00
      vertex -3.595711e+01 -2.150731e+01  0.000000e+00
    endloop
  endfacet
  facet normal -9.157734e-01  4.016955e-01  0.000000e+00
    outer loop
      vertex -3.614249e+01 -2.192994e+01 -2.000000e-01
      vertex -3.595711e+01 -2.150731e+01  0.000000e+00
      vertex -3.595711e+01 -2.150731e+01 -2.000000e-01
    endloop
  endfacet
  facet normal -9.694018e-01  2.454791e-01  0.000000e+00
    outer loop
      vertex -3.595711e+01 -2.150731e+01 -2.000000e-01
      vertex -3.595711e+01 -2.150731e+01  0.000000e+00
      vertex -3.584382e+01 -2.105993e+01  0.000000e+00
    endloop
  endfacet
  facet normal -9.694018e-01  2.454791e-01  0.000000e+00
    outer loop
      vertex -3.595711e+01 -2.150731e+01 -2.000000e-01
      vertex -3.584382e+01 -2.105993e+01  0.000000e+00
      vertex -3.584382e+01 -2.105993e+01 -2.000000e-01
    endloop
  endfacet
  facet normal -9.965841e-01  8.258373e-02  0.000000e+00
    outer loop
      vertex -3.584382e+01 -2.105993e+01 -2.000000e-01
      vertex -3.584382e+01 -2.105993e+01  0.000000e+00
      vertex -3.580571e+01 -2.060000e+01  6.705747e-14
    endloop
  endfacet
  facet normal -9.965841e-01  8.258407e-02 -7.875830e-07
    outer loop
      vertex -3.584382e+01 -2.105993e+01 -2.000000e-01
      vertex -3.580571e+01 -2.060000e+01  6.705747e-14
      vertex -3.580571e+01 -2.060000e+01 -2.000000e-01
    endloop
  endfacet
  facet normal -1.645934e-01 -9.863616e-01  0.000000e+00
    outer loop
      vertex -3.836925e+01 -1.781526e+01  0.000000e+00
      vertex -3.791404e+01 -1.789122e+01 -2.000000e-01
      vertex -3.791404e+01 -1.789122e+01  0.000000e+00
    endloop
  endfacet
  facet normal -3.246984e-01 -9.458176e-01  -0.000000e+00
    outer loop
      vertex -3.791404e+01 -1.789122e+01  0.000000e+00
      vertex -3.791404e+01 -1.789122e+01 -2.000000e-01
      vertex -3.747755e+01 -1.804107e+01 -2.000000e-01
    endloop
  endfacet
  facet normal -3.246984e-01 -9.458176e-01  0.000000e+00
    outer loop
      vertex -3.791404e+01 -1.789122e+01  0.000000e+00
      vertex -3.747755e+01 -1.804107e+01 -2.000000e-01
      vertex -3.747755e+01 -1.804107e+01  0.000000e+00
    endloop
  endfacet
  facet normal -4.759457e-01 -8.794746e-01  -0.000000e+00
    outer loop
      vertex -3.747755e+01 -1.804107e+01  0.000000e+00
      vertex -3.747755e+01 -1.804107e+01 -2.000000e-01
      vertex -3.707167e+01 -1.826072e+01 -2.000000e-01
    endloop
  endfacet
  facet normal -4.759492e-01 -8.794728e-01 -9.078009e-06
    outer loop
      vertex -3.747755e+01 -1.804107e+01  0.000000e+00
      vertex -3.707167e+01 -1.826072e+01 -2.000000e-01
      vertex -3.707167e+01 -1.826072e+01  0.000000e+00
    endloop
  endfacet
  facet normal -6.142138e-01 -7.891397e-01 -1.171520e-05
    outer loop
      vertex -3.707167e+01 -1.826072e+01  0.000000e+00
      vertex -3.707167e+01 -1.826072e+01 -2.000000e-01
      vertex -3.670748e+01 -1.854418e+01 -2.000000e-01
    endloop
  endfacet
  facet normal -6.142113e-01 -7.891417e-01 -4.189309e-06
    outer loop
      vertex -3.707167e+01 -1.826072e+01  0.000000e+00
      vertex -3.670748e+01 -1.854418e+01 -2.000000e-01
      vertex -3.670748e+01 -1.854418e+01  0.000000e+00
    endloop
  endfacet
  facet normal -7.357247e-01 -6.772808e-01 -7.573781e-06
    outer loop
      vertex -3.670748e+01 -1.854418e+01  0.000000e+00
      vertex -3.670748e+01 -1.854418e+01 -2.000000e-01
      vertex -3.639491e+01 -1.888371e+01 -2.000000e-01
    endloop
  endfacet
  facet normal -7.357205e-01 -6.772853e-01  6.459095e-06
    outer loop
      vertex -3.670748e+01 -1.854418e+01  0.000000e+00
      vertex -3.639491e+01 -1.888371e+01 -2.000000e-01
      vertex -3.639491e+01 -1.888371e+01  0.000000e+00
    endloop
  endfacet
  facet normal -8.371647e-01 -5.469509e-01  5.216130e-06
    outer loop
      vertex -3.639491e+01 -1.888371e+01  0.000000e+00
      vertex -3.639491e+01 -1.888371e+01 -2.000000e-01
      vertex -3.614249e+01 -1.927007e+01 -2.000000e-01
    endloop
  endfacet
  facet normal -8.371697e-01 -5.469432e-01 -1.596775e-05
    outer loop
      vertex -3.639491e+01 -1.888371e+01  0.000000e+00
      vertex -3.614249e+01 -1.927007e+01 -2.000000e-01
      vertex -3.614250e+01 -1.927007e+01  0.000000e+00
    endloop
  endfacet
  facet normal -9.157739e-01 -4.016939e-01 -1.746700e-05
    outer loop
      vertex -3.614250e+01 -1.927007e+01  0.000000e+00
      vertex -3.614249e+01 -1.927007e+01 -2.000000e-01
      vertex -3.595711e+01 -1.969270e+01 -2.000000e-01
    endloop
  endfacet
  facet normal -9.157727e-01 -4.016970e-01 -9.805216e-06
    outer loop
      vertex -3.614250e+01 -1.927007e+01  0.000000e+00
      vertex -3.595711e+01 -1.969270e+01 -2.000000e-01
      vertex -3.595712e+01 -1.969270e+01  0.000000e+00
    endloop
  endfacet
  facet normal -9.694017e-01 -2.454801e-01 -1.380771e-05
    outer loop
      vertex -3.595712e+01 -1.969270e+01  0.000000e+00
      vertex -3.595711e+01 -1.969270e+01 -2.000000e-01
      vertex -3.584382e+01 -2.014008e+01 -2.000000e-01
    endloop
  endfacet
  facet normal -9.693999e-01 -2.454869e-01  2.341145e-06
    outer loop
      vertex -3.595712e+01 -1.969270e+01  0.000000e+00
      vertex -3.584382e+01 -2.014008e+01 -2.000000e-01
      vertex -3.584382e+01 -2.014008e+01  0.000000e+00
    endloop
  endfacet
  facet normal -9.965841e-01 -8.258407e-02  7.875830e-07
    outer loop
      vertex -3.584382e+01 -2.014008e+01  0.000000e+00
      vertex -3.584382e+01 -2.014008e+01 -2.000000e-01
      vertex -3.580571e+01 -2.060000e+01 -2.000000e-01
    endloop
  endfacet
  facet normal -9.965841e-01 -8.258407e-02  7.875830e-07
    outer loop
      vertex -3.584382e+01 -2.014008e+01  0.000000e+00
      vertex -3.580571e+01 -2.060000e+01 -2.000000e-01
      vertex -3.580571e+01 -2.060000e+01  6.705747e-14
    endloop
  endfacet
  facet normal -1.645934e-01 -9.863616e-01  -0.000000e+00
    outer loop
      vertex -3.791404e+01 -1.789122e+01 -2.000000e-01
      vertex -3.836925e+01 -1.781526e+01  0.000000e+00
      vertex -3.836925e+01 -1.781526e+01 -2.000000e-01
    endloop
  endfacet
  facet normal  0.000000e+00 -9.999999e-01  0.000000e+00
    outer loop
      vertex -3.836925e+01 -1.781526e+01 -2.000000e-01
      vertex -3.836925e+01 -1.781526e+01  0.000000e+00
      vertex -3.883075e+01 -1.781526e+01  0.000000e+00
    endloop
  endfacet
  facet normal  0.000000e+00 -9.999999e-01  0.000000e+00
    outer loop
      vertex -3.836925e+01 -1.781526e+01 -2.000000e-01
      vertex -3.883075e+01 -1.781526e+01  0.000000e+00
      vertex -3.883075e+01 -1.781526e+01 -2.000000e-01
    endloop
  endfacet
  facet normal  1.645934e-01 -9.863616e-01  0.000000e+00
    outer loop
      vertex -3.883075e+01 -1.781526e+01 -2.000000e-01
      vertex -3.883075e+01 -1.781526e+01  0.000000e+00
      vertex -3.928596e+01 -1.789122e+01  0.000000e+00
    endloop
  endfacet
  facet normal  1.645934e-01 -9.863616e-01  0.000000e+00
    outer loop
      vertex -3.883075e+01 -1.781526e+01 -2.000000e-01
      vertex -3.928596e+01 -1.789122e+01  0.000000e+00
      vertex -3.928596e+01 -1.789122e+01 -2.000000e-01
    endloop
  endfacet
  facet normal  3.246984e-01 -9.458176e-01  0.000000e+00
    outer loop
      vertex -3.928596e+01 -1.789122e+01 -2.000000e-01
      vertex -3.928596e+01 -1.789122e+01  0.000000e+00
      vertex -3.972245e+01 -1.804107e+01  0.000000e+00
    endloop
  endfacet
  facet normal  3.246984e-01 -9.458176e-01  0.000000e+00
    outer loop
      vertex -3.928596e+01 -1.789122e+01 -2.000000e-01
      vertex -3.972245e+01 -1.804107e+01  0.000000e+00
      vertex -3.972245e+01 -1.804107e+01 -2.000000e-01
    endloop
  endfacet
  facet normal  4.759492e-01 -8.794728e-01  0.000000e+00
    outer loop
      vertex -3.972245e+01 -1.804107e+01 -2.000000e-01
      vertex -3.972245e+01 -1.804107e+01  0.000000e+00
      vertex -4.012833e+01 -1.826072e+01  0.000000e+00
    endloop
  endfacet
  facet normal  4.759492e-01 -8.794728e-01  0.000000e+00
    outer loop
      vertex -3.972245e+01 -1.804107e+01 -2.000000e-01
      vertex -4.012833e+01 -1.826072e+01  0.000000e+00
      vertex -4.012833e+01 -1.826072e+01 -2.000000e-01
    endloop
  endfacet
  facet normal  6.142113e-01 -7.891416e-01  0.000000e+00
    outer loop
      vertex -4.012833e+01 -1.826072e+01 -2.000000e-01
      vertex -4.012833e+01 -1.826072e+01  0.000000e+00
      vertex -4.049252e+01 -1.854418e+01  0.000000e+00
    endloop
  endfacet
  facet normal  6.142138e-01 -7.891397e-01  7.525822e-06
    outer loop
      vertex -4.012833e+01 -1.826072e+01 -2.000000e-01
      vertex -4.049252e+01 -1.854418e+01  0.000000e+00
      vertex -4.049252e+01 -1.854418e+01 -2.000000e-01
    endloop
  endfacet
  facet normal  7.357247e-01 -6.772808e-01  6.459053e-06
    outer loop
      vertex -4.049252e+01 -1.854418e+01 -2.000000e-01
      vertex -4.049252e+01 -1.854418e+01  0.000000e+00
      vertex -4.080508e+01 -1.888371e+01  0.000000e+00
    endloop
  endfacet
  facet normal  7.357205e-01 -6.772853e-01 -7.573660e-06
    outer loop
      vertex -4.049252e+01 -1.854418e+01 -2.000000e-01
      vertex -4.080508e+01 -1.888371e+01  0.000000e+00
      vertex -4.080509e+01 -1.888371e+01 -2.000000e-01
    endloop
  endfacet
  facet normal  8.371660e-01 -5.469490e-01 -1.075156e-05
    outer loop
      vertex -4.080509e+01 -1.888371e+01 -2.000000e-01
      vertex -4.080508e+01 -1.888371e+01  0.000000e+00
      vertex -4.105750e+01 -1.927007e+01  0.000000e+00
    endloop
  endfacet
  facet normal  8.371685e-01 -5.469451e-01  0.000000e+00
    outer loop
      vertex -4.080509e+01 -1.888371e+01 -2.000000e-01
      vertex -4.105750e+01 -1.927007e+01  0.000000e+00
      vertex -4.105750e+01 -1.927007e+01 -2.000000e-01
    endloop
  endfacet
  facet normal  9.157727e-01 -4.016970e-01  0.000000e+00
    outer loop
      vertex -4.105750e+01 -1.927007e+01 -2.000000e-01
      vertex -4.105750e+01 -1.927007e+01  0.000000e+00
      vertex -4.124289e+01 -1.969270e+01  0.000000e+00
    endloop
  endfacet
  facet normal  9.157739e-01 -4.016939e-01  7.661703e-06
    outer loop
      vertex -4.105750e+01 -1.927007e+01 -2.000000e-01
      vertex -4.124289e+01 -1.969270e+01  0.000000e+00
      vertex -4.124289e+01 -1.969270e+01 -2.000000e-01
    endloop
  endfacet
  facet normal  9.693999e-01 -2.454869e-01  4.682290e-06
    outer loop
      vertex -4.124289e+01 -1.969270e+01 -2.000000e-01
      vertex -4.124289e+01 -1.969270e+01  0.000000e+00
      vertex -4.135618e+01 -2.014008e+01  0.000000e+00
    endloop
  endfacet
  facet normal  9.693997e-01 -2.454879e-01  2.341155e-06
    outer loop
      vertex -4.124289e+01 -1.969270e+01 -2.000000e-01
      vertex -4.135618e+01 -2.014008e+01  0.000000e+00
      vertex -4.135618e+01 -2.014008e+01 -2.000000e-01
    endloop
  endfacet
  facet normal  9.965841e-01 -8.258407e-02  7.875830e-07
    outer loop
      vertex -4.135618e+01 -2.014008e+01 -2.000000e-01
      vertex -4.135618e+01 -2.014008e+01  0.000000e+00
      vertex -4.139429e+01 -2.060000e+01  6.705747e-14
    endloop
  endfacet
  facet normal  9.965841e-01 -8.258407e-02  7.875830e-07
    outer loop
      vertex -4.135618e+01 -2.014008e+01 -2.000000e-01
      vertex -4.139429e+01 -2.060000e+01  6.705747e-14
      vertex -4.139429e+01 -2.060000e+01 -2.000000e-01
    endloop
  endfacet
  facet normal  1.645980e-01  9.863607e-01  -0.000000e+00
    outer loop
      vertex -1.683075e+01  2.821525e+01  0.000000e+00
      vertex -1.728596e+01  2.829122e+01 -2.000000e-01
      vertex -1.728596e+01  2.829122e+01  0.000000e+00
    endloop
  endfacet
  facet normal  3.246984e-01  9.458176e-01  0.000000e+00
    outer loop
      vertex -1.728596e+01  2.829122e+01  0.000000e+00
      vertex -1.728596e+01  2.829122e+01 -2.000000e-01
      vertex -1.772245e+01  2.844106e+01 -2.000000e-01
    endloop
  endfacet
  facet normal  3.246984e-01  9.458176e-01  -0.000000e+00
    outer loop
      vertex -1.728596e+01  2.829122e+01  0.000000e+00
      vertex -1.772245e+01  2.844106e+01 -2.000000e-01
      vertex -1.772245e+01  2.844106e+01  0.000000e+00
    endloop
  endfacet
  facet normal  4.759474e-01  8.794737e-01  0.000000e+00
    outer loop
      vertex -1.772245e+01  2.844106e+01  0.000000e+00
      vertex -1.772245e+01  2.844106e+01 -2.000000e-01
      vertex -1.812833e+01  2.866072e+01 -2.000000e-01
    endloop
  endfacet
  facet normal  4.759474e-01  8.794737e-01  -0.000000e+00
    outer loop
      vertex -1.772245e+01  2.844106e+01  0.000000e+00
      vertex -1.812833e+01  2.866072e+01 -2.000000e-01
      vertex -1.812833e+01  2.866072e+01  0.000000e+00
    endloop
  endfacet
  facet normal  6.142113e-01  7.891416e-01  0.000000e+00
    outer loop
      vertex -1.812833e+01  2.866072e+01  0.000000e+00
      vertex -1.812833e+01  2.866072e+01 -2.000000e-01
      vertex -1.849252e+01  2.894417e+01 -2.000000e-01
    endloop
  endfacet
  facet normal  6.142113e-01  7.891416e-01  -0.000000e+00
    outer loop
      vertex -1.812833e+01  2.866072e+01  0.000000e+00
      vertex -1.849252e+01  2.894417e+01 -2.000000e-01
      vertex -1.849252e+01  2.894417e+01  0.000000e+00
    endloop
  endfacet
  facet normal  7.357265e-01  6.772788e-01  0.000000e+00
    outer loop
      vertex -1.849252e+01  2.894417e+01  0.000000e+00
      vertex -1.849252e+01  2.894417e+01 -2.000000e-01
      vertex -1.880509e+01  2.928371e+01 -2.000000e-01
    endloop
  endfacet
  facet normal  7.357265e-01  6.772788e-01  -0.000000e+00
    outer loop
      vertex -1.849252e+01  2.894417e+01  0.000000e+00
      vertex -1.880509e+01  2.928371e+01 -2.000000e-01
      vertex -1.880509e+01  2.928371e+01  0.000000e+00
    endloop
  endfacet
  facet normal  8.371647e-01  5.469509e-01  0.000000e+00
    outer loop
      vertex -1.880509e+01  2.928371e+01  0.000000e+00
      vertex -1.880509e+01  2.928371e+01 -2.000000e-01
      vertex -1.905750e+01  2.967006e+01 -2.000000e-01
    endloop
  endfacet
  facet normal  8.371647e-01  5.469509e-01  -0.000000e+00
    outer loop
      vertex -1.880509e+01  2.928371e+01  0.000000e+00
      vertex -1.905750e+01  2.967006e+01 -2.000000e-01
      vertex -1.905750e+01  2.967006e+01  0.000000e+00
    endloop
  endfacet
  facet normal  9.157734e-01  4.016955e-01  0.000000e+00
    outer loop
      vertex -1.905750e+01  2.967006e+01  0.000000e+00
      vertex -1.905750e+01  2.967006e+01 -2.000000e-01
      vertex -1.924289e+01  3.009270e+01 -2.000000e-01
    endloop
  endfacet
  facet normal  9.157734e-01  4.016955e-01  -0.000000e+00
    outer loop
      vertex -1.905750e+01  2.967006e+01  0.000000e+00
      vertex -1.924289e+01  3.009270e+01 -2.000000e-01
      vertex -1.924289e+01  3.009270e+01  0.000000e+00
    endloop
  endfacet
  facet normal  9.694008e-01  2.454830e-01  0.000000e+00
    outer loop
      vertex -1.924289e+01  3.009270e+01  0.000000e+00
      vertex -1.924289e+01  3.009270e+01 -2.000000e-01
      vertex -1.935618e+01  3.054008e+01 -2.000000e-01
    endloop
  endfacet
  facet normal  9.694008e-01  2.454830e-01  -0.000000e+00
    outer loop
      vertex -1.924289e+01  3.009270e+01  0.000000e+00
      vertex -1.935618e+01  3.054008e+01 -2.000000e-01
      vertex -1.935618e+01  3.054008e+01  0.000000e+00
    endloop
  endfacet
  facet normal  9.965845e-01  8.257996e-02  0.000000e+00
    outer loop
      vertex -1.935618e+01  3.054008e+01  0.000000e+00
      vertex -1.935618e+01  3.054008e+01 -2.000000e-01
      vertex -1.939429e+01  3.100000e+01 -2.000000e-01
    endloop
  endfacet
  facet normal  9.965845e-01  8.257996e-02  -0.000000e+00
    outer loop
      vertex -1.935618e+01  3.054008e+01  0.000000e+00
      vertex -1.939429e+01  3.100000e+01 -2.000000e-01
      vertex -1.939429e+01  3.100000e+01  7.371881e-14
    endloop
  endfacet
  facet normal  1.645980e-01  9.863607e-01  0.000000e+00
    outer loop
      vertex -1.728596e+01  2.829122e+01 -2.000000e-01
      vertex -1.683075e+01  2.821525e+01  0.000000e+00
      vertex -1.683075e+01  2.821525e+01 -2.000000e-01
    endloop
  endfacet
  facet normal  0.000000e+00  1.000000e+00  0.000000e+00
    outer loop
      vertex -1.683075e+01  2.821525e+01 -2.000000e-01
      vertex -1.683075e+01  2.821525e+01  0.000000e+00
      vertex -1.636925e+01  2.821525e+01  0.000000e+00
    endloop
  endfacet
  facet normal  0.000000e+00  1.000000e+00  0.000000e+00
    outer loop
      vertex -1.683075e+01  2.821525e+01 -2.000000e-01
      vertex -1.636925e+01  2.821525e+01  0.000000e+00
      vertex -1.636925e+01  2.821525e+01 -2.000000e-01
    endloop
  endfacet
  facet normal -1.645977e-01  9.863607e-01  0.000000e+00
    outer loop
      vertex -1.636925e+01  2.821525e+01 -2.000000e-01
      vertex -1.636925e+01  2.821525e+01  0.000000e+00
      vertex -1.591404e+01  2.829122e+01  0.000000e+00
    endloop
  endfacet
  facet normal -1.645977e-01  9.863607e-01  0.000000e+00
    outer loop
      vertex -1.636925e+01  2.821525e+01 -2.000000e-01
      vertex -1.591404e+01  2.829122e+01  0.000000e+00
      vertex -1.591404e+01  2.829122e+01 -2.000000e-01
    endloop
  endfacet
  facet normal -3.246990e-01  9.458174e-01  0.000000e+00
    outer loop
      vertex -1.591404e+01  2.829122e+01 -2.000000e-01
      vertex -1.591404e+01  2.829122e+01  0.000000e+00
      vertex -1.547755e+01  2.844106e+01  0.000000e+00
    endloop
  endfacet
  facet normal -3.246990e-01  9.458174e-01  0.000000e+00
    outer loop
      vertex -1.591404e+01  2.829122e+01 -2.000000e-01
      vertex -1.547755e+01  2.844106e+01  0.000000e+00
      vertex -1.547755e+01  2.844106e+01 -2.000000e-01
    endloop
  endfacet
  facet normal -4.759474e-01  8.794737e-01  0.000000e+00
    outer loop
      vertex -1.547755e+01  2.844106e+01 -2.000000e-01
      vertex -1.547755e+01  2.844106e+01  0.000000e+00
      vertex -1.507167e+01  2.866072e+01  0.000000e+00
    endloop
  endfacet
  facet normal -4.759474e-01  8.794737e-01  0.000000e+00
    outer loop
      vertex -1.547755e+01  2.844106e+01 -2.000000e-01
      vertex -1.507167e+01  2.866072e+01  0.000000e+00
      vertex -1.507167e+01  2.866072e+01 -2.000000e-01
    endloop
  endfacet
  facet normal -6.142113e-01  7.891416e-01  0.000000e+00
    outer loop
      vertex -1.507167e+01  2.866072e+01 -2.000000e-01
      vertex -1.507167e+01  2.866072e+01  0.000000e+00
      vertex -1.470748e+01  2.894417e+01  0.000000e+00
    endloop
  endfacet
  facet normal -6.142113e-01  7.891416e-01  0.000000e+00
    outer loop
      vertex -1.507167e+01  2.866072e+01 -2.000000e-01
      vertex -1.470748e+01  2.894417e+01  0.000000e+00
      vertex -1.470748e+01  2.894417e+01 -2.000000e-01
    endloop
  endfacet
  facet normal -7.357245e-01  6.772810e-01  0.000000e+00
    outer loop
      vertex -1.470748e+01  2.894417e+01 -2.000000e-01
      vertex -1.470748e+01  2.894417e+01  0.000000e+00
      vertex -1.439491e+01  2.928371e+01  0.000000e+00
    endloop
  endfacet
  facet normal -7.357245e-01  6.772810e-01  0.000000e+00
    outer loop
      vertex -1.470748e+01  2.894417e+01 -2.000000e-01
      vertex -1.439491e+01  2.928371e+01  0.000000e+00
      vertex -1.439491e+01  2.928371e+01 -2.000000e-01
    endloop
  endfacet
  facet normal -8.371665e-01  5.469480e-01  0.000000e+00
    outer loop
      vertex -1.439491e+01  2.928371e+01 -2.000000e-01
      vertex -1.439491e+01  2.928371e+01  0.000000e+00
      vertex -1.414250e+01  2.967006e+01  0.000000e+00
    endloop
  endfacet
  facet normal -8.371665e-01  5.469480e-01  0.000000e+00
    outer loop
      vertex -1.439491e+01  2.928371e+01 -2.000000e-01
      vertex -1.414250e+01  2.967006e+01  0.000000e+00
      vertex -1.414250e+01  2.967006e+01 -2.000000e-01
    endloop
  endfacet
  facet normal -9.157734e-01  4.016955e-01  0.000000e+00
    outer loop
      vertex -1.414250e+01  2.967006e+01 -2.000000e-01
      vertex -1.414250e+01  2.967006e+01  0.000000e+00
      vertex -1.395711e+01  3.009270e+01  0.000000e+00
    endloop
  endfacet
  facet normal -9.157734e-01  4.016955e-01  0.000000e+00
    outer loop
      vertex -1.414250e+01  2.967006e+01 -2.000000e-01
      vertex -1.395711e+01  3.009270e+01  0.000000e+00
      vertex -1.395711e+01  3.009270e+01 -2.000000e-01
    endloop
  endfacet
  facet normal -9.694003e-01  2.454849e-01  0.000000e+00
    outer loop
      vertex -1.395711e+01  3.009270e+01 -2.000000e-01
      vertex -1.395711e+01  3.009270e+01  0.000000e+00
      vertex -1.384382e+01  3.054008e+01  0.000000e+00
    endloop
  endfacet
  facet normal -9.694003e-01  2.454849e-01  0.000000e+00
    outer loop
      vertex -1.395711e+01  3.009270e+01 -2.000000e-01
      vertex -1.384382e+01  3.054008e+01  0.000000e+00
      vertex -1.384382e+01  3.054008e+01 -2.000000e-01
    endloop
  endfacet
  facet normal -9.965845e-01  8.257996e-02  0.000000e+00
    outer loop
      vertex -1.384382e+01  3.054008e+01 -2.000000e-01
      vertex -1.384382e+01  3.054008e+01  0.000000e+00
      vertex -1.380571e+01  3.100000e+01  7.371881e-14
    endloop
  endfacet
  facet normal -9.965845e-01  8.257996e-02  0.000000e+00
    outer loop
      vertex -1.384382e+01  3.054008e+01 -2.000000e-01
      vertex -1.380571e+01  3.100000e+01  7.371881e-14
      vertex -1.380571e+01  3.100000e+01 -2.000000e-01
    endloop
  endfacet
  facet normal -1.645897e-01 -9.863622e-01  0.000000e+00
    outer loop
      vertex -1.636925e+01  3.378474e+01  0.000000e+00
      vertex -1.591404e+01  3.370879e+01 -2.000000e-01
      vertex -1.591404e+01  3.370879e+01  0.000000e+00
    endloop
  endfacet
  facet normal -3.246990e-01 -9.458174e-01  -0.000000e+00
    outer loop
      vertex -1.591404e+01  3.370879e+01  0.000000e+00
      vertex -1.591404e+01  3.370879e+01 -2.000000e-01
      vertex -1.547755e+01  3.355894e+01 -2.000000e-01
    endloop
  endfacet
  facet normal -3.246990e-01 -9.458174e-01  0.000000e+00
    outer loop
      vertex -1.591404e+01  3.370879e+01  0.000000e+00
      vertex -1.547755e+01  3.355894e+01 -2.000000e-01
      vertex -1.547755e+01  3.355894e+01  0.000000e+00
    endloop
  endfacet
  facet normal -4.759474e-01 -8.794737e-01  -0.000000e+00
    outer loop
      vertex -1.547755e+01  3.355894e+01  0.000000e+00
      vertex -1.547755e+01  3.355894e+01 -2.000000e-01
      vertex -1.507167e+01  3.333929e+01 -2.000000e-01
    endloop
  endfacet
  facet normal -4.759474e-01 -8.794737e-01  0.000000e+00
    outer loop
      vertex -1.547755e+01  3.355894e+01  0.000000e+00
      vertex -1.507167e+01  3.333929e+01 -2.000000e-01
      vertex -1.507167e+01  3.333929e+01  0.000000e+00
    endloop
  endfacet
  facet normal -6.142164e-01 -7.891376e-01  -0.000000e+00
    outer loop
      vertex -1.507167e+01  3.333929e+01  0.000000e+00
      vertex -1.507167e+01  3.333929e+01 -2.000000e-01
      vertex -1.470748e+01  3.305582e+01 -2.000000e-01
    endloop
  endfacet
  facet normal -6.142164e-01 -7.891376e-01  0.000000e+00
    outer loop
      vertex -1.507167e+01  3.333929e+01  0.000000e+00
      vertex -1.470748e+01  3.305582e+01 -2.000000e-01
      vertex -1.470748e+01  3.305582e+01  0.000000e+00
    endloop
  endfacet
  facet normal -7.357207e-01 -6.772851e-01  -0.000000e+00
    outer loop
      vertex -1.470748e+01  3.305582e+01  0.000000e+00
      vertex -1.470748e+01  3.305582e+01 -2.000000e-01
      vertex -1.439491e+01  3.271629e+01 -2.000000e-01
    endloop
  endfacet
  facet normal -7.357207e-01 -6.772851e-01  0.000000e+00
    outer loop
      vertex -1.470748e+01  3.305582e+01  0.000000e+00
      vertex -1.439491e+01  3.271629e+01 -2.000000e-01
      vertex -1.439491e+01  3.271629e+01  0.000000e+00
    endloop
  endfacet
  facet normal -8.371691e-01 -5.469442e-01  -0.000000e+00
    outer loop
      vertex -1.439491e+01  3.271629e+01  0.000000e+00
      vertex -1.439491e+01  3.271629e+01 -2.000000e-01
      vertex -1.414250e+01  3.232993e+01 -2.000000e-01
    endloop
  endfacet
  facet normal -8.371691e-01 -5.469442e-01  0.000000e+00
    outer loop
      vertex -1.439491e+01  3.271629e+01  0.000000e+00
      vertex -1.414250e+01  3.232993e+01 -2.000000e-01
      vertex -1.414250e+01  3.232993e+01  0.000000e+00
    endloop
  endfacet
  facet normal -9.157727e-01 -4.016970e-01  -0.000000e+00
    outer loop
      vertex -1.414250e+01  3.232993e+01  0.000000e+00
      vertex -1.414250e+01  3.232993e+01 -2.000000e-01
      vertex -1.395711e+01  3.190730e+01 -2.000000e-01
    endloop
  endfacet
  facet normal -9.157727e-01 -4.016970e-01  0.000000e+00
    outer loop
      vertex -1.414250e+01  3.232993e+01  0.000000e+00
      vertex -1.395711e+01  3.190730e+01 -2.000000e-01
      vertex -1.395711e+01  3.190730e+01  0.000000e+00
    endloop
  endfacet
  facet normal -9.694003e-01 -2.454849e-01  -0.000000e+00
    outer loop
      vertex -1.395711e+01  3.190730e+01  0.000000e+00
      vertex -1.395711e+01  3.190730e+01 -2.000000e-01
      vertex -1.384382e+01  3.145992e+01 -2.000000e-01
    endloop
  endfacet
  facet normal -9.694003e-01 -2.454849e-01  0.000000e+00
    outer loop
      vertex -1.395711e+01  3.190730e+01  0.000000e+00
      vertex -1.384382e+01  3.145992e+01 -2.000000e-01
      vertex -1.384382e+01  3.145992e+01  0.000000e+00
    endloop
  endfacet
  facet normal -9.965845e-01 -8.257996e-02  -0.000000e+00
    outer loop
      vertex -1.384382e+01  3.145992e+01  0.000000e+00
      vertex -1.384382e+01  3.145992e+01 -2.000000e-01
      vertex -1.380571e+01  3.100000e+01 -2.000000e-01
    endloop
  endfacet
  facet normal -9.965845e-01 -8.257996e-02  0.000000e+00
    outer loop
      vertex -1.384382e+01  3.145992e+01  0.000000e+00
      vertex -1.380571e+01  3.100000e+01 -2.000000e-01
      vertex -1.380571e+01  3.100000e+01  7.371881e-14
    endloop
  endfacet
  facet normal -1.645897e-01 -9.863622e-01  -0.000000e+00
    outer loop
      vertex -1.591404e+01  3.370879e+01 -2.000000e-01
      vertex -1.636925e+01  3.378474e+01  0.000000e+00
      vertex -1.636925e+01  3.378474e+01 -2.000000e-01
    endloop
  endfacet
  facet normal  0.000000e+00 -1.000000e+00  0.000000e+00
    outer loop
      vertex -1.636925e+01  3.378474e+01 -2.000000e-01
      vertex -1.636925e+01  3.378474e+01  0.000000e+00
      vertex -1.683075e+01  3.378474e+01  0.000000e+00
    endloop
  endfacet
  facet normal  0.000000e+00 -1.000000e+00  0.000000e+00
    outer loop
      vertex -1.636925e+01  3.378474e+01 -2.000000e-01
      vertex -1.683075e+01  3.378474e+01  0.000000e+00
      vertex -1.683075e+01  3.378474e+01 -2.000000e-01
    endloop
  endfacet
  facet normal  1.645900e-01 -9.863620e-01  0.000000e+00
    outer loop
      vertex -1.683075e+01  3.378474e+01 -2.000000e-01
      vertex -1.683075e+01  3.378474e+01  0.000000e+00
      vertex -1.728596e+01  3.370879e+01  0.000000e+00
    endloop
  endfacet
  facet normal  1.645900e-01 -9.863620e-01  0.000000e+00
    outer loop
      vertex -1.683075e+01  3.378474e+01 -2.000000e-01
      vertex -1.728596e+01  3.370879e+01  0.000000e+00
      vertex -1.728596e+01  3.370879e+01 -2.000000e-01
    endloop
  endfacet
  facet normal  3.246984e-01 -9.458176e-01  0.000000e+00
    outer loop
      vertex -1.728596e+01  3.370879e+01 -2.000000e-01
      vertex -1.728596e+01  3.370879e+01  0.000000e+00
      vertex -1.772245e+01  3.355894e+01  0.000000e+00
    endloop
  endfacet
  facet normal  3.246984e-01 -9.458176e-01  0.000000e+00
    outer loop
      vertex -1.728596e+01  3.370879e+01 -2.000000e-01
      vertex -1.772245e+01  3.355894e+01  0.000000e+00
      vertex -1.772245e+01  3.355894e+01 -2.000000e-01
    endloop
  endfacet
  facet normal  4.759474e-01 -8.794737e-01  0.000000e+00
    outer loop
      vertex -1.772245e+01  3.355894e+01 -2.000000e-01
      vertex -1.772245e+01  3.355894e+01  0.000000e+00
      vertex -1.812833e+01  3.333929e+01  0.000000e+00
    endloop
  endfacet
  facet normal  4.759474e-01 -8.794737e-01  0.000000e+00
    outer loop
      vertex -1.772245e+01  3.355894e+01 -2.000000e-01
      vertex -1.812833e+01  3.333929e+01  0.000000e+00
      vertex -1.812833e+01  3.333929e+01 -2.000000e-01
    endloop
  endfacet
  facet normal  6.142164e-01 -7.891376e-01  0.000000e+00
    outer loop
      vertex -1.812833e+01  3.333929e+01 -2.000000e-01
      vertex -1.812833e+01  3.333929e+01  0.000000e+00
      vertex -1.849252e+01  3.305582e+01  0.000000e+00
    endloop
  endfacet
  facet normal  6.142164e-01 -7.891376e-01  0.000000e+00
    outer loop
      vertex -1.812833e+01  3.333929e+01 -2.000000e-01
      vertex -1.849252e+01  3.305582e+01  0.000000e+00
      vertex -1.849252e+01  3.305582e+01 -2.000000e-01
    endloop
  endfacet
  facet normal  7.357227e-01 -6.772828e-01  0.000000e+00
    outer loop
      vertex -1.849252e+01  3.305582e+01 -2.000000e-01
      vertex -1.849252e+01  3.305582e+01  0.000000e+00
      vertex -1.880509e+01  3.271629e+01  0.000000e+00
    endloop
  endfacet
  facet normal  7.357227e-01 -6.772828e-01  0.000000e+00
    outer loop
      vertex -1.849252e+01  3.305582e+01 -2.000000e-01
      vertex -1.880509e+01  3.271629e+01  0.000000e+00
      vertex -1.880509e+01  3.271629e+01 -2.000000e-01
    endloop
  endfacet
  facet normal  8.371672e-01 -5.469471e-01  0.000000e+00
    outer loop
      vertex -1.880509e+01  3.271629e+01 -2.000000e-01
      vertex -1.880509e+01  3.271629e+01  0.000000e+00
      vertex -1.905750e+01  3.232993e+01  0.000000e+00
    endloop
  endfacet
  facet normal  8.371672e-01 -5.469471e-01  0.000000e+00
    outer loop
      vertex -1.880509e+01  3.271629e+01 -2.000000e-01
      vertex -1.905750e+01  3.232993e+01  0.000000e+00
      vertex -1.905750e+01  3.232993e+01 -2.000000e-01
    endloop
  endfacet
  facet normal  9.157727e-01 -4.016970e-01  0.000000e+00
    outer loop
      vertex -1.905750e+01  3.232993e+01 -2.000000e-01
      vertex -1.905750e+01  3.232993e+01  0.000000e+00
      vertex -1.924289e+01  3.190730e+01  0.000000e+00
    endloop
  endfacet
  facet normal  9.157727e-01 -4.016970e-01  0.000000e+00
    outer loop
      vertex -1.905750e+01  3.232993e+01 -2.000000e-01
      vertex -1.924289e+01  3.190730e+01  0.000000e+00
      vertex -1.924289e+01  3.190730e+01 -2.000000e-01
    endloop
  endfacet
  facet normal  9.694008e-01 -2.454830e-01  0.000000e+00
    outer loop
      vertex -1.924289e+01  3.190730e+01 -2.000000e-01
      vertex -1.924289e+01  3.190730e+01  0.000000e+00
      vertex -1.935618e+01  3.145992e+01  0.000000e+00
    endloop
  endfacet
  facet normal  9.694008e-01 -2.454830e-01  0.000000e+00
    outer loop
      vertex -1.924289e+01  3.190730e+01 -2.000000e-01
      vertex -1.935618e+01  3.145992e+01  0.000000e+00
      vertex -1.935618e+01  3.145992e+01 -2.000000e-01
    endloop
  endfacet
  facet normal  9.965845e-01 -8.257996e-02  0.000000e+00
    outer loop
      vertex -1.935618e+01  3.145992e+01 -2.000000e-01
      vertex -1.935618e+01  3.145992e+01  0.000000e+00
      vertex -1.939429e+01  3.100000e+01  7.371881e-14
    endloop
  endfacet
  facet normal  9.965845e-01 -8.257996e-02  0.000000e+00
    outer loop
      vertex -1.935618e+01  3.145992e+01 -2.000000e-01
      vertex -1.939429e+01  3.100000e+01  7.371881e-14
      vertex -1.939429e+01  3.100000e+01 -2.000000e-01
    endloop
  endfacet
  facet normal  1.645937e-01  9.863616e-01  -0.000000e+00
    outer loop
      vertex  1.636925e+01  2.821525e+01  0.000000e+00
      vertex  1.591404e+01  2.829121e+01 -2.000000e-01
      vertex  1.591404e+01  2.829121e+01  0.000000e+00
    endloop
  endfacet
  facet normal  3.246990e-01  9.458174e-01  0.000000e+00
    outer loop
      vertex  1.591404e+01  2.829121e+01  0.000000e+00
      vertex  1.591404e+01  2.829121e+01 -2.000000e-01
      vertex  1.547755e+01  2.844106e+01 -2.000000e-01
    endloop
  endfacet
  facet normal  3.246990e-01  9.458174e-01  -0.000000e+00
    outer loop
      vertex  1.591404e+01  2.829121e+01  0.000000e+00
      vertex  1.547755e+01  2.844106e+01 -2.000000e-01
      vertex  1.547755e+01  2.844106e+01  0.000000e+00
    endloop
  endfacet
  facet normal  4.759474e-01  8.794737e-01  0.000000e+00
    outer loop
      vertex  1.547755e+01  2.844106e+01  0.000000e+00
      vertex  1.547755e+01  2.844106e+01 -2.000000e-01
      vertex  1.507167e+01  2.866071e+01 -2.000000e-01
    endloop
  endfacet
  facet normal  4.759474e-01  8.794737e-01  -0.000000e+00
    outer loop
      vertex  1.547755e+01  2.844106e+01  0.000000e+00
      vertex  1.507167e+01  2.866071e+01 -2.000000e-01
      vertex  1.507167e+01  2.866071e+01  0.000000e+00
    endloop
  endfacet
  facet normal  6.142138e-01  7.891397e-01  0.000000e+00
    outer loop
      vertex  1.507167e+01  2.866071e+01  0.000000e+00
      vertex  1.507167e+01  2.866071e+01 -2.000000e-01
      vertex  1.470748e+01  2.894417e+01 -2.000000e-01
    endloop
  endfacet
  facet normal  6.142138e-01  7.891397e-01  -0.000000e+00
    outer loop
      vertex  1.507167e+01  2.866071e+01  0.000000e+00
      vertex  1.470748e+01  2.894417e+01 -2.000000e-01
      vertex  1.470748e+01  2.894417e+01  0.000000e+00
    endloop
  endfacet
  facet normal  7.357225e-01  6.772830e-01  0.000000e+00
    outer loop
      vertex  1.470748e+01  2.894417e+01  0.000000e+00
      vertex  1.470748e+01  2.894417e+01 -2.000000e-01
      vertex  1.439491e+01  2.928371e+01 -2.000000e-01
    endloop
  endfacet
  facet normal  7.357225e-01  6.772830e-01  -0.000000e+00
    outer loop
      vertex  1.470748e+01  2.894417e+01  0.000000e+00
      vertex  1.439491e+01  2.928371e+01 -2.000000e-01
      vertex  1.439491e+01  2.928371e+01  0.000000e+00
    endloop
  endfacet
  facet normal  8.371678e-01  5.469461e-01  0.000000e+00
    outer loop
      vertex  1.439491e+01  2.928371e+01  0.000000e+00
      vertex  1.439491e+01  2.928371e+01 -2.000000e-01
      vertex  1.414250e+01  2.967006e+01 -2.000000e-01
    endloop
  endfacet
  facet normal  8.371678e-01  5.469461e-01  -0.000000e+00
    outer loop
      vertex  1.439491e+01  2.928371e+01  0.000000e+00
      vertex  1.414250e+01  2.967006e+01 -2.000000e-01
      vertex  1.414250e+01  2.967006e+01  0.000000e+00
    endloop
  endfacet
  facet normal  9.157734e-01  4.016955e-01  0.000000e+00
    outer loop
      vertex  1.414250e+01  2.967006e+01  0.000000e+00
      vertex  1.414250e+01  2.967006e+01 -2.000000e-01
      vertex  1.395711e+01  3.009269e+01 -2.000000e-01
    endloop
  endfacet
  facet normal  9.157734e-01  4.016955e-01  -0.000000e+00
    outer loop
      vertex  1.414250e+01  2.967006e+01  0.000000e+00
      vertex  1.395711e+01  3.009269e+01 -2.000000e-01
      vertex  1.395711e+01  3.009269e+01  0.000000e+00
    endloop
  endfacet
  facet normal  9.694001e-01  2.454859e-01  0.000000e+00
    outer loop
      vertex  1.395711e+01  3.009269e+01  0.000000e+00
      vertex  1.395711e+01  3.009269e+01 -2.000000e-01
      vertex  1.384382e+01  3.054007e+01 -2.000000e-01
    endloop
  endfacet
  facet normal  9.694001e-01  2.454859e-01  -0.000000e+00
    outer loop
      vertex  1.395711e+01  3.009269e+01  0.000000e+00
      vertex  1.384382e+01  3.054007e+01 -2.000000e-01
      vertex  1.384382e+01  3.054007e+01  0.000000e+00
    endloop
  endfacet
  facet normal  9.965846e-01  8.257963e-02  0.000000e+00
    outer loop
      vertex  1.384382e+01  3.054007e+01  0.000000e+00
      vertex  1.384382e+01  3.054007e+01 -2.000000e-01
      vertex  1.380571e+01  3.100000e+01 -2.000000e-01
    endloop
  endfacet
  facet normal  9.965845e-01  8.257928e-02 -7.875374e-07
    outer loop
      vertex  1.384382e+01  3.054007e+01  0.000000e+00
      vertex  1.380571e+01  3.100000e+01 -2.000000e-01
      vertex  1.380571e+01  3.100000e+01  7.549517e-14
    endloop
  endfacet
  facet normal  1.645937e-01  9.863616e-01  0.000000e+00
    outer loop
      vertex  1.591404e+01  2.829121e+01 -2.000000e-01
      vertex  1.636925e+01  2.821525e+01  0.000000e+00
      vertex  1.636925e+01  2.821525e+01 -2.000000e-01
    endloop
  endfacet
  facet normal  0.000000e+00  1.000000e+00  0.000000e+00
    outer loop
      vertex  1.636925e+01  2.821525e+01 -2.000000e-01
      vertex  1.636925e+01  2.821525e+01  0.000000e+00
      vertex  1.683075e+01  2.821525e+01  0.000000e+00
    endloop
  endfacet
  facet normal  0.000000e+00  1.000000e+00  0.000000e+00
    outer loop
      vertex  1.636925e+01  2.821525e+01 -2.000000e-01
      vertex  1.683075e+01  2.821525e+01  0.000000e+00
      vertex  1.683075e+01  2.821525e+01 -2.000000e-01
    endloop
  endfacet
  facet normal -1.645940e-01  9.863614e-01  0.000000e+00
    outer loop
      vertex  1.683075e+01  2.821525e+01 -2.000000e-01
      vertex  1.683075e+01  2.821525e+01  0.000000e+00
      vertex  1.728596e+01  2.829121e+01  0.000000e+00
    endloop
  endfacet
  facet normal -1.645940e-01  9.863614e-01  0.000000e+00
    outer loop
      vertex  1.683075e+01  2.821525e+01 -2.000000e-01
      vertex  1.728596e+01  2.829121e+01  0.000000e+00
      vertex  1.728596e+01  2.829121e+01 -2.000000e-01
    endloop
  endfacet
  facet normal -3.246984e-01  9.458176e-01  0.000000e+00
    outer loop
      vertex  1.728596e+01  2.829121e+01 -2.000000e-01
      vertex  1.728596e+01  2.829121e+01  0.000000e+00
      vertex  1.772245e+01  2.844106e+01  0.000000e+00
    endloop
  endfacet
  facet normal -3.246984e-01  9.458176e-01  0.000000e+00
    outer loop
      vertex  1.728596e+01  2.829121e+01 -2.000000e-01
      vertex  1.772245e+01  2.844106e+01  0.000000e+00
      vertex  1.772245e+01  2.844106e+01 -2.000000e-01
    endloop
  endfacet
  facet normal -4.759474e-01  8.794737e-01  0.000000e+00
    outer loop
      vertex  1.772245e+01  2.844106e+01 -2.000000e-01
      vertex  1.772245e+01  2.844106e+01  0.000000e+00
      vertex  1.812833e+01  2.866071e+01  0.000000e+00
    endloop
  endfacet
  facet normal -4.759474e-01  8.794737e-01  0.000000e+00
    outer loop
      vertex  1.772245e+01  2.844106e+01 -2.000000e-01
      vertex  1.812833e+01  2.866071e+01  0.000000e+00
      vertex  1.812833e+01  2.866071e+01 -2.000000e-01
    endloop
  endfacet
  facet normal -6.142138e-01  7.891397e-01  0.000000e+00
    outer loop
      vertex  1.812833e+01  2.866071e+01 -2.000000e-01
      vertex  1.812833e+01  2.866071e+01  0.000000e+00
      vertex  1.849252e+01  2.894417e+01  0.000000e+00
    endloop
  endfacet
  facet normal -6.142138e-01  7.891397e-01  0.000000e+00
    outer loop
      vertex  1.812833e+01  2.866071e+01 -2.000000e-01
      vertex  1.849252e+01  2.894417e+01  0.000000e+00
      vertex  1.849252e+01  2.894417e+01 -2.000000e-01
    endloop
  endfacet
  facet normal -7.357247e-01  6.772808e-01  0.000000e+00
    outer loop
      vertex  1.849252e+01  2.894417e+01 -2.000000e-01
      vertex  1.849252e+01  2.894417e+01  0.000000e+00
      vertex  1.880509e+01  2.928371e+01  0.000000e+00
    endloop
  endfacet
  facet normal -7.357247e-01  6.772808e-01  0.000000e+00
    outer loop
      vertex  1.849252e+01  2.894417e+01 -2.000000e-01
      vertex  1.880509e+01  2.928371e+01  0.000000e+00
      vertex  1.880509e+01  2.928371e+01 -2.000000e-01
    endloop
  endfacet
  facet normal -8.371660e-01  5.469490e-01  0.000000e+00
    outer loop
      vertex  1.880509e+01  2.928371e+01 -2.000000e-01
      vertex  1.880509e+01  2.928371e+01  0.000000e+00
      vertex  1.905750e+01  2.967006e+01  0.000000e+00
    endloop
  endfacet
  facet normal -8.371660e-01  5.469490e-01  0.000000e+00
    outer loop
      vertex  1.880509e+01  2.928371e+01 -2.000000e-01
      vertex  1.905750e+01  2.967006e+01  0.000000e+00
      vertex  1.905750e+01  2.967006e+01 -2.000000e-01
    endloop
  endfacet
  facet normal -9.157734e-01  4.016955e-01  0.000000e+00
    outer loop
      vertex  1.905750e+01  2.967006e+01 -2.000000e-01
      vertex  1.905750e+01  2.967006e+01  0.000000e+00
      vertex  1.924289e+01  3.009269e+01  0.000000e+00
    endloop
  endfacet
  facet normal -9.157734e-01  4.016955e-01  0.000000e+00
    outer loop
      vertex  1.905750e+01  2.967006e+01 -2.000000e-01
      vertex  1.924289e+01  3.009269e+01  0.000000e+00
      vertex  1.924289e+01  3.009269e+01 -2.000000e-01
    endloop
  endfacet
  facet normal -9.694006e-01  2.454840e-01  0.000000e+00
    outer loop
      vertex  1.924289e+01  3.009269e+01 -2.000000e-01
      vertex  1.924289e+01  3.009269e+01  0.000000e+00
      vertex  1.935618e+01  3.054007e+01  0.000000e+00
    endloop
  endfacet
  facet normal -9.694006e-01  2.454840e-01  0.000000e+00
    outer loop
      vertex  1.924289e+01  3.009269e+01 -2.000000e-01
      vertex  1.935618e+01  3.054007e+01  0.000000e+00
      vertex  1.935618e+01  3.054007e+01 -2.000000e-01
    endloop
  endfacet
  facet normal -9.965845e-01  8.257928e-02  0.000000e+00
    outer loop
      vertex  1.935618e+01  3.054007e+01 -2.000000e-01
      vertex  1.935618e+01  3.054007e+01  0.000000e+00
      vertex  1.939429e+01  3.100000e+01  7.549517e-14
    endloop
  endfacet
  facet normal -9.965846e-01  8.257963e-02 -7.875407e-07
    outer loop
      vertex  1.935618e+01  3.054007e+01 -2.000000e-01
      vertex  1.939429e+01  3.100000e+01  7.549517e-14
      vertex  1.939429e+01  3.100000e+01 -2.000000e-01
    endloop
  endfacet
  facet normal -1.645980e-01 -9.863607e-01  0.000000e+00
    outer loop
      vertex  1.683075e+01  3.378474e+01  0.000000e+00
      vertex  1.728596e+01  3.370878e+01 -2.000000e-01
      vertex  1.728596e+01  3.370878e+01  0.000000e+00
    endloop
  endfacet
  facet normal -3.246984e-01 -9.458176e-01  -0.000000e+00
    outer loop
      vertex  1.728596e+01  3.370878e+01  0.000000e+00
      vertex  1.728596e+01  3.370878e+01 -2.000000e-01
      vertex  1.772245e+01  3.355893e+01 -2.000000e-01
    endloop
  endfacet
  facet normal -3.246996e-01 -9.458172e-01 -3.096577e-06
    outer loop
      vertex  1.728596e+01  3.370878e+01  0.000000e+00
      vertex  1.772245e+01  3.355893e+01 -2.000000e-01
      vertex  1.772245e+01  3.355893e+01  0.000000e+00
    endloop
  endfacet
  facet normal -4.759474e-01 -8.794737e-01 -4.538988e-06
    outer loop
      vertex  1.772245e+01  3.355893e+01  0.000000e+00
      vertex  1.772245e+01  3.355893e+01 -2.000000e-01
      vertex  1.812833e+01  3.333928e+01 -2.000000e-01
    endloop
  endfacet
  facet normal -4.759474e-01 -8.794737e-01 -4.538988e-06
    outer loop
      vertex  1.772245e+01  3.355893e+01  0.000000e+00
      vertex  1.812833e+01  3.333928e+01 -2.000000e-01
      vertex  1.812833e+01  3.333928e+01  0.000000e+00
    endloop
  endfacet
  facet normal -6.142113e-01 -7.891416e-01 -5.857575e-06
    outer loop
      vertex  1.812833e+01  3.333928e+01  0.000000e+00
      vertex  1.812833e+01  3.333928e+01 -2.000000e-01
      vertex  1.849252e+01  3.305582e+01 -2.000000e-01
    endloop
  endfacet
  facet normal -6.142113e-01 -7.891416e-01 -5.857575e-06
    outer loop
      vertex  1.812833e+01  3.333928e+01  0.000000e+00
      vertex  1.849252e+01  3.305582e+01 -2.000000e-01
      vertex  1.849252e+01  3.305582e+01  0.000000e+00
    endloop
  endfacet
  facet normal -7.357265e-01 -6.772788e-01 -7.016435e-06
    outer loop
      vertex  1.849252e+01  3.305582e+01  0.000000e+00
      vertex  1.849252e+01  3.305582e+01 -2.000000e-01
      vertex  1.880509e+01  3.271629e+01 -2.000000e-01
    endloop
  endfacet
  facet normal -7.357245e-01 -6.772810e-01  0.000000e+00
    outer loop
      vertex  1.849252e+01  3.305582e+01  0.000000e+00
      vertex  1.880509e+01  3.271629e+01 -2.000000e-01
      vertex  1.880509e+01  3.271629e+01  0.000000e+00
    endloop
  endfacet
  facet normal -8.371647e-01 -5.469509e-01  -0.000000e+00
    outer loop
      vertex  1.880509e+01  3.271629e+01  0.000000e+00
      vertex  1.880509e+01  3.271629e+01 -2.000000e-01
      vertex  1.905750e+01  3.232993e+01 -2.000000e-01
    endloop
  endfacet
  facet normal -8.371665e-01 -5.469480e-01 -7.983843e-06
    outer loop
      vertex  1.880509e+01  3.271629e+01  0.000000e+00
      vertex  1.905750e+01  3.232993e+01 -2.000000e-01
      vertex  1.905750e+01  3.232993e+01  0.000000e+00
    endloop
  endfacet
  facet normal -9.157739e-01 -4.016939e-01 -8.733501e-06
    outer loop
      vertex  1.905750e+01  3.232993e+01  0.000000e+00
      vertex  1.905750e+01  3.232993e+01 -2.000000e-01
      vertex  1.924289e+01  3.190730e+01 -2.000000e-01
    endloop
  endfacet
  facet normal -9.157734e-01 -4.016955e-01 -4.902629e-06
    outer loop
      vertex  1.905750e+01  3.232993e+01  0.000000e+00
      vertex  1.924289e+01  3.190730e+01 -2.000000e-01
      vertex  1.924289e+01  3.190730e+01  0.000000e+00
    endloop
  endfacet
  facet normal -9.694006e-01 -2.454840e-01 -6.903807e-06
    outer loop
      vertex  1.924289e+01  3.190730e+01  0.000000e+00
      vertex  1.924289e+01  3.190730e+01 -2.000000e-01
      vertex  1.935618e+01  3.145992e+01 -2.000000e-01
    endloop
  endfacet
  facet normal -9.693997e-01 -2.454879e-01  2.341155e-06
    outer loop
      vertex  1.924289e+01  3.190730e+01  0.000000e+00
      vertex  1.935618e+01  3.145992e+01 -2.000000e-01
      vertex  1.935618e+01  3.145992e+01  0.000000e+00
    endloop
  endfacet
  facet normal -9.965845e-01 -8.257996e-02  7.875439e-07
    outer loop
      vertex  1.935618e+01  3.145992e+01  0.000000e+00
      vertex  1.935618e+01  3.145992e+01 -2.000000e-01
      vertex  1.939429e+01  3.100000e+01 -2.000000e-01
    endloop
  endfacet
  facet normal -9.965845e-01 -8.257996e-02  7.875439e-07
    outer loop
      vertex  1.935618e+01  3.145992e+01  0.000000e+00
      vertex  1.939429e+01  3.100000e+01 -2.000000e-01
      vertex  1.939429e+01  3.100000e+01  7.549517e-14
    endloop
  endfacet
  facet normal -1.645980e-01 -9.863607e-01  -0.000000e+00
    outer loop
      vertex  1.728596e+01  3.370878e+01 -2.000000e-01
      vertex  1.683075e+01  3.378474e+01  0.000000e+00
      vertex  1.683075e+01  3.378474e+01 -2.000000e-01
    endloop
  endfacet
  facet normal  0.000000e+00 -1.000000e+00  0.000000e+00
    outer loop
      vertex  1.683075e+01  3.378474e+01 -2.000000e-01
      vertex  1.683075e+01  3.378474e+01  0.000000e+00
      vertex  1.636925e+01  3.378474e+01  0.000000e+00
    endloop
  endfacet
  facet normal  0.000000e+00 -1.000000e+00  0.000000e+00
    outer loop
      vertex  1.683075e+01  3.378474e+01 -2.000000e-01
      vertex  1.636925e+01  3.378474e+01  0.000000e+00
      vertex  1.636925e+01  3.378474e+01 -2.000000e-01
    endloop
  endfacet
  facet normal  1.645980e-01 -9.863607e-01  0.000000e+00
    outer loop
      vertex  1.636925e+01  3.378474e+01 -2.000000e-01
      vertex  1.636925e+01  3.378474e+01  0.000000e+00
      vertex  1.591404e+01  3.370878e+01  0.000000e+00
    endloop
  endfacet
  facet normal  1.645977e-01 -9.863607e-01 -7.848629e-07
    outer loop
      vertex  1.636925e+01  3.378474e+01 -2.000000e-01
      vertex  1.591404e+01  3.370878e+01  0.000000e+00
      vertex  1.591404e+01  3.370878e+01 -2.000000e-01
    endloop
  endfacet
  facet normal  3.246990e-01 -9.458174e-01 -1.548285e-06
    outer loop
      vertex  1.591404e+01  3.370878e+01 -2.000000e-01
      vertex  1.591404e+01  3.370878e+01  0.000000e+00
      vertex  1.547755e+01  3.355893e+01  0.000000e+00
    endloop
  endfacet
  facet normal  3.246990e-01 -9.458174e-01 -1.548285e-06
    outer loop
      vertex  1.591404e+01  3.370878e+01 -2.000000e-01
      vertex  1.547755e+01  3.355893e+01  0.000000e+00
      vertex  1.547755e+01  3.355893e+01 -2.000000e-01
    endloop
  endfacet
  facet normal  4.759474e-01 -8.794737e-01 -2.269494e-06
    outer loop
      vertex  1.547755e+01  3.355893e+01 -2.000000e-01
      vertex  1.547755e+01  3.355893e+01  0.000000e+00
      vertex  1.507167e+01  3.333928e+01  0.000000e+00
    endloop
  endfacet
  facet normal  4.759474e-01 -8.794737e-01 -2.269494e-06
    outer loop
      vertex  1.547755e+01  3.355893e+01 -2.000000e-01
      vertex  1.507167e+01  3.333928e+01  0.000000e+00
      vertex  1.507167e+01  3.333928e+01 -2.000000e-01
    endloop
  endfacet
  facet normal  6.142113e-01 -7.891417e-01 -2.928787e-06
    outer loop
      vertex  1.507167e+01  3.333928e+01 -2.000000e-01
      vertex  1.507167e+01  3.333928e+01  0.000000e+00
      vertex  1.470748e+01  3.305582e+01  0.000000e+00
    endloop
  endfacet
  facet normal  6.142113e-01 -7.891417e-01 -2.928787e-06
    outer loop
      vertex  1.507167e+01  3.333928e+01 -2.000000e-01
      vertex  1.470748e+01  3.305582e+01  0.000000e+00
      vertex  1.470748e+01  3.305582e+01 -2.000000e-01
    endloop
  endfacet
  facet normal  7.357244e-01 -6.772810e-01 -3.508208e-06
    outer loop
      vertex  1.470748e+01  3.305582e+01 -2.000000e-01
      vertex  1.470748e+01  3.305582e+01  0.000000e+00
      vertex  1.439491e+01  3.271629e+01  0.000000e+00
    endloop
  endfacet
  facet normal  7.357244e-01 -6.772810e-01 -3.508208e-06
    outer loop
      vertex  1.470748e+01  3.305582e+01 -2.000000e-01
      vertex  1.439491e+01  3.271629e+01  0.000000e+00
      vertex  1.439491e+01  3.271629e+01 -2.000000e-01
    endloop
  endfacet
  facet normal  8.371665e-01 -5.469480e-01 -3.991921e-06
    outer loop
      vertex  1.439491e+01  3.271629e+01 -2.000000e-01
      vertex  1.439491e+01  3.271629e+01  0.000000e+00
      vertex  1.414250e+01  3.232993e+01  0.000000e+00
    endloop
  endfacet
  facet normal  8.371665e-01 -5.469480e-01 -3.991921e-06
    outer loop
      vertex  1.439491e+01  3.271629e+01 -2.000000e-01
      vertex  1.414250e+01  3.232993e+01  0.000000e+00
      vertex  1.414250e+01  3.232993e+01 -2.000000e-01
    endloop
  endfacet
  facet normal  9.157725e-01 -4.016971e-01 -4.366744e-06
    outer loop
      vertex  1.414250e+01  3.232993e+01 -2.000000e-01
      vertex  1.414250e+01  3.232993e+01  0.000000e+00
      vertex  1.395711e+01  3.190730e+01  0.000000e+00
    endloop
  endfacet
  facet normal  9.157739e-01 -4.016939e-01  3.830852e-06
    outer loop
      vertex  1.414250e+01  3.232993e+01 -2.000000e-01
      vertex  1.395711e+01  3.190730e+01  0.000000e+00
      vertex  1.395711e+01  3.190730e+01 -2.000000e-01
    endloop
  endfacet
  facet normal  9.694001e-01 -2.454859e-01  2.341136e-06
    outer loop
      vertex  1.395711e+01  3.190730e+01 -2.000000e-01
      vertex  1.395711e+01  3.190730e+01  0.000000e+00
      vertex  1.384382e+01  3.145992e+01  0.000000e+00
    endloop
  endfacet
  facet normal  9.694001e-01 -2.454859e-01  2.341136e-06
    outer loop
      vertex  1.395711e+01  3.190730e+01 -2.000000e-01
      vertex  1.384382e+01  3.145992e+01  0.000000e+00
      vertex  1.384382e+01  3.145992e+01 -2.000000e-01
    endloop
  endfacet
  facet normal  9.965845e-01 -8.257996e-02  7.875439e-07
    outer loop
      vertex  1.384382e+01  3.145992e+01 -2.000000e-01
      vertex  1.384382e+01  3.145992e+01  0.000000e+00
      vertex  1.380571e+01  3.100000e+01  7.549517e-14
    endloop
  endfacet
  facet normal  9.965845e-01 -8.257996e-02  7.875439e-07
    outer loop
      vertex  1.384382e+01  3.145992e+01 -2.000000e-01
      vertex  1.380571e+01  3.100000e+01  7.549517e-14
      vertex  1.380571e+01  3.100000e+01 -2.000000e-01
    endloop
  endfacet
  facet normal -7.645057e-01 -6.334922e-02 -6.414967e-01
    outer loop
      vertex  1.780000e+01  3.100000e+01  1.900000e+00
      vertex  1.935618e+01  3.145992e+01  0.000000e+00
      vertex  1.939429e+01  3.100000e+01  7.549517e-14
    endloop
  endfacet
  facet normal -7.624600e-01 -7.509056e-02 -6.426633e-01
    outer loop
      vertex  1.780000e+01  3.100000e+01  1.900000e+00
      vertex  1.777694e+01  3.123411e+01  1.900000e+00
      vertex  1.935618e+01  3.145992e+01  0.000000e+00
    endloop
  endfacet
  facet normal  7.624591e-01 -7.509678e-02 -6.426637e-01
    outer loop
      vertex  1.540000e+01  3.100000e+01  1.900000e+00
      vertex  1.384382e+01  3.145992e+01  0.000000e+00
      vertex  1.542306e+01  3.123411e+01  1.900000e+00
    endloop
  endfacet
  facet normal  7.645059e-01 -6.334924e-02 -6.414964e-01
    outer loop
      vertex  1.540000e+01  3.100000e+01  1.900000e+00
      vertex  1.380571e+01  3.100000e+01  7.549517e-14
      vertex  1.384382e+01  3.145992e+01  0.000000e+00
    endloop
  endfacet
  facet normal -7.441330e-01 -1.884420e-01 -6.409023e-01
    outer loop
      vertex  1.777694e+01  3.123411e+01  1.900000e+00
      vertex  1.924289e+01  3.190730e+01  0.000000e+00
      vertex  1.935618e+01  3.145992e+01  0.000000e+00
    endloop
  endfacet
  facet normal -7.032133e-01 -3.084579e-01 -6.405815e-01
    outer loop
      vertex  1.770866e+01  3.145922e+01  1.900000e+00
      vertex  1.905750e+01  3.232993e+01  0.000000e+00
      vertex  1.924289e+01  3.190730e+01  0.000000e+00
    endloop
  endfacet
  facet normal -7.323094e-01 -2.221423e-01 -6.437202e-01
    outer loop
      vertex  1.770866e+01  3.145922e+01  1.900000e+00
      vertex  1.924289e+01  3.190730e+01  0.000000e+00
      vertex  1.777694e+01  3.123411e+01  1.900000e+00
    endloop
  endfacet
  facet normal -6.428838e-01 -4.200168e-01 -6.405359e-01
    outer loop
      vertex  1.759776e+01  3.166669e+01  1.900000e+00
      vertex  1.880509e+01  3.271629e+01  0.000000e+00
      vertex  1.905750e+01  3.232993e+01  0.000000e+00
    endloop
  endfacet
  facet normal -6.745847e-01 -3.605774e-01 -6.441424e-01
    outer loop
      vertex  1.759776e+01  3.166669e+01  1.900000e+00
      vertex  1.905750e+01  3.232993e+01  0.000000e+00
      vertex  1.770866e+01  3.145922e+01  1.900000e+00
    endloop
  endfacet
  facet normal -5.648429e-01 -5.199737e-01 -6.407650e-01
    outer loop
      vertex  1.744853e+01  3.184853e+01  1.900000e+00
      vertex  1.849252e+01  3.305582e+01  0.000000e+00
      vertex  1.880509e+01  3.271629e+01  0.000000e+00
    endloop
  endfacet
  facet normal -5.914170e-01 -4.853640e-01 -6.439315e-01
    outer loop
      vertex  1.744853e+01  3.184853e+01  1.900000e+00
      vertex  1.880509e+01  3.271629e+01  0.000000e+00
      vertex  1.759776e+01  3.166669e+01  1.900000e+00
    endloop
  endfacet
  facet normal -4.712947e-01 -6.055218e-01 -6.412681e-01
    outer loop
      vertex  1.726668e+01  3.199776e+01  1.900000e+00
      vertex  1.812833e+01  3.333928e+01  0.000000e+00
      vertex  1.849252e+01  3.305582e+01  0.000000e+00
    endloop
  endfacet
  facet normal -4.858116e-01 -5.919685e-01 -6.430867e-01
    outer loop
      vertex  1.726668e+01  3.199776e+01  1.900000e+00
      vertex  1.849252e+01  3.305582e+01  0.000000e+00
      vertex  1.744853e+01  3.184853e+01  1.900000e+00
    endloop
  endfacet
  facet normal -2.492012e-01 -7.258980e-01 -6.410701e-01
    outer loop
      vertex  1.705922e+01  3.210865e+01  1.900000e+00
      vertex  1.728596e+01  3.370878e+01  0.000000e+00
      vertex  1.772245e+01  3.355893e+01  0.000000e+00
    endloop
  endfacet
  facet normal -3.613535e-01 -6.760490e-01 -6.421693e-01
    outer loop
      vertex  1.705922e+01  3.210865e+01  1.900000e+00
      vertex  1.772245e+01  3.355893e+01  0.000000e+00
      vertex  1.726668e+01  3.199776e+01  1.900000e+00
    endloop
  endfacet
  facet normal -3.650089e-01 -6.744773e-01 -6.417546e-01
    outer loop
      vertex  1.726668e+01  3.199776e+01  1.900000e+00
      vertex  1.772245e+01  3.355893e+01  0.000000e+00
      vertex  1.812833e+01  3.333928e+01  0.000000e+00
    endloop
  endfacet
  facet normal -1.263826e-01 -7.573534e-01 -6.406585e-01
    outer loop
      vertex  1.683411e+01  3.217694e+01  1.900000e+00
      vertex  1.683075e+01  3.378474e+01  0.000000e+00
      vertex  1.728596e+01  3.370878e+01  0.000000e+00
    endloop
  endfacet
  facet normal -2.222127e-01 -7.325351e-01 -6.434391e-01
    outer loop
      vertex  1.683411e+01  3.217694e+01  1.900000e+00
      vertex  1.728596e+01  3.370878e+01  0.000000e+00
      vertex  1.705922e+01  3.210865e+01  1.900000e+00
    endloop
  endfacet
  facet normal  0.000000e+00 -7.679409e-01 -6.405207e-01
    outer loop
      vertex  1.660000e+01  3.220000e+01  1.900000e+00
      vertex  1.636925e+01  3.378474e+01  0.000000e+00
      vertex  1.683075e+01  3.378474e+01  0.000000e+00
    endloop
  endfacet
  facet normal -7.498680e-02 -7.612804e-01 -6.440724e-01
    outer loop
      vertex  1.660000e+01  3.220000e+01  1.900000e+00
      vertex  1.683075e+01  3.378474e+01  0.000000e+00
      vertex  1.683411e+01  3.217694e+01  1.900000e+00
    endloop
  endfacet
  facet normal  1.263826e-01 -7.573534e-01 -6.406585e-01
    outer loop
      vertex  1.636589e+01  3.217694e+01  1.900000e+00
      vertex  1.591404e+01  3.370878e+01  0.000000e+00
      vertex  1.636925e+01  3.378474e+01  0.000000e+00
    endloop
  endfacet
  facet normal  7.498680e-02 -7.612804e-01 -6.440724e-01
    outer loop
      vertex  1.636589e+01  3.217694e+01  1.900000e+00
      vertex  1.636925e+01  3.378474e+01  0.000000e+00
      vertex  1.660000e+01  3.220000e+01  1.900000e+00
    endloop
  endfacet
  facet normal  2.492008e-01 -7.258982e-01 -6.410701e-01
    outer loop
      vertex  1.614078e+01  3.210865e+01  1.900000e+00
      vertex  1.547755e+01  3.355893e+01  0.000000e+00
      vertex  1.591404e+01  3.370878e+01  0.000000e+00
    endloop
  endfacet
  facet normal  2.222109e-01 -7.325356e-01 -6.434390e-01
    outer loop
      vertex  1.614078e+01  3.210865e+01  1.900000e+00
      vertex  1.591404e+01  3.370878e+01  0.000000e+00
      vertex  1.636589e+01  3.217694e+01  1.900000e+00
    endloop
  endfacet
  facet normal  4.712948e-01 -6.055219e-01 -6.412678e-01
    outer loop
      vertex  1.593332e+01  3.199776e+01  1.900000e+00
      vertex  1.470748e+01  3.305582e+01  0.000000e+00
      vertex  1.507167e+01  3.333928e+01  0.000000e+00
    endloop
  endfacet
  facet normal  3.615769e-01 -6.764671e-01 -6.416031e-01
    outer loop
      vertex  1.593332e+01  3.199776e+01  1.900000e+00
      vertex  1.507167e+01  3.333928e+01  0.000000e+00
      vertex  1.614078e+01  3.210865e+01  1.900000e+00
    endloop
  endfacet
  facet normal  3.648940e-01 -6.742649e-01 -6.420431e-01
    outer loop
      vertex  1.614078e+01  3.210865e+01  1.900000e+00
      vertex  1.507167e+01  3.333928e+01  0.000000e+00
      vertex  1.547755e+01  3.355893e+01  0.000000e+00
    endloop
  endfacet
  facet normal  5.648429e-01 -5.199737e-01 -6.407650e-01
    outer loop
      vertex  1.575147e+01  3.184853e+01  1.900000e+00
      vertex  1.439491e+01  3.271629e+01  0.000000e+00
      vertex  1.470748e+01  3.305582e+01  0.000000e+00
    endloop
  endfacet
  facet normal  4.858131e-01 -5.919670e-01 -6.430868e-01
    outer loop
      vertex  1.575147e+01  3.184853e+01  1.900000e+00
      vertex  1.470748e+01  3.305582e+01  0.000000e+00
      vertex  1.593332e+01  3.199776e+01  1.900000e+00
    endloop
  endfacet
  facet normal  6.428838e-01 -4.200167e-01 -6.405360e-01
    outer loop
      vertex  1.560224e+01  3.166669e+01  1.900000e+00
      vertex  1.414250e+01  3.232993e+01  0.000000e+00
      vertex  1.439491e+01  3.271629e+01  0.000000e+00
    endloop
  endfacet
  facet normal  5.914170e-01 -4.853640e-01 -6.439315e-01
    outer loop
      vertex  1.560224e+01  3.166669e+01  1.900000e+00
      vertex  1.439491e+01  3.271629e+01  0.000000e+00
      vertex  1.575147e+01  3.184853e+01  1.900000e+00
    endloop
  endfacet
  facet normal  7.032125e-01 -3.084592e-01 -6.405818e-01
    outer loop
      vertex  1.549134e+01  3.145922e+01  1.900000e+00
      vertex  1.395711e+01  3.190730e+01  0.000000e+00
      vertex  1.414250e+01  3.232993e+01  0.000000e+00
    endloop
  endfacet
  facet normal  6.745859e-01 -3.605751e-01 -6.441424e-01
    outer loop
      vertex  1.549134e+01  3.145922e+01  1.900000e+00
      vertex  1.414250e+01  3.232993e+01  0.000000e+00
      vertex  1.560224e+01  3.166669e+01  1.900000e+00
    endloop
  endfacet
  facet normal  7.441332e-01 -1.884404e-01 -6.409026e-01
    outer loop
      vertex  1.542306e+01  3.123411e+01  1.900000e+00
      vertex  1.384382e+01  3.145992e+01  0.000000e+00
      vertex  1.395711e+01  3.190730e+01  0.000000e+00
    endloop
  endfacet
  facet normal  7.323090e-01 -2.221426e-01 -6.437206e-01
    outer loop
      vertex  1.542306e+01  3.123411e+01  1.900000e+00
      vertex  1.395711e+01  3.190730e+01  0.000000e+00
      vertex  1.549134e+01  3.145922e+01  1.900000e+00
    endloop
  endfacet
  facet normal  7.645059e-01  6.334872e-02 -6.414965e-01
    outer loop
      vertex  1.540000e+01  3.100000e+01  1.900000e+00
      vertex  1.384382e+01  3.054007e+01  0.000000e+00
      vertex  1.380571e+01  3.100000e+01  7.549517e-14
    endloop
  endfacet
  facet normal  7.624591e-01  7.509669e-02 -6.426638e-01
    outer loop
      vertex  1.540000e+01  3.100000e+01  1.900000e+00
      vertex  1.542306e+01  3.076589e+01  1.900000e+00
      vertex  1.384382e+01  3.054007e+01  0.000000e+00
    endloop
  endfacet
  facet normal -7.624599e-01  7.509073e-02 -6.426634e-01
    outer loop
      vertex  1.780000e+01  3.100000e+01  1.900000e+00
      vertex  1.935618e+01  3.054007e+01  0.000000e+00
      vertex  1.777694e+01  3.076589e+01  1.900000e+00
    endloop
  endfacet
  facet normal -7.645057e-01  6.334870e-02 -6.414966e-01
    outer loop
      vertex  1.780000e+01  3.100000e+01  1.900000e+00
      vertex  1.939429e+01  3.100000e+01  7.549517e-14
      vertex  1.935618e+01  3.054007e+01  0.000000e+00
    endloop
  endfacet
  facet normal  7.441330e-01  1.884404e-01 -6.409028e-01
    outer loop
      vertex  1.542306e+01  3.076589e+01  1.900000e+00
      vertex  1.395711e+01  3.009269e+01  0.000000e+00
      vertex  1.384382e+01  3.054007e+01  0.000000e+00
    endloop
  endfacet
  facet normal  7.032127e-01  3.084577e-01 -6.405823e-01
    outer loop
      vertex  1.549134e+01  3.054078e+01  1.900000e+00
      vertex  1.414250e+01  2.967006e+01  0.000000e+00
      vertex  1.395711e+01  3.009269e+01  0.000000e+00
    endloop
  endfacet
  facet normal  7.323087e-01  2.221425e-01 -6.437208e-01
    outer loop
      vertex  1.549134e+01  3.054078e+01  1.900000e+00
      vertex  1.395711e+01  3.009269e+01  0.000000e+00
      vertex  1.542306e+01  3.076589e+01  1.900000e+00
    endloop
  endfacet
  facet normal  6.428842e-01  4.200149e-01 -6.405368e-01
    outer loop
      vertex  1.560224e+01  3.033331e+01  1.900000e+00
      vertex  1.439491e+01  2.928371e+01  0.000000e+00
      vertex  1.414250e+01  2.967006e+01  0.000000e+00
    endloop
  endfacet
  facet normal  6.745855e-01  3.605745e-01 -6.441431e-01
    outer loop
      vertex  1.560224e+01  3.033331e+01  1.900000e+00
      vertex  1.414250e+01  2.967006e+01  0.000000e+00
      vertex  1.549134e+01  3.054078e+01  1.900000e+00
    endloop
  endfacet
  facet normal  5.648410e-01  5.199748e-01 -6.407658e-01
    outer loop
      vertex  1.575147e+01  3.015147e+01  1.900000e+00
      vertex  1.470748e+01  2.894417e+01  0.000000e+00
      vertex  1.439491e+01  2.928371e+01  0.000000e+00
    endloop
  endfacet
  facet normal  5.914162e-01  4.853638e-01 -6.439323e-01
    outer loop
      vertex  1.575147e+01  3.015147e+01  1.900000e+00
      vertex  1.439491e+01  2.928371e+01  0.000000e+00
      vertex  1.560224e+01  3.033331e+01  1.900000e+00
    endloop
  endfacet
  facet normal  4.712962e-01  6.055195e-01 -6.412690e-01
    outer loop
      vertex  1.593332e+01  3.000224e+01  1.900000e+00
      vertex  1.507167e+01  2.866071e+01  0.000000e+00
      vertex  1.470748e+01  2.894417e+01  0.000000e+00
    endloop
  endfacet
  facet normal  4.858127e-01  5.919667e-01 -6.430874e-01
    outer loop
      vertex  1.593332e+01  3.000224e+01  1.900000e+00
      vertex  1.470748e+01  2.894417e+01  0.000000e+00
      vertex  1.575147e+01  3.015147e+01  1.900000e+00
    endloop
  endfacet
  facet normal  2.492005e-01  7.258974e-01 -6.410710e-01
    outer loop
      vertex  1.614078e+01  2.989134e+01  1.900000e+00
      vertex  1.591404e+01  2.829121e+01  0.000000e+00
      vertex  1.547755e+01  2.844106e+01  0.000000e+00
    endloop
  endfacet
  facet normal  3.613584e-01  6.760460e-01 -6.421697e-01
    outer loop
      vertex  1.614078e+01  2.989134e+01  1.900000e+00
      vertex  1.547755e+01  2.844106e+01  0.000000e+00
      vertex  1.593332e+01  3.000224e+01  1.900000e+00
    endloop
  endfacet
  facet normal  3.650084e-01  6.744764e-01 -6.417558e-01
    outer loop
      vertex  1.593332e+01  3.000224e+01  1.900000e+00
      vertex  1.547755e+01  2.844106e+01  0.000000e+00
      vertex  1.507167e+01  2.866071e+01  0.000000e+00
    endloop
  endfacet
  facet normal  1.263792e-01  7.573533e-01 -6.406592e-01
    outer loop
      vertex  1.636589e+01  2.982306e+01  1.900000e+00
      vertex  1.636925e+01  2.821525e+01  0.000000e+00
      vertex  1.591404e+01  2.829121e+01  0.000000e+00
    endloop
  endfacet
  facet normal  2.222111e-01  7.325348e-01 -6.434400e-01
    outer loop
      vertex  1.636589e+01  2.982306e+01  1.900000e+00
      vertex  1.591404e+01  2.829121e+01  0.000000e+00
      vertex  1.614078e+01  2.989134e+01  1.900000e+00
    endloop
  endfacet
  facet normal  0.000000e+00  7.679401e-01 -6.405216e-01
    outer loop
      vertex  1.660000e+01  2.980000e+01  1.900000e+00
      vertex  1.683075e+01  2.821525e+01  0.000000e+00
      vertex  1.636925e+01  2.821525e+01  0.000000e+00
    endloop
  endfacet
  facet normal  7.498027e-02  7.612804e-01 -6.440731e-01
    outer loop
      vertex  1.660000e+01  2.980000e+01  1.900000e+00
      vertex  1.636925e+01  2.821525e+01  0.000000e+00
      vertex  1.636589e+01  2.982306e+01  1.900000e+00
    endloop
  endfacet
  facet normal -1.263795e-01  7.573534e-01 -6.406592e-01
    outer loop
      vertex  1.683411e+01  2.982306e+01  1.900000e+00
      vertex  1.728596e+01  2.829121e+01  0.000000e+00
      vertex  1.683075e+01  2.821525e+01  0.000000e+00
    endloop
  endfacet
  facet normal -7.498027e-02  7.612804e-01 -6.440731e-01
    outer loop
      vertex  1.683411e+01  2.982306e+01  1.900000e+00
      vertex  1.683075e+01  2.821525e+01  0.000000e+00
      vertex  1.660000e+01  2.980000e+01  1.900000e+00
    endloop
  endfacet
  facet normal -2.492000e-01  7.258976e-01 -6.410711e-01
    outer loop
      vertex  1.705922e+01  2.989134e+01  1.900000e+00
      vertex  1.772245e+01  2.844106e+01  0.000000e+00
      vertex  1.728596e+01  2.829121e+01  0.000000e+00
    endloop
  endfacet
  facet normal -2.222128e-01  7.325344e-01 -6.434398e-01
    outer loop
      vertex  1.705922e+01  2.989134e+01  1.900000e+00
      vertex  1.728596e+01  2.829121e+01  0.000000e+00
      vertex  1.683411e+01  2.982306e+01  1.900000e+00
    endloop
  endfacet
  facet normal -4.712961e-01  6.055194e-01 -6.412693e-01
    outer loop
      vertex  1.726668e+01  3.000224e+01  1.900000e+00
      vertex  1.849252e+01  2.894417e+01  0.000000e+00
      vertex  1.812833e+01  2.866071e+01  0.000000e+00
    endloop
  endfacet
  facet normal -3.615814e-01  6.764629e-01 -6.416048e-01
    outer loop
      vertex  1.726668e+01  3.000224e+01  1.900000e+00
      vertex  1.812833e+01  2.866071e+01  0.000000e+00
      vertex  1.705922e+01  2.989134e+01  1.900000e+00
    endloop
  endfacet
  facet normal -3.648935e-01  6.742640e-01 -6.420441e-01
    outer loop
      vertex  1.705922e+01  2.989134e+01  1.900000e+00
      vertex  1.812833e+01  2.866071e+01  0.000000e+00
      vertex  1.772245e+01  2.844106e+01  0.000000e+00
    endloop
  endfacet
  facet normal -5.648425e-01  5.199730e-01 -6.407659e-01
    outer loop
      vertex  1.744853e+01  3.015147e+01  1.900000e+00
      vertex  1.880509e+01  2.928371e+01  0.000000e+00
      vertex  1.849252e+01  2.894417e+01  0.000000e+00
    endloop
  endfacet
  facet normal -4.858110e-01  5.919678e-01 -6.430877e-01
    outer loop
      vertex  1.744853e+01  3.015147e+01  1.900000e+00
      vertex  1.849252e+01  2.894417e+01  0.000000e+00
      vertex  1.726668e+01  3.000224e+01  1.900000e+00
    endloop
  endfacet
  facet normal -6.428828e-01  4.200172e-01 -6.405368e-01
    outer loop
      vertex  1.759776e+01  3.033331e+01  1.900000e+00
      vertex  1.905750e+01  2.967006e+01  0.000000e+00
      vertex  1.880509e+01  2.928371e+01  0.000000e+00
    endloop
  endfacet
  facet normal -5.914164e-01  4.853635e-01 -6.439324e-01
    outer loop
      vertex  1.759776e+01  3.033331e+01  1.900000e+00
      vertex  1.880509e+01  2.928371e+01  0.000000e+00
      vertex  1.744853e+01  3.015147e+01  1.900000e+00
    endloop
  endfacet
  facet normal -7.032127e-01  3.084577e-01 -6.405823e-01
    outer loop
      vertex  1.770866e+01  3.054078e+01  1.900000e+00
      vertex  1.924289e+01  3.009269e+01  0.000000e+00
      vertex  1.905750e+01  2.967006e+01  0.000000e+00
    endloop
  endfacet
  facet normal -6.745842e-01  3.605770e-01 -6.441432e-01
    outer loop
      vertex  1.770866e+01  3.054078e+01  1.900000e+00
      vertex  1.905750e+01  2.967006e+01  0.000000e+00
      vertex  1.759776e+01  3.033331e+01  1.900000e+00
    endloop
  endfacet
  facet normal -7.441335e-01  1.884389e-01 -6.409026e-01
    outer loop
      vertex  1.777694e+01  3.076589e+01  1.900000e+00
      vertex  1.935618e+01  3.054007e+01  0.000000e+00
      vertex  1.924289e+01  3.009269e+01  0.000000e+00
    endloop
  endfacet
  facet normal -7.323087e-01  2.221425e-01 -6.437208e-01
    outer loop
      vertex  1.777694e+01  3.076589e+01  1.900000e+00
      vertex  1.924289e+01  3.009269e+01  0.000000e+00
      vertex  1.770866e+01  3.054078e+01  1.900000e+00
    endloop
  endfacet
  facet normal  7.645051e-01  6.335209e-02 -6.414970e-01
    outer loop
      vertex -3.980000e+01 -2.060000e+01  1.900000e+00
      vertex -4.135618e+01 -2.105993e+01  0.000000e+00
      vertex -4.139429e+01 -2.060000e+01  6.705747e-14
    endloop
  endfacet
  facet normal  7.624600e-01  7.509056e-02 -6.426634e-01
    outer loop
      vertex -3.980000e+01 -2.060000e+01  1.900000e+00
      vertex -3.977694e+01 -2.083411e+01  1.900000e+00
      vertex -4.135618e+01 -2.105993e+01  0.000000e+00
    endloop
  endfacet
  facet normal -7.624599e-01  7.509073e-02 -6.426634e-01
    outer loop
      vertex -3.740000e+01 -2.060000e+01  1.900000e+00
      vertex -3.584382e+01 -2.105993e+01  0.000000e+00
      vertex -3.742306e+01 -2.083411e+01  1.900000e+00
    endloop
  endfacet
  facet normal -7.645051e-01  6.335209e-02 -6.414970e-01
    outer loop
      vertex -3.740000e+01 -2.060000e+01  1.900000e+00
      vertex -3.580571e+01 -2.060000e+01  6.705747e-14
      vertex -3.584382e+01 -2.105993e+01  0.000000e+00
    endloop
  endfacet
  facet normal  7.441331e-01  1.884412e-01 -6.409024e-01
    outer loop
      vertex -3.977694e+01 -2.083411e+01  1.900000e+00
      vertex -4.124289e+01 -2.150731e+01  0.000000e+00
      vertex -4.135618e+01 -2.105993e+01  0.000000e+00
    endloop
  endfacet
  facet normal  7.032129e-01  3.084578e-01 -6.405821e-01
    outer loop
      vertex -3.970866e+01 -2.105922e+01  1.900000e+00
      vertex -4.105750e+01 -2.192994e+01  0.000000e+00
      vertex -4.124289e+01 -2.150731e+01  0.000000e+00
    endloop
  endfacet
  facet normal  7.323085e-01  2.221439e-01 -6.437207e-01
    outer loop
      vertex -3.970866e+01 -2.105922e+01  1.900000e+00
      vertex -4.124289e+01 -2.150731e+01  0.000000e+00
      vertex -3.977694e+01 -2.083411e+01  1.900000e+00
    endloop
  endfacet
  facet normal  6.428846e-01  4.200141e-01 -6.405370e-01
    outer loop
      vertex -3.959776e+01 -2.126668e+01  1.900000e+00
      vertex -4.080509e+01 -2.231629e+01  0.000000e+00
      vertex -4.105750e+01 -2.192994e+01  0.000000e+00
    endloop
  endfacet
  facet normal  6.745844e-01  3.605771e-01 -6.441429e-01
    outer loop
      vertex -3.959776e+01 -2.126668e+01  1.900000e+00
      vertex -4.105750e+01 -2.192994e+01  0.000000e+00
      vertex -3.970866e+01 -2.105922e+01  1.900000e+00
    endloop
  endfacet
  facet normal  5.648409e-01  5.199750e-01 -6.407657e-01
    outer loop
      vertex -3.944853e+01 -2.144853e+01  1.900000e+00
      vertex -4.049252e+01 -2.265583e+01  0.000000e+00
      vertex -4.080509e+01 -2.231629e+01  0.000000e+00
    endloop
  endfacet
  facet normal  5.914186e-01  4.853604e-01 -6.439326e-01
    outer loop
      vertex -3.944853e+01 -2.144853e+01  1.900000e+00
      vertex -4.080509e+01 -2.231629e+01  0.000000e+00
      vertex -3.959776e+01 -2.126668e+01  1.900000e+00
    endloop
  endfacet
  facet normal  4.712945e-01  6.055216e-01 -6.412685e-01
    outer loop
      vertex -3.926669e+01 -2.159776e+01  1.900000e+00
      vertex -4.012833e+01 -2.293929e+01  0.000000e+00
      vertex -4.049252e+01 -2.265583e+01  0.000000e+00
    endloop
  endfacet
  facet normal  4.858142e-01  5.919656e-01 -6.430873e-01
    outer loop
      vertex -3.926669e+01 -2.159776e+01  1.900000e+00
      vertex -4.049252e+01 -2.265583e+01  0.000000e+00
      vertex -3.944853e+01 -2.144853e+01  1.900000e+00
    endloop
  endfacet
  facet normal  2.492029e-01  7.258968e-01 -6.410707e-01
    outer loop
      vertex -3.905922e+01 -2.170866e+01  1.900000e+00
      vertex -3.928596e+01 -2.330879e+01  0.000000e+00
      vertex -3.972245e+01 -2.315894e+01  0.000000e+00
    endloop
  endfacet
  facet normal  3.613558e-01  6.760473e-01 -6.421698e-01
    outer loop
      vertex -3.905922e+01 -2.170866e+01  1.900000e+00
      vertex -3.972245e+01 -2.315894e+01  0.000000e+00
      vertex -3.926669e+01 -2.159776e+01  1.900000e+00
    endloop
  endfacet
  facet normal  3.650100e-01  6.744760e-01 -6.417552e-01
    outer loop
      vertex -3.926669e+01 -2.159776e+01  1.900000e+00
      vertex -3.972245e+01 -2.315894e+01  0.000000e+00
      vertex -4.012833e+01 -2.293929e+01  0.000000e+00
    endloop
  endfacet
  facet normal  1.263790e-01  7.573535e-01 -6.406590e-01
    outer loop
      vertex -3.883411e+01 -2.177694e+01  1.900000e+00
      vertex -3.883075e+01 -2.338475e+01  0.000000e+00
      vertex -3.928596e+01 -2.330879e+01  0.000000e+00
    endloop
  endfacet
  facet normal  2.222146e-01  7.325340e-01 -6.434397e-01
    outer loop
      vertex -3.883411e+01 -2.177694e+01  1.900000e+00
      vertex -3.928596e+01 -2.330879e+01  0.000000e+00
      vertex -3.905922e+01 -2.170866e+01  1.900000e+00
    endloop
  endfacet
  facet normal  0.000000e+00  7.679397e-01 -6.405221e-01
    outer loop
      vertex -3.860000e+01 -2.180000e+01  1.900000e+00
      vertex -3.836925e+01 -2.338475e+01  0.000000e+00
      vertex -3.883075e+01 -2.338475e+01  0.000000e+00
    endloop
  endfacet
  facet normal  7.497297e-02  7.612808e-01 -6.440734e-01
    outer loop
      vertex -3.860000e+01 -2.180000e+01  1.900000e+00
      vertex -3.883075e+01 -2.338475e+01  0.000000e+00
      vertex -3.883411e+01 -2.177694e+01  1.900000e+00
    endloop
  endfacet
  facet normal -1.263790e-01  7.573535e-01 -6.406590e-01
    outer loop
      vertex -3.836589e+01 -2.177694e+01  1.900000e+00
      vertex -3.791404e+01 -2.330879e+01  0.000000e+00
      vertex -3.836925e+01 -2.338475e+01  0.000000e+00
    endloop
  endfacet
  facet normal -7.497419e-02  7.612808e-01 -6.440733e-01
    outer loop
      vertex -3.836589e+01 -2.177694e+01  1.900000e+00
      vertex -3.836925e+01 -2.338475e+01  0.000000e+00
      vertex -3.860000e+01 -2.180000e+01  1.900000e+00
    endloop
  endfacet
  facet normal -2.492029e-01  7.258968e-01 -6.410707e-01
    outer loop
      vertex -3.814078e+01 -2.170866e+01  1.900000e+00
      vertex -3.747755e+01 -2.315894e+01  0.000000e+00
      vertex -3.791404e+01 -2.330879e+01  0.000000e+00
    endloop
  endfacet
  facet normal -2.222146e-01  7.325340e-01 -6.434397e-01
    outer loop
      vertex -3.814078e+01 -2.170866e+01  1.900000e+00
      vertex -3.791404e+01 -2.330879e+01  0.000000e+00
      vertex -3.836589e+01 -2.177694e+01  1.900000e+00
    endloop
  endfacet
  facet normal -4.712942e-01  6.055211e-01 -6.412690e-01
    outer loop
      vertex -3.793332e+01 -2.159776e+01  1.900000e+00
      vertex -3.670748e+01 -2.265583e+01  0.000000e+00
      vertex -3.707167e+01 -2.293929e+01  0.000000e+00
    endloop
  endfacet
  facet normal -3.615790e-01  6.764649e-01 -6.416042e-01
    outer loop
      vertex -3.793332e+01 -2.159776e+01  1.900000e+00
      vertex -3.707167e+01 -2.293929e+01  0.000000e+00
      vertex -3.814078e+01 -2.170866e+01  1.900000e+00
    endloop
  endfacet
  facet normal -3.648923e-01  6.742650e-01 -6.420437e-01
    outer loop
      vertex -3.814078e+01 -2.170866e+01  1.900000e+00
      vertex -3.707167e+01 -2.293929e+01  0.000000e+00
      vertex -3.747755e+01 -2.315894e+01  0.000000e+00
    endloop
  endfacet
  facet normal -5.648438e-01  5.199713e-01 -6.407661e-01
    outer loop
      vertex -3.775147e+01 -2.144853e+01  1.900000e+00
      vertex -3.639491e+01 -2.231629e+01  0.000000e+00
      vertex -3.670748e+01 -2.265583e+01  0.000000e+00
    endloop
  endfacet
  facet normal -4.858139e-01  5.919651e-01 -6.430880e-01
    outer loop
      vertex -3.775147e+01 -2.144853e+01  1.900000e+00
      vertex -3.670748e+01 -2.265583e+01  0.000000e+00
      vertex -3.793332e+01 -2.159776e+01  1.900000e+00
    endloop
  endfacet
  facet normal -6.428814e-01  4.200184e-01 -6.405372e-01
    outer loop
      vertex -3.760224e+01 -2.126668e+01  1.900000e+00
      vertex -3.614249e+01 -2.192994e+01  0.000000e+00
      vertex -3.639491e+01 -2.231629e+01  0.000000e+00
    endloop
  endfacet
  facet normal -5.914186e-01  4.853604e-01 -6.439326e-01
    outer loop
      vertex -3.760224e+01 -2.126668e+01  1.900000e+00
      vertex -3.639491e+01 -2.231629e+01  0.000000e+00
      vertex -3.775147e+01 -2.144853e+01  1.900000e+00
    endloop
  endfacet
  facet normal -7.032122e-01  3.084575e-01 -6.405829e-01
    outer loop
      vertex -3.749134e+01 -2.105922e+01  1.900000e+00
      vertex -3.595711e+01 -2.150731e+01  0.000000e+00
      vertex -3.614249e+01 -2.192994e+01  0.000000e+00
    endloop
  endfacet
  facet normal -6.745838e-01  3.605767e-01 -6.441437e-01
    outer loop
      vertex -3.749134e+01 -2.105922e+01  1.900000e+00
      vertex -3.614249e+01 -2.192994e+01  0.000000e+00
      vertex -3.760224e+01 -2.126668e+01  1.900000e+00
    endloop
  endfacet
  facet normal -7.441344e-01  1.884352e-01 -6.409028e-01
    outer loop
      vertex -3.742306e+01 -2.083411e+01  1.900000e+00
      vertex -3.584382e+01 -2.105993e+01  0.000000e+00
      vertex -3.595711e+01 -2.150731e+01  0.000000e+00
    endloop
  endfacet
  facet normal -7.323079e-01  2.221441e-01 -6.437214e-01
    outer loop
      vertex -3.742306e+01 -2.083411e+01  1.900000e+00
      vertex -3.595711e+01 -2.150731e+01  0.000000e+00
      vertex -3.749134e+01 -2.105922e+01  1.900000e+00
    endloop
  endfacet
  facet normal -7.645051e-01 -6.335235e-02 -6.414970e-01
    outer loop
      vertex -3.740000e+01 -2.060000e+01  1.900000e+00
      vertex -3.584382e+01 -2.014008e+01  0.000000e+00
      vertex -3.580571e+01 -2.060000e+01  6.705747e-14
    endloop
  endfacet
  facet normal -7.624600e-01 -7.509056e-02 -6.426633e-01
    outer loop
      vertex -3.740000e+01 -2.060000e+01  1.900000e+00
      vertex -3.742306e+01 -2.036589e+01  1.900000e+00
      vertex -3.584382e+01 -2.014008e+01  0.000000e+00
    endloop
  endfacet
  facet normal  7.624599e-01 -7.509074e-02 -6.426633e-01
    outer loop
      vertex -3.980000e+01 -2.060000e+01  1.900000e+00
      vertex -4.135618e+01 -2.014008e+01  0.000000e+00
      vertex -3.977694e+01 -2.036589e+01  1.900000e+00
    endloop
  endfacet
  facet normal  7.645051e-01 -6.335235e-02 -6.414970e-01
    outer loop
      vertex -3.980000e+01 -2.060000e+01  1.900000e+00
      vertex -4.139429e+01 -2.060000e+01  6.705747e-14
      vertex -4.135618e+01 -2.014008e+01  0.000000e+00
    endloop
  endfacet
  facet normal -7.441332e-01 -1.884412e-01 -6.409023e-01
    outer loop
      vertex -3.742306e+01 -2.036589e+01  1.900000e+00
      vertex -3.595712e+01 -1.969270e+01  0.000000e+00
      vertex -3.584382e+01 -2.014008e+01  0.000000e+00
    endloop
  endfacet
  facet normal -7.032127e-01 -3.084591e-01 -6.405816e-01
    outer loop
      vertex -3.749134e+01 -2.014078e+01  1.900000e+00
      vertex -3.614250e+01 -1.927007e+01  0.000000e+00
      vertex -3.595712e+01 -1.969270e+01  0.000000e+00
    endloop
  endfacet
  facet normal -7.323092e-01 -2.221423e-01 -6.437204e-01
    outer loop
      vertex -3.749134e+01 -2.014078e+01  1.900000e+00
      vertex -3.595712e+01 -1.969270e+01  0.000000e+00
      vertex -3.742306e+01 -2.036589e+01  1.900000e+00
    endloop
  endfacet
  facet normal -6.428860e-01 -4.200130e-01 -6.405362e-01
    outer loop
      vertex -3.760224e+01 -1.993332e+01  1.900000e+00
      vertex -3.639491e+01 -1.888371e+01  0.000000e+00
      vertex -3.614250e+01 -1.927007e+01  0.000000e+00
    endloop
  endfacet
  facet normal -6.745847e-01 -3.605774e-01 -6.441424e-01
    outer loop
      vertex -3.760224e+01 -1.993332e+01  1.900000e+00
      vertex -3.614250e+01 -1.927007e+01  0.000000e+00
      vertex -3.749134e+01 -2.014078e+01  1.900000e+00
    endloop
  endfacet
  facet normal -5.648398e-01 -5.199769e-01 -6.407652e-01
    outer loop
      vertex -3.775147e+01 -1.975147e+01  1.900000e+00
      vertex -3.670748e+01 -1.854418e+01  0.000000e+00
      vertex -3.639491e+01 -1.888371e+01  0.000000e+00
    endloop
  endfacet
  facet normal -5.914165e-01 -4.853637e-01 -6.439322e-01
    outer loop
      vertex -3.775147e+01 -1.975147e+01  1.900000e+00
      vertex -3.639491e+01 -1.888371e+01  0.000000e+00
      vertex -3.760224e+01 -1.993332e+01  1.900000e+00
    endloop
  endfacet
  facet normal -4.712951e-01 -6.055222e-01 -6.412675e-01
    outer loop
      vertex -3.793332e+01 -1.960224e+01  1.900000e+00
      vertex -3.707167e+01 -1.826072e+01  0.000000e+00
      vertex -3.670748e+01 -1.854418e+01  0.000000e+00
    endloop
  endfacet
  facet normal -4.858184e-01 -5.919628e-01 -6.430867e-01
    outer loop
      vertex -3.793332e+01 -1.960224e+01  1.900000e+00
      vertex -3.670748e+01 -1.854418e+01  0.000000e+00
      vertex -3.775147e+01 -1.975147e+01  1.900000e+00
    endloop
  endfacet
  facet normal -2.492003e-01 -7.258986e-01 -6.410698e-01
    outer loop
      vertex -3.814078e+01 -1.949134e+01  1.900000e+00
      vertex -3.791404e+01 -1.789122e+01  0.000000e+00
      vertex -3.747755e+01 -1.804107e+01  0.000000e+00
    endloop
  endfacet
  facet normal -3.613513e-01 -6.760504e-01 -6.421691e-01
    outer loop
      vertex -3.814078e+01 -1.949134e+01  1.900000e+00
      vertex -3.747755e+01 -1.804107e+01  0.000000e+00
      vertex -3.793332e+01 -1.960224e+01  1.900000e+00
    endloop
  endfacet
  facet normal -3.650104e-01 -6.744769e-01 -6.417540e-01
    outer loop
      vertex -3.793332e+01 -1.960224e+01  1.900000e+00
      vertex -3.747755e+01 -1.804107e+01  0.000000e+00
      vertex -3.707167e+01 -1.826072e+01  0.000000e+00
    endloop
  endfacet
  facet normal -1.263791e-01 -7.573546e-01 -6.406577e-01
    outer loop
      vertex -3.836589e+01 -1.942306e+01  1.900000e+00
      vertex -3.836925e+01 -1.781526e+01  0.000000e+00
      vertex -3.791404e+01 -1.789122e+01  0.000000e+00
    endloop
  endfacet
  facet normal -2.222145e-01 -7.325351e-01 -6.434385e-01
    outer loop
      vertex -3.836589e+01 -1.942306e+01  1.900000e+00
      vertex -3.791404e+01 -1.789122e+01  0.000000e+00
      vertex -3.814078e+01 -1.949134e+01  1.900000e+00
    endloop
  endfacet
  facet normal  0.000000e+00 -7.679412e-01 -6.405202e-01
    outer loop
      vertex -3.860000e+01 -1.940000e+01  1.900000e+00
      vertex -3.883075e+01 -1.781526e+01  0.000000e+00
      vertex -3.836925e+01 -1.781526e+01  0.000000e+00
    endloop
  endfacet
  facet normal -7.498080e-02 -7.612816e-01 -6.440717e-01
    outer loop
      vertex -3.860000e+01 -1.940000e+01  1.900000e+00
      vertex -3.836925e+01 -1.781526e+01  0.000000e+00
      vertex -3.836589e+01 -1.942306e+01  1.900000e+00
    endloop
  endfacet
  facet normal  1.263791e-01 -7.573546e-01 -6.406577e-01
    outer loop
      vertex -3.883411e+01 -1.942306e+01  1.900000e+00
      vertex -3.928596e+01 -1.789122e+01  0.000000e+00
      vertex -3.883075e+01 -1.781526e+01  0.000000e+00
    endloop
  endfacet
  facet normal  7.497958e-02 -7.612816e-01 -6.440718e-01
    outer loop
      vertex -3.883411e+01 -1.942306e+01  1.900000e+00
      vertex -3.883075e+01 -1.781526e+01  0.000000e+00
      vertex -3.860000e+01 -1.940000e+01  1.900000e+00
    endloop
  endfacet
  facet normal  2.492003e-01 -7.258986e-01 -6.410698e-01
    outer loop
      vertex -3.905922e+01 -1.949134e+01  1.900000e+00
      vertex -3.972245e+01 -1.804107e+01  0.000000e+00
      vertex -3.928596e+01 -1.789122e+01  0.000000e+00
    endloop
  endfacet
  facet normal  2.222145e-01 -7.325351e-01 -6.434385e-01
    outer loop
      vertex -3.905922e+01 -1.949134e+01  1.900000e+00
      vertex -3.928596e+01 -1.789122e+01  0.000000e+00
      vertex -3.883411e+01 -1.942306e+01  1.900000e+00
    endloop
  endfacet
  facet normal  4.712951e-01 -6.055222e-01 -6.412675e-01
    outer loop
      vertex -3.926669e+01 -1.960224e+01  1.900000e+00
      vertex -4.049252e+01 -1.854418e+01  0.000000e+00
      vertex -4.012833e+01 -1.826072e+01  0.000000e+00
    endloop
  endfacet
  facet normal  3.615750e-01 -6.764687e-01 -6.416024e-01
    outer loop
      vertex -3.926669e+01 -1.960224e+01  1.900000e+00
      vertex -4.012833e+01 -1.826072e+01  0.000000e+00
      vertex -3.905922e+01 -1.949134e+01  1.900000e+00
    endloop
  endfacet
  facet normal  3.648954e-01 -6.742643e-01 -6.420429e-01
    outer loop
      vertex -3.905922e+01 -1.949134e+01  1.900000e+00
      vertex -4.012833e+01 -1.826072e+01  0.000000e+00
      vertex -3.972245e+01 -1.804107e+01  0.000000e+00
    endloop
  endfacet
  facet normal  5.648431e-01 -5.199736e-01 -6.407650e-01
    outer loop
      vertex -3.944853e+01 -1.975147e+01  1.900000e+00
      vertex -4.080508e+01 -1.888371e+01  0.000000e+00
      vertex -4.049252e+01 -1.854418e+01  0.000000e+00
    endloop
  endfacet
  facet normal  4.858184e-01 -5.919628e-01 -6.430867e-01
    outer loop
      vertex -3.944853e+01 -1.975147e+01  1.900000e+00
      vertex -4.049252e+01 -1.854418e+01  0.000000e+00
      vertex -3.926669e+01 -1.960224e+01  1.900000e+00
    endloop
  endfacet
  facet normal  6.428834e-01 -4.200176e-01 -6.405360e-01
    outer loop
      vertex -3.959776e+01 -1.993332e+01  1.900000e+00
      vertex -4.105750e+01 -1.927007e+01  0.000000e+00
      vertex -4.080508e+01 -1.888371e+01  0.000000e+00
    endloop
  endfacet
  facet normal  5.914171e-01 -4.853641e-01 -6.439314e-01
    outer loop
      vertex -3.959776e+01 -1.993332e+01  1.900000e+00
      vertex -4.080508e+01 -1.888371e+01  0.000000e+00
      vertex -3.944853e+01 -1.975147e+01  1.900000e+00
    endloop
  endfacet
  facet normal  7.032127e-01 -3.084591e-01 -6.405817e-01
    outer loop
      vertex -3.970866e+01 -2.014078e+01  1.900000e+00
      vertex -4.124289e+01 -1.969270e+01  0.000000e+00
      vertex -4.105750e+01 -1.927007e+01  0.000000e+00
    endloop
  endfacet
  facet normal  6.745847e-01 -3.605774e-01 -6.441424e-01
    outer loop
      vertex -3.970866e+01 -2.014078e+01  1.900000e+00
      vertex -4.105750e+01 -1.927007e+01  0.000000e+00
      vertex -3.959776e+01 -1.993332e+01  1.900000e+00
    endloop
  endfacet
  facet normal  7.441332e-01 -1.884412e-01 -6.409023e-01
    outer loop
      vertex -3.977694e+01 -2.036589e+01  1.900000e+00
      vertex -4.135618e+01 -2.014008e+01  0.000000e+00
      vertex -4.124289e+01 -1.969270e+01  0.000000e+00
    endloop
  endfacet
  facet normal  7.323092e-01 -2.221423e-01 -6.437204e-01
    outer loop
      vertex -3.977694e+01 -2.036589e+01  1.900000e+00
      vertex -4.124289e+01 -1.969270e+01  0.000000e+00
      vertex -3.970866e+01 -2.014078e+01  1.900000e+00
    endloop
  endfacet
  facet normal  7.645051e-01  6.335209e-02 -6.414970e-01
    outer loop
      vertex  3.740000e+01 -2.060000e+01  1.900000e+00
      vertex  3.584382e+01 -2.105993e+01  0.000000e+00
      vertex  3.580571e+01 -2.060000e+01  6.750156e-14
    endloop
  endfacet
  facet normal  7.624600e-01  7.509056e-02 -6.426634e-01
    outer loop
      vertex  3.740000e+01 -2.060000e+01  1.900000e+00
      vertex  3.742306e+01 -2.083411e+01  1.900000e+00
      vertex  3.584382e+01 -2.105993e+01  0.000000e+00
    endloop
  endfacet
  facet normal -7.624599e-01  7.509073e-02 -6.426634e-01
    outer loop
      vertex  3.980000e+01 -2.060000e+01  1.900000e+00
      vertex  4.135618e+01 -2.105993e+01  0.000000e+00
      vertex  3.977694e+01 -2.083411e+01  1.900000e+00
    endloop
  endfacet
  facet normal -7.645051e-01  6.335209e-02 -6.414970e-01
    outer loop
      vertex  3.980000e+01 -2.060000e+01  1.900000e+00
      vertex  4.139429e+01 -2.060000e+01  6.750156e-14
      vertex  4.135618e+01 -2.105993e+01  0.000000e+00
    endloop
  endfacet
  facet normal  7.441344e-01  1.884352e-01 -6.409028e-01
    outer loop
      vertex  3.742306e+01 -2.083411e+01  1.900000e+00
      vertex  3.595711e+01 -2.150731e+01  0.000000e+00
      vertex  3.584382e+01 -2.105993e+01  0.000000e+00
    endloop
  endfacet
  facet normal  7.032122e-01  3.084575e-01 -6.405829e-01
    outer loop
      vertex  3.749134e+01 -2.105922e+01  1.900000e+00
      vertex  3.614249e+01 -2.192994e+01  0.000000e+00
      vertex  3.595711e+01 -2.150731e+01  0.000000e+00
    endloop
  endfacet
  facet normal  7.323079e-01  2.221441e-01 -6.437214e-01
    outer loop
      vertex  3.749134e+01 -2.105922e+01  1.900000e+00
      vertex  3.595711e+01 -2.150731e+01  0.000000e+00
      vertex  3.742306e+01 -2.083411e+01  1.900000e+00
    endloop
  endfacet
  facet normal  6.428814e-01  4.200184e-01 -6.405372e-01
    outer loop
      vertex  3.760224e+01 -2.126668e+01  1.900000e+00
      vertex  3.639491e+01 -2.231629e+01  0.000000e+00
      vertex  3.614249e+01 -2.192994e+01  0.000000e+00
    endloop
  endfacet
  facet normal  6.745838e-01  3.605767e-01 -6.441437e-01
    outer loop
      vertex  3.760224e+01 -2.126668e+01  1.900000e+00
      vertex  3.614249e+01 -2.192994e+01  0.000000e+00
      vertex  3.749134e+01 -2.105922e+01  1.900000e+00
    endloop
  endfacet
  facet normal  5.648438e-01  5.199713e-01 -6.407661e-01
    outer loop
      vertex  3.775147e+01 -2.144853e+01  1.900000e+00
      vertex  3.670748e+01 -2.265583e+01  0.000000e+00
      vertex  3.639491e+01 -2.231629e+01  0.000000e+00
    endloop
  endfacet
  facet normal  5.914186e-01  4.853604e-01 -6.439326e-01
    outer loop
      vertex  3.775147e+01 -2.144853e+01  1.900000e+00
      vertex  3.639491e+01 -2.231629e+01  0.000000e+00
      vertex  3.760224e+01 -2.126668e+01  1.900000e+00
    endloop
  endfacet
  facet normal  4.712942e-01  6.055211e-01 -6.412690e-01
    outer loop
      vertex  3.793332e+01 -2.159776e+01  1.900000e+00
      vertex  3.707167e+01 -2.293929e+01  0.000000e+00
      vertex  3.670748e+01 -2.265583e+01  0.000000e+00
    endloop
  endfacet
  facet normal  4.858139e-01  5.919651e-01 -6.430880e-01
    outer loop
      vertex  3.793332e+01 -2.159776e+01  1.900000e+00
      vertex  3.670748e+01 -2.265583e+01  0.000000e+00
      vertex  3.775147e+01 -2.144853e+01  1.900000e+00
    endloop
  endfacet
  facet normal  2.492029e-01  7.258968e-01 -6.410707e-01
    outer loop
      vertex  3.814078e+01 -2.170866e+01  1.900000e+00
      vertex  3.791404e+01 -2.330879e+01  0.000000e+00
      vertex  3.747755e+01 -2.315894e+01  0.000000e+00
    endloop
  endfacet
  facet normal  3.613558e-01  6.760473e-01 -6.421698e-01
    outer loop
      vertex  3.814078e+01 -2.170866e+01  1.900000e+00
      vertex  3.747755e+01 -2.315894e+01  0.000000e+00
      vertex  3.793332e+01 -2.159776e+01  1.900000e+00
    endloop
  endfacet
  facet normal  3.650072e-01  6.744773e-01 -6.417555e-01
    outer loop
      vertex  3.793332e+01 -2.159776e+01  1.900000e+00
      vertex  3.747755e+01 -2.315894e+01  0.000000e+00
      vertex  3.707167e+01 -2.293929e+01  0.000000e+00
    endloop
  endfacet
  facet normal  1.263790e-01  7.573535e-01 -6.406590e-01
    outer loop
      vertex  3.836589e+01 -2.177694e+01  1.900000e+00
      vertex  3.836925e+01 -2.338475e+01  0.000000e+00
      vertex  3.791404e+01 -2.330879e+01  0.000000e+00
    endloop
  endfacet
  facet normal  2.222146e-01  7.325340e-01 -6.434397e-01
    outer loop
      vertex  3.836589e+01 -2.177694e+01  1.900000e+00
      vertex  3.791404e+01 -2.330879e+01  0.000000e+00
      vertex  3.814078e+01 -2.170866e+01  1.900000e+00
    endloop
  endfacet
  facet normal  0.000000e+00  7.679397e-01 -6.405221e-01
    outer loop
      vertex  3.860000e+01 -2.180000e+01  1.900000e+00
      vertex  3.883075e+01 -2.338475e+01  0.000000e+00
      vertex  3.836925e+01 -2.338475e+01  0.000000e+00
    endloop
  endfacet
  facet normal  7.497419e-02  7.612808e-01 -6.440733e-01
    outer loop
      vertex  3.860000e+01 -2.180000e+01  1.900000e+00
      vertex  3.836925e+01 -2.338475e+01  0.000000e+00
      vertex  3.836589e+01 -2.177694e+01  1.900000e+00
    endloop
  endfacet
  facet normal -1.263790e-01  7.573535e-01 -6.406590e-01
    outer loop
      vertex  3.883411e+01 -2.177694e+01  1.900000e+00
      vertex  3.928596e+01 -2.330879e+01  0.000000e+00
      vertex  3.883075e+01 -2.338475e+01  0.000000e+00
    endloop
  endfacet
  facet normal -7.497297e-02  7.612808e-01 -6.440734e-01
    outer loop
      vertex  3.883411e+01 -2.177694e+01  1.900000e+00
      vertex  3.883075e+01 -2.338475e+01  0.000000e+00
      vertex  3.860000e+01 -2.180000e+01  1.900000e+00
    endloop
  endfacet
  facet normal -2.492029e-01  7.258968e-01 -6.410707e-01
    outer loop
      vertex  3.905922e+01 -2.170866e+01  1.900000e+00
      vertex  3.972245e+01 -2.315894e+01  0.000000e+00
      vertex  3.928596e+01 -2.330879e+01  0.000000e+00
    endloop
  endfacet
  facet normal -2.222146e-01  7.325340e-01 -6.434397e-01
    outer loop
      vertex  3.905922e+01 -2.170866e+01  1.900000e+00
      vertex  3.928596e+01 -2.330879e+01  0.000000e+00
      vertex  3.883411e+01 -2.177694e+01  1.900000e+00
    endloop
  endfacet
  facet normal -4.712945e-01  6.055214e-01 -6.412684e-01
    outer loop
      vertex  3.926669e+01 -2.159776e+01  1.900000e+00
      vertex  4.049252e+01 -2.265583e+01  0.000000e+00
      vertex  4.012833e+01 -2.293929e+01  0.000000e+00
    endloop
  endfacet
  facet normal -3.615792e-01  6.764651e-01 -6.416039e-01
    outer loop
      vertex  3.926669e+01 -2.159776e+01  1.900000e+00
      vertex  4.012833e+01 -2.293929e+01  0.000000e+00
      vertex  3.905922e+01 -2.170866e+01  1.900000e+00
    endloop
  endfacet
  facet normal -3.648950e-01  6.742637e-01 -6.420437e-01
    outer loop
      vertex  3.905922e+01 -2.170866e+01  1.900000e+00
      vertex  4.012833e+01 -2.293929e+01  0.000000e+00
      vertex  3.972245e+01 -2.315894e+01  0.000000e+00
    endloop
  endfacet
  facet normal -5.648410e-01  5.199751e-01 -6.407657e-01
    outer loop
      vertex  3.944853e+01 -2.144853e+01  1.900000e+00
      vertex  4.080509e+01 -2.231629e+01  0.000000e+00
      vertex  4.049252e+01 -2.265583e+01  0.000000e+00
    endloop
  endfacet
  facet normal -4.858142e-01  5.919656e-01 -6.430873e-01
    outer loop
      vertex  3.944853e+01 -2.144853e+01  1.900000e+00
      vertex  4.049252e+01 -2.265583e+01  0.000000e+00
      vertex  3.926669e+01 -2.159776e+01  1.900000e+00
    endloop
  endfacet
  facet normal -6.428846e-01  4.200141e-01 -6.405370e-01
    outer loop
      vertex  3.959776e+01 -2.126668e+01  1.900000e+00
      vertex  4.105750e+01 -2.192994e+01  0.000000e+00
      vertex  4.080509e+01 -2.231629e+01  0.000000e+00
    endloop
  endfacet
  facet normal -5.914186e-01  4.853604e-01 -6.439326e-01
    outer loop
      vertex  3.959776e+01 -2.126668e+01  1.900000e+00
      vertex  4.080509e+01 -2.231629e+01  0.000000e+00
      vertex  3.944853e+01 -2.144853e+01  1.900000e+00
    endloop
  endfacet
  facet normal -7.032129e-01  3.084578e-01 -6.405821e-01
    outer loop
      vertex  3.970866e+01 -2.105922e+01  1.900000e+00
      vertex  4.124289e+01 -2.150731e+01  0.000000e+00
      vertex  4.105750e+01 -2.192994e+01  0.000000e+00
    endloop
  endfacet
  facet normal -6.745844e-01  3.605771e-01 -6.441429e-01
    outer loop
      vertex  3.970866e+01 -2.105922e+01  1.900000e+00
      vertex  4.105750e+01 -2.192994e+01  0.000000e+00
      vertex  3.959776e+01 -2.126668e+01  1.900000e+00
    endloop
  endfacet
  facet normal -7.441331e-01  1.884412e-01 -6.409024e-01
    outer loop
      vertex  3.977694e+01 -2.083411e+01  1.900000e+00
      vertex  4.135618e+01 -2.105993e+01  0.000000e+00
      vertex  4.124289e+01 -2.150731e+01  0.000000e+00
    endloop
  endfacet
  facet normal -7.323085e-01  2.221439e-01 -6.437207e-01
    outer loop
      vertex  3.977694e+01 -2.083411e+01  1.900000e+00
      vertex  4.124289e+01 -2.150731e+01  0.000000e+00
      vertex  3.970866e+01 -2.105922e+01  1.900000e+00
    endloop
  endfacet
  facet normal -7.645051e-01 -6.335235e-02 -6.414970e-01
    outer loop
      vertex  3.980000e+01 -2.060000e+01  1.900000e+00
      vertex  4.135618e+01 -2.014008e+01  0.000000e+00
      vertex  4.139429e+01 -2.060000e+01  6.750156e-14
    endloop
  endfacet
  facet normal -7.624600e-01 -7.509056e-02 -6.426633e-01
    outer loop
      vertex  3.980000e+01 -2.060000e+01  1.900000e+00
      vertex  3.977694e+01 -2.036589e+01  1.900000e+00
      vertex  4.135618e+01 -2.014008e+01  0.000000e+00
    endloop
  endfacet
  facet normal  7.624599e-01 -7.509074e-02 -6.426633e-01
    outer loop
      vertex  3.740000e+01 -2.060000e+01  1.900000e+00
      vertex  3.584382e+01 -2.014008e+01  0.000000e+00
      vertex  3.742306e+01 -2.036589e+01  1.900000e+00
    endloop
  endfacet
  facet normal  7.645051e-01 -6.335235e-02 -6.414970e-01
    outer loop
      vertex  3.740000e+01 -2.060000e+01  1.900000e+00
      vertex  3.580571e+01 -2.060000e+01  6.750156e-14
      vertex  3.584382e+01 -2.014008e+01  0.000000e+00
    endloop
  endfacet
  facet normal -7.441332e-01 -1.884412e-01 -6.409023e-01
    outer loop
      vertex  3.977694e+01 -2.036589e+01  1.900000e+00
      vertex  4.124289e+01 -1.969270e+01  0.000000e+00
      vertex  4.135618e+01 -2.014008e+01  0.000000e+00
    endloop
  endfacet
  facet normal -7.032127e-01 -3.084591e-01 -6.405816e-01
    outer loop
      vertex  3.970866e+01 -2.014078e+01  1.900000e+00
      vertex  4.105750e+01 -1.927007e+01  0.000000e+00
      vertex  4.124289e+01 -1.969270e+01  0.000000e+00
    endloop
  endfacet
  facet normal -7.323092e-01 -2.221423e-01 -6.437204e-01
    outer loop
      vertex  3.970866e+01 -2.014078e+01  1.900000e+00
      vertex  4.124289e+01 -1.969270e+01  0.000000e+00
      vertex  3.977694e+01 -2.036589e+01  1.900000e+00
    endloop
  endfacet
  facet normal -6.428834e-01 -4.200176e-01 -6.405359e-01
    outer loop
      vertex  3.959776e+01 -1.993332e+01  1.900000e+00
      vertex  4.080508e+01 -1.888371e+01  0.000000e+00
      vertex  4.105750e+01 -1.927007e+01  0.000000e+00
    endloop
  endfacet
  facet normal -6.745847e-01 -3.605774e-01 -6.441424e-01
    outer loop
      vertex  3.959776e+01 -1.993332e+01  1.900000e+00
      vertex  4.105750e+01 -1.927007e+01  0.000000e+00
      vertex  3.970866e+01 -2.014078e+01  1.900000e+00
    endloop
  endfacet
  facet normal -5.648431e-01 -5.199736e-01 -6.407650e-01
    outer loop
      vertex  3.944853e+01 -1.975147e+01  1.900000e+00
      vertex  4.049252e+01 -1.854418e+01  0.000000e+00
      vertex  4.080508e+01 -1.888371e+01  0.000000e+00
    endloop
  endfacet
  facet normal -5.914171e-01 -4.853641e-01 -6.439314e-01
    outer loop
      vertex  3.944853e+01 -1.975147e+01  1.900000e+00
      vertex  4.080508e+01 -1.888371e+01  0.000000e+00
      vertex  3.959776e+01 -1.993332e+01  1.900000e+00
    endloop
  endfacet
  facet normal -4.712951e-01 -6.055222e-01 -6.412675e-01
    outer loop
      vertex  3.926669e+01 -1.960224e+01  1.900000e+00
      vertex  4.012833e+01 -1.826072e+01  0.000000e+00
      vertex  4.049252e+01 -1.854418e+01  0.000000e+00
    endloop
  endfacet
  facet normal -4.858184e-01 -5.919628e-01 -6.430867e-01
    outer loop
      vertex  3.926669e+01 -1.960224e+01  1.900000e+00
      vertex  4.049252e+01 -1.854418e+01  0.000000e+00
      vertex  3.944853e+01 -1.975147e+01  1.900000e+00
    endloop
  endfacet
  facet normal -2.492003e-01 -7.258986e-01 -6.410698e-01
    outer loop
      vertex  3.905922e+01 -1.949134e+01  1.900000e+00
      vertex  3.928596e+01 -1.789122e+01  0.000000e+00
      vertex  3.972245e+01 -1.804107e+01  0.000000e+00
    endloop
  endfacet
  facet normal -3.613513e-01 -6.760504e-01 -6.421691e-01
    outer loop
      vertex  3.905922e+01 -1.949134e+01  1.900000e+00
      vertex  3.972245e+01 -1.804107e+01  0.000000e+00
      vertex  3.926669e+01 -1.960224e+01  1.900000e+00
    endloop
  endfacet
  facet normal -3.650104e-01 -6.744769e-01 -6.417540e-01
    outer loop
      vertex  3.926669e+01 -1.960224e+01  1.900000e+00
      vertex  3.972245e+01 -1.804107e+01  0.000000e+00
      vertex  4.012833e+01 -1.826072e+01  0.000000e+00
    endloop
  endfacet
  facet normal -1.263791e-01 -7.573546e-01 -6.406577e-01
    outer loop
      vertex  3.883411e+01 -1.942306e+01  1.900000e+00
      vertex  3.883075e+01 -1.781526e+01  0.000000e+00
      vertex  3.928596e+01 -1.789122e+01  0.000000e+00
    endloop
  endfacet
  facet normal -2.222145e-01 -7.325351e-01 -6.434385e-01
    outer loop
      vertex  3.883411e+01 -1.942306e+01  1.900000e+00
      vertex  3.928596e+01 -1.789122e+01  0.000000e+00
      vertex  3.905922e+01 -1.949134e+01  1.900000e+00
    endloop
  endfacet
  facet normal  0.000000e+00 -7.679412e-01 -6.405202e-01
    outer loop
      vertex  3.860000e+01 -1.940000e+01  1.900000e+00
      vertex  3.836925e+01 -1.781526e+01  0.000000e+00
      vertex  3.883075e+01 -1.781526e+01  0.000000e+00
    endloop
  endfacet
  facet normal -7.497958e-02 -7.612816e-01 -6.440718e-01
    outer loop
      vertex  3.860000e+01 -1.940000e+01  1.900000e+00
      vertex  3.883075e+01 -1.781526e+01  0.000000e+00
      vertex  3.883411e+01 -1.942306e+01  1.900000e+00
    endloop
  endfacet
  facet normal  1.263791e-01 -7.573546e-01 -6.406577e-01
    outer loop
      vertex  3.836589e+01 -1.942306e+01  1.900000e+00
      vertex  3.791404e+01 -1.789122e+01  0.000000e+00
      vertex  3.836925e+01 -1.781526e+01  0.000000e+00
    endloop
  endfacet
  facet normal  7.498080e-02 -7.612816e-01 -6.440717e-01
    outer loop
      vertex  3.836589e+01 -1.942306e+01  1.900000e+00
      vertex  3.836925e+01 -1.781526e+01  0.000000e+00
      vertex  3.860000e+01 -1.940000e+01  1.900000e+00
    endloop
  endfacet
  facet normal  2.492003e-01 -7.258986e-01 -6.410698e-01
    outer loop
      vertex  3.814078e+01 -1.949134e+01  1.900000e+00
      vertex  3.747755e+01 -1.804107e+01  0.000000e+00
      vertex  3.791404e+01 -1.789122e+01  0.000000e+00
    endloop
  endfacet
  facet normal  2.222145e-01 -7.325351e-01 -6.434385e-01
    outer loop
      vertex  3.814078e+01 -1.949134e+01  1.900000e+00
      vertex  3.791404e+01 -1.789122e+01  0.000000e+00
      vertex  3.836589e+01 -1.942306e+01  1.900000e+00
    endloop
  endfacet
  facet normal  4.712951e-01 -6.055222e-01 -6.412675e-01
    outer loop
      vertex  3.793332e+01 -1.960224e+01  1.900000e+00
      vertex  3.670748e+01 -1.854418e+01  0.000000e+00
      vertex  3.707167e+01 -1.826072e+01  0.000000e+00
    endloop
  endfacet
  facet normal  3.615750e-01 -6.764687e-01 -6.416024e-01
    outer loop
      vertex  3.793332e+01 -1.960224e+01  1.900000e+00
      vertex  3.707167e+01 -1.826072e+01  0.000000e+00
      vertex  3.814078e+01 -1.949134e+01  1.900000e+00
    endloop
  endfacet
  facet normal  3.648954e-01 -6.742643e-01 -6.420429e-01
    outer loop
      vertex  3.814078e+01 -1.949134e+01  1.900000e+00
      vertex  3.707167e+01 -1.826072e+01  0.000000e+00
      vertex  3.747755e+01 -1.804107e+01  0.000000e+00
    endloop
  endfacet
  facet normal  5.648398e-01 -5.199769e-01 -6.407652e-01
    outer loop
      vertex  3.775147e+01 -1.975147e+01  1.900000e+00
      vertex  3.639491e+01 -1.888371e+01  0.000000e+00
      vertex  3.670748e+01 -1.854418e+01  0.000000e+00
    endloop
  endfacet
  facet normal  4.858184e-01 -5.919628e-01 -6.430867e-01
    outer loop
      vertex  3.775147e+01 -1.975147e+01  1.900000e+00
      vertex  3.670748e+01 -1.854418e+01  0.000000e+00
      vertex  3.793332e+01 -1.960224e+01  1.900000e+00
    endloop
  endfacet
  facet normal  6.428849e-01 -4.200143e-01 -6.405364e-01
    outer loop
      vertex  3.760224e+01 -1.993332e+01  1.900000e+00
      vertex  3.614250e+01 -1.927007e+01  0.000000e+00
      vertex  3.639491e+01 -1.888371e+01  0.000000e+00
    endloop
  endfacet
  facet normal  5.914165e-01 -4.853637e-01 -6.439322e-01
    outer loop
      vertex  3.760224e+01 -1.993332e+01  1.900000e+00
      vertex  3.639491e+01 -1.888371e+01  0.000000e+00
      vertex  3.775147e+01 -1.975147e+01  1.900000e+00
    endloop
  endfacet
  facet normal  7.032132e-01 -3.084579e-01 -6.405817e-01
    outer loop
      vertex  3.749134e+01 -2.014078e+01  1.900000e+00
      vertex  3.595712e+01 -1.969270e+01  0.000000e+00
      vertex  3.614250e+01 -1.927007e+01  0.000000e+00
    endloop
  endfacet
  facet normal  6.745847e-01 -3.605773e-01 -6.441424e-01
    outer loop
      vertex  3.749134e+01 -2.014078e+01  1.900000e+00
      vertex  3.614250e+01 -1.927007e+01  0.000000e+00
      vertex  3.760224e+01 -1.993332e+01  1.900000e+00
    endloop
  endfacet
  facet normal  7.441332e-01 -1.884412e-01 -6.409023e-01
    outer loop
      vertex  3.742306e+01 -2.036589e+01  1.900000e+00
      vertex  3.584382e+01 -2.014008e+01  0.000000e+00
      vertex  3.595712e+01 -1.969270e+01  0.000000e+00
    endloop
  endfacet
  facet normal  7.323092e-01 -2.221423e-01 -6.437204e-01
    outer loop
      vertex  3.742306e+01 -2.036589e+01  1.900000e+00
      vertex  3.595712e+01 -1.969270e+01  0.000000e+00
      vertex  3.749134e+01 -2.014078e+01  1.900000e+00
    endloop
  endfacet
  facet normal  7.645057e-01  6.334922e-02 -6.414967e-01
    outer loop
      vertex -1.780000e+01  3.100000e+01  1.900000e+00
      vertex -1.935618e+01  3.054008e+01  0.000000e+00
      vertex -1.939429e+01  3.100000e+01  7.371881e-14
    endloop
  endfacet
  facet normal  7.624600e-01  7.509056e-02 -6.426633e-01
    outer loop
      vertex -1.780000e+01  3.100000e+01  1.900000e+00
      vertex -1.777694e+01  3.076589e+01  1.900000e+00
      vertex -1.935618e+01  3.054008e+01  0.000000e+00
    endloop
  endfacet
  facet normal -7.624591e-01  7.509678e-02 -6.426637e-01
    outer loop
      vertex -1.540000e+01  3.100000e+01  1.900000e+00
      vertex -1.384382e+01  3.054008e+01  0.000000e+00
      vertex -1.542306e+01  3.076589e+01  1.900000e+00
    endloop
  endfacet
  facet normal -7.645059e-01  6.334924e-02 -6.414964e-01
    outer loop
      vertex -1.540000e+01  3.100000e+01  1.900000e+00
      vertex -1.380571e+01  3.100000e+01  7.371881e-14
      vertex -1.384382e+01  3.054008e+01  0.000000e+00
    endloop
  endfacet
  facet normal  7.441338e-01  1.884382e-01 -6.409025e-01
    outer loop
      vertex -1.777694e+01  3.076589e+01  1.900000e+00
      vertex -1.924289e+01  3.009270e+01  0.000000e+00
      vertex -1.935618e+01  3.054008e+01  0.000000e+00
    endloop
  endfacet
  facet normal  7.032129e-01  3.084578e-01 -6.405821e-01
    outer loop
      vertex -1.770866e+01  3.054078e+01  1.900000e+00
      vertex -1.905750e+01  2.967006e+01  0.000000e+00
      vertex -1.924289e+01  3.009270e+01  0.000000e+00
    endloop
  endfacet
  facet normal  7.323088e-01  2.221426e-01 -6.437209e-01
    outer loop
      vertex -1.770866e+01  3.054078e+01  1.900000e+00
      vertex -1.924289e+01  3.009270e+01  0.000000e+00
      vertex -1.777694e+01  3.076589e+01  1.900000e+00
    endloop
  endfacet
  facet normal  6.428821e-01  4.200188e-01 -6.405364e-01
    outer loop
      vertex -1.759776e+01  3.033331e+01  1.900000e+00
      vertex -1.880509e+01  2.928371e+01  0.000000e+00
      vertex -1.905750e+01  2.967006e+01  0.000000e+00
    endloop
  endfacet
  facet normal  6.745845e-01  3.605771e-01 -6.441429e-01
    outer loop
      vertex -1.759776e+01  3.033331e+01  1.900000e+00
      vertex -1.905750e+01  2.967006e+01  0.000000e+00
      vertex -1.770866e+01  3.054078e+01  1.900000e+00
    endloop
  endfacet
  facet normal  5.648443e-01  5.199717e-01 -6.407655e-01
    outer loop
      vertex -1.744853e+01  3.015147e+01  1.900000e+00
      vertex -1.849252e+01  2.894417e+01  0.000000e+00
      vertex -1.880509e+01  2.928371e+01  0.000000e+00
    endloop
  endfacet
  facet normal  5.914168e-01  4.853639e-01 -6.439318e-01
    outer loop
      vertex -1.744853e+01  3.015147e+01  1.900000e+00
      vertex -1.880509e+01  2.928371e+01  0.000000e+00
      vertex -1.759776e+01  3.033331e+01  1.900000e+00
    endloop
  endfacet
  facet normal  4.712944e-01  6.055213e-01 -6.412686e-01
    outer loop
      vertex -1.726668e+01  3.000224e+01  1.900000e+00
      vertex -1.812833e+01  2.866072e+01  0.000000e+00
      vertex -1.849252e+01  2.894417e+01  0.000000e+00
    endloop
  endfacet
  facet normal  4.858113e-01  5.919681e-01 -6.430873e-01
    outer loop
      vertex -1.726668e+01  3.000224e+01  1.900000e+00
      vertex -1.849252e+01  2.894417e+01  0.000000e+00
      vertex -1.744853e+01  3.015147e+01  1.900000e+00
    endloop
  endfacet
  facet normal  2.492002e-01  7.258983e-01 -6.410702e-01
    outer loop
      vertex -1.705922e+01  2.989134e+01  1.900000e+00
      vertex -1.728596e+01  2.829122e+01  0.000000e+00
      vertex -1.772245e+01  2.844106e+01  0.000000e+00
    endloop
  endfacet
  facet normal  3.613586e-01  6.760463e-01 -6.421692e-01
    outer loop
      vertex -1.705922e+01  2.989134e+01  1.900000e+00
      vertex -1.772245e+01  2.844106e+01  0.000000e+00
      vertex -1.726668e+01  3.000224e+01  1.900000e+00
    endloop
  endfacet
  facet normal  3.650087e-01  6.744768e-01 -6.417552e-01
    outer loop
      vertex -1.726668e+01  3.000224e+01  1.900000e+00
      vertex -1.772245e+01  2.844106e+01  0.000000e+00
      vertex -1.812833e+01  2.866072e+01  0.000000e+00
    endloop
  endfacet
  facet normal  1.263826e-01  7.573534e-01 -6.406585e-01
    outer loop
      vertex -1.683411e+01  2.982306e+01  1.900000e+00
      vertex -1.683075e+01  2.821525e+01  0.000000e+00
      vertex -1.728596e+01  2.829122e+01  0.000000e+00
    endloop
  endfacet
  facet normal  2.222127e-01  7.325351e-01 -6.434391e-01
    outer loop
      vertex -1.683411e+01  2.982306e+01  1.900000e+00
      vertex -1.728596e+01  2.829122e+01  0.000000e+00
      vertex -1.705922e+01  2.989134e+01  1.900000e+00
    endloop
  endfacet
  facet normal  0.000000e+00  7.679405e-01 -6.405212e-01
    outer loop
      vertex -1.660000e+01  2.980000e+01  1.900000e+00
      vertex -1.636925e+01  2.821525e+01  0.000000e+00
      vertex -1.683075e+01  2.821525e+01  0.000000e+00
    endloop
  endfacet
  facet normal  7.498071e-02  7.612807e-01 -6.440727e-01
    outer loop
      vertex -1.660000e+01  2.980000e+01  1.900000e+00
      vertex -1.683075e+01  2.821525e+01  0.000000e+00
      vertex -1.683411e+01  2.982306e+01  1.900000e+00
    endloop
  endfacet
  facet normal -1.263824e-01  7.573534e-01 -6.406585e-01
    outer loop
      vertex -1.636589e+01  2.982306e+01  1.900000e+00
      vertex -1.591404e+01  2.829122e+01  0.000000e+00
      vertex -1.636925e+01  2.821525e+01  0.000000e+00
    endloop
  endfacet
  facet normal -7.498071e-02  7.612807e-01 -6.440727e-01
    outer loop
      vertex -1.636589e+01  2.982306e+01  1.900000e+00
      vertex -1.636925e+01  2.821525e+01  0.000000e+00
      vertex -1.660000e+01  2.980000e+01  1.900000e+00
    endloop
  endfacet
  facet normal -2.492007e-01  7.258981e-01 -6.410701e-01
    outer loop
      vertex -1.614078e+01  2.989134e+01  1.900000e+00
      vertex -1.547755e+01  2.844106e+01  0.000000e+00
      vertex -1.591404e+01  2.829122e+01  0.000000e+00
    endloop
  endfacet
  facet normal -2.222109e-01  7.325355e-01 -6.434391e-01
    outer loop
      vertex -1.614078e+01  2.989134e+01  1.900000e+00
      vertex -1.591404e+01  2.829122e+01  0.000000e+00
      vertex -1.636589e+01  2.982306e+01  1.900000e+00
    endloop
  endfacet
  facet normal -4.712945e-01  6.055216e-01 -6.412684e-01
    outer loop
      vertex -1.593332e+01  3.000224e+01  1.900000e+00
      vertex -1.470748e+01  2.894417e+01  0.000000e+00
      vertex -1.507167e+01  2.866072e+01  0.000000e+00
    endloop
  endfacet
  facet normal -3.615818e-01  6.764639e-01 -6.416036e-01
    outer loop
      vertex -1.593332e+01  3.000224e+01  1.900000e+00
      vertex -1.507167e+01  2.866072e+01  0.000000e+00
      vertex -1.614078e+01  2.989134e+01  1.900000e+00
    endloop
  endfacet
  facet normal -3.648939e-01  6.742648e-01 -6.420431e-01
    outer loop
      vertex -1.614078e+01  2.989134e+01  1.900000e+00
      vertex -1.507167e+01  2.866072e+01  0.000000e+00
      vertex -1.547755e+01  2.844106e+01  0.000000e+00
    endloop
  endfacet
  facet normal -5.648427e-01  5.199735e-01 -6.407655e-01
    outer loop
      vertex -1.575147e+01  3.015147e+01  1.900000e+00
      vertex -1.439491e+01  2.928371e+01  0.000000e+00
      vertex -1.470748e+01  2.894417e+01  0.000000e+00
    endloop
  endfacet
  facet normal -4.858128e-01  5.919668e-01 -6.430872e-01
    outer loop
      vertex -1.575147e+01  3.015147e+01  1.900000e+00
      vertex -1.470748e+01  2.894417e+01  0.000000e+00
      vertex -1.593332e+01  3.000224e+01  1.900000e+00
    endloop
  endfacet
  facet normal -6.428835e-01  4.200166e-01 -6.405364e-01
    outer loop
      vertex -1.560224e+01  3.033331e+01  1.900000e+00
      vertex -1.414250e+01  2.967006e+01  0.000000e+00
      vertex -1.439491e+01  2.928371e+01  0.000000e+00
    endloop
  endfacet
  facet normal -5.914165e-01  4.853640e-01 -6.439319e-01
    outer loop
      vertex -1.560224e+01  3.033331e+01  1.900000e+00
      vertex -1.439491e+01  2.928371e+01  0.000000e+00
      vertex -1.575147e+01  3.015147e+01  1.900000e+00
    endloop
  endfacet
  facet normal -7.032129e-01  3.084578e-01 -6.405821e-01
    outer loop
      vertex -1.549134e+01  3.054078e+01  1.900000e+00
      vertex -1.395711e+01  3.009270e+01  0.000000e+00
      vertex -1.414250e+01  2.967006e+01  0.000000e+00
    endloop
  endfacet
  facet normal -6.745859e-01  3.605746e-01 -6.441427e-01
    outer loop
      vertex -1.549134e+01  3.054078e+01  1.900000e+00
      vertex -1.414250e+01  2.967006e+01  0.000000e+00
      vertex -1.560224e+01  3.033331e+01  1.900000e+00
    endloop
  endfacet
  facet normal -7.441333e-01  1.884397e-01 -6.409026e-01
    outer loop
      vertex -1.542306e+01  3.076589e+01  1.900000e+00
      vertex -1.384382e+01  3.054008e+01  0.000000e+00
      vertex -1.395711e+01  3.009270e+01  0.000000e+00
    endloop
  endfacet
  facet normal -7.323088e-01  2.221426e-01 -6.437209e-01
    outer loop
      vertex -1.542306e+01  3.076589e+01  1.900000e+00
      vertex -1.395711e+01  3.009270e+01  0.000000e+00
      vertex -1.549134e+01  3.054078e+01  1.900000e+00
    endloop
  endfacet
  facet normal -7.645059e-01 -6.334924e-02 -6.414964e-01
    outer loop
      vertex -1.540000e+01  3.100000e+01  1.900000e+00
      vertex -1.384382e+01  3.145992e+01  0.000000e+00
      vertex -1.380571e+01  3.100000e+01  7.371881e-14
    endloop
  endfacet
  facet normal -7.624591e-01 -7.509669e-02 -6.426637e-01
    outer loop
      vertex -1.540000e+01  3.100000e+01  1.900000e+00
      vertex -1.542306e+01  3.123411e+01  1.900000e+00
      vertex -1.384382e+01  3.145992e+01  0.000000e+00
    endloop
  endfacet
  facet normal  7.624599e-01 -7.509074e-02 -6.426633e-01
    outer loop
      vertex -1.780000e+01  3.100000e+01  1.900000e+00
      vertex -1.935618e+01  3.145992e+01  0.000000e+00
      vertex -1.777694e+01  3.123411e+01  1.900000e+00
    endloop
  endfacet
  facet normal  7.645057e-01 -6.334922e-02 -6.414967e-01
    outer loop
      vertex -1.780000e+01  3.100000e+01  1.900000e+00
      vertex -1.939429e+01  3.100000e+01  7.371881e-14
      vertex -1.935618e+01  3.145992e+01  0.000000e+00
    endloop
  endfacet
  facet normal -7.441333e-01 -1.884397e-01 -6.409026e-01
    outer loop
      vertex -1.542306e+01  3.123411e+01  1.900000e+00
      vertex -1.395711e+01  3.190730e+01  0.000000e+00
      vertex -1.384382e+01  3.145992e+01  0.000000e+00
    endloop
  endfacet
  facet normal -7.032124e-01 -3.084590e-01 -6.405821e-01
    outer loop
      vertex -1.549134e+01  3.145922e+01  1.900000e+00
      vertex -1.414250e+01  3.232993e+01  0.000000e+00
      vertex -1.395711e+01  3.190730e+01  0.000000e+00
    endloop
  endfacet
  facet normal -7.323088e-01 -2.221426e-01 -6.437209e-01
    outer loop
      vertex -1.549134e+01  3.145922e+01  1.900000e+00
      vertex -1.395711e+01  3.190730e+01  0.000000e+00
      vertex -1.542306e+01  3.123411e+01  1.900000e+00
    endloop
  endfacet
  facet normal -6.428853e-01 -4.200136e-01 -6.405364e-01
    outer loop
      vertex -1.560224e+01  3.166669e+01  1.900000e+00
      vertex -1.439491e+01  3.271629e+01  0.000000e+00
      vertex -1.414250e+01  3.232993e+01  0.000000e+00
    endloop
  endfacet
  facet normal -6.745859e-01 -3.605748e-01 -6.441427e-01
    outer loop
      vertex -1.560224e+01  3.166669e+01  1.900000e+00
      vertex -1.414250e+01  3.232993e+01  0.000000e+00
      vertex -1.549134e+01  3.145922e+01  1.900000e+00
    endloop
  endfacet
  facet normal -5.648398e-01 -5.199766e-01 -6.407653e-01
    outer loop
      vertex -1.575147e+01  3.184853e+01  1.900000e+00
      vertex -1.470748e+01  3.305582e+01  0.000000e+00
      vertex -1.439491e+01  3.271629e+01  0.000000e+00
    endloop
  endfacet
  facet normal -5.914163e-01 -4.853639e-01 -6.439321e-01
    outer loop
      vertex -1.575147e+01  3.184853e+01  1.900000e+00
      vertex -1.439491e+01  3.271629e+01  0.000000e+00
      vertex -1.560224e+01  3.166669e+01  1.900000e+00
    endloop
  endfacet
  facet normal -4.712984e-01 -6.055183e-01 -6.412685e-01
    outer loop
      vertex -1.593332e+01  3.199776e+01  1.900000e+00
      vertex -1.507167e+01  3.333929e+01  0.000000e+00
      vertex -1.470748e+01  3.305582e+01  0.000000e+00
    endloop
  endfacet
  facet normal -4.858131e-01 -5.919672e-01 -6.430868e-01
    outer loop
      vertex -1.593332e+01  3.199776e+01  1.900000e+00
      vertex -1.470748e+01  3.305582e+01  0.000000e+00
      vertex -1.575147e+01  3.184853e+01  1.900000e+00
    endloop
  endfacet
  facet normal -2.492005e-01 -7.258974e-01 -6.410710e-01
    outer loop
      vertex -1.614078e+01  3.210865e+01  1.900000e+00
      vertex -1.591404e+01  3.370879e+01  0.000000e+00
      vertex -1.547755e+01  3.355894e+01  0.000000e+00
    endloop
  endfacet
  facet normal -3.613535e-01 -6.760483e-01 -6.421700e-01
    outer loop
      vertex -1.614078e+01  3.210865e+01  1.900000e+00
      vertex -1.547755e+01  3.355894e+01  0.000000e+00
      vertex -1.593332e+01  3.199776e+01  1.900000e+00
    endloop
  endfacet
  facet normal -3.650086e-01 -6.744766e-01 -6.417553e-01
    outer loop
      vertex -1.593332e+01  3.199776e+01  1.900000e+00
      vertex -1.547755e+01  3.355894e+01  0.000000e+00
      vertex -1.507167e+01  3.333929e+01  0.000000e+00
    endloop
  endfacet
  facet normal -1.263762e-01 -7.573540e-01 -6.406590e-01
    outer loop
      vertex -1.636589e+01  3.217694e+01  1.900000e+00
      vertex -1.636925e+01  3.378474e+01  0.000000e+00
      vertex -1.591404e+01  3.370879e+01  0.000000e+00
    endloop
  endfacet
  facet normal -2.222111e-01 -7.325348e-01 -6.434400e-01
    outer loop
      vertex -1.636589e+01  3.217694e+01  1.900000e+00
      vertex -1.591404e+01  3.370879e+01  0.000000e+00
      vertex -1.614078e+01  3.210865e+01  1.900000e+00
    endloop
  endfacet
  facet normal  0.000000e+00 -7.679409e-01 -6.405207e-01
    outer loop
      vertex -1.660000e+01  3.220000e+01  1.900000e+00
      vertex -1.683075e+01  3.378474e+01  0.000000e+00
      vertex -1.636925e+01  3.378474e+01  0.000000e+00
    endloop
  endfacet
  facet normal -7.498680e-02 -7.612804e-01 -6.440724e-01
    outer loop
      vertex -1.660000e+01  3.220000e+01  1.900000e+00
      vertex -1.636925e+01  3.378474e+01  0.000000e+00
      vertex -1.636589e+01  3.217694e+01  1.900000e+00
    endloop
  endfacet
  facet normal  1.263764e-01 -7.573540e-01 -6.406590e-01
    outer loop
      vertex -1.683411e+01  3.217694e+01  1.900000e+00
      vertex -1.728596e+01  3.370879e+01  0.000000e+00
      vertex -1.683075e+01  3.378474e+01  0.000000e+00
    endloop
  endfacet
  facet normal  7.498680e-02 -7.612804e-01 -6.440724e-01
    outer loop
      vertex -1.683411e+01  3.217694e+01  1.900000e+00
      vertex -1.683075e+01  3.378474e+01  0.000000e+00
      vertex -1.660000e+01  3.220000e+01  1.900000e+00
    endloop
  endfacet
  facet normal  2.492000e-01 -7.258976e-01 -6.410711e-01
    outer loop
      vertex -1.705922e+01  3.210865e+01  1.900000e+00
      vertex -1.772245e+01  3.355894e+01  0.000000e+00
      vertex -1.728596e+01  3.370879e+01  0.000000e+00
    endloop
  endfacet
  facet normal  2.222128e-01 -7.325344e-01 -6.434398e-01
    outer loop
      vertex -1.705922e+01  3.210865e+01  1.900000e+00
      vertex -1.728596e+01  3.370879e+01  0.000000e+00
      vertex -1.683411e+01  3.217694e+01  1.900000e+00
    endloop
  endfacet
  facet normal  4.712983e-01 -6.055182e-01 -6.412688e-01
    outer loop
      vertex -1.726668e+01  3.199776e+01  1.900000e+00
      vertex -1.849252e+01  3.305582e+01  0.000000e+00
      vertex -1.812833e+01  3.333929e+01  0.000000e+00
    endloop
  endfacet
  facet normal  3.615769e-01 -6.764660e-01 -6.416042e-01
    outer loop
      vertex -1.726668e+01  3.199776e+01  1.900000e+00
      vertex -1.812833e+01  3.333929e+01  0.000000e+00
      vertex -1.705922e+01  3.210865e+01  1.900000e+00
    endloop
  endfacet
  facet normal  3.648935e-01 -6.742640e-01 -6.420441e-01
    outer loop
      vertex -1.705922e+01  3.210865e+01  1.900000e+00
      vertex -1.812833e+01  3.333929e+01  0.000000e+00
      vertex -1.772245e+01  3.355894e+01  0.000000e+00
    endloop
  endfacet
  facet normal  5.648414e-01 -5.199749e-01 -6.407654e-01
    outer loop
      vertex -1.744853e+01  3.184853e+01  1.900000e+00
      vertex -1.880509e+01  3.271629e+01  0.000000e+00
      vertex -1.849252e+01  3.305582e+01  0.000000e+00
    endloop
  endfacet
  facet normal  4.858114e-01 -5.919682e-01 -6.430870e-01
    outer loop
      vertex -1.744853e+01  3.184853e+01  1.900000e+00
      vertex -1.849252e+01  3.305582e+01  0.000000e+00
      vertex -1.726668e+01  3.199776e+01  1.900000e+00
    endloop
  endfacet
  facet normal  6.428839e-01 -4.200159e-01 -6.405364e-01
    outer loop
      vertex -1.759776e+01  3.166669e+01  1.900000e+00
      vertex -1.905750e+01  3.232993e+01  0.000000e+00
      vertex -1.880509e+01  3.271629e+01  0.000000e+00
    endloop
  endfacet
  facet normal  5.914165e-01 -4.853637e-01 -6.439322e-01
    outer loop
      vertex -1.759776e+01  3.166669e+01  1.900000e+00
      vertex -1.880509e+01  3.271629e+01  0.000000e+00
      vertex -1.744853e+01  3.184853e+01  1.900000e+00
    endloop
  endfacet
  facet normal  7.032124e-01 -3.084590e-01 -6.405821e-01
    outer loop
      vertex -1.770866e+01  3.145922e+01  1.900000e+00
      vertex -1.924289e+01  3.190730e+01  0.000000e+00
      vertex -1.905750e+01  3.232993e+01  0.000000e+00
    endloop
  endfacet
  facet normal  6.745844e-01 -3.605772e-01 -6.441427e-01
    outer loop
      vertex -1.770866e+01  3.145922e+01  1.900000e+00
      vertex -1.905750e+01  3.232993e+01  0.000000e+00
      vertex -1.759776e+01  3.166669e+01  1.900000e+00
    endloop
  endfacet
  facet normal  7.441338e-01 -1.884382e-01 -6.409025e-01
    outer loop
      vertex -1.777694e+01  3.123411e+01  1.900000e+00
      vertex -1.935618e+01  3.145992e+01  0.000000e+00
      vertex -1.924289e+01  3.190730e+01  0.000000e+00
    endloop
  endfacet
  facet normal  7.323088e-01 -2.221426e-01 -6.437209e-01
    outer loop
      vertex -1.777694e+01  3.123411e+01  1.900000e+00
      vertex -1.924289e+01  3.190730e+01  0.000000e+00
      vertex -1.770866e+01  3.145922e+01  1.900000e+00
    endloop
  endfacet
  facet normal  0.000000e+00 -1.000000e+00  0.000000e+00
    outer loop
      vertex  4.170000e+01 -1.495000e+01  2.300000e+00
      vertex  4.250000e+01 -1.495000e+01  2.300000e+00
      vertex  4.170000e+01 -1.495000e+01  3.800000e+00
    endloop
  endfacet
  facet normal  0.000000e+00 -1.000000e+00  0.000000e+00
    outer loop
      vertex  4.170000e+01 -1.495000e+01  3.800000e+00
      vertex  4.250000e+01 -1.495000e+01  2.300000e+00
      vertex  4.250000e+01 -1.495000e+01  5.600000e+00
    endloop
  endfacet
  facet normal  -0.000000e+00 -1.000000e+00  0.000000e+00
    outer loop
      vertex  4.170000e+01 -1.495000e+01  3.800000e+00
      vertex  4.250000e+01 -1.495000e+01  5.600000e+00
      vertex  4.170000e+01 -1.495000e+01  5.600000e+00
    endloop
  endfacet
  facet normal  0.000000e+00  1.000000e+00  0.000000e+00
    outer loop
      vertex  4.170000e+01  8.500000e-01  2.300000e+00
      vertex  4.170000e+01  8.500000e-01  3.800000e+00
      vertex  4.250000e+01  8.500000e-01  2.300000e+00
    endloop
  endfacet
  facet normal  0.000000e+00  1.000000e+00  0.000000e+00
    outer loop
      vertex  4.250000e+01  8.500000e-01  2.300000e+00
      vertex  4.170000e+01  8.500000e-01  3.800000e+00
      vertex  4.170000e+01  8.500000e-01  5.600000e+00
    endloop
  endfacet
  facet normal  -0.000000e+00  1.000000e+00  0.000000e+00
    outer loop
      vertex  4.250000e+01  8.500000e-01  2.300000e+00
      vertex  4.170000e+01  8.500000e-01  5.600000e+00
      vertex  4.250000e+01  8.500000e-01  5.600000e+00
    endloop
  endfacet
  facet normal  1.000000e+00  -0.000000e+00  0.000000e+00
    outer loop
      vertex  4.170000e+01  9.850000e+00  3.800000e+00
      vertex  4.170000e+01  8.500000e-01  3.800000e+00
      vertex  4.170000e+01  9.850000e+00  2.300000e+00
    endloop
  endfacet
  facet normal  1.000000e+00  0.000000e+00  0.000000e+00
    outer loop
      vertex  4.170000e+01  9.850000e+00  2.300000e+00
      vertex  4.170000e+01  8.500000e-01  3.800000e+00
      vertex  4.170000e+01  8.500000e-01  2.300000e+00
    endloop
  endfacet
  facet normal  1.000000e+00  -0.000000e+00  0.000000e+00
    outer loop
      vertex  4.170000e+01 -1.495000e+01  3.800000e+00
      vertex  4.170000e+01 -1.750000e+01  3.800000e+00
      vertex  4.170000e+01 -1.495000e+01  2.300000e+00
    endloop
  endfacet
  facet normal  1.000000e+00  0.000000e+00  0.000000e+00
    outer loop
      vertex  4.170000e+01 -1.495000e+01  2.300000e+00
      vertex  4.170000e+01 -1.750000e+01  3.800000e+00
      vertex  4.170000e+01 -1.750000e+01  2.300000e+00
    endloop
  endfacet
  facet normal -1.000000e+00  0.000000e+00  0.000000e+00
    outer loop
      vertex  4.170000e+01  8.500000e-01  5.600000e+00
      vertex  4.170000e+01  8.500000e-01  3.800000e+00
      vertex  4.170000e+01 -1.495000e+01  5.600000e+00
    endloop
  endfacet
  facet normal -1.000000e+00  0.000000e+00  0.000000e+00
    outer loop
      vertex  4.170000e+01 -1.495000e+01  5.600000e+00
      vertex  4.170000e+01  8.500000e-01  3.800000e+00
      vertex  4.170000e+01 -1.495000e+01  3.800000e+00
    endloop
  endfacet
  facet normal  0.000000e+00  -0.000000e+00  1.000000e+00
    outer loop
      vertex  4.090000e+01 -1.750000e+01  3.800000e+00
      vertex  4.170000e+01 -1.750000e+01  3.800000e+00
      vertex  4.170000e+01 -1.495000e+01  3.800000e+00
    endloop
  endfacet
  facet normal  0.000000e+00  -0.000000e+00  1.000000e+00
    outer loop
      vertex  4.090000e+01 -1.750000e+01  3.800000e+00
      vertex  4.170000e+01 -1.495000e+01  3.800000e+00
      vertex  4.170000e+01  8.500000e-01  3.800000e+00
    endloop
  endfacet
  facet normal  0.000000e+00  -0.000000e+00  9.999999e-01
    outer loop
      vertex  4.090000e+01 -1.750000e+01  3.800000e+00
      vertex  4.170000e+01  8.500000e-01  3.800000e+00
      vertex  4.170000e+01  9.850000e+00  3.800000e+00
    endloop
  endfacet
  facet normal  0.000000e+00  0.000000e+00  1.000000e+00
    outer loop
      vertex  4.090000e+01 -1.750000e+01  3.800000e+00
      vertex  4.170000e+01  9.850000e+00  3.800000e+00
      vertex  4.090000e+01  9.850000e+00  3.800000e+00
    endloop
  endfacet
  facet normal  0.000000e+00  0.000000e+00  1.000000e+00
    outer loop
      vertex  4.170000e+01 -1.495000e+01  5.600000e+00
      vertex  4.250000e+01 -1.495000e+01  5.600000e+00
      vertex  4.170000e+01  8.500000e-01  5.600000e+00
    endloop
  endfacet
  facet normal  -0.000000e+00  0.000000e+00  1.000000e+00
    outer loop
      vertex  4.170000e+01  8.500000e-01  5.600000e+00
      vertex  4.250000e+01 -1.495000e+01  5.600000e+00
      vertex  4.250000e+01  8.500000e-01  5.600000e+00
    endloop
  endfacet
  facet normal  0.000000e+00  1.000000e+00  -0.000000e+00
    outer loop
      vertex  4.090000e+01 -1.810000e+01  2.300000e+00
      vertex  4.090000e+01 -1.810000e+01  8.000000e-01
      vertex  3.610000e+01 -1.810000e+01  2.300000e+00
    endloop
  endfacet
  facet normal  0.000000e+00  1.000000e+00  0.000000e+00
    outer loop
      vertex  3.610000e+01 -1.810000e+01  2.300000e+00
      vertex  4.090000e+01 -1.810000e+01  8.000000e-01
      vertex  3.610000e+01 -1.810000e+01  8.000000e-01
    endloop
  endfacet
  facet normal  1.000000e+00  0.000000e+00  0.000000e+00
    outer loop
      vertex -4.090000e+01  4.850000e+00  8.000000e-01
      vertex -4.090000e+01  4.650000e+00  3.800000e+00
      vertex -4.090000e+01  4.650000e+00  8.000000e-01
    endloop
  endfacet
  facet normal  1.000000e+00  0.000000e+00  0.000000e+00
    outer loop
      vertex -4.090000e+01  9.850000e+00  1.800000e+00
      vertex -4.090000e+01  9.850000e+00  3.800000e+00
      vertex -4.090000e+01  8.850000e+00  1.800000e+00
    endloop
  endfacet
  facet normal  1.000000e+00  0.000000e+00  -0.000000e+00
    outer loop
      vertex -4.090000e+01  8.850000e+00  1.800000e+00
      vertex -4.090000e+01  9.850000e+00  3.800000e+00
      vertex -4.090000e+01  4.650000e+00  3.800000e+00
    endloop
  endfacet
  facet normal  1.000000e+00  0.000000e+00  0.000000e+00
    outer loop
      vertex -4.090000e+01  8.850000e+00  1.800000e+00
      vertex -4.090000e+01  4.650000e+00  3.800000e+00
      vertex -4.090000e+01  8.850000e+00  8.000000e-01
    endloop
  endfacet
  facet normal  1.000000e+00  0.000000e+00  0.000000e+00
    outer loop
      vertex -4.090000e+01  8.850000e+00  8.000000e-01
      vertex -4.090000e+01  4.650000e+00  3.800000e+00
      vertex -4.090000e+01  4.850000e+00  8.000000e-01
    endloop
  endfacet
  facet normal  1.000000e+00  -0.000000e+00  0.000000e+00
    outer loop
      vertex -4.090000e+01  4.650000e+00  3.800000e+00
      vertex -4.090000e+01 -1.750000e+01  3.800000e+00
      vertex -4.090000e+01  4.650000e+00  8.000000e-01
    endloop
  endfacet
  facet normal  1.000000e+00  0.000000e+00  0.000000e+00
    outer loop
      vertex -4.090000e+01  4.650000e+00  8.000000e-01
      vertex -4.090000e+01 -1.750000e+01  3.800000e+00
      vertex -4.090000e+01 -1.750000e+01  2.300000e+00
    endloop
  endfacet
  facet normal  1.000000e+00  0.000000e+00  0.000000e+00
    outer loop
      vertex -4.090000e+01  4.650000e+00  8.000000e-01
      vertex -4.090000e+01 -1.750000e+01  2.300000e+00
      vertex -4.090000e+01 -1.750000e+01  8.000000e-01
    endloop
  endfacet
  facet normal  1.000000e+00  0.000000e+00  0.000000e+00
    outer loop
      vertex -4.090000e+01 -1.810000e+01  2.300000e+00
      vertex -4.090000e+01 -1.810000e+01  8.000000e-01
      vertex -4.090000e+01 -1.750000e+01  2.300000e+00
    endloop
  endfacet
  facet normal  1.000000e+00  0.000000e+00  0.000000e+00
    outer loop
      vertex -4.090000e+01 -1.750000e+01  2.300000e+00
      vertex -4.090000e+01 -1.810000e+01  8.000000e-01
      vertex -4.090000e+01 -1.750000e+01  8.000000e-01
    endloop
  endfacet
  facet normal -9.999999e-01  0.000000e+00  0.000000e+00
    outer loop
      vertex  4.090000e+01  9.850000e+00  3.800000e+00
      vertex  4.090000e+01  9.850000e+00  8.000000e-01
      vertex  4.090000e+01 -1.750000e+01  3.800000e+00
    endloop
  endfacet
  facet normal -9.999999e-01  0.000000e+00  0.000000e+00
    outer loop
      vertex  4.090000e+01 -1.750000e+01  3.800000e+00
      vertex  4.090000e+01  9.850000e+00  8.000000e-01
      vertex  4.090000e+01 -1.750000e+01  2.300000e+00
    endloop
  endfacet
  facet normal -1.000000e+00  0.000000e+00  0.000000e+00
    outer loop
      vertex  4.090000e+01  9.850000e+00  8.000000e-01
      vertex  4.090000e+01 -1.810000e+01  8.000000e-01
      vertex  4.090000e+01 -1.750000e+01  2.300000e+00
    endloop
  endfacet
  facet normal -1.000000e+00  -0.000000e+00  0.000000e+00
    outer loop
      vertex  4.090000e+01 -1.750000e+01  2.300000e+00
      vertex  4.090000e+01 -1.810000e+01  8.000000e-01
      vertex  4.090000e+01 -1.810000e+01  2.300000e+00
    endloop
  endfacet
  facet normal -1.000000e+00  0.000000e+00  0.000000e+00
    outer loop
      vertex  1.260000e+01  9.850000e+00  1.800000e+00
      vertex  1.260000e+01  9.850000e+00  8.000000e-01
      vertex  1.260000e+01  8.850000e+00  1.800000e+00
    endloop
  endfacet
  facet normal -1.000000e+00  0.000000e+00  0.000000e+00
    outer loop
      vertex  1.260000e+01  8.850000e+00  1.800000e+00
      vertex  1.260000e+01  9.850000e+00  8.000000e-01
      vertex  1.260000e+01  8.850000e+00  8.000000e-01
    endloop
  endfacet
  facet normal  1.000000e+00  0.000000e+00  0.000000e+00
    outer loop
      vertex -3.400000e+00  8.850000e+00  1.800000e+00
      vertex -3.400000e+00  8.850000e+00  8.000000e-01
      vertex -3.400000e+00  9.850000e+00  1.800000e+00
    endloop
  endfacet
  facet normal  1.000000e+00  0.000000e+00  0.000000e+00
    outer loop
      vertex -3.400000e+00  9.850000e+00  1.800000e+00
      vertex -3.400000e+00  8.850000e+00  8.000000e-01
      vertex -3.400000e+00  9.850000e+00  8.000000e-01
    endloop
  endfacet
  facet normal  0.000000e+00  1.000000e+00  0.000000e+00
    outer loop
      vertex -4.170000e+01  9.850000e+00  3.800000e+00
      vertex -4.090000e+01  9.850000e+00  3.800000e+00
      vertex -4.170000e+01  9.850000e+00  2.300000e+00
    endloop
  endfacet
  facet normal  -0.000000e+00  1.000000e+00  0.000000e+00
    outer loop
      vertex -4.170000e+01  9.850000e+00  2.300000e+00
      vertex -4.090000e+01  9.850000e+00  3.800000e+00
      vertex -4.090000e+01  9.850000e+00  1.800000e+00
    endloop
  endfacet
  facet normal  0.000000e+00  1.000000e+00  0.000000e+00
    outer loop
      vertex -4.170000e+01  9.850000e+00  2.300000e+00
      vertex -4.090000e+01  9.850000e+00  1.800000e+00
      vertex -4.170000e+01  9.850000e+00  8.000000e-01
    endloop
  endfacet
  facet normal  0.000000e+00  1.000000e+00  0.000000e+00
    outer loop
      vertex -4.170000e+01  9.850000e+00  8.000000e-01
      vertex -4.090000e+01  9.850000e+00  1.800000e+00
      vertex -3.400000e+00  9.850000e+00  1.800000e+00
    endloop
  endfacet
  facet normal  0.000000e+00  1.000000e+00  0.000000e+00
    outer loop
      vertex -4.170000e+01  9.850000e+00  8.000000e-01
      vertex -3.400000e+00  9.850000e+00  1.800000e+00
      vertex -3.400000e+00  9.850000e+00  8.000000e-01
    endloop
  endfacet
  facet normal  -0.000000e+00  1.000000e+00  0.000000e+00
    outer loop
      vertex  4.250000e+01  9.850000e+00  6.000000e-01
      vertex  4.090000e+01  9.850000e+00  8.000000e-01
      vertex  4.250000e+01  9.850000e+00  2.300000e+00
    endloop
  endfacet
  facet normal  0.000000e+00  1.000000e+00  0.000000e+00
    outer loop
      vertex  4.250000e+01  9.850000e+00  2.300000e+00
      vertex  4.090000e+01  9.850000e+00  8.000000e-01
      vertex  4.170000e+01  9.850000e+00  2.300000e+00
    endloop
  endfacet
  facet normal  0.000000e+00  1.000000e+00  0.000000e+00
    outer loop
      vertex  4.090000e+01  9.850000e+00  8.000000e-01
      vertex  4.090000e+01  9.850000e+00  3.800000e+00
      vertex  4.170000e+01  9.850000e+00  2.300000e+00
    endloop
  endfacet
  facet normal  0.000000e+00  1.000000e+00  -0.000000e+00
    outer loop
      vertex  4.170000e+01  9.850000e+00  2.300000e+00
      vertex  4.090000e+01  9.850000e+00  3.800000e+00
      vertex  4.170000e+01  9.850000e+00  3.800000e+00
    endloop
  endfacet
  facet normal  0.000000e+00  9.999999e-01  0.000000e+00
    outer loop
      vertex  2.290000e+01  9.850000e+00  6.000000e-01
      vertex  4.090000e+01  9.850000e+00  8.000000e-01
      vertex  4.250000e+01  9.850000e+00  6.000000e-01
    endloop
  endfacet
  facet normal  0.000000e+00  1.000000e+00  0.000000e+00
    outer loop
      vertex  4.090000e+01  9.850000e+00  8.000000e-01
      vertex  2.290000e+01  9.850000e+00  6.000000e-01
      vertex  2.890000e+01  9.850000e+00  8.000000e-01
    endloop
  endfacet
  facet normal  0.000000e+00  1.000000e+00  0.000000e+00
    outer loop
      vertex  2.890000e+01  9.850000e+00  8.000000e-01
      vertex  2.290000e+01  9.850000e+00  6.000000e-01
      vertex  2.290000e+01  9.850000e+00  8.000000e-01
    endloop
  endfacet
  facet normal  0.000000e+00  1.000000e+00  0.000000e+00
    outer loop
      vertex  2.890000e+01  9.850000e+00  8.000000e-01
      vertex  2.290000e+01  9.850000e+00  8.000000e-01
      vertex  2.890000e+01  9.850000e+00  1.800000e+00
    endloop
  endfacet
  facet normal  0.000000e+00  1.000000e+00  0.000000e+00
    outer loop
      vertex  2.890000e+01  9.850000e+00  1.800000e+00
      vertex  2.290000e+01  9.850000e+00  8.000000e-01
      vertex  1.260000e+01  9.850000e+00  8.000000e-01
    endloop
  endfacet
  facet normal  0.000000e+00  1.000000e+00  0.000000e+00
    outer loop
      vertex  2.890000e+01  9.850000e+00  1.800000e+00
      vertex  1.260000e+01  9.850000e+00  8.000000e-01
      vertex  1.260000e+01  9.850000e+00  1.800000e+00
    endloop
  endfacet
  facet normal  0.000000e+00  0.000000e+00  1.000000e+00
    outer loop
      vertex -4.090000e+01  8.850000e+00  1.800000e+00
      vertex -3.400000e+00  8.850000e+00  1.800000e+00
      vertex -4.090000e+01  9.850000e+00  1.800000e+00
    endloop
  endfacet
  facet normal  -0.000000e+00  0.000000e+00  1.000000e+00
    outer loop
      vertex -4.090000e+01  9.850000e+00  1.800000e+00
      vertex -3.400000e+00  8.850000e+00  1.800000e+00
      vertex -3.400000e+00  9.850000e+00  1.800000e+00
    endloop
  endfacet
  facet normal  0.000000e+00  0.000000e+00  1.000000e+00
    outer loop
      vertex  1.260000e+01  8.850000e+00  1.800000e+00
      vertex  2.890000e+01  8.850000e+00  1.800000e+00
      vertex  1.260000e+01  9.850000e+00  1.800000e+00
    endloop
  endfacet
  facet normal  -0.000000e+00  0.000000e+00  1.000000e+00
    outer loop
      vertex  1.260000e+01  9.850000e+00  1.800000e+00
      vertex  2.890000e+01  8.850000e+00  1.800000e+00
      vertex  2.890000e+01  9.850000e+00  1.800000e+00
    endloop
  endfacet
  facet normal  0.000000e+00 -1.000000e+00  0.000000e+00
    outer loop
      vertex -3.400000e+00  8.850000e+00  1.800000e+00
      vertex -4.090000e+01  8.850000e+00  1.800000e+00
      vertex -3.400000e+00  8.850000e+00  8.000000e-01
    endloop
  endfacet
  facet normal  0.000000e+00 -1.000000e+00  0.000000e+00
    outer loop
      vertex -3.400000e+00  8.850000e+00  8.000000e-01
      vertex -4.090000e+01  8.850000e+00  1.800000e+00
      vertex -4.090000e+01  8.850000e+00  8.000000e-01
    endloop
  endfacet
  facet normal  0.000000e+00 -1.000000e+00  0.000000e+00
    outer loop
      vertex  2.890000e+01  8.850000e+00  1.800000e+00
      vertex  1.260000e+01  8.850000e+00  1.800000e+00
      vertex  2.890000e+01  8.850000e+00  8.000000e-01
    endloop
  endfacet
  facet normal  0.000000e+00 -1.000000e+00  0.000000e+00
    outer loop
      vertex  2.890000e+01  8.850000e+00  8.000000e-01
      vertex  1.260000e+01  8.850000e+00  1.800000e+00
      vertex  1.260000e+01  8.850000e+00  8.000000e-01
    endloop
  endfacet
  facet normal -1.000000e+00  -0.000000e+00  0.000000e+00
    outer loop
      vertex -3.100000e+01  2.290000e+01  3.800000e+00
      vertex -3.100000e+01  2.370000e+01  3.800000e+00
      vertex -3.100000e+01  2.290000e+01  2.300000e+00
    endloop
  endfacet
  facet normal -1.000000e+00  0.000000e+00  0.000000e+00
    outer loop
      vertex -3.100000e+01  2.290000e+01  2.300000e+00
      vertex -3.100000e+01  2.370000e+01  3.800000e+00
      vertex -3.100000e+01  2.370000e+01  2.300000e+00
    endloop
  endfacet
  facet normal  0.000000e+00  9.999999e-01  0.000000e+00
    outer loop
      vertex -3.100000e+01  2.370000e+01  3.800000e+00
      vertex -2.170000e+01  2.370000e+01  3.800000e+00
      vertex -3.100000e+01  2.370000e+01  2.300000e+00
    endloop
  endfacet
  facet normal  0.000000e+00  9.999999e-01  0.000000e+00
    outer loop
      vertex -3.100000e+01  2.370000e+01  2.300000e+00
      vertex -2.170000e+01  2.370000e+01  3.800000e+00
      vertex -2.170000e+01  2.370000e+01  2.300000e+00
    endloop
  endfacet
  facet normal  0.000000e+00 -9.999999e-01  0.000000e+00
    outer loop
      vertex -2.170000e+01  2.290000e+01  3.800000e+00
      vertex -3.100000e+01  2.290000e+01  3.800000e+00
      vertex -2.170000e+01  2.290000e+01  8.000000e-01
    endloop
  endfacet
  facet normal  0.000000e+00 -9.999999e-01  0.000000e+00
    outer loop
      vertex -2.170000e+01  2.290000e+01  8.000000e-01
      vertex -3.100000e+01  2.290000e+01  3.800000e+00
      vertex -3.100000e+01  2.290000e+01  2.300000e+00
    endloop
  endfacet
  facet normal  0.000000e+00 -9.999999e-01  -0.000000e+00
    outer loop
      vertex -2.170000e+01  2.290000e+01  8.000000e-01
      vertex -3.100000e+01  2.290000e+01  2.300000e+00
      vertex -3.150000e+01  2.290000e+01  8.000000e-01
    endloop
  endfacet
  facet normal  0.000000e+00 -1.000000e+00  0.000000e+00
    outer loop
      vertex -3.150000e+01  2.290000e+01  8.000000e-01
      vertex -3.100000e+01  2.290000e+01  2.300000e+00
      vertex -3.150000e+01  2.290000e+01  2.300000e+00
    endloop
  endfacet
  facet normal  0.000000e+00  0.000000e+00  9.999999e-01
    outer loop
      vertex -3.100000e+01  2.290000e+01  3.800000e+00
      vertex -2.170000e+01  2.290000e+01  3.800000e+00
      vertex -3.100000e+01  2.370000e+01  3.800000e+00
    endloop
  endfacet
  facet normal  -0.000000e+00  0.000000e+00  9.999999e-01
    outer loop
      vertex -3.100000e+01  2.370000e+01  3.800000e+00
      vertex -2.170000e+01  2.290000e+01  3.800000e+00
      vertex -2.170000e+01  2.370000e+01  3.800000e+00
    endloop
  endfacet
  facet normal  1.000000e+00  0.000000e+00  0.000000e+00
    outer loop
      vertex -3.150000e+01  1.085000e+01  2.300000e+00
      vertex -3.150000e+01  1.085000e+01  8.000000e-01
      vertex -3.150000e+01  2.290000e+01  2.300000e+00
    endloop
  endfacet
  facet normal  1.000000e+00  0.000000e+00  0.000000e+00
    outer loop
      vertex -3.150000e+01  2.290000e+01  2.300000e+00
      vertex -3.150000e+01  1.085000e+01  8.000000e-01
      vertex -3.150000e+01  2.290000e+01  8.000000e-01
    endloop
  endfacet
  facet normal  0.000000e+00 -1.000000e+00  0.000000e+00
    outer loop
      vertex -4.170000e+01  1.085000e+01  8.000000e-01
      vertex -3.150000e+01  1.085000e+01  8.000000e-01
      vertex -4.170000e+01  1.085000e+01  2.300000e+00
    endloop
  endfacet
  facet normal  0.000000e+00 -1.000000e+00  0.000000e+00
    outer loop
      vertex -4.170000e+01  1.085000e+01  2.300000e+00
      vertex -3.150000e+01  1.085000e+01  8.000000e-01
      vertex -3.150000e+01  1.085000e+01  2.300000e+00
    endloop
  endfacet
  facet normal  1.000000e+00  0.000000e+00  0.000000e+00
    outer loop
      vertex -4.170000e+01  9.850000e+00  2.300000e+00
      vertex -4.170000e+01  9.850000e+00  8.000000e-01
      vertex -4.170000e+01  1.085000e+01  2.300000e+00
    endloop
  endfacet
  facet normal  1.000000e+00  0.000000e+00  0.000000e+00
    outer loop
      vertex -4.170000e+01  1.085000e+01  2.300000e+00
      vertex -4.170000e+01  9.850000e+00  8.000000e-01
      vertex -4.170000e+01  1.085000e+01  8.000000e-01
    endloop
  endfacet
  facet normal  0.000000e+00 -1.000000e+00  0.000000e+00
    outer loop
      vertex  2.290000e+01  1.095000e+01  1.800000e+00
      vertex  1.890000e+01  1.095000e+01  1.800000e+00
      vertex  2.290000e+01  1.095000e+01  8.000000e-01
    endloop
  endfacet
  facet normal  0.000000e+00 -1.000000e+00  0.000000e+00
    outer loop
      vertex  2.290000e+01  1.095000e+01  8.000000e-01
      vertex  1.890000e+01  1.095000e+01  1.800000e+00
      vertex  1.890000e+01  1.095000e+01  8.000000e-01
    endloop
  endfacet
  facet normal  -0.000000e+00  0.000000e+00  1.000000e+00
    outer loop
      vertex -4.090000e+01  9.850000e+00  3.800000e+00
      vertex -4.170000e+01  9.850000e+00  3.800000e+00
      vertex -4.090000e+01  4.650000e+00  3.800000e+00
    endloop
  endfacet
  facet normal  0.000000e+00  0.000000e+00  1.000000e+00
    outer loop
      vertex -4.090000e+01  4.650000e+00  3.800000e+00
      vertex -4.170000e+01  9.850000e+00  3.800000e+00
      vertex -4.170000e+01  4.650000e+00  3.800000e+00
    endloop
  endfacet
  facet normal  -0.000000e+00  0.000000e+00  1.000000e+00
    outer loop
      vertex -4.090000e+01  4.650000e+00  3.800000e+00
      vertex -4.170000e+01  4.650000e+00  3.800000e+00
      vertex -4.090000e+01 -1.750000e+01  3.800000e+00
    endloop
  endfacet
  facet normal  0.000000e+00  0.000000e+00  1.000000e+00
    outer loop
      vertex -4.090000e+01 -1.750000e+01  3.800000e+00
      vertex -4.170000e+01  4.650000e+00  3.800000e+00
      vertex -4.170000e+01 -1.750000e+01  3.800000e+00
    endloop
  endfacet
  facet normal -9.999999e-01  -0.000000e+00  0.000000e+00
    outer loop
      vertex -4.170000e+01  4.650000e+00  3.800000e+00
      vertex -4.170000e+01  9.850000e+00  3.800000e+00
      vertex -4.170000e+01  4.650000e+00  2.300000e+00
    endloop
  endfacet
  facet normal -9.999999e-01  0.000000e+00  0.000000e+00
    outer loop
      vertex -4.170000e+01  4.650000e+00  2.300000e+00
      vertex -4.170000e+01  9.850000e+00  3.800000e+00
      vertex -4.170000e+01  9.850000e+00  2.300000e+00
    endloop
  endfacet
  facet normal  1.000000e+00  0.000000e+00  0.000000e+00
    outer loop
      vertex  2.290000e+01  2.485000e+01  6.000000e-01
      vertex  2.290000e+01  2.440000e+01  3.800000e+00
      vertex  2.290000e+01  2.440000e+01  8.000000e-01
    endloop
  endfacet
  facet normal  1.000000e+00  0.000000e+00  0.000000e+00
    outer loop
      vertex  2.290000e+01  2.485000e+01  6.000000e-01
      vertex  2.290000e+01  2.440000e+01  8.000000e-01
      vertex  2.290000e+01  1.195000e+01  8.000000e-01
    endloop
  endfacet
  facet normal  1.000000e+00  0.000000e+00  0.000000e+00
    outer loop
      vertex  2.290000e+01  2.485000e+01  6.000000e-01
      vertex  2.290000e+01  1.195000e+01  8.000000e-01
      vertex  2.290000e+01  1.095000e+01  8.000000e-01
    endloop
  endfacet
  facet normal  9.999999e-01  0.000000e+00  0.000000e+00
    outer loop
      vertex  2.290000e+01  2.485000e+01  6.000000e-01
      vertex  2.290000e+01  1.095000e+01  8.000000e-01
      vertex  2.290000e+01  9.850000e+00  8.000000e-01
    endloop
  endfacet
  facet normal  1.000000e+00  0.000000e+00  0.000000e+00
    outer loop
      vertex  2.290000e+01  2.485000e+01  6.000000e-01
      vertex  2.290000e+01  9.850000e+00  8.000000e-01
      vertex  2.290000e+01  9.850000e+00  6.000000e-01
    endloop
  endfacet
  facet normal  1.000000e+00  0.000000e+00  -0.000000e+00
    outer loop
      vertex  2.290000e+01  2.440000e+01  3.800000e+00
      vertex  2.290000e+01  2.485000e+01  6.000000e-01
      vertex  2.290000e+01  2.485000e+01  2.300000e+00
    endloop
  endfacet
  facet normal  1.000000e+00  0.000000e+00  -0.000000e+00
    outer loop
      vertex  2.290000e+01  2.440000e+01  3.800000e+00
      vertex  2.290000e+01  2.485000e+01  2.300000e+00
      vertex  2.290000e+01  2.520000e+01  2.300000e+00
    endloop
  endfacet
  facet normal  1.000000e+00  0.000000e+00  -0.000000e+00
    outer loop
      vertex  2.290000e+01  2.440000e+01  3.800000e+00
      vertex  2.290000e+01  2.520000e+01  2.300000e+00
      vertex  2.290000e+01  2.520000e+01  3.800000e+00
    endloop
  endfacet
  facet normal  1.000000e+00  -0.000000e+00  0.000000e+00
    outer loop
      vertex  2.290000e+01  1.195000e+01  1.800000e+00
      vertex  2.290000e+01  1.095000e+01  1.800000e+00
      vertex  2.290000e+01  1.195000e+01  8.000000e-01
    endloop
  endfacet
  facet normal  1.000000e+00  0.000000e+00  0.000000e+00
    outer loop
      vertex  2.290000e+01  1.195000e+01  8.000000e-01
      vertex  2.290000e+01  1.095000e+01  1.800000e+00
      vertex  2.290000e+01  1.095000e+01  8.000000e-01
    endloop
  endfacet
  facet normal -1.000000e+00  0.000000e+00  0.000000e+00
    outer loop
      vertex  1.890000e+01  1.195000e+01  8.000000e-01
      vertex  1.890000e+01  1.095000e+01  8.000000e-01
      vertex  1.890000e+01  1.195000e+01  1.800000e+00
    endloop
  endfacet
  facet normal -1.000000e+00  -0.000000e+00  0.000000e+00
    outer loop
      vertex  1.890000e+01  1.195000e+01  1.800000e+00
      vertex  1.890000e+01  1.095000e+01  8.000000e-01
      vertex  1.890000e+01  1.095000e+01  1.800000e+00
    endloop
  endfacet
  facet normal  1.000000e+00  0.000000e+00  0.000000e+00
    outer loop
      vertex  2.890000e+01  8.850000e+00  8.000000e-01
      vertex  2.890000e+01  9.850000e+00  8.000000e-01
      vertex  2.890000e+01  8.850000e+00  1.800000e+00
    endloop
  endfacet
  facet normal  1.000000e+00  -0.000000e+00  0.000000e+00
    outer loop
      vertex  2.890000e+01  8.850000e+00  1.800000e+00
      vertex  2.890000e+01  9.850000e+00  8.000000e-01
      vertex  2.890000e+01  9.850000e+00  1.800000e+00
    endloop
  endfacet
  facet normal  0.000000e+00  0.000000e+00  1.000000e+00
    outer loop
      vertex  1.890000e+01  1.095000e+01  1.800000e+00
      vertex  2.290000e+01  1.095000e+01  1.800000e+00
      vertex  1.890000e+01  1.195000e+01  1.800000e+00
    endloop
  endfacet
  facet normal  -0.000000e+00  0.000000e+00  1.000000e+00
    outer loop
      vertex  1.890000e+01  1.195000e+01  1.800000e+00
      vertex  2.290000e+01  1.095000e+01  1.800000e+00
      vertex  2.290000e+01  1.195000e+01  1.800000e+00
    endloop
  endfacet
  facet normal  0.000000e+00 -1.000000e+00  0.000000e+00
    outer loop
      vertex  2.290000e+01  2.440000e+01  3.800000e+00
      vertex  2.090000e+01  2.440000e+01  3.800000e+00
      vertex  2.290000e+01  2.440000e+01  8.000000e-01
    endloop
  endfacet
  facet normal  0.000000e+00 -1.000000e+00  0.000000e+00
    outer loop
      vertex  2.290000e+01  2.440000e+01  8.000000e-01
      vertex  2.090000e+01  2.440000e+01  3.800000e+00
      vertex  2.090000e+01  2.440000e+01  8.000000e-01
    endloop
  endfacet
  facet normal  0.000000e+00  9.999999e-01  0.000000e+00
    outer loop
      vertex  2.170000e+01  2.520000e+01  3.800000e+00
      vertex  2.290000e+01  2.520000e+01  3.800000e+00
      vertex  2.170000e+01  2.520000e+01  2.300000e+00
    endloop
  endfacet
  facet normal  0.000000e+00  9.999999e-01  0.000000e+00
    outer loop
      vertex  2.170000e+01  2.520000e+01  2.300000e+00
      vertex  2.290000e+01  2.520000e+01  3.800000e+00
      vertex  2.290000e+01  2.520000e+01  2.300000e+00
    endloop
  endfacet
  facet normal  -0.000000e+00  0.000000e+00  1.000000e+00
    outer loop
      vertex  2.170000e+01  2.860000e+01  3.800000e+00
      vertex  2.090000e+01  2.860000e+01  3.800000e+00
      vertex  2.170000e+01  2.520000e+01  3.800000e+00
    endloop
  endfacet
  facet normal  0.000000e+00  0.000000e+00  1.000000e+00
    outer loop
      vertex  2.170000e+01  2.520000e+01  3.800000e+00
      vertex  2.090000e+01  2.860000e+01  3.800000e+00
      vertex  2.090000e+01  2.440000e+01  3.800000e+00
    endloop
  endfacet
  facet normal  0.000000e+00  0.000000e+00  1.000000e+00
    outer loop
      vertex  2.170000e+01  2.520000e+01  3.800000e+00
      vertex  2.090000e+01  2.440000e+01  3.800000e+00
      vertex  2.290000e+01  2.520000e+01  3.800000e+00
    endloop
  endfacet
  facet normal  0.000000e+00  0.000000e+00  1.000000e+00
    outer loop
      vertex  2.290000e+01  2.520000e+01  3.800000e+00
      vertex  2.090000e+01  2.440000e+01  3.800000e+00
      vertex  2.290000e+01  2.440000e+01  3.800000e+00
    endloop
  endfacet
  facet normal  0.000000e+00 -1.000000e+00  0.000000e+00
    outer loop
      vertex  4.450000e+01  2.485000e+01  2.300000e+00
      vertex  2.290000e+01  2.485000e+01  2.300000e+00
      vertex  4.450000e+01  2.485000e+01  6.000000e-01
    endloop
  endfacet
  facet normal  0.000000e+00 -1.000000e+00  0.000000e+00
    outer loop
      vertex  4.450000e+01  2.485000e+01  6.000000e-01
      vertex  2.290000e+01  2.485000e+01  2.300000e+00
      vertex  2.290000e+01  2.485000e+01  6.000000e-01
    endloop
  endfacet
  facet normal  0.000000e+00  0.000000e+00  1.000000e+00
    outer loop
      vertex  2.290000e+01  9.850000e+00  6.000000e-01
      vertex  4.250000e+01  9.850000e+00  6.000000e-01
      vertex  2.290000e+01  2.485000e+01  6.000000e-01
    endloop
  endfacet
  facet normal  0.000000e+00  0.000000e+00  1.000000e+00
    outer loop
      vertex  2.290000e+01  2.485000e+01  6.000000e-01
      vertex  4.250000e+01  9.850000e+00  6.000000e-01
      vertex  4.250000e+01  1.085000e+01  6.000000e-01
    endloop
  endfacet
  facet normal  0.000000e+00  -0.000000e+00  9.999999e-01
    outer loop
      vertex  2.290000e+01  2.485000e+01  6.000000e-01
      vertex  4.250000e+01  1.085000e+01  6.000000e-01
      vertex  4.450000e+01  2.485000e+01  6.000000e-01
    endloop
  endfacet
  facet normal  0.000000e+00  0.000000e+00  1.000000e+00
    outer loop
      vertex  4.450000e+01  2.485000e+01  6.000000e-01
      vertex  4.250000e+01  1.085000e+01  6.000000e-01
      vertex  4.450000e+01  1.085000e+01  6.000000e-01
    endloop
  endfacet
  facet normal  0.000000e+00  1.000000e+00  0.000000e+00
    outer loop
      vertex  4.250000e+01  1.085000e+01  6.000000e-01
      vertex  4.250000e+01  1.085000e+01  2.300000e+00
      vertex  4.450000e+01  1.085000e+01  6.000000e-01
    endloop
  endfacet
  facet normal  0.000000e+00  1.000000e+00  -0.000000e+00
    outer loop
      vertex  4.450000e+01  1.085000e+01  6.000000e-01
      vertex  4.250000e+01  1.085000e+01  2.300000e+00
      vertex  4.450000e+01  1.085000e+01  2.300000e+00
    endloop
  endfacet
  facet normal -1.000000e+00  0.000000e+00  0.000000e+00
    outer loop
      vertex  4.250000e+01  1.085000e+01  2.300000e+00
      vertex  4.250000e+01  1.085000e+01  6.000000e-01
      vertex  4.250000e+01  9.850000e+00  2.300000e+00
    endloop
  endfacet
  facet normal -1.000000e+00  0.000000e+00  0.000000e+00
    outer loop
      vertex  4.250000e+01  9.850000e+00  2.300000e+00
      vertex  4.250000e+01  1.085000e+01  6.000000e-01
      vertex  4.250000e+01  9.850000e+00  6.000000e-01
    endloop
  endfacet
  facet normal  0.000000e+00  1.000000e+00  0.000000e+00
    outer loop
      vertex  1.890000e+01  1.195000e+01  1.800000e+00
      vertex  2.290000e+01  1.195000e+01  1.800000e+00
      vertex  1.890000e+01  1.195000e+01  8.000000e-01
    endloop
  endfacet
  facet normal  0.000000e+00  1.000000e+00  0.000000e+00
    outer loop
      vertex  1.890000e+01  1.195000e+01  8.000000e-01
      vertex  2.290000e+01  1.195000e+01  1.800000e+00
      vertex  2.290000e+01  1.195000e+01  8.000000e-01
    endloop
  endfacet
  facet normal  9.802649e-02 -9.951838e-01  0.000000e+00
    outer loop
      vertex  1.660000e+01  3.220000e+01  1.900000e+00
      vertex  1.636589e+01  3.217694e+01  2.300000e+00
      vertex  1.636589e+01  3.217694e+01  1.900000e+00
    endloop
  endfacet
  facet normal  2.902833e-01 -9.569408e-01  0.000000e+00
    outer loop
      vertex  1.636589e+01  3.217694e+01  1.900000e+00
      vertex  1.636589e+01  3.217694e+01  2.300000e+00
      vertex  1.614078e+01  3.210865e+01  2.300000e+00
    endloop
  endfacet
  facet normal  2.902833e-01 -9.569408e-01  0.000000e+00
    outer loop
      vertex  1.636589e+01  3.217694e+01  1.900000e+00
      vertex  1.614078e+01  3.210865e+01  2.300000e+00
      vertex  1.614078e+01  3.210865e+01  1.900000e+00
    endloop
  endfacet
  facet normal  4.713947e-01 -8.819223e-01  0.000000e+00
    outer loop
      vertex  1.614078e+01  3.210865e+01  1.900000e+00
      vertex  1.614078e+01  3.210865e+01  2.300000e+00
      vertex  1.593332e+01  3.199776e+01  2.300000e+00
    endloop
  endfacet
  facet normal  4.713947e-01 -8.819223e-01  0.000000e+00
    outer loop
      vertex  1.614078e+01  3.210865e+01  1.900000e+00
      vertex  1.593332e+01  3.199776e+01  2.300000e+00
      vertex  1.593332e+01  3.199776e+01  1.900000e+00
    endloop
  endfacet
  facet normal  6.343919e-01 -7.730116e-01  0.000000e+00
    outer loop
      vertex  1.593332e+01  3.199776e+01  1.900000e+00
      vertex  1.593332e+01  3.199776e+01  2.300000e+00
      vertex  1.575147e+01  3.184853e+01  2.300000e+00
    endloop
  endfacet
  facet normal  6.343919e-01 -7.730116e-01  0.000000e+00
    outer loop
      vertex  1.593332e+01  3.199776e+01  1.900000e+00
      vertex  1.575147e+01  3.184853e+01  2.300000e+00
      vertex  1.575147e+01  3.184853e+01  1.900000e+00
    endloop
  endfacet
  facet normal  7.730100e-01 -6.343939e-01  0.000000e+00
    outer loop
      vertex  1.575147e+01  3.184853e+01  1.900000e+00
      vertex  1.575147e+01  3.184853e+01  2.300000e+00
      vertex  1.560224e+01  3.166669e+01  2.300000e+00
    endloop
  endfacet
  facet normal  7.730100e-01 -6.343939e-01  0.000000e+00
    outer loop
      vertex  1.575147e+01  3.184853e+01  1.900000e+00
      vertex  1.560224e+01  3.166669e+01  2.300000e+00
      vertex  1.560224e+01  3.166669e+01  1.900000e+00
    endloop
  endfacet
  facet normal  8.819206e-01 -4.713979e-01  0.000000e+00
    outer loop
      vertex  1.560224e+01  3.166669e+01  1.900000e+00
      vertex  1.560224e+01  3.166669e+01  2.300000e+00
      vertex  1.549134e+01  3.145922e+01  2.300000e+00
    endloop
  endfacet
  facet normal  8.819206e-01 -4.713979e-01  0.000000e+00
    outer loop
      vertex  1.560224e+01  3.166669e+01  1.900000e+00
      vertex  1.549134e+01  3.145922e+01  2.300000e+00
      vertex  1.549134e+01  3.145922e+01  1.900000e+00
    endloop
  endfacet
  facet normal  9.569408e-01 -2.902833e-01  0.000000e+00
    outer loop
      vertex  1.549134e+01  3.145922e+01  1.900000e+00
      vertex  1.549134e+01  3.145922e+01  2.300000e+00
      vertex  1.542306e+01  3.123411e+01  2.300000e+00
    endloop
  endfacet
  facet normal  9.569408e-01 -2.902833e-01  0.000000e+00
    outer loop
      vertex  1.549134e+01  3.145922e+01  1.900000e+00
      vertex  1.542306e+01  3.123411e+01  2.300000e+00
      vertex  1.542306e+01  3.123411e+01  1.900000e+00
    endloop
  endfacet
  facet normal  9.951845e-01 -9.801846e-02  0.000000e+00
    outer loop
      vertex  1.542306e+01  3.123411e+01  1.900000e+00
      vertex  1.542306e+01  3.123411e+01  2.300000e+00
      vertex  1.540000e+01  3.100000e+01  2.300000e+00
    endloop
  endfacet
  facet normal  9.951845e-01 -9.801846e-02  0.000000e+00
    outer loop
      vertex  1.542306e+01  3.123411e+01  1.900000e+00
      vertex  1.540000e+01  3.100000e+01  2.300000e+00
      vertex  1.540000e+01  3.100000e+01  1.900000e+00
    endloop
  endfacet
  facet normal  9.802649e-02 -9.951838e-01  0.000000e+00
    outer loop
      vertex  1.636589e+01  3.217694e+01  2.300000e+00
      vertex  1.660000e+01  3.220000e+01  1.900000e+00
      vertex  1.660000e+01  3.220000e+01  2.300000e+00
    endloop
  endfacet
  facet normal -9.802649e-02 -9.951838e-01  -0.000000e+00
    outer loop
      vertex  1.660000e+01  3.220000e+01  2.300000e+00
      vertex  1.660000e+01  3.220000e+01  1.900000e+00
      vertex  1.683411e+01  3.217694e+01  1.900000e+00
    endloop
  endfacet
  facet normal -9.802649e-02 -9.951838e-01  0.000000e+00
    outer loop
      vertex  1.660000e+01  3.220000e+01  2.300000e+00
      vertex  1.683411e+01  3.217694e+01  1.900000e+00
      vertex  1.683411e+01  3.217694e+01  2.300000e+00
    endloop
  endfacet
  facet normal -2.902855e-01 -9.569401e-01  -0.000000e+00
    outer loop
      vertex  1.683411e+01  3.217694e+01  2.300000e+00
      vertex  1.683411e+01  3.217694e+01  1.900000e+00
      vertex  1.705922e+01  3.210865e+01  1.900000e+00
    endloop
  endfacet
  facet normal -2.902855e-01 -9.569401e-01  0.000000e+00
    outer loop
      vertex  1.683411e+01  3.217694e+01  2.300000e+00
      vertex  1.705922e+01  3.210865e+01  1.900000e+00
      vertex  1.705922e+01  3.210865e+01  2.300000e+00
    endloop
  endfacet
  facet normal -4.713947e-01 -8.819223e-01  -0.000000e+00
    outer loop
      vertex  1.705922e+01  3.210865e+01  2.300000e+00
      vertex  1.705922e+01  3.210865e+01  1.900000e+00
      vertex  1.726668e+01  3.199776e+01  1.900000e+00
    endloop
  endfacet
  facet normal -4.713947e-01 -8.819223e-01  0.000000e+00
    outer loop
      vertex  1.705922e+01  3.210865e+01  2.300000e+00
      vertex  1.726668e+01  3.199776e+01  1.900000e+00
      vertex  1.726668e+01  3.199776e+01  2.300000e+00
    endloop
  endfacet
  facet normal -6.343899e-01 -7.730132e-01  -0.000000e+00
    outer loop
      vertex  1.726668e+01  3.199776e+01  2.300000e+00
      vertex  1.726668e+01  3.199776e+01  1.900000e+00
      vertex  1.744853e+01  3.184853e+01  1.900000e+00
    endloop
  endfacet
  facet normal -6.343899e-01 -7.730132e-01  0.000000e+00
    outer loop
      vertex  1.726668e+01  3.199776e+01  2.300000e+00
      vertex  1.744853e+01  3.184853e+01  1.900000e+00
      vertex  1.744853e+01  3.184853e+01  2.300000e+00
    endloop
  endfacet
  facet normal -7.730100e-01 -6.343939e-01  -0.000000e+00
    outer loop
      vertex  1.744853e+01  3.184853e+01  2.300000e+00
      vertex  1.744853e+01  3.184853e+01  1.900000e+00
      vertex  1.759776e+01  3.166669e+01  1.900000e+00
    endloop
  endfacet
  facet normal -7.730100e-01 -6.343939e-01  0.000000e+00
    outer loop
      vertex  1.744853e+01  3.184853e+01  2.300000e+00
      vertex  1.759776e+01  3.166669e+01  1.900000e+00
      vertex  1.759776e+01  3.166669e+01  2.300000e+00
    endloop
  endfacet
  facet normal -8.819189e-01 -4.714011e-01  -0.000000e+00
    outer loop
      vertex  1.759776e+01  3.166669e+01  2.300000e+00
      vertex  1.759776e+01  3.166669e+01  1.900000e+00
      vertex  1.770866e+01  3.145922e+01  1.900000e+00
    endloop
  endfacet
  facet normal -8.819189e-01 -4.714011e-01  0.000000e+00
    outer loop
      vertex  1.759776e+01  3.166669e+01  2.300000e+00
      vertex  1.770866e+01  3.145922e+01  1.900000e+00
      vertex  1.770866e+01  3.145922e+01  2.300000e+00
    endloop
  endfacet
  facet normal -9.569408e-01 -2.902833e-01  -0.000000e+00
    outer loop
      vertex  1.770866e+01  3.145922e+01  2.300000e+00
      vertex  1.770866e+01  3.145922e+01  1.900000e+00
      vertex  1.777694e+01  3.123411e+01  1.900000e+00
    endloop
  endfacet
  facet normal -9.569408e-01 -2.902833e-01  0.000000e+00
    outer loop
      vertex  1.770866e+01  3.145922e+01  2.300000e+00
      vertex  1.777694e+01  3.123411e+01  1.900000e+00
      vertex  1.777694e+01  3.123411e+01  2.300000e+00
    endloop
  endfacet
  facet normal -9.951854e-01 -9.801044e-02  -0.000000e+00
    outer loop
      vertex  1.777694e+01  3.123411e+01  2.300000e+00
      vertex  1.777694e+01  3.123411e+01  1.900000e+00
      vertex  1.780000e+01  3.100000e+01  1.900000e+00
    endloop
  endfacet
  facet normal -9.951854e-01 -9.801044e-02  0.000000e+00
    outer loop
      vertex  1.777694e+01  3.123411e+01  2.300000e+00
      vertex  1.780000e+01  3.100000e+01  1.900000e+00
      vertex  1.780000e+01  3.100000e+01  2.300000e+00
    endloop
  endfacet
  facet normal -9.801846e-02  9.951845e-01  0.000000e+00
    outer loop
      vertex  1.660000e+01  2.980000e+01  1.900000e+00
      vertex  1.683411e+01  2.982306e+01  2.300000e+00
      vertex  1.683411e+01  2.982306e+01  1.900000e+00
    endloop
  endfacet
  facet normal -2.902855e-01  9.569401e-01  0.000000e+00
    outer loop
      vertex  1.683411e+01  2.982306e+01  1.900000e+00
      vertex  1.683411e+01  2.982306e+01  2.300000e+00
      vertex  1.705922e+01  2.989134e+01  2.300000e+00
    endloop
  endfacet
  facet normal -2.902855e-01  9.569401e-01  0.000000e+00
    outer loop
      vertex  1.683411e+01  2.982306e+01  1.900000e+00
      vertex  1.705922e+01  2.989134e+01  2.300000e+00
      vertex  1.705922e+01  2.989134e+01  1.900000e+00
    endloop
  endfacet
  facet normal -4.714011e-01  8.819189e-01  0.000000e+00
    outer loop
      vertex  1.705922e+01  2.989134e+01  1.900000e+00
      vertex  1.705922e+01  2.989134e+01  2.300000e+00
      vertex  1.726668e+01  3.000224e+01  2.300000e+00
    endloop
  endfacet
  facet normal -4.714011e-01  8.819189e-01  0.000000e+00
    outer loop
      vertex  1.705922e+01  2.989134e+01  1.900000e+00
      vertex  1.726668e+01  3.000224e+01  2.300000e+00
      vertex  1.726668e+01  3.000224e+01  1.900000e+00
    endloop
  endfacet
  facet normal -6.343899e-01  7.730132e-01  0.000000e+00
    outer loop
      vertex  1.726668e+01  3.000224e+01  1.900000e+00
      vertex  1.726668e+01  3.000224e+01  2.300000e+00
      vertex  1.744853e+01  3.015147e+01  2.300000e+00
    endloop
  endfacet
  facet normal -6.343899e-01  7.730132e-01  0.000000e+00
    outer loop
      vertex  1.726668e+01  3.000224e+01  1.900000e+00
      vertex  1.744853e+01  3.015147e+01  2.300000e+00
      vertex  1.744853e+01  3.015147e+01  1.900000e+00
    endloop
  endfacet
  facet normal -7.730100e-01  6.343939e-01  0.000000e+00
    outer loop
      vertex  1.744853e+01  3.015147e+01  1.900000e+00
      vertex  1.744853e+01  3.015147e+01  2.300000e+00
      vertex  1.759776e+01  3.033331e+01  2.300000e+00
    endloop
  endfacet
  facet normal -7.730100e-01  6.343939e-01  0.000000e+00
    outer loop
      vertex  1.744853e+01  3.015147e+01  1.900000e+00
      vertex  1.759776e+01  3.033331e+01  2.300000e+00
      vertex  1.759776e+01  3.033331e+01  1.900000e+00
    endloop
  endfacet
  facet normal -8.819189e-01  4.714011e-01  0.000000e+00
    outer loop
      vertex  1.759776e+01  3.033331e+01  1.900000e+00
      vertex  1.759776e+01  3.033331e+01  2.300000e+00
      vertex  1.770866e+01  3.054078e+01  2.300000e+00
    endloop
  endfacet
  facet normal -8.819189e-01  4.714011e-01  0.000000e+00
    outer loop
      vertex  1.759776e+01  3.033331e+01  1.900000e+00
      vertex  1.770866e+01  3.054078e+01  2.300000e+00
      vertex  1.770866e+01  3.054078e+01  1.900000e+00
    endloop
  endfacet
  facet normal -9.569408e-01  2.902833e-01  0.000000e+00
    outer loop
      vertex  1.770866e+01  3.054078e+01  1.900000e+00
      vertex  1.770866e+01  3.054078e+01  2.300000e+00
      vertex  1.777694e+01  3.076589e+01  2.300000e+00
    endloop
  endfacet
  facet normal -9.569408e-01  2.902833e-01  0.000000e+00
    outer loop
      vertex  1.770866e+01  3.054078e+01  1.900000e+00
      vertex  1.777694e+01  3.076589e+01  2.300000e+00
      vertex  1.777694e+01  3.076589e+01  1.900000e+00
    endloop
  endfacet
  facet normal -9.951854e-01  9.801044e-02  0.000000e+00
    outer loop
      vertex  1.777694e+01  3.076589e+01  1.900000e+00
      vertex  1.777694e+01  3.076589e+01  2.300000e+00
      vertex  1.780000e+01  3.100000e+01  2.300000e+00
    endloop
  endfacet
  facet normal -9.951854e-01  9.801044e-02  0.000000e+00
    outer loop
      vertex  1.777694e+01  3.076589e+01  1.900000e+00
      vertex  1.780000e+01  3.100000e+01  2.300000e+00
      vertex  1.780000e+01  3.100000e+01  1.900000e+00
    endloop
  endfacet
  facet normal -9.801846e-02  9.951845e-01  0.000000e+00
    outer loop
      vertex  1.683411e+01  2.982306e+01  2.300000e+00
      vertex  1.660000e+01  2.980000e+01  1.900000e+00
      vertex  1.660000e+01  2.980000e+01  2.300000e+00
    endloop
  endfacet
  facet normal  9.801846e-02  9.951845e-01  0.000000e+00
    outer loop
      vertex  1.660000e+01  2.980000e+01  2.300000e+00
      vertex  1.660000e+01  2.980000e+01  1.900000e+00
      vertex  1.636589e+01  2.982306e+01  1.900000e+00
    endloop
  endfacet
  facet normal  9.801846e-02  9.951845e-01  -0.000000e+00
    outer loop
      vertex  1.660000e+01  2.980000e+01  2.300000e+00
      vertex  1.636589e+01  2.982306e+01  1.900000e+00
      vertex  1.636589e+01  2.982306e+01  2.300000e+00
    endloop
  endfacet
  facet normal  2.902833e-01  9.569408e-01  0.000000e+00
    outer loop
      vertex  1.636589e+01  2.982306e+01  2.300000e+00
      vertex  1.636589e+01  2.982306e+01  1.900000e+00
      vertex  1.614078e+01  2.989134e+01  1.900000e+00
    endloop
  endfacet
  facet normal  2.902833e-01  9.569408e-01  -0.000000e+00
    outer loop
      vertex  1.636589e+01  2.982306e+01  2.300000e+00
      vertex  1.614078e+01  2.989134e+01  1.900000e+00
      vertex  1.614078e+01  2.989134e+01  2.300000e+00
    endloop
  endfacet
  facet normal  4.714011e-01  8.819189e-01  0.000000e+00
    outer loop
      vertex  1.614078e+01  2.989134e+01  2.300000e+00
      vertex  1.614078e+01  2.989134e+01  1.900000e+00
      vertex  1.593332e+01  3.000224e+01  1.900000e+00
    endloop
  endfacet
  facet normal  4.714011e-01  8.819189e-01  -0.000000e+00
    outer loop
      vertex  1.614078e+01  2.989134e+01  2.300000e+00
      vertex  1.593332e+01  3.000224e+01  1.900000e+00
      vertex  1.593332e+01  3.000224e+01  2.300000e+00
    endloop
  endfacet
  facet normal  6.343919e-01  7.730116e-01  0.000000e+00
    outer loop
      vertex  1.593332e+01  3.000224e+01  2.300000e+00
      vertex  1.593332e+01  3.000224e+01  1.900000e+00
      vertex  1.575147e+01  3.015147e+01  1.900000e+00
    endloop
  endfacet
  facet normal  6.343919e-01  7.730116e-01  -0.000000e+00
    outer loop
      vertex  1.593332e+01  3.000224e+01  2.300000e+00
      vertex  1.575147e+01  3.015147e+01  1.900000e+00
      vertex  1.575147e+01  3.015147e+01  2.300000e+00
    endloop
  endfacet
  facet normal  7.730100e-01  6.343939e-01  0.000000e+00
    outer loop
      vertex  1.575147e+01  3.015147e+01  2.300000e+00
      vertex  1.575147e+01  3.015147e+01  1.900000e+00
      vertex  1.560224e+01  3.033331e+01  1.900000e+00
    endloop
  endfacet
  facet normal  7.730100e-01  6.343939e-01  -0.000000e+00
    outer loop
      vertex  1.575147e+01  3.015147e+01  2.300000e+00
      vertex  1.560224e+01  3.033331e+01  1.900000e+00
      vertex  1.560224e+01  3.033331e+01  2.300000e+00
    endloop
  endfacet
  facet normal  8.819206e-01  4.713979e-01  0.000000e+00
    outer loop
      vertex  1.560224e+01  3.033331e+01  2.300000e+00
      vertex  1.560224e+01  3.033331e+01  1.900000e+00
      vertex  1.549134e+01  3.054078e+01  1.900000e+00
    endloop
  endfacet
  facet normal  8.819206e-01  4.713979e-01  -0.000000e+00
    outer loop
      vertex  1.560224e+01  3.033331e+01  2.300000e+00
      vertex  1.549134e+01  3.054078e+01  1.900000e+00
      vertex  1.549134e+01  3.054078e+01  2.300000e+00
    endloop
  endfacet
  facet normal  9.569408e-01  2.902833e-01  0.000000e+00
    outer loop
      vertex  1.549134e+01  3.054078e+01  2.300000e+00
      vertex  1.549134e+01  3.054078e+01  1.900000e+00
      vertex  1.542306e+01  3.076589e+01  1.900000e+00
    endloop
  endfacet
  facet normal  9.569408e-01  2.902833e-01  -0.000000e+00
    outer loop
      vertex  1.549134e+01  3.054078e+01  2.300000e+00
      vertex  1.542306e+01  3.076589e+01  1.900000e+00
      vertex  1.542306e+01  3.076589e+01  2.300000e+00
    endloop
  endfacet
  facet normal  9.951845e-01  9.801846e-02  0.000000e+00
    outer loop
      vertex  1.542306e+01  3.076589e+01  2.300000e+00
      vertex  1.542306e+01  3.076589e+01  1.900000e+00
      vertex  1.540000e+01  3.100000e+01  1.900000e+00
    endloop
  endfacet
  facet normal  9.951845e-01  9.801846e-02  -0.000000e+00
    outer loop
      vertex  1.542306e+01  3.076589e+01  2.300000e+00
      vertex  1.540000e+01  3.100000e+01  1.900000e+00
      vertex  1.540000e+01  3.100000e+01  2.300000e+00
    endloop
  endfacet
  facet normal  9.802649e-02 -9.951838e-01  0.000000e+00
    outer loop
      vertex -1.660000e+01  3.220000e+01  1.900000e+00
      vertex -1.683411e+01  3.217694e+01  2.300000e+00
      vertex -1.683411e+01  3.217694e+01  1.900000e+00
    endloop
  endfacet
  facet normal  2.902855e-01 -9.569401e-01  0.000000e+00
    outer loop
      vertex -1.683411e+01  3.217694e+01  1.900000e+00
      vertex -1.683411e+01  3.217694e+01  2.300000e+00
      vertex -1.705922e+01  3.210865e+01  2.300000e+00
    endloop
  endfacet
  facet normal  2.902855e-01 -9.569401e-01  0.000000e+00
    outer loop
      vertex -1.683411e+01  3.217694e+01  1.900000e+00
      vertex -1.705922e+01  3.210865e+01  2.300000e+00
      vertex -1.705922e+01  3.210865e+01  1.900000e+00
    endloop
  endfacet
  facet normal  4.713947e-01 -8.819223e-01  0.000000e+00
    outer loop
      vertex -1.705922e+01  3.210865e+01  1.900000e+00
      vertex -1.705922e+01  3.210865e+01  2.300000e+00
      vertex -1.726668e+01  3.199776e+01  2.300000e+00
    endloop
  endfacet
  facet normal  4.713947e-01 -8.819223e-01  0.000000e+00
    outer loop
      vertex -1.705922e+01  3.210865e+01  1.900000e+00
      vertex -1.726668e+01  3.199776e+01  2.300000e+00
      vertex -1.726668e+01  3.199776e+01  1.900000e+00
    endloop
  endfacet
  facet normal  6.343899e-01 -7.730132e-01  0.000000e+00
    outer loop
      vertex -1.726668e+01  3.199776e+01  1.900000e+00
      vertex -1.726668e+01  3.199776e+01  2.300000e+00
      vertex -1.744853e+01  3.184853e+01  2.300000e+00
    endloop
  endfacet
  facet normal  6.343899e-01 -7.730132e-01  0.000000e+00
    outer loop
      vertex -1.726668e+01  3.199776e+01  1.900000e+00
      vertex -1.744853e+01  3.184853e+01  2.300000e+00
      vertex -1.744853e+01  3.184853e+01  1.900000e+00
    endloop
  endfacet
  facet normal  7.730100e-01 -6.343939e-01  0.000000e+00
    outer loop
      vertex -1.744853e+01  3.184853e+01  1.900000e+00
      vertex -1.744853e+01  3.184853e+01  2.300000e+00
      vertex -1.759776e+01  3.166669e+01  2.300000e+00
    endloop
  endfacet
  facet normal  7.730100e-01 -6.343939e-01  0.000000e+00
    outer loop
      vertex -1.744853e+01  3.184853e+01  1.900000e+00
      vertex -1.759776e+01  3.166669e+01  2.300000e+00
      vertex -1.759776e+01  3.166669e+01  1.900000e+00
    endloop
  endfacet
  facet normal  8.819189e-01 -4.714011e-01  0.000000e+00
    outer loop
      vertex -1.759776e+01  3.166669e+01  1.900000e+00
      vertex -1.759776e+01  3.166669e+01  2.300000e+00
      vertex -1.770866e+01  3.145922e+01  2.300000e+00
    endloop
  endfacet
  facet normal  8.819189e-01 -4.714011e-01  0.000000e+00
    outer loop
      vertex -1.759776e+01  3.166669e+01  1.900000e+00
      vertex -1.770866e+01  3.145922e+01  2.300000e+00
      vertex -1.770866e+01  3.145922e+01  1.900000e+00
    endloop
  endfacet
  facet normal  9.569408e-01 -2.902833e-01  0.000000e+00
    outer loop
      vertex -1.770866e+01  3.145922e+01  1.900000e+00
      vertex -1.770866e+01  3.145922e+01  2.300000e+00
      vertex -1.777694e+01  3.123411e+01  2.300000e+00
    endloop
  endfacet
  facet normal  9.569408e-01 -2.902833e-01  0.000000e+00
    outer loop
      vertex -1.770866e+01  3.145922e+01  1.900000e+00
      vertex -1.777694e+01  3.123411e+01  2.300000e+00
      vertex -1.777694e+01  3.123411e+01  1.900000e+00
    endloop
  endfacet
  facet normal  9.951854e-01 -9.801044e-02  0.000000e+00
    outer loop
      vertex -1.777694e+01  3.123411e+01  1.900000e+00
      vertex -1.777694e+01  3.123411e+01  2.300000e+00
      vertex -1.780000e+01  3.100000e+01  2.300000e+00
    endloop
  endfacet
  facet normal  9.951854e-01 -9.801044e-02  0.000000e+00
    outer loop
      vertex -1.777694e+01  3.123411e+01  1.900000e+00
      vertex -1.780000e+01  3.100000e+01  2.300000e+00
      vertex -1.780000e+01  3.100000e+01  1.900000e+00
    endloop
  endfacet
  facet normal  9.802649e-02 -9.951838e-01  0.000000e+00
    outer loop
      vertex -1.683411e+01  3.217694e+01  2.300000e+00
      vertex -1.660000e+01  3.220000e+01  1.900000e+00
      vertex -1.660000e+01  3.220000e+01  2.300000e+00
    endloop
  endfacet
  facet normal -9.802649e-02 -9.951838e-01  -0.000000e+00
    outer loop
      vertex -1.660000e+01  3.220000e+01  2.300000e+00
      vertex -1.660000e+01  3.220000e+01  1.900000e+00
      vertex -1.636589e+01  3.217694e+01  1.900000e+00
    endloop
  endfacet
  facet normal -9.802649e-02 -9.951838e-01  0.000000e+00
    outer loop
      vertex -1.660000e+01  3.220000e+01  2.300000e+00
      vertex -1.636589e+01  3.217694e+01  1.900000e+00
      vertex -1.636589e+01  3.217694e+01  2.300000e+00
    endloop
  endfacet
  facet normal -2.902833e-01 -9.569408e-01  -0.000000e+00
    outer loop
      vertex -1.636589e+01  3.217694e+01  2.300000e+00
      vertex -1.636589e+01  3.217694e+01  1.900000e+00
      vertex -1.614078e+01  3.210865e+01  1.900000e+00
    endloop
  endfacet
  facet normal -2.902833e-01 -9.569408e-01  0.000000e+00
    outer loop
      vertex -1.636589e+01  3.217694e+01  2.300000e+00
      vertex -1.614078e+01  3.210865e+01  1.900000e+00
      vertex -1.614078e+01  3.210865e+01  2.300000e+00
    endloop
  endfacet
  facet normal -4.713947e-01 -8.819223e-01  -0.000000e+00
    outer loop
      vertex -1.614078e+01  3.210865e+01  2.300000e+00
      vertex -1.614078e+01  3.210865e+01  1.900000e+00
      vertex -1.593332e+01  3.199776e+01  1.900000e+00
    endloop
  endfacet
  facet normal -4.713947e-01 -8.819223e-01  0.000000e+00
    outer loop
      vertex -1.614078e+01  3.210865e+01  2.300000e+00
      vertex -1.593332e+01  3.199776e+01  1.900000e+00
      vertex -1.593332e+01  3.199776e+01  2.300000e+00
    endloop
  endfacet
  facet normal -6.343919e-01 -7.730116e-01  -0.000000e+00
    outer loop
      vertex -1.593332e+01  3.199776e+01  2.300000e+00
      vertex -1.593332e+01  3.199776e+01  1.900000e+00
      vertex -1.575147e+01  3.184853e+01  1.900000e+00
    endloop
  endfacet
  facet normal -6.343919e-01 -7.730116e-01  0.000000e+00
    outer loop
      vertex -1.593332e+01  3.199776e+01  2.300000e+00
      vertex -1.575147e+01  3.184853e+01  1.900000e+00
      vertex -1.575147e+01  3.184853e+01  2.300000e+00
    endloop
  endfacet
  facet normal -7.730100e-01 -6.343939e-01  -0.000000e+00
    outer loop
      vertex -1.575147e+01  3.184853e+01  2.300000e+00
      vertex -1.575147e+01  3.184853e+01  1.900000e+00
      vertex -1.560224e+01  3.166669e+01  1.900000e+00
    endloop
  endfacet
  facet normal -7.730100e-01 -6.343939e-01  0.000000e+00
    outer loop
      vertex -1.575147e+01  3.184853e+01  2.300000e+00
      vertex -1.560224e+01  3.166669e+01  1.900000e+00
      vertex -1.560224e+01  3.166669e+01  2.300000e+00
    endloop
  endfacet
  facet normal -8.819206e-01 -4.713979e-01  -0.000000e+00
    outer loop
      vertex -1.560224e+01  3.166669e+01  2.300000e+00
      vertex -1.560224e+01  3.166669e+01  1.900000e+00
      vertex -1.549134e+01  3.145922e+01  1.900000e+00
    endloop
  endfacet
  facet normal -8.819206e-01 -4.713979e-01  0.000000e+00
    outer loop
      vertex -1.560224e+01  3.166669e+01  2.300000e+00
      vertex -1.549134e+01  3.145922e+01  1.900000e+00
      vertex -1.549134e+01  3.145922e+01  2.300000e+00
    endloop
  endfacet
  facet normal -9.569408e-01 -2.902833e-01  -0.000000e+00
    outer loop
      vertex -1.549134e+01  3.145922e+01  2.300000e+00
      vertex -1.549134e+01  3.145922e+01  1.900000e+00
      vertex -1.542306e+01  3.123411e+01  1.900000e+00
    endloop
  endfacet
  facet normal -9.569408e-01 -2.902833e-01  0.000000e+00
    outer loop
      vertex -1.549134e+01  3.145922e+01  2.300000e+00
      vertex -1.542306e+01  3.123411e+01  1.900000e+00
      vertex -1.542306e+01  3.123411e+01  2.300000e+00
    endloop
  endfacet
  facet normal -9.951845e-01 -9.801846e-02  -0.000000e+00
    outer loop
      vertex -1.542306e+01  3.123411e+01  2.300000e+00
      vertex -1.542306e+01  3.123411e+01  1.900000e+00
      vertex -1.540000e+01  3.100000e+01  1.900000e+00
    endloop
  endfacet
  facet normal -9.951845e-01 -9.801846e-02  0.000000e+00
    outer loop
      vertex -1.542306e+01  3.123411e+01  2.300000e+00
      vertex -1.540000e+01  3.100000e+01  1.900000e+00
      vertex -1.540000e+01  3.100000e+01  2.300000e+00
    endloop
  endfacet
  facet normal -9.801846e-02  9.951845e-01  0.000000e+00
    outer loop
      vertex -1.660000e+01  2.980000e+01  1.900000e+00
      vertex -1.636589e+01  2.982306e+01  2.300000e+00
      vertex -1.636589e+01  2.982306e+01  1.900000e+00
    endloop
  endfacet
  facet normal -2.902833e-01  9.569408e-01  0.000000e+00
    outer loop
      vertex -1.636589e+01  2.982306e+01  1.900000e+00
      vertex -1.636589e+01  2.982306e+01  2.300000e+00
      vertex -1.614078e+01  2.989134e+01  2.300000e+00
    endloop
  endfacet
  facet normal -2.902833e-01  9.569408e-01  0.000000e+00
    outer loop
      vertex -1.636589e+01  2.982306e+01  1.900000e+00
      vertex -1.614078e+01  2.989134e+01  2.300000e+00
      vertex -1.614078e+01  2.989134e+01  1.900000e+00
    endloop
  endfacet
  facet normal -4.714011e-01  8.819189e-01  0.000000e+00
    outer loop
      vertex -1.614078e+01  2.989134e+01  1.900000e+00
      vertex -1.614078e+01  2.989134e+01  2.300000e+00
      vertex -1.593332e+01  3.000224e+01  2.300000e+00
    endloop
  endfacet
  facet normal -4.714011e-01  8.819189e-01  0.000000e+00
    outer loop
      vertex -1.614078e+01  2.989134e+01  1.900000e+00
      vertex -1.593332e+01  3.000224e+01  2.300000e+00
      vertex -1.593332e+01  3.000224e+01  1.900000e+00
    endloop
  endfacet
  facet normal -6.343919e-01  7.730116e-01  0.000000e+00
    outer loop
      vertex -1.593332e+01  3.000224e+01  1.900000e+00
      vertex -1.593332e+01  3.000224e+01  2.300000e+00
      vertex -1.575147e+01  3.015147e+01  2.300000e+00
    endloop
  endfacet
  facet normal -6.343919e-01  7.730116e-01  0.000000e+00
    outer loop
      vertex -1.593332e+01  3.000224e+01  1.900000e+00
      vertex -1.575147e+01  3.015147e+01  2.300000e+00
      vertex -1.575147e+01  3.015147e+01  1.900000e+00
    endloop
  endfacet
  facet normal -7.730100e-01  6.343939e-01  0.000000e+00
    outer loop
      vertex -1.575147e+01  3.015147e+01  1.900000e+00
      vertex -1.575147e+01  3.015147e+01  2.300000e+00
      vertex -1.560224e+01  3.033331e+01  2.300000e+00
    endloop
  endfacet
  facet normal -7.730100e-01  6.343939e-01  0.000000e+00
    outer loop
      vertex -1.575147e+01  3.015147e+01  1.900000e+00
      vertex -1.560224e+01  3.033331e+01  2.300000e+00
      vertex -1.560224e+01  3.033331e+01  1.900000e+00
    endloop
  endfacet
  facet normal -8.819206e-01  4.713979e-01  0.000000e+00
    outer loop
      vertex -1.560224e+01  3.033331e+01  1.900000e+00
      vertex -1.560224e+01  3.033331e+01  2.300000e+00
      vertex -1.549134e+01  3.054078e+01  2.300000e+00
    endloop
  endfacet
  facet normal -8.819206e-01  4.713979e-01  0.000000e+00
    outer loop
      vertex -1.560224e+01  3.033331e+01  1.900000e+00
      vertex -1.549134e+01  3.054078e+01  2.300000e+00
      vertex -1.549134e+01  3.054078e+01  1.900000e+00
    endloop
  endfacet
  facet normal -9.569408e-01  2.902833e-01  0.000000e+00
    outer loop
      vertex -1.549134e+01  3.054078e+01  1.900000e+00
      vertex -1.549134e+01  3.054078e+01  2.300000e+00
      vertex -1.542306e+01  3.076589e+01  2.300000e+00
    endloop
  endfacet
  facet normal -9.569408e-01  2.902833e-01  0.000000e+00
    outer loop
      vertex -1.549134e+01  3.054078e+01  1.900000e+00
      vertex -1.542306e+01  3.076589e+01  2.300000e+00
      vertex -1.542306e+01  3.076589e+01  1.900000e+00
    endloop
  endfacet
  facet normal -9.951845e-01  9.801846e-02  0.000000e+00
    outer loop
      vertex -1.542306e+01  3.076589e+01  1.900000e+00
      vertex -1.542306e+01  3.076589e+01  2.300000e+00
      vertex -1.540000e+01  3.100000e+01  2.300000e+00
    endloop
  endfacet
  facet normal -9.951845e-01  9.801846e-02  0.000000e+00
    outer loop
      vertex -1.542306e+01  3.076589e+01  1.900000e+00
      vertex -1.540000e+01  3.100000e+01  2.300000e+00
      vertex -1.540000e+01  3.100000e+01  1.900000e+00
    endloop
  endfacet
  facet normal -9.801846e-02  9.951845e-01  0.000000e+00
    outer loop
      vertex -1.636589e+01  2.982306e+01  2.300000e+00
      vertex -1.660000e+01  2.980000e+01  1.900000e+00
      vertex -1.660000e+01  2.980000e+01  2.300000e+00
    endloop
  endfacet
  facet normal  9.801846e-02  9.951845e-01  0.000000e+00
    outer loop
      vertex -1.660000e+01  2.980000e+01  2.300000e+00
      vertex -1.660000e+01  2.980000e+01  1.900000e+00
      vertex -1.683411e+01  2.982306e+01  1.900000e+00
    endloop
  endfacet
  facet normal  9.801846e-02  9.951845e-01  -0.000000e+00
    outer loop
      vertex -1.660000e+01  2.980000e+01  2.300000e+00
      vertex -1.683411e+01  2.982306e+01  1.900000e+00
      vertex -1.683411e+01  2.982306e+01  2.300000e+00
    endloop
  endfacet
  facet normal  2.902855e-01  9.569401e-01  0.000000e+00
    outer loop
      vertex -1.683411e+01  2.982306e+01  2.300000e+00
      vertex -1.683411e+01  2.982306e+01  1.900000e+00
      vertex -1.705922e+01  2.989134e+01  1.900000e+00
    endloop
  endfacet
  facet normal  2.902855e-01  9.569401e-01  -0.000000e+00
    outer loop
      vertex -1.683411e+01  2.982306e+01  2.300000e+00
      vertex -1.705922e+01  2.989134e+01  1.900000e+00
      vertex -1.705922e+01  2.989134e+01  2.300000e+00
    endloop
  endfacet
  facet normal  4.714011e-01  8.819189e-01  0.000000e+00
    outer loop
      vertex -1.705922e+01  2.989134e+01  2.300000e+00
      vertex -1.705922e+01  2.989134e+01  1.900000e+00
      vertex -1.726668e+01  3.000224e+01  1.900000e+00
    endloop
  endfacet
  facet normal  4.714011e-01  8.819189e-01  -0.000000e+00
    outer loop
      vertex -1.705922e+01  2.989134e+01  2.300000e+00
      vertex -1.726668e+01  3.000224e+01  1.900000e+00
      vertex -1.726668e+01  3.000224e+01  2.300000e+00
    endloop
  endfacet
  facet normal  6.343899e-01  7.730132e-01  0.000000e+00
    outer loop
      vertex -1.726668e+01  3.000224e+01  2.300000e+00
      vertex -1.726668e+01  3.000224e+01  1.900000e+00
      vertex -1.744853e+01  3.015147e+01  1.900000e+00
    endloop
  endfacet
  facet normal  6.343899e-01  7.730132e-01  -0.000000e+00
    outer loop
      vertex -1.726668e+01  3.000224e+01  2.300000e+00
      vertex -1.744853e+01  3.015147e+01  1.900000e+00
      vertex -1.744853e+01  3.015147e+01  2.300000e+00
    endloop
  endfacet
  facet normal  7.730100e-01  6.343939e-01  0.000000e+00
    outer loop
      vertex -1.744853e+01  3.015147e+01  2.300000e+00
      vertex -1.744853e+01  3.015147e+01  1.900000e+00
      vertex -1.759776e+01  3.033331e+01  1.900000e+00
    endloop
  endfacet
  facet normal  7.730100e-01  6.343939e-01  -0.000000e+00
    outer loop
      vertex -1.744853e+01  3.015147e+01  2.300000e+00
      vertex -1.759776e+01  3.033331e+01  1.900000e+00
      vertex -1.759776e+01  3.033331e+01  2.300000e+00
    endloop
  endfacet
  facet normal  8.819189e-01  4.714011e-01  0.000000e+00
    outer loop
      vertex -1.759776e+01  3.033331e+01  2.300000e+00
      vertex -1.759776e+01  3.033331e+01  1.900000e+00
      vertex -1.770866e+01  3.054078e+01  1.900000e+00
    endloop
  endfacet
  facet normal  8.819189e-01  4.714011e-01  -0.000000e+00
    outer loop
      vertex -1.759776e+01  3.033331e+01  2.300000e+00
      vertex -1.770866e+01  3.054078e+01  1.900000e+00
      vertex -1.770866e+01  3.054078e+01  2.300000e+00
    endloop
  endfacet
  facet normal  9.569408e-01  2.902833e-01  0.000000e+00
    outer loop
      vertex -1.770866e+01  3.054078e+01  2.300000e+00
      vertex -1.770866e+01  3.054078e+01  1.900000e+00
      vertex -1.777694e+01  3.076589e+01  1.900000e+00
    endloop
  endfacet
  facet normal  9.569408e-01  2.902833e-01  -0.000000e+00
    outer loop
      vertex -1.770866e+01  3.054078e+01  2.300000e+00
      vertex -1.777694e+01  3.076589e+01  1.900000e+00
      vertex -1.777694e+01  3.076589e+01  2.300000e+00
    endloop
  endfacet
  facet normal  9.951854e-01  9.801044e-02  0.000000e+00
    outer loop
      vertex -1.777694e+01  3.076589e+01  2.300000e+00
      vertex -1.777694e+01  3.076589e+01  1.900000e+00
      vertex -1.780000e+01  3.100000e+01  1.900000e+00
    endloop
  endfacet
  facet normal  9.951854e-01  9.801044e-02  -0.000000e+00
    outer loop
      vertex -1.777694e+01  3.076589e+01  2.300000e+00
      vertex -1.780000e+01  3.100000e+01  1.900000e+00
      vertex -1.780000e+01  3.100000e+01  2.300000e+00
    endloop
  endfacet
  facet normal  9.801688e-02 -9.951847e-01  0.000000e+00
    outer loop
      vertex -3.860000e+01 -1.940000e+01  1.900000e+00
      vertex -3.883411e+01 -1.942306e+01  2.300000e+00
      vertex -3.883411e+01 -1.942306e+01  1.900000e+00
    endloop
  endfacet
  facet normal  2.902878e-01 -9.569395e-01  0.000000e+00
    outer loop
      vertex -3.883411e+01 -1.942306e+01  1.900000e+00
      vertex -3.883411e+01 -1.942306e+01  2.300000e+00
      vertex -3.905922e+01 -1.949134e+01  2.300000e+00
    endloop
  endfacet
  facet normal  2.902878e-01 -9.569395e-01  0.000000e+00
    outer loop
      vertex -3.883411e+01 -1.942306e+01  1.900000e+00
      vertex -3.905922e+01 -1.949134e+01  2.300000e+00
      vertex -3.905922e+01 -1.949134e+01  1.900000e+00
    endloop
  endfacet
  facet normal  4.713914e-01 -8.819242e-01  0.000000e+00
    outer loop
      vertex -3.905922e+01 -1.949134e+01  1.900000e+00
      vertex -3.905922e+01 -1.949134e+01  2.300000e+00
      vertex -3.926669e+01 -1.960224e+01  2.300000e+00
    endloop
  endfacet
  facet normal  4.713914e-01 -8.819242e-01  0.000000e+00
    outer loop
      vertex -3.905922e+01 -1.949134e+01  1.900000e+00
      vertex -3.926669e+01 -1.960224e+01  2.300000e+00
      vertex -3.926669e+01 -1.960224e+01  1.900000e+00
    endloop
  endfacet
  facet normal  6.343987e-01 -7.730060e-01  0.000000e+00
    outer loop
      vertex -3.926669e+01 -1.960224e+01  1.900000e+00
      vertex -3.926669e+01 -1.960224e+01  2.300000e+00
      vertex -3.944853e+01 -1.975147e+01  2.300000e+00
    endloop
  endfacet
  facet normal  6.343987e-01 -7.730060e-01  0.000000e+00
    outer loop
      vertex -3.926669e+01 -1.960224e+01  1.900000e+00
      vertex -3.944853e+01 -1.975147e+01  2.300000e+00
      vertex -3.944853e+01 -1.975147e+01  1.900000e+00
    endloop
  endfacet
  facet normal  7.730100e-01 -6.343939e-01  0.000000e+00
    outer loop
      vertex -3.944853e+01 -1.975147e+01  1.900000e+00
      vertex -3.944853e+01 -1.975147e+01  2.300000e+00
      vertex -3.959776e+01 -1.993332e+01  2.300000e+00
    endloop
  endfacet
  facet normal  7.730100e-01 -6.343939e-01  0.000000e+00
    outer loop
      vertex -3.944853e+01 -1.975147e+01  1.900000e+00
      vertex -3.959776e+01 -1.993332e+01  2.300000e+00
      vertex -3.959776e+01 -1.993332e+01  1.900000e+00
    endloop
  endfacet
  facet normal  8.819189e-01 -4.714011e-01  0.000000e+00
    outer loop
      vertex -3.959776e+01 -1.993332e+01  1.900000e+00
      vertex -3.959776e+01 -1.993332e+01  2.300000e+00
      vertex -3.970866e+01 -2.014078e+01  2.300000e+00
    endloop
  endfacet
  facet normal  8.819189e-01 -4.714011e-01  0.000000e+00
    outer loop
      vertex -3.959776e+01 -1.993332e+01  1.900000e+00
      vertex -3.970866e+01 -2.014078e+01  2.300000e+00
      vertex -3.970866e+01 -2.014078e+01  1.900000e+00
    endloop
  endfacet
  facet normal  9.569408e-01 -2.902833e-01  0.000000e+00
    outer loop
      vertex -3.970866e+01 -2.014078e+01  1.900000e+00
      vertex -3.970866e+01 -2.014078e+01  2.300000e+00
      vertex -3.977694e+01 -2.036589e+01  2.300000e+00
    endloop
  endfacet
  facet normal  9.569408e-01 -2.902833e-01  0.000000e+00
    outer loop
      vertex -3.970866e+01 -2.014078e+01  1.900000e+00
      vertex -3.977694e+01 -2.036589e+01  2.300000e+00
      vertex -3.977694e+01 -2.036589e+01  1.900000e+00
    endloop
  endfacet
  facet normal  9.951854e-01 -9.801044e-02  0.000000e+00
    outer loop
      vertex -3.977694e+01 -2.036589e+01  1.900000e+00
      vertex -3.977694e+01 -2.036589e+01  2.300000e+00
      vertex -3.980000e+01 -2.060000e+01  2.300000e+00
    endloop
  endfacet
  facet normal  9.951854e-01 -9.801044e-02  0.000000e+00
    outer loop
      vertex -3.977694e+01 -2.036589e+01  1.900000e+00
      vertex -3.980000e+01 -2.060000e+01  2.300000e+00
      vertex -3.980000e+01 -2.060000e+01  1.900000e+00
    endloop
  endfacet
  facet normal  9.801688e-02 -9.951847e-01  0.000000e+00
    outer loop
      vertex -3.883411e+01 -1.942306e+01  2.300000e+00
      vertex -3.860000e+01 -1.940000e+01  1.900000e+00
      vertex -3.860000e+01 -1.940000e+01  2.300000e+00
    endloop
  endfacet
  facet normal -9.801846e-02 -9.951845e-01  -0.000000e+00
    outer loop
      vertex -3.860000e+01 -1.940000e+01  2.300000e+00
      vertex -3.860000e+01 -1.940000e+01  1.900000e+00
      vertex -3.836589e+01 -1.942306e+01  1.900000e+00
    endloop
  endfacet
  facet normal -9.801846e-02 -9.951845e-01  0.000000e+00
    outer loop
      vertex -3.860000e+01 -1.940000e+01  2.300000e+00
      vertex -3.836589e+01 -1.942306e+01  1.900000e+00
      vertex -3.836589e+01 -1.942306e+01  2.300000e+00
    endloop
  endfacet
  facet normal -2.902878e-01 -9.569395e-01  -0.000000e+00
    outer loop
      vertex -3.836589e+01 -1.942306e+01  2.300000e+00
      vertex -3.836589e+01 -1.942306e+01  1.900000e+00
      vertex -3.814078e+01 -1.949134e+01  1.900000e+00
    endloop
  endfacet
  facet normal -2.902878e-01 -9.569395e-01  0.000000e+00
    outer loop
      vertex -3.836589e+01 -1.942306e+01  2.300000e+00
      vertex -3.814078e+01 -1.949134e+01  1.900000e+00
      vertex -3.814078e+01 -1.949134e+01  2.300000e+00
    endloop
  endfacet
  facet normal -4.713914e-01 -8.819242e-01  -0.000000e+00
    outer loop
      vertex -3.814078e+01 -1.949134e+01  2.300000e+00
      vertex -3.814078e+01 -1.949134e+01  1.900000e+00
      vertex -3.793332e+01 -1.960224e+01  1.900000e+00
    endloop
  endfacet
  facet normal -4.713914e-01 -8.819242e-01  0.000000e+00
    outer loop
      vertex -3.814078e+01 -1.949134e+01  2.300000e+00
      vertex -3.793332e+01 -1.960224e+01  1.900000e+00
      vertex -3.793332e+01 -1.960224e+01  2.300000e+00
    endloop
  endfacet
  facet normal -6.343987e-01 -7.730060e-01  -0.000000e+00
    outer loop
      vertex -3.793332e+01 -1.960224e+01  2.300000e+00
      vertex -3.793332e+01 -1.960224e+01  1.900000e+00
      vertex -3.775147e+01 -1.975147e+01  1.900000e+00
    endloop
  endfacet
  facet normal -6.343987e-01 -7.730060e-01  0.000000e+00
    outer loop
      vertex -3.793332e+01 -1.960224e+01  2.300000e+00
      vertex -3.775147e+01 -1.975147e+01  1.900000e+00
      vertex -3.775147e+01 -1.975147e+01  2.300000e+00
    endloop
  endfacet
  facet normal -7.730100e-01 -6.343939e-01  -0.000000e+00
    outer loop
      vertex -3.775147e+01 -1.975147e+01  2.300000e+00
      vertex -3.775147e+01 -1.975147e+01  1.900000e+00
      vertex -3.760224e+01 -1.993332e+01  1.900000e+00
    endloop
  endfacet
  facet normal -7.730100e-01 -6.343939e-01  0.000000e+00
    outer loop
      vertex -3.775147e+01 -1.975147e+01  2.300000e+00
      vertex -3.760224e+01 -1.993332e+01  1.900000e+00
      vertex -3.760224e+01 -1.993332e+01  2.300000e+00
    endloop
  endfacet
  facet normal -8.819189e-01 -4.714011e-01  -0.000000e+00
    outer loop
      vertex -3.760224e+01 -1.993332e+01  2.300000e+00
      vertex -3.760224e+01 -1.993332e+01  1.900000e+00
      vertex -3.749134e+01 -2.014078e+01  1.900000e+00
    endloop
  endfacet
  facet normal -8.819189e-01 -4.714011e-01  0.000000e+00
    outer loop
      vertex -3.760224e+01 -1.993332e+01  2.300000e+00
      vertex -3.749134e+01 -2.014078e+01  1.900000e+00
      vertex -3.749134e+01 -2.014078e+01  2.300000e+00
    endloop
  endfacet
  facet normal -9.569408e-01 -2.902833e-01  -0.000000e+00
    outer loop
      vertex -3.749134e+01 -2.014078e+01  2.300000e+00
      vertex -3.749134e+01 -2.014078e+01  1.900000e+00
      vertex -3.742306e+01 -2.036589e+01  1.900000e+00
    endloop
  endfacet
  facet normal -9.569408e-01 -2.902833e-01  0.000000e+00
    outer loop
      vertex -3.749134e+01 -2.014078e+01  2.300000e+00
      vertex -3.742306e+01 -2.036589e+01  1.900000e+00
      vertex -3.742306e+01 -2.036589e+01  2.300000e+00
    endloop
  endfacet
  facet normal -9.951854e-01 -9.801044e-02  -0.000000e+00
    outer loop
      vertex -3.742306e+01 -2.036589e+01  2.300000e+00
      vertex -3.742306e+01 -2.036589e+01  1.900000e+00
      vertex -3.740000e+01 -2.060000e+01  1.900000e+00
    endloop
  endfacet
  facet normal -9.951854e-01 -9.801044e-02  0.000000e+00
    outer loop
      vertex -3.742306e+01 -2.036589e+01  2.300000e+00
      vertex -3.740000e+01 -2.060000e+01  1.900000e+00
      vertex -3.740000e+01 -2.060000e+01  2.300000e+00
    endloop
  endfacet
  facet normal -9.801044e-02  9.951854e-01  0.000000e+00
    outer loop
      vertex -3.860000e+01 -2.180000e+01  1.900000e+00
      vertex -3.836589e+01 -2.177694e+01  2.300000e+00
      vertex -3.836589e+01 -2.177694e+01  1.900000e+00
    endloop
  endfacet
  facet normal -2.902878e-01  9.569395e-01  0.000000e+00
    outer loop
      vertex -3.836589e+01 -2.177694e+01  1.900000e+00
      vertex -3.836589e+01 -2.177694e+01  2.300000e+00
      vertex -3.814078e+01 -2.170866e+01  2.300000e+00
    endloop
  endfacet
  facet normal -2.902878e-01  9.569395e-01  0.000000e+00
    outer loop
      vertex -3.836589e+01 -2.177694e+01  1.900000e+00
      vertex -3.814078e+01 -2.170866e+01  2.300000e+00
      vertex -3.814078e+01 -2.170866e+01  1.900000e+00
    endloop
  endfacet
  facet normal -4.713977e-01  8.819207e-01  0.000000e+00
    outer loop
      vertex -3.814078e+01 -2.170866e+01  1.900000e+00
      vertex -3.814078e+01 -2.170866e+01  2.300000e+00
      vertex -3.793332e+01 -2.159776e+01  2.300000e+00
    endloop
  endfacet
  facet normal -4.713977e-01  8.819207e-01  0.000000e+00
    outer loop
      vertex -3.814078e+01 -2.170866e+01  1.900000e+00
      vertex -3.793332e+01 -2.159776e+01  2.300000e+00
      vertex -3.793332e+01 -2.159776e+01  1.900000e+00
    endloop
  endfacet
  facet normal -6.343939e-01  7.730100e-01  0.000000e+00
    outer loop
      vertex -3.793332e+01 -2.159776e+01  1.900000e+00
      vertex -3.793332e+01 -2.159776e+01  2.300000e+00
      vertex -3.775147e+01 -2.144853e+01  2.300000e+00
    endloop
  endfacet
  facet normal -6.343939e-01  7.730100e-01  0.000000e+00
    outer loop
      vertex -3.793332e+01 -2.159776e+01  1.900000e+00
      vertex -3.775147e+01 -2.144853e+01  2.300000e+00
      vertex -3.775147e+01 -2.144853e+01  1.900000e+00
    endloop
  endfacet
  facet normal -7.730132e-01  6.343899e-01  0.000000e+00
    outer loop
      vertex -3.775147e+01 -2.144853e+01  1.900000e+00
      vertex -3.775147e+01 -2.144853e+01  2.300000e+00
      vertex -3.760224e+01 -2.126668e+01  2.300000e+00
    endloop
  endfacet
  facet normal -7.730132e-01  6.343899e-01  0.000000e+00
    outer loop
      vertex -3.775147e+01 -2.144853e+01  1.900000e+00
      vertex -3.760224e+01 -2.126668e+01  2.300000e+00
      vertex -3.760224e+01 -2.126668e+01  1.900000e+00
    endloop
  endfacet
  facet normal -8.819189e-01  4.714011e-01  0.000000e+00
    outer loop
      vertex -3.760224e+01 -2.126668e+01  1.900000e+00
      vertex -3.760224e+01 -2.126668e+01  2.300000e+00
      vertex -3.749134e+01 -2.105922e+01  2.300000e+00
    endloop
  endfacet
  facet normal -8.819189e-01  4.714011e-01  0.000000e+00
    outer loop
      vertex -3.760224e+01 -2.126668e+01  1.900000e+00
      vertex -3.749134e+01 -2.105922e+01  2.300000e+00
      vertex -3.749134e+01 -2.105922e+01  1.900000e+00
    endloop
  endfacet
  facet normal -9.569401e-01  2.902855e-01  0.000000e+00
    outer loop
      vertex -3.749134e+01 -2.105922e+01  1.900000e+00
      vertex -3.749134e+01 -2.105922e+01  2.300000e+00
      vertex -3.742306e+01 -2.083411e+01  2.300000e+00
    endloop
  endfacet
  facet normal -9.569401e-01  2.902855e-01  0.000000e+00
    outer loop
      vertex -3.749134e+01 -2.105922e+01  1.900000e+00
      vertex -3.742306e+01 -2.083411e+01  2.300000e+00
      vertex -3.742306e+01 -2.083411e+01  1.900000e+00
    endloop
  endfacet
  facet normal -9.951854e-01  9.801044e-02  0.000000e+00
    outer loop
      vertex -3.742306e+01 -2.083411e+01  1.900000e+00
      vertex -3.742306e+01 -2.083411e+01  2.300000e+00
      vertex -3.740000e+01 -2.060000e+01  2.300000e+00
    endloop
  endfacet
  facet normal -9.951854e-01  9.801044e-02  0.000000e+00
    outer loop
      vertex -3.742306e+01 -2.083411e+01  1.900000e+00
      vertex -3.740000e+01 -2.060000e+01  2.300000e+00
      vertex -3.740000e+01 -2.060000e+01  1.900000e+00
    endloop
  endfacet
  facet normal -9.801044e-02  9.951854e-01  0.000000e+00
    outer loop
      vertex -3.836589e+01 -2.177694e+01  2.300000e+00
      vertex -3.860000e+01 -2.180000e+01  1.900000e+00
      vertex -3.860000e+01 -2.180000e+01  2.300000e+00
    endloop
  endfacet
  facet normal  9.800886e-02  9.951855e-01  0.000000e+00
    outer loop
      vertex -3.860000e+01 -2.180000e+01  2.300000e+00
      vertex -3.860000e+01 -2.180000e+01  1.900000e+00
      vertex -3.883411e+01 -2.177694e+01  1.900000e+00
    endloop
  endfacet
  facet normal  9.800886e-02  9.951855e-01  -0.000000e+00
    outer loop
      vertex -3.860000e+01 -2.180000e+01  2.300000e+00
      vertex -3.883411e+01 -2.177694e+01  1.900000e+00
      vertex -3.883411e+01 -2.177694e+01  2.300000e+00
    endloop
  endfacet
  facet normal  2.902878e-01  9.569395e-01  0.000000e+00
    outer loop
      vertex -3.883411e+01 -2.177694e+01  2.300000e+00
      vertex -3.883411e+01 -2.177694e+01  1.900000e+00
      vertex -3.905922e+01 -2.170866e+01  1.900000e+00
    endloop
  endfacet
  facet normal  2.902878e-01  9.569395e-01  -0.000000e+00
    outer loop
      vertex -3.883411e+01 -2.177694e+01  2.300000e+00
      vertex -3.905922e+01 -2.170866e+01  1.900000e+00
      vertex -3.905922e+01 -2.170866e+01  2.300000e+00
    endloop
  endfacet
  facet normal  4.713977e-01  8.819207e-01  0.000000e+00
    outer loop
      vertex -3.905922e+01 -2.170866e+01  2.300000e+00
      vertex -3.905922e+01 -2.170866e+01  1.900000e+00
      vertex -3.926669e+01 -2.159776e+01  1.900000e+00
    endloop
  endfacet
  facet normal  4.713977e-01  8.819207e-01  -0.000000e+00
    outer loop
      vertex -3.905922e+01 -2.170866e+01  2.300000e+00
      vertex -3.926669e+01 -2.159776e+01  1.900000e+00
      vertex -3.926669e+01 -2.159776e+01  2.300000e+00
    endloop
  endfacet
  facet normal  6.343939e-01  7.730100e-01  0.000000e+00
    outer loop
      vertex -3.926669e+01 -2.159776e+01  2.300000e+00
      vertex -3.926669e+01 -2.159776e+01  1.900000e+00
      vertex -3.944853e+01 -2.144853e+01  1.900000e+00
    endloop
  endfacet
  facet normal  6.343939e-01  7.730100e-01  -0.000000e+00
    outer loop
      vertex -3.926669e+01 -2.159776e+01  2.300000e+00
      vertex -3.944853e+01 -2.144853e+01  1.900000e+00
      vertex -3.944853e+01 -2.144853e+01  2.300000e+00
    endloop
  endfacet
  facet normal  7.730132e-01  6.343899e-01  0.000000e+00
    outer loop
      vertex -3.944853e+01 -2.144853e+01  2.300000e+00
      vertex -3.944853e+01 -2.144853e+01  1.900000e+00
      vertex -3.959776e+01 -2.126668e+01  1.900000e+00
    endloop
  endfacet
  facet normal  7.730132e-01  6.343899e-01  -0.000000e+00
    outer loop
      vertex -3.944853e+01 -2.144853e+01  2.300000e+00
      vertex -3.959776e+01 -2.126668e+01  1.900000e+00
      vertex -3.959776e+01 -2.126668e+01  2.300000e+00
    endloop
  endfacet
  facet normal  8.819189e-01  4.714011e-01  0.000000e+00
    outer loop
      vertex -3.959776e+01 -2.126668e+01  2.300000e+00
      vertex -3.959776e+01 -2.126668e+01  1.900000e+00
      vertex -3.970866e+01 -2.105922e+01  1.900000e+00
    endloop
  endfacet
  facet normal  8.819189e-01  4.714011e-01  -0.000000e+00
    outer loop
      vertex -3.959776e+01 -2.126668e+01  2.300000e+00
      vertex -3.970866e+01 -2.105922e+01  1.900000e+00
      vertex -3.970866e+01 -2.105922e+01  2.300000e+00
    endloop
  endfacet
  facet normal  9.569401e-01  2.902855e-01  0.000000e+00
    outer loop
      vertex -3.970866e+01 -2.105922e+01  2.300000e+00
      vertex -3.970866e+01 -2.105922e+01  1.900000e+00
      vertex -3.977694e+01 -2.083411e+01  1.900000e+00
    endloop
  endfacet
  facet normal  9.569401e-01  2.902855e-01  -0.000000e+00
    outer loop
      vertex -3.970866e+01 -2.105922e+01  2.300000e+00
      vertex -3.977694e+01 -2.083411e+01  1.900000e+00
      vertex -3.977694e+01 -2.083411e+01  2.300000e+00
    endloop
  endfacet
  facet normal  9.951854e-01  9.801044e-02  0.000000e+00
    outer loop
      vertex -3.977694e+01 -2.083411e+01  2.300000e+00
      vertex -3.977694e+01 -2.083411e+01  1.900000e+00
      vertex -3.980000e+01 -2.060000e+01  1.900000e+00
    endloop
  endfacet
  facet normal  9.951854e-01  9.801044e-02  -0.000000e+00
    outer loop
      vertex -3.977694e+01 -2.083411e+01  2.300000e+00
      vertex -3.980000e+01 -2.060000e+01  1.900000e+00
      vertex -3.980000e+01 -2.060000e+01  2.300000e+00
    endloop
  endfacet
  facet normal  9.801846e-02 -9.951845e-01  0.000000e+00
    outer loop
      vertex  3.860000e+01 -1.940000e+01  1.900000e+00
      vertex  3.836589e+01 -1.942306e+01  2.300000e+00
      vertex  3.836589e+01 -1.942306e+01  1.900000e+00
    endloop
  endfacet
  facet normal  2.902878e-01 -9.569395e-01  0.000000e+00
    outer loop
      vertex  3.836589e+01 -1.942306e+01  1.900000e+00
      vertex  3.836589e+01 -1.942306e+01  2.300000e+00
      vertex  3.814078e+01 -1.949134e+01  2.300000e+00
    endloop
  endfacet
  facet normal  2.902878e-01 -9.569395e-01  0.000000e+00
    outer loop
      vertex  3.836589e+01 -1.942306e+01  1.900000e+00
      vertex  3.814078e+01 -1.949134e+01  2.300000e+00
      vertex  3.814078e+01 -1.949134e+01  1.900000e+00
    endloop
  endfacet
  facet normal  4.713914e-01 -8.819242e-01  0.000000e+00
    outer loop
      vertex  3.814078e+01 -1.949134e+01  1.900000e+00
      vertex  3.814078e+01 -1.949134e+01  2.300000e+00
      vertex  3.793332e+01 -1.960224e+01  2.300000e+00
    endloop
  endfacet
  facet normal  4.713914e-01 -8.819242e-01  0.000000e+00
    outer loop
      vertex  3.814078e+01 -1.949134e+01  1.900000e+00
      vertex  3.793332e+01 -1.960224e+01  2.300000e+00
      vertex  3.793332e+01 -1.960224e+01  1.900000e+00
    endloop
  endfacet
  facet normal  6.343987e-01 -7.730060e-01  0.000000e+00
    outer loop
      vertex  3.793332e+01 -1.960224e+01  1.900000e+00
      vertex  3.793332e+01 -1.960224e+01  2.300000e+00
      vertex  3.775147e+01 -1.975147e+01  2.300000e+00
    endloop
  endfacet
  facet normal  6.343987e-01 -7.730060e-01  0.000000e+00
    outer loop
      vertex  3.793332e+01 -1.960224e+01  1.900000e+00
      vertex  3.775147e+01 -1.975147e+01  2.300000e+00
      vertex  3.775147e+01 -1.975147e+01  1.900000e+00
    endloop
  endfacet
  facet normal  7.730100e-01 -6.343939e-01  0.000000e+00
    outer loop
      vertex  3.775147e+01 -1.975147e+01  1.900000e+00
      vertex  3.775147e+01 -1.975147e+01  2.300000e+00
      vertex  3.760224e+01 -1.993332e+01  2.300000e+00
    endloop
  endfacet
  facet normal  7.730100e-01 -6.343939e-01  0.000000e+00
    outer loop
      vertex  3.775147e+01 -1.975147e+01  1.900000e+00
      vertex  3.760224e+01 -1.993332e+01  2.300000e+00
      vertex  3.760224e+01 -1.993332e+01  1.900000e+00
    endloop
  endfacet
  facet normal  8.819189e-01 -4.714011e-01  0.000000e+00
    outer loop
      vertex  3.760224e+01 -1.993332e+01  1.900000e+00
      vertex  3.760224e+01 -1.993332e+01  2.300000e+00
      vertex  3.749134e+01 -2.014078e+01  2.300000e+00
    endloop
  endfacet
  facet normal  8.819189e-01 -4.714011e-01  0.000000e+00
    outer loop
      vertex  3.760224e+01 -1.993332e+01  1.900000e+00
      vertex  3.749134e+01 -2.014078e+01  2.300000e+00
      vertex  3.749134e+01 -2.014078e+01  1.900000e+00
    endloop
  endfacet
  facet normal  9.569408e-01 -2.902833e-01  0.000000e+00
    outer loop
      vertex  3.749134e+01 -2.014078e+01  1.900000e+00
      vertex  3.749134e+01 -2.014078e+01  2.300000e+00
      vertex  3.742306e+01 -2.036589e+01  2.300000e+00
    endloop
  endfacet
  facet normal  9.569408e-01 -2.902833e-01  0.000000e+00
    outer loop
      vertex  3.749134e+01 -2.014078e+01  1.900000e+00
      vertex  3.742306e+01 -2.036589e+01  2.300000e+00
      vertex  3.742306e+01 -2.036589e+01  1.900000e+00
    endloop
  endfacet
  facet normal  9.951854e-01 -9.801044e-02  0.000000e+00
    outer loop
      vertex  3.742306e+01 -2.036589e+01  1.900000e+00
      vertex  3.742306e+01 -2.036589e+01  2.300000e+00
      vertex  3.740000e+01 -2.060000e+01  2.300000e+00
    endloop
  endfacet
  facet normal  9.951854e-01 -9.801044e-02  0.000000e+00
    outer loop
      vertex  3.742306e+01 -2.036589e+01  1.900000e+00
      vertex  3.740000e+01 -2.060000e+01  2.300000e+00
      vertex  3.740000e+01 -2.060000e+01  1.900000e+00
    endloop
  endfacet
  facet normal  9.801846e-02 -9.951845e-01  0.000000e+00
    outer loop
      vertex  3.836589e+01 -1.942306e+01  2.300000e+00
      vertex  3.860000e+01 -1.940000e+01  1.900000e+00
      vertex  3.860000e+01 -1.940000e+01  2.300000e+00
    endloop
  endfacet
  facet normal -9.801688e-02 -9.951847e-01  -0.000000e+00
    outer loop
      vertex  3.860000e+01 -1.940000e+01  2.300000e+00
      vertex  3.860000e+01 -1.940000e+01  1.900000e+00
      vertex  3.883411e+01 -1.942306e+01  1.900000e+00
    endloop
  endfacet
  facet normal -9.801688e-02 -9.951847e-01  0.000000e+00
    outer loop
      vertex  3.860000e+01 -1.940000e+01  2.300000e+00
      vertex  3.883411e+01 -1.942306e+01  1.900000e+00
      vertex  3.883411e+01 -1.942306e+01  2.300000e+00
    endloop
  endfacet
  facet normal -2.902878e-01 -9.569395e-01  -0.000000e+00
    outer loop
      vertex  3.883411e+01 -1.942306e+01  2.300000e+00
      vertex  3.883411e+01 -1.942306e+01  1.900000e+00
      vertex  3.905922e+01 -1.949134e+01  1.900000e+00
    endloop
  endfacet
  facet normal -2.902878e-01 -9.569395e-01  0.000000e+00
    outer loop
      vertex  3.883411e+01 -1.942306e+01  2.300000e+00
      vertex  3.905922e+01 -1.949134e+01  1.900000e+00
      vertex  3.905922e+01 -1.949134e+01  2.300000e+00
    endloop
  endfacet
  facet normal -4.713914e-01 -8.819242e-01  -0.000000e+00
    outer loop
      vertex  3.905922e+01 -1.949134e+01  2.300000e+00
      vertex  3.905922e+01 -1.949134e+01  1.900000e+00
      vertex  3.926669e+01 -1.960224e+01  1.900000e+00
    endloop
  endfacet
  facet normal -4.713914e-01 -8.819242e-01  0.000000e+00
    outer loop
      vertex  3.905922e+01 -1.949134e+01  2.300000e+00
      vertex  3.926669e+01 -1.960224e+01  1.900000e+00
      vertex  3.926669e+01 -1.960224e+01  2.300000e+00
    endloop
  endfacet
  facet normal -6.343987e-01 -7.730060e-01  -0.000000e+00
    outer loop
      vertex  3.926669e+01 -1.960224e+01  2.300000e+00
      vertex  3.926669e+01 -1.960224e+01  1.900000e+00
      vertex  3.944853e+01 -1.975147e+01  1.900000e+00
    endloop
  endfacet
  facet normal -6.343987e-01 -7.730060e-01  0.000000e+00
    outer loop
      vertex  3.926669e+01 -1.960224e+01  2.300000e+00
      vertex  3.944853e+01 -1.975147e+01  1.900000e+00
      vertex  3.944853e+01 -1.975147e+01  2.300000e+00
    endloop
  endfacet
  facet normal -7.730100e-01 -6.343939e-01  -0.000000e+00
    outer loop
      vertex  3.944853e+01 -1.975147e+01  2.300000e+00
      vertex  3.944853e+01 -1.975147e+01  1.900000e+00
      vertex  3.959776e+01 -1.993332e+01  1.900000e+00
    endloop
  endfacet
  facet normal -7.730100e-01 -6.343939e-01  0.000000e+00
    outer loop
      vertex  3.944853e+01 -1.975147e+01  2.300000e+00
      vertex  3.959776e+01 -1.993332e+01  1.900000e+00
      vertex  3.959776e+01 -1.993332e+01  2.300000e+00
    endloop
  endfacet
  facet normal -8.819189e-01 -4.714011e-01  -0.000000e+00
    outer loop
      vertex  3.959776e+01 -1.993332e+01  2.300000e+00
      vertex  3.959776e+01 -1.993332e+01  1.900000e+00
      vertex  3.970866e+01 -2.014078e+01  1.900000e+00
    endloop
  endfacet
  facet normal -8.819189e-01 -4.714011e-01  0.000000e+00
    outer loop
      vertex  3.959776e+01 -1.993332e+01  2.300000e+00
      vertex  3.970866e+01 -2.014078e+01  1.900000e+00
      vertex  3.970866e+01 -2.014078e+01  2.300000e+00
    endloop
  endfacet
  facet normal -9.569408e-01 -2.902833e-01  -0.000000e+00
    outer loop
      vertex  3.970866e+01 -2.014078e+01  2.300000e+00
      vertex  3.970866e+01 -2.014078e+01  1.900000e+00
      vertex  3.977694e+01 -2.036589e+01  1.900000e+00
    endloop
  endfacet
  facet normal -9.569408e-01 -2.902833e-01  0.000000e+00
    outer loop
      vertex  3.970866e+01 -2.014078e+01  2.300000e+00
      vertex  3.977694e+01 -2.036589e+01  1.900000e+00
      vertex  3.977694e+01 -2.036589e+01  2.300000e+00
    endloop
  endfacet
  facet normal -9.951854e-01 -9.801044e-02  -0.000000e+00
    outer loop
      vertex  3.977694e+01 -2.036589e+01  2.300000e+00
      vertex  3.977694e+01 -2.036589e+01  1.900000e+00
      vertex  3.980000e+01 -2.060000e+01  1.900000e+00
    endloop
  endfacet
  facet normal -9.951854e-01 -9.801044e-02  0.000000e+00
    outer loop
      vertex  3.977694e+01 -2.036589e+01  2.300000e+00
      vertex  3.980000e+01 -2.060000e+01  1.900000e+00
      vertex  3.980000e+01 -2.060000e+01  2.300000e+00
    endloop
  endfacet
  facet normal -9.800886e-02  9.951855e-01  0.000000e+00
    outer loop
      vertex  3.860000e+01 -2.180000e+01  1.900000e+00
      vertex  3.883411e+01 -2.177694e+01  2.300000e+00
      vertex  3.883411e+01 -2.177694e+01  1.900000e+00
    endloop
  endfacet
  facet normal -2.902878e-01  9.569395e-01  0.000000e+00
    outer loop
      vertex  3.883411e+01 -2.177694e+01  1.900000e+00
      vertex  3.883411e+01 -2.177694e+01  2.300000e+00
      vertex  3.905922e+01 -2.170866e+01  2.300000e+00
    endloop
  endfacet
  facet normal -2.902878e-01  9.569395e-01  0.000000e+00
    outer loop
      vertex  3.883411e+01 -2.177694e+01  1.900000e+00
      vertex  3.905922e+01 -2.170866e+01  2.300000e+00
      vertex  3.905922e+01 -2.170866e+01  1.900000e+00
    endloop
  endfacet
  facet normal -4.713977e-01  8.819207e-01  0.000000e+00
    outer loop
      vertex  3.905922e+01 -2.170866e+01  1.900000e+00
      vertex  3.905922e+01 -2.170866e+01  2.300000e+00
      vertex  3.926669e+01 -2.159776e+01  2.300000e+00
    endloop
  endfacet
  facet normal -4.713977e-01  8.819207e-01  0.000000e+00
    outer loop
      vertex  3.905922e+01 -2.170866e+01  1.900000e+00
      vertex  3.926669e+01 -2.159776e+01  2.300000e+00
      vertex  3.926669e+01 -2.159776e+01  1.900000e+00
    endloop
  endfacet
  facet normal -6.343939e-01  7.730100e-01  0.000000e+00
    outer loop
      vertex  3.926669e+01 -2.159776e+01  1.900000e+00
      vertex  3.926669e+01 -2.159776e+01  2.300000e+00
      vertex  3.944853e+01 -2.144853e+01  2.300000e+00
    endloop
  endfacet
  facet normal -6.343939e-01  7.730100e-01  0.000000e+00
    outer loop
      vertex  3.926669e+01 -2.159776e+01  1.900000e+00
      vertex  3.944853e+01 -2.144853e+01  2.300000e+00
      vertex  3.944853e+01 -2.144853e+01  1.900000e+00
    endloop
  endfacet
  facet normal -7.730132e-01  6.343899e-01  0.000000e+00
    outer loop
      vertex  3.944853e+01 -2.144853e+01  1.900000e+00
      vertex  3.944853e+01 -2.144853e+01  2.300000e+00
      vertex  3.959776e+01 -2.126668e+01  2.300000e+00
    endloop
  endfacet
  facet normal -7.730132e-01  6.343899e-01  0.000000e+00
    outer loop
      vertex  3.944853e+01 -2.144853e+01  1.900000e+00
      vertex  3.959776e+01 -2.126668e+01  2.300000e+00
      vertex  3.959776e+01 -2.126668e+01  1.900000e+00
    endloop
  endfacet
  facet normal -8.819189e-01  4.714011e-01  0.000000e+00
    outer loop
      vertex  3.959776e+01 -2.126668e+01  1.900000e+00
      vertex  3.959776e+01 -2.126668e+01  2.300000e+00
      vertex  3.970866e+01 -2.105922e+01  2.300000e+00
    endloop
  endfacet
  facet normal -8.819189e-01  4.714011e-01  0.000000e+00
    outer loop
      vertex  3.959776e+01 -2.126668e+01  1.900000e+00
      vertex  3.970866e+01 -2.105922e+01  2.300000e+00
      vertex  3.970866e+01 -2.105922e+01  1.900000e+00
    endloop
  endfacet
  facet normal -9.569401e-01  2.902855e-01  0.000000e+00
    outer loop
      vertex  3.970866e+01 -2.105922e+01  1.900000e+00
      vertex  3.970866e+01 -2.105922e+01  2.300000e+00
      vertex  3.977694e+01 -2.083411e+01  2.300000e+00
    endloop
  endfacet
  facet normal -9.569401e-01  2.902855e-01  0.000000e+00
    outer loop
      vertex  3.970866e+01 -2.105922e+01  1.900000e+00
      vertex  3.977694e+01 -2.083411e+01  2.300000e+00
      vertex  3.977694e+01 -2.083411e+01  1.900000e+00
    endloop
  endfacet
  facet normal -9.951854e-01  9.801044e-02  0.000000e+00
    outer loop
      vertex  3.977694e+01 -2.083411e+01  1.900000e+00
      vertex  3.977694e+01 -2.083411e+01  2.300000e+00
      vertex  3.980000e+01 -2.060000e+01  2.300000e+00
    endloop
  endfacet
  facet normal -9.951854e-01  9.801044e-02  0.000000e+00
    outer loop
      vertex  3.977694e+01 -2.083411e+01  1.900000e+00
      vertex  3.980000e+01 -2.060000e+01  2.300000e+00
      vertex  3.980000e+01 -2.060000e+01  1.900000e+00
    endloop
  endfacet
  facet normal -9.800886e-02  9.951855e-01  0.000000e+00
    outer loop
      vertex  3.883411e+01 -2.177694e+01  2.300000e+00
      vertex  3.860000e+01 -2.180000e+01  1.900000e+00
      vertex  3.860000e+01 -2.180000e+01  2.300000e+00
    endloop
  endfacet
  facet normal  9.801044e-02  9.951854e-01  0.000000e+00
    outer loop
      vertex  3.860000e+01 -2.180000e+01  2.300000e+00
      vertex  3.860000e+01 -2.180000e+01  1.900000e+00
      vertex  3.836589e+01 -2.177694e+01  1.900000e+00
    endloop
  endfacet
  facet normal  9.801044e-02  9.951854e-01  -0.000000e+00
    outer loop
      vertex  3.860000e+01 -2.180000e+01  2.300000e+00
      vertex  3.836589e+01 -2.177694e+01  1.900000e+00
      vertex  3.836589e+01 -2.177694e+01  2.300000e+00
    endloop
  endfacet
  facet normal  2.902878e-01  9.569395e-01  0.000000e+00
    outer loop
      vertex  3.836589e+01 -2.177694e+01  2.300000e+00
      vertex  3.836589e+01 -2.177694e+01  1.900000e+00
      vertex  3.814078e+01 -2.170866e+01  1.900000e+00
    endloop
  endfacet
  facet normal  2.902878e-01  9.569395e-01  -0.000000e+00
    outer loop
      vertex  3.836589e+01 -2.177694e+01  2.300000e+00
      vertex  3.814078e+01 -2.170866e+01  1.900000e+00
      vertex  3.814078e+01 -2.170866e+01  2.300000e+00
    endloop
  endfacet
  facet normal  4.713977e-01  8.819207e-01  0.000000e+00
    outer loop
      vertex  3.814078e+01 -2.170866e+01  2.300000e+00
      vertex  3.814078e+01 -2.170866e+01  1.900000e+00
      vertex  3.793332e+01 -2.159776e+01  1.900000e+00
    endloop
  endfacet
  facet normal  4.713977e-01  8.819207e-01  -0.000000e+00
    outer loop
      vertex  3.814078e+01 -2.170866e+01  2.300000e+00
      vertex  3.793332e+01 -2.159776e+01  1.900000e+00
      vertex  3.793332e+01 -2.159776e+01  2.300000e+00
    endloop
  endfacet
  facet normal  6.343939e-01  7.730100e-01  0.000000e+00
    outer loop
      vertex  3.793332e+01 -2.159776e+01  2.300000e+00
      vertex  3.793332e+01 -2.159776e+01  1.900000e+00
      vertex  3.775147e+01 -2.144853e+01  1.900000e+00
    endloop
  endfacet
  facet normal  6.343939e-01  7.730100e-01  -0.000000e+00
    outer loop
      vertex  3.793332e+01 -2.159776e+01  2.300000e+00
      vertex  3.775147e+01 -2.144853e+01  1.900000e+00
      vertex  3.775147e+01 -2.144853e+01  2.300000e+00
    endloop
  endfacet
  facet normal  7.730132e-01  6.343899e-01  0.000000e+00
    outer loop
      vertex  3.775147e+01 -2.144853e+01  2.300000e+00
      vertex  3.775147e+01 -2.144853e+01  1.900000e+00
      vertex  3.760224e+01 -2.126668e+01  1.900000e+00
    endloop
  endfacet
  facet normal  7.730132e-01  6.343899e-01  -0.000000e+00
    outer loop
      vertex  3.775147e+01 -2.144853e+01  2.300000e+00
      vertex  3.760224e+01 -2.126668e+01  1.900000e+00
      vertex  3.760224e+01 -2.126668e+01  2.300000e+00
    endloop
  endfacet
  facet normal  8.819189e-01  4.714011e-01  0.000000e+00
    outer loop
      vertex  3.760224e+01 -2.126668e+01  2.300000e+00
      vertex  3.760224e+01 -2.126668e+01  1.900000e+00
      vertex  3.749134e+01 -2.105922e+01  1.900000e+00
    endloop
  endfacet
  facet normal  8.819189e-01  4.714011e-01  -0.000000e+00
    outer loop
      vertex  3.760224e+01 -2.126668e+01  2.300000e+00
      vertex  3.749134e+01 -2.105922e+01  1.900000e+00
      vertex  3.749134e+01 -2.105922e+01  2.300000e+00
    endloop
  endfacet
  facet normal  9.569401e-01  2.902855e-01  0.000000e+00
    outer loop
      vertex  3.749134e+01 -2.105922e+01  2.300000e+00
      vertex  3.749134e+01 -2.105922e+01  1.900000e+00
      vertex  3.742306e+01 -2.083411e+01  1.900000e+00
    endloop
  endfacet
  facet normal  9.569401e-01  2.902855e-01  -0.000000e+00
    outer loop
      vertex  3.749134e+01 -2.105922e+01  2.300000e+00
      vertex  3.742306e+01 -2.083411e+01  1.900000e+00
      vertex  3.742306e+01 -2.083411e+01  2.300000e+00
    endloop
  endfacet
  facet normal  9.951854e-01  9.801044e-02  0.000000e+00
    outer loop
      vertex  3.742306e+01 -2.083411e+01  2.300000e+00
      vertex  3.742306e+01 -2.083411e+01  1.900000e+00
      vertex  3.740000e+01 -2.060000e+01  1.900000e+00
    endloop
  endfacet
  facet normal  9.951854e-01  9.801044e-02  -0.000000e+00
    outer loop
      vertex  3.742306e+01 -2.083411e+01  2.300000e+00
      vertex  3.740000e+01 -2.060000e+01  1.900000e+00
      vertex  3.740000e+01 -2.060000e+01  2.300000e+00
    endloop
  endfacet
  facet normal  1.000000e+00  0.000000e+00  0.000000e+00
    outer loop
      vertex -2.170000e+01  2.290000e+01  3.800000e+00
      vertex -2.170000e+01  2.290000e+01  8.000000e-01
      vertex -2.170000e+01  2.370000e+01  3.800000e+00
    endloop
  endfacet
  facet normal  1.000000e+00  0.000000e+00  0.000000e+00
    outer loop
      vertex -2.170000e+01  2.370000e+01  3.800000e+00
      vertex -2.170000e+01  2.290000e+01  8.000000e-01
      vertex -2.170000e+01  2.370000e+01  2.300000e+00
    endloop
  endfacet
  facet normal  1.000000e+00  0.000000e+00  0.000000e+00
    outer loop
      vertex -2.170000e+01  2.290000e+01  8.000000e-01
      vertex -2.170000e+01  2.590000e+01  8.000000e-01
      vertex -2.170000e+01  2.370000e+01  2.300000e+00
    endloop
  endfacet
  facet normal  1.000000e+00  -0.000000e+00  0.000000e+00
    outer loop
      vertex -2.170000e+01  2.370000e+01  2.300000e+00
      vertex -2.170000e+01  2.590000e+01  8.000000e-01
      vertex -2.170000e+01  2.590000e+01  2.300000e+00
    endloop
  endfacet
  facet normal  0.000000e+00 -1.000000e+00  0.000000e+00
    outer loop
      vertex -2.170000e+01  2.590000e+01  3.800000e+00
      vertex -2.170000e+01  2.590000e+01  2.300000e+00
      vertex -2.090000e+01  2.590000e+01  3.800000e+00
    endloop
  endfacet
  facet normal  0.000000e+00 -1.000000e+00  0.000000e+00
    outer loop
      vertex -2.090000e+01  2.590000e+01  3.800000e+00
      vertex -2.170000e+01  2.590000e+01  2.300000e+00
      vertex -2.170000e+01  2.590000e+01  8.000000e-01
    endloop
  endfacet
  facet normal  0.000000e+00 -1.000000e+00  0.000000e+00
    outer loop
      vertex -2.090000e+01  2.590000e+01  3.800000e+00
      vertex -2.170000e+01  2.590000e+01  8.000000e-01
      vertex -2.090000e+01  2.590000e+01  8.000000e-01
    endloop
  endfacet
  facet normal  0.000000e+00  0.000000e+00  1.000000e+00
    outer loop
      vertex -2.170000e+01  2.590000e+01  3.800000e+00
      vertex -2.090000e+01  2.590000e+01  3.800000e+00
      vertex -2.170000e+01  2.860000e+01  3.800000e+00
    endloop
  endfacet
  facet normal  -0.000000e+00  0.000000e+00  1.000000e+00
    outer loop
      vertex -2.170000e+01  2.860000e+01  3.800000e+00
      vertex -2.090000e+01  2.590000e+01  3.800000e+00
      vertex -2.090000e+01  2.860000e+01  3.800000e+00
    endloop
  endfacet
  facet normal -1.000000e+00  0.000000e+00  0.000000e+00
    outer loop
      vertex -2.170000e+01  2.860000e+01  3.800000e+00
      vertex -2.170000e+01  2.860000e+01  2.300000e+00
      vertex -2.170000e+01  2.590000e+01  3.800000e+00
    endloop
  endfacet
  facet normal -1.000000e+00  0.000000e+00  0.000000e+00
    outer loop
      vertex -2.170000e+01  2.590000e+01  3.800000e+00
      vertex -2.170000e+01  2.860000e+01  2.300000e+00
      vertex -2.170000e+01  2.590000e+01  2.300000e+00
    endloop
  endfacet
  facet normal  1.000000e+00  -0.000000e+00  0.000000e+00
    outer loop
      vertex -2.090000e+01  2.860000e+01  3.800000e+00
      vertex -2.090000e+01  2.590000e+01  3.800000e+00
      vertex -2.090000e+01  2.860000e+01  2.300000e+00
    endloop
  endfacet
  facet normal  1.000000e+00  0.000000e+00  0.000000e+00
    outer loop
      vertex -2.090000e+01  2.860000e+01  2.300000e+00
      vertex -2.090000e+01  2.590000e+01  3.800000e+00
      vertex -2.090000e+01  2.590000e+01  8.000000e-01
    endloop
  endfacet
  facet normal  1.000000e+00  0.000000e+00  0.000000e+00
    outer loop
      vertex -2.090000e+01  2.860000e+01  2.300000e+00
      vertex -2.090000e+01  2.590000e+01  8.000000e-01
      vertex -2.090000e+01  2.880000e+01  2.300000e+00
    endloop
  endfacet
  facet normal  1.000000e+00  0.000000e+00  0.000000e+00
    outer loop
      vertex -2.090000e+01  2.880000e+01  2.300000e+00
      vertex -2.090000e+01  2.590000e+01  8.000000e-01
      vertex -2.090000e+01  2.880000e+01  8.000000e-01
    endloop
  endfacet
  facet normal  0.000000e+00 -1.000000e+00  0.000000e+00
    outer loop
      vertex -1.370000e+01  2.880000e+01  2.300000e+00
      vertex -2.090000e+01  2.880000e+01  2.300000e+00
      vertex -1.370000e+01  2.880000e+01  8.000000e-01
    endloop
  endfacet
  facet normal  0.000000e+00 -1.000000e+00  0.000000e+00
    outer loop
      vertex -1.370000e+01  2.880000e+01  8.000000e-01
      vertex -2.090000e+01  2.880000e+01  2.300000e+00
      vertex -2.090000e+01  2.880000e+01  8.000000e-01
    endloop
  endfacet
  facet normal  0.000000e+00 -1.000000e+00  0.000000e+00
    outer loop
      vertex  2.090000e+01  2.880000e+01  2.300000e+00
      vertex  1.370000e+01  2.880000e+01  2.300000e+00
      vertex  2.090000e+01  2.880000e+01  8.000000e-01
    endloop
  endfacet
  facet normal  0.000000e+00 -1.000000e+00  0.000000e+00
    outer loop
      vertex  2.090000e+01  2.880000e+01  8.000000e-01
      vertex  1.370000e+01  2.880000e+01  2.300000e+00
      vertex  1.370000e+01  2.880000e+01  8.000000e-01
    endloop
  endfacet
  facet normal -1.000000e+00  -0.000000e+00  0.000000e+00
    outer loop
      vertex  2.090000e+01  2.440000e+01  3.800000e+00
      vertex  2.090000e+01  2.860000e+01  3.800000e+00
      vertex  2.090000e+01  2.440000e+01  8.000000e-01
    endloop
  endfacet
  facet normal -1.000000e+00  0.000000e+00  0.000000e+00
    outer loop
      vertex  2.090000e+01  2.440000e+01  8.000000e-01
      vertex  2.090000e+01  2.860000e+01  3.800000e+00
      vertex  2.090000e+01  2.860000e+01  2.300000e+00
    endloop
  endfacet
  facet normal -1.000000e+00  0.000000e+00  -0.000000e+00
    outer loop
      vertex  2.090000e+01  2.440000e+01  8.000000e-01
      vertex  2.090000e+01  2.860000e+01  2.300000e+00
      vertex  2.090000e+01  2.880000e+01  8.000000e-01
    endloop
  endfacet
  facet normal -1.000000e+00  0.000000e+00  0.000000e+00
    outer loop
      vertex  2.090000e+01  2.880000e+01  8.000000e-01
      vertex  2.090000e+01  2.860000e+01  2.300000e+00
      vertex  2.090000e+01  2.880000e+01  2.300000e+00
    endloop
  endfacet
  facet normal  0.000000e+00 -1.000000e+00  0.000000e+00
    outer loop
      vertex  4.090000e+01 -1.750000e+01  3.800000e+00
      vertex  4.090000e+01 -1.750000e+01  2.300000e+00
      vertex  4.170000e+01 -1.750000e+01  3.800000e+00
    endloop
  endfacet
  facet normal  0.000000e+00 -1.000000e+00  -0.000000e+00
    outer loop
      vertex  4.170000e+01 -1.750000e+01  3.800000e+00
      vertex  4.090000e+01 -1.750000e+01  2.300000e+00
      vertex  4.170000e+01 -1.750000e+01  2.300000e+00
    endloop
  endfacet
  facet normal  0.000000e+00  1.000000e+00  -0.000000e+00
    outer loop
      vertex  2.170000e+01  2.860000e+01  3.800000e+00
      vertex  2.170000e+01  2.860000e+01  2.300000e+00
      vertex  2.090000e+01  2.860000e+01  3.800000e+00
    endloop
  endfacet
  facet normal  0.000000e+00  1.000000e+00  0.000000e+00
    outer loop
      vertex  2.090000e+01  2.860000e+01  3.800000e+00
      vertex  2.170000e+01  2.860000e+01  2.300000e+00
      vertex  2.090000e+01  2.860000e+01  2.300000e+00
    endloop
  endfacet
  facet normal  0.000000e+00  1.000000e+00  -0.000000e+00
    outer loop
      vertex -2.090000e+01  2.860000e+01  3.800000e+00
      vertex -2.090000e+01  2.860000e+01  2.300000e+00
      vertex -2.170000e+01  2.860000e+01  3.800000e+00
    endloop
  endfacet
  facet normal  0.000000e+00  1.000000e+00  0.000000e+00
    outer loop
      vertex -2.170000e+01  2.860000e+01  3.800000e+00
      vertex -2.090000e+01  2.860000e+01  2.300000e+00
      vertex -2.170000e+01  2.860000e+01  2.300000e+00
    endloop
  endfacet
  facet normal  0.000000e+00 -1.000000e+00  0.000000e+00
    outer loop
      vertex -4.170000e+01 -1.750000e+01  3.800000e+00
      vertex -4.170000e+01 -1.750000e+01  2.300000e+00
      vertex -4.090000e+01 -1.750000e+01  3.800000e+00
    endloop
  endfacet
  facet normal  0.000000e+00 -1.000000e+00  -0.000000e+00
    outer loop
      vertex -4.090000e+01 -1.750000e+01  3.800000e+00
      vertex -4.170000e+01 -1.750000e+01  2.300000e+00
      vertex -4.090000e+01 -1.750000e+01  2.300000e+00
    endloop
  endfacet
  facet normal  1.000000e+00  -0.000000e+00  0.000000e+00
    outer loop
      vertex  2.220000e+01 -1.910000e+01  2.300000e+00
      vertex  2.220000e+01 -2.290000e+01  2.300000e+00
      vertex  2.220000e+01 -1.910000e+01  8.000000e-01
    endloop
  endfacet
  facet normal  1.000000e+00  0.000000e+00  0.000000e+00
    outer loop
      vertex  2.220000e+01 -1.910000e+01  8.000000e-01
      vertex  2.220000e+01 -2.290000e+01  2.300000e+00
      vertex  2.220000e+01 -2.290000e+01  8.000000e-01
    endloop
  endfacet
  facet normal -1.000000e+00  0.000000e+00  0.000000e+00
    outer loop
      vertex -1.900000e+01 -1.910000e+01  2.300000e+00
      vertex -1.900000e+01 -1.910000e+01  8.000000e-01
      vertex -1.900000e+01 -2.290000e+01  2.300000e+00
    endloop
  endfacet
  facet normal -1.000000e+00  0.000000e+00  0.000000e+00
    outer loop
      vertex -1.900000e+01 -2.290000e+01  2.300000e+00
      vertex -1.900000e+01 -1.910000e+01  8.000000e-01
      vertex -1.900000e+01 -2.290000e+01  8.000000e-01
    endloop
  endfacet
  facet normal  1.000000e+00  -0.000000e+00  0.000000e+00
    outer loop
      vertex -1.900000e+01 -1.830000e+01  3.800000e+00
      vertex -1.900000e+01 -1.910000e+01  3.800000e+00
      vertex -1.900000e+01 -1.830000e+01  2.300000e+00
    endloop
  endfacet
  facet normal  1.000000e+00  0.000000e+00  0.000000e+00
    outer loop
      vertex -1.900000e+01 -1.830000e+01  2.300000e+00
      vertex -1.900000e+01 -1.910000e+01  3.800000e+00
      vertex -1.900000e+01 -1.910000e+01  2.300000e+00
    endloop
  endfacet
  facet normal  0.000000e+00 -1.000000e+00  0.000000e+00
    outer loop
      vertex  2.180000e+01 -1.830000e+01  3.800000e+00
      vertex -1.900000e+01 -1.830000e+01  3.800000e+00
      vertex  2.180000e+01 -1.830000e+01  2.300000e+00
    endloop
  endfacet
  facet normal  0.000000e+00 -1.000000e+00  0.000000e+00
    outer loop
      vertex  2.180000e+01 -1.830000e+01  2.300000e+00
      vertex -1.900000e+01 -1.830000e+01  3.800000e+00
      vertex -1.900000e+01 -1.830000e+01  2.300000e+00
    endloop
  endfacet
  facet normal -1.000000e+00  0.000000e+00  0.000000e+00
    outer loop
      vertex  2.180000e+01 -1.910000e+01  2.300000e+00
      vertex  2.180000e+01 -1.910000e+01  3.800000e+00
      vertex  2.180000e+01 -1.830000e+01  2.300000e+00
    endloop
  endfacet
  facet normal -1.000000e+00  0.000000e+00  0.000000e+00
    outer loop
      vertex  2.180000e+01 -1.830000e+01  2.300000e+00
      vertex  2.180000e+01 -1.910000e+01  3.800000e+00
      vertex  2.180000e+01 -1.830000e+01  3.800000e+00
    endloop
  endfacet
  facet normal  0.000000e+00 -1.000000e+00  0.000000e+00
    outer loop
      vertex  3.550000e+01 -1.910000e+01  3.800000e+00
      vertex  2.180000e+01 -1.910000e+01  3.800000e+00
      vertex  2.180000e+01 -1.910000e+01  2.300000e+00
    endloop
  endfacet
  facet normal  0.000000e+00 -1.000000e+00  0.000000e+00
    outer loop
      vertex  3.550000e+01 -1.910000e+01  3.800000e+00
      vertex  2.180000e+01 -1.910000e+01  2.300000e+00
      vertex  2.220000e+01 -1.910000e+01  2.300000e+00
    endloop
  endfacet
  facet normal  0.000000e+00 -1.000000e+00  0.000000e+00
    outer loop
      vertex  3.550000e+01 -1.910000e+01  3.800000e+00
      vertex  2.220000e+01 -1.910000e+01  2.300000e+00
      vertex  2.220000e+01 -1.910000e+01  8.000000e-01
    endloop
  endfacet
  facet normal  0.000000e+00 -1.000000e+00  0.000000e+00
    outer loop
      vertex  3.550000e+01 -1.910000e+01  3.800000e+00
      vertex  2.220000e+01 -1.910000e+01  8.000000e-01
      vertex  3.550000e+01 -1.910000e+01  8.000000e-01
    endloop
  endfacet
  facet normal -1.000000e+00  -0.000000e+00  0.000000e+00
    outer loop
      vertex -4.170000e+01 -1.750000e+01  3.800000e+00
      vertex -4.170000e+01  4.650000e+00  3.800000e+00
      vertex -4.170000e+01 -1.750000e+01  2.300000e+00
    endloop
  endfacet
  facet normal -1.000000e+00  0.000000e+00  0.000000e+00
    outer loop
      vertex -4.170000e+01 -1.750000e+01  2.300000e+00
      vertex -4.170000e+01  4.650000e+00  3.800000e+00
      vertex -4.170000e+01  4.650000e+00  2.300000e+00
    endloop
  endfacet
  facet normal  1.000000e+00  0.000000e+00  0.000000e+00
    outer loop
      vertex  2.170000e+01  2.520000e+01  3.800000e+00
      vertex  2.170000e+01  2.520000e+01  2.300000e+00
      vertex  2.170000e+01  2.860000e+01  3.800000e+00
    endloop
  endfacet
  facet normal  1.000000e+00  0.000000e+00  0.000000e+00
    outer loop
      vertex  2.170000e+01  2.860000e+01  3.800000e+00
      vertex  2.170000e+01  2.520000e+01  2.300000e+00
      vertex  2.170000e+01  2.860000e+01  2.300000e+00
    endloop
  endfacet
  facet normal  0.000000e+00 -1.000000e+00  -0.000000e+00
    outer loop
      vertex -1.900000e+01 -1.910000e+01  8.000000e-01
      vertex -1.900000e+01 -1.910000e+01  2.300000e+00
      vertex -3.550000e+01 -1.910000e+01  8.000000e-01
    endloop
  endfacet
  facet normal  0.000000e+00 -1.000000e+00  0.000000e+00
    outer loop
      vertex -3.550000e+01 -1.910000e+01  8.000000e-01
      vertex -1.900000e+01 -1.910000e+01  2.300000e+00
      vertex -1.900000e+01 -1.910000e+01  3.800000e+00
    endloop
  endfacet
  facet normal  -0.000000e+00 -1.000000e+00  0.000000e+00
    outer loop
      vertex -3.550000e+01 -1.910000e+01  8.000000e-01
      vertex -1.900000e+01 -1.910000e+01  3.800000e+00
      vertex -3.550000e+01 -1.910000e+01  3.800000e+00
    endloop
  endfacet
  facet normal -1.000000e+00  0.000000e+00  0.000000e+00
    outer loop
      vertex -3.550000e+01 -1.830000e+01  8.000000e-01
      vertex -3.550000e+01 -1.910000e+01  8.000000e-01
      vertex -3.550000e+01 -1.830000e+01  3.800000e+00
    endloop
  endfacet
  facet normal -1.000000e+00  -0.000000e+00  0.000000e+00
    outer loop
      vertex -3.550000e+01 -1.830000e+01  3.800000e+00
      vertex -3.550000e+01 -1.910000e+01  8.000000e-01
      vertex -3.550000e+01 -1.910000e+01  3.800000e+00
    endloop
  endfacet
  facet normal  0.000000e+00  1.000000e+00  -0.000000e+00
    outer loop
      vertex -1.980000e+01 -1.830000e+01  3.800000e+00
      vertex -1.980000e+01 -1.830000e+01  8.000000e-01
      vertex -3.550000e+01 -1.830000e+01  3.800000e+00
    endloop
  endfacet
  facet normal  0.000000e+00  1.000000e+00  0.000000e+00
    outer loop
      vertex -3.550000e+01 -1.830000e+01  3.800000e+00
      vertex -1.980000e+01 -1.830000e+01  8.000000e-01
      vertex -3.550000e+01 -1.830000e+01  8.000000e-01
    endloop
  endfacet
  facet normal -1.000000e+00  0.000000e+00  0.000000e+00
    outer loop
      vertex -1.980000e+01 -1.830000e+01  8.000000e-01
      vertex -1.980000e+01 -1.830000e+01  3.800000e+00
      vertex -1.980000e+01 -1.750000e+01  8.000000e-01
    endloop
  endfacet
  facet normal -1.000000e+00  0.000000e+00  0.000000e+00
    outer loop
      vertex -1.980000e+01 -1.750000e+01  8.000000e-01
      vertex -1.980000e+01 -1.830000e+01  3.800000e+00
      vertex -1.980000e+01 -1.750000e+01  3.800000e+00
    endloop
  endfacet
  facet normal  0.000000e+00  1.000000e+00  0.000000e+00
    outer loop
      vertex -1.980000e+01 -1.750000e+01  3.800000e+00
      vertex  2.260000e+01 -1.750000e+01  3.800000e+00
      vertex -1.980000e+01 -1.750000e+01  8.000000e-01
    endloop
  endfacet
  facet normal  0.000000e+00  1.000000e+00  0.000000e+00
    outer loop
      vertex -1.980000e+01 -1.750000e+01  8.000000e-01
      vertex  2.260000e+01 -1.750000e+01  3.800000e+00
      vertex  2.260000e+01 -1.750000e+01  8.000000e-01
    endloop
  endfacet
  facet normal  1.000000e+00  0.000000e+00  0.000000e+00
    outer loop
      vertex  2.260000e+01 -1.750000e+01  8.000000e-01
      vertex  2.260000e+01 -1.750000e+01  3.800000e+00
      vertex  2.260000e+01 -1.830000e+01  8.000000e-01
    endloop
  endfacet
  facet normal  1.000000e+00  0.000000e+00  0.000000e+00
    outer loop
      vertex  2.260000e+01 -1.830000e+01  8.000000e-01
      vertex  2.260000e+01 -1.750000e+01  3.800000e+00
      vertex  2.260000e+01 -1.830000e+01  3.800000e+00
    endloop
  endfacet
  facet normal  0.000000e+00  9.999999e-01  -0.000000e+00
    outer loop
      vertex  3.550000e+01 -1.830000e+01  3.800000e+00
      vertex  3.550000e+01 -1.830000e+01  8.000000e-01
      vertex  2.260000e+01 -1.830000e+01  3.800000e+00
    endloop
  endfacet
  facet normal  0.000000e+00  9.999999e-01  0.000000e+00
    outer loop
      vertex  2.260000e+01 -1.830000e+01  3.800000e+00
      vertex  3.550000e+01 -1.830000e+01  8.000000e-01
      vertex  2.260000e+01 -1.830000e+01  8.000000e-01
    endloop
  endfacet
  facet normal  1.000000e+00  0.000000e+00  0.000000e+00
    outer loop
      vertex  3.550000e+01 -1.910000e+01  8.000000e-01
      vertex  3.550000e+01 -1.830000e+01  8.000000e-01
      vertex  3.550000e+01 -1.910000e+01  3.800000e+00
    endloop
  endfacet
  facet normal  1.000000e+00  -0.000000e+00  0.000000e+00
    outer loop
      vertex  3.550000e+01 -1.910000e+01  3.800000e+00
      vertex  3.550000e+01 -1.830000e+01  8.000000e-01
      vertex  3.550000e+01 -1.830000e+01  3.800000e+00
    endloop
  endfacet
  facet normal  0.000000e+00  -0.000000e+00  1.000000e+00
    outer loop
      vertex  2.260000e+01 -1.830000e+01  3.800000e+00
      vertex  3.550000e+01 -1.910000e+01  3.800000e+00
      vertex  3.550000e+01 -1.830000e+01  3.800000e+00
    endloop
  endfacet
  facet normal  -0.000000e+00  0.000000e+00  9.999999e-01
    outer loop
      vertex  2.260000e+01 -1.830000e+01  3.800000e+00
      vertex  2.180000e+01 -1.830000e+01  3.800000e+00
      vertex  3.550000e+01 -1.910000e+01  3.800000e+00
    endloop
  endfacet
  facet normal  0.000000e+00  0.000000e+00  1.000000e+00
    outer loop
      vertex  3.550000e+01 -1.910000e+01  3.800000e+00
      vertex  2.180000e+01 -1.830000e+01  3.800000e+00
      vertex  2.180000e+01 -1.910000e+01  3.800000e+00
    endloop
  endfacet
  facet normal  -0.000000e+00  0.000000e+00  1.000000e+00
    outer loop
      vertex  2.260000e+01 -1.750000e+01  3.800000e+00
      vertex -1.980000e+01 -1.750000e+01  3.800000e+00
      vertex -1.980000e+01 -1.830000e+01  3.800000e+00
    endloop
  endfacet
  facet normal  0.000000e+00  0.000000e+00  1.000000e+00
    outer loop
      vertex  2.260000e+01 -1.750000e+01  3.800000e+00
      vertex -1.980000e+01 -1.830000e+01  3.800000e+00
      vertex -1.900000e+01 -1.830000e+01  3.800000e+00
    endloop
  endfacet
  facet normal  0.000000e+00  0.000000e+00  1.000000e+00
    outer loop
      vertex  2.260000e+01 -1.750000e+01  3.800000e+00
      vertex -1.900000e+01 -1.830000e+01  3.800000e+00
      vertex  2.180000e+01 -1.830000e+01  3.800000e+00
    endloop
  endfacet
  facet normal  0.000000e+00  0.000000e+00  1.000000e+00
    outer loop
      vertex  2.260000e+01 -1.750000e+01  3.800000e+00
      vertex  2.180000e+01 -1.830000e+01  3.800000e+00
      vertex  2.260000e+01 -1.830000e+01  3.800000e+00
    endloop
  endfacet
  facet normal  0.000000e+00  0.000000e+00  1.000000e+00
    outer loop
      vertex -1.900000e+01 -1.910000e+01  3.800000e+00
      vertex -1.900000e+01 -1.830000e+01  3.800000e+00
      vertex -3.550000e+01 -1.910000e+01  3.800000e+00
    endloop
  endfacet
  facet normal  0.000000e+00  0.000000e+00  1.000000e+00
    outer loop
      vertex -3.550000e+01 -1.910000e+01  3.800000e+00
      vertex -1.900000e+01 -1.830000e+01  3.800000e+00
      vertex -1.980000e+01 -1.830000e+01  3.800000e+00
    endloop
  endfacet
  facet normal  0.000000e+00  0.000000e+00  1.000000e+00
    outer loop
      vertex -3.550000e+01 -1.910000e+01  3.800000e+00
      vertex -1.980000e+01 -1.830000e+01  3.800000e+00
      vertex -3.550000e+01 -1.830000e+01  3.800000e+00
    endloop
  endfacet
  facet normal  0.000000e+00  0.000000e+00  1.000000e+00
    outer loop
      vertex  2.060000e+01  3.690000e+01  1.000000e+00
      vertex  2.170000e+01  3.690000e+01  1.000000e+00
      vertex  2.060000e+01  3.750000e+01  1.000000e+00
    endloop
  endfacet
  facet normal  -0.000000e+00  0.000000e+00  1.000000e+00
    outer loop
      vertex  2.060000e+01  3.750000e+01  1.000000e+00
      vertex  2.170000e+01  3.690000e+01  1.000000e+00
      vertex  2.170000e+01  3.750000e+01  1.000000e+00
    endloop
  endfacet
  facet normal  0.000000e+00  0.000000e+00  1.000000e+00
    outer loop
      vertex -2.170000e+01  3.690000e+01  1.000000e+00
      vertex -2.060000e+01  3.690000e+01  1.000000e+00
      vertex -2.170000e+01  3.750000e+01  1.000000e+00
    endloop
  endfacet
  facet normal  -0.000000e+00  0.000000e+00  1.000000e+00
    outer loop
      vertex -2.170000e+01  3.750000e+01  1.000000e+00
      vertex -2.060000e+01  3.690000e+01  1.000000e+00
      vertex -2.060000e+01  3.750000e+01  1.000000e+00
    endloop
  endfacet
  facet normal -1.000000e+00  -0.000000e+00  -0.000000e+00
    outer loop
      vertex  2.170000e+01  3.320000e+01  2.300000e+00
      vertex  2.170000e+01  3.750000e+01  2.300000e+00
      vertex  2.170000e+01  3.750000e+01  1.000000e+00
    endloop
  endfacet
  facet normal -1.000000e+00  0.000000e+00  0.000000e+00
    outer loop
      vertex  2.170000e+01  3.320000e+01  2.300000e+00
      vertex  2.170000e+01  3.750000e+01  1.000000e+00
      vertex  2.170000e+01  3.690000e+01  1.000000e+00
    endloop
  endfacet
  facet normal -1.000000e+00  -0.000000e+00  -0.000000e+00
    outer loop
      vertex  2.170000e+01  3.320000e+01  2.300000e+00
      vertex  2.170000e+01  3.690000e+01  1.000000e+00
      vertex  2.170000e+01  3.690000e+01  8.000000e-01
    endloop
  endfacet
  facet normal -1.000000e+00  0.000000e+00  0.000000e+00
    outer loop
      vertex  2.170000e+01  3.320000e+01  2.300000e+00
      vertex  2.170000e+01  3.690000e+01  8.000000e-01
      vertex  2.170000e+01  3.320000e+01  8.000000e-01
    endloop
  endfacet
  facet normal  1.000000e+00  -0.000000e+00  0.000000e+00
    outer loop
      vertex -2.170000e+01  3.750000e+01  2.300000e+00
      vertex -2.170000e+01  3.320000e+01  2.300000e+00
      vertex -2.170000e+01  3.750000e+01  1.000000e+00
    endloop
  endfacet
  facet normal  1.000000e+00  0.000000e+00  0.000000e+00
    outer loop
      vertex -2.170000e+01  3.750000e+01  1.000000e+00
      vertex -2.170000e+01  3.320000e+01  2.300000e+00
      vertex -2.170000e+01  3.690000e+01  1.000000e+00
    endloop
  endfacet
  facet normal  1.000000e+00  0.000000e+00  0.000000e+00
    outer loop
      vertex -2.170000e+01  3.320000e+01  2.300000e+00
      vertex -2.170000e+01  3.320000e+01  8.000000e-01
      vertex -2.170000e+01  3.690000e+01  1.000000e+00
    endloop
  endfacet
  facet normal  1.000000e+00  0.000000e+00  0.000000e+00
    outer loop
      vertex -2.170000e+01  3.690000e+01  1.000000e+00
      vertex -2.170000e+01  3.320000e+01  8.000000e-01
      vertex -2.170000e+01  3.690000e+01  8.000000e-01
    endloop
  endfacet
  facet normal  0.000000e+00 -9.999999e-01  0.000000e+00
    outer loop
      vertex -2.170000e+01  3.750000e+01  2.300000e+00
      vertex -2.170000e+01  3.750000e+01  1.000000e+00
      vertex -2.060000e+01  3.750000e+01  2.300000e+00
    endloop
  endfacet
  facet normal  0.000000e+00 -9.999999e-01  -0.000000e+00
    outer loop
      vertex -2.060000e+01  3.750000e+01  2.300000e+00
      vertex -2.170000e+01  3.750000e+01  1.000000e+00
      vertex -2.060000e+01  3.750000e+01  1.000000e+00
    endloop
  endfacet
  facet normal  0.000000e+00 -9.999999e-01  0.000000e+00
    outer loop
      vertex  2.060000e+01  3.750000e+01  2.300000e+00
      vertex  2.060000e+01  3.750000e+01  1.000000e+00
      vertex  2.170000e+01  3.750000e+01  2.300000e+00
    endloop
  endfacet
  facet normal  0.000000e+00 -9.999999e-01  -0.000000e+00
    outer loop
      vertex  2.170000e+01  3.750000e+01  2.300000e+00
      vertex  2.060000e+01  3.750000e+01  1.000000e+00
      vertex  2.170000e+01  3.750000e+01  1.000000e+00
    endloop
  endfacet
  facet normal  0.000000e+00  1.000000e+00  -0.000000e+00
    outer loop
      vertex  3.610000e+01 -2.290000e+01  2.300000e+00
      vertex  3.610000e+01 -2.290000e+01  8.000000e-01
      vertex  2.220000e+01 -2.290000e+01  2.300000e+00
    endloop
  endfacet
  facet normal  0.000000e+00  1.000000e+00  0.000000e+00
    outer loop
      vertex  2.220000e+01 -2.290000e+01  2.300000e+00
      vertex  3.610000e+01 -2.290000e+01  8.000000e-01
      vertex  2.220000e+01 -2.290000e+01  8.000000e-01
    endloop
  endfacet
  facet normal -1.000000e+00  -0.000000e+00  0.000000e+00
    outer loop
      vertex  3.610000e+01 -2.290000e+01  2.300000e+00
      vertex  3.610000e+01 -1.810000e+01  2.300000e+00
      vertex  3.610000e+01 -2.290000e+01  8.000000e-01
    endloop
  endfacet
  facet normal -1.000000e+00  0.000000e+00  0.000000e+00
    outer loop
      vertex  3.610000e+01 -2.290000e+01  8.000000e-01
      vertex  3.610000e+01 -1.810000e+01  2.300000e+00
      vertex  3.610000e+01 -1.810000e+01  8.000000e-01
    endloop
  endfacet
  facet normal -1.000000e+00  -0.000000e+00  0.000000e+00
    outer loop
      vertex  1.370000e+01  2.880000e+01  2.300000e+00
      vertex  1.370000e+01  3.320000e+01  2.300000e+00
      vertex  1.370000e+01  2.880000e+01  8.000000e-01
    endloop
  endfacet
  facet normal -1.000000e+00  0.000000e+00  0.000000e+00
    outer loop
      vertex  1.370000e+01  2.880000e+01  8.000000e-01
      vertex  1.370000e+01  3.320000e+01  2.300000e+00
      vertex  1.370000e+01  3.320000e+01  8.000000e-01
    endloop
  endfacet
  facet normal  0.000000e+00  1.000000e+00  -0.000000e+00
    outer loop
      vertex  2.170000e+01  3.320000e+01  2.300000e+00
      vertex  2.170000e+01  3.320000e+01  8.000000e-01
      vertex  1.370000e+01  3.320000e+01  2.300000e+00
    endloop
  endfacet
  facet normal  0.000000e+00  1.000000e+00  0.000000e+00
    outer loop
      vertex  1.370000e+01  3.320000e+01  2.300000e+00
      vertex  2.170000e+01  3.320000e+01  8.000000e-01
      vertex  1.370000e+01  3.320000e+01  8.000000e-01
    endloop
  endfacet
  facet normal  0.000000e+00  1.000000e+00  -0.000000e+00
    outer loop
      vertex -1.370000e+01  3.320000e+01  2.300000e+00
      vertex -1.370000e+01  3.320000e+01  8.000000e-01
      vertex -2.170000e+01  3.320000e+01  2.300000e+00
    endloop
  endfacet
  facet normal  0.000000e+00  1.000000e+00  0.000000e+00
    outer loop
      vertex -2.170000e+01  3.320000e+01  2.300000e+00
      vertex -1.370000e+01  3.320000e+01  8.000000e-01
      vertex -2.170000e+01  3.320000e+01  8.000000e-01
    endloop
  endfacet
  facet normal  1.000000e+00  0.000000e+00  0.000000e+00
    outer loop
      vertex -1.370000e+01  2.880000e+01  2.300000e+00
      vertex -1.370000e+01  2.880000e+01  8.000000e-01
      vertex -1.370000e+01  3.320000e+01  2.300000e+00
    endloop
  endfacet
  facet normal  1.000000e+00  0.000000e+00  0.000000e+00
    outer loop
      vertex -1.370000e+01  3.320000e+01  2.300000e+00
      vertex -1.370000e+01  2.880000e+01  8.000000e-01
      vertex -1.370000e+01  3.320000e+01  8.000000e-01
    endloop
  endfacet
  facet normal  0.000000e+00  1.000000e+00  -0.000000e+00
    outer loop
      vertex -3.610000e+01 -1.810000e+01  2.300000e+00
      vertex -3.610000e+01 -1.810000e+01  8.000000e-01
      vertex -4.090000e+01 -1.810000e+01  2.300000e+00
    endloop
  endfacet
  facet normal  0.000000e+00  1.000000e+00  0.000000e+00
    outer loop
      vertex -4.090000e+01 -1.810000e+01  2.300000e+00
      vertex -3.610000e+01 -1.810000e+01  8.000000e-01
      vertex -4.090000e+01 -1.810000e+01  8.000000e-01
    endloop
  endfacet
  facet normal  1.000000e+00  0.000000e+00  0.000000e+00
    outer loop
      vertex -3.610000e+01 -2.290000e+01  2.300000e+00
      vertex -3.610000e+01 -2.290000e+01  8.000000e-01
      vertex -3.610000e+01 -1.810000e+01  2.300000e+00
    endloop
  endfacet
  facet normal  1.000000e+00  0.000000e+00  0.000000e+00
    outer loop
      vertex -3.610000e+01 -1.810000e+01  2.300000e+00
      vertex -3.610000e+01 -2.290000e+01  8.000000e-01
      vertex -3.610000e+01 -1.810000e+01  8.000000e-01
    endloop
  endfacet
  facet normal  0.000000e+00  1.000000e+00  -0.000000e+00
    outer loop
      vertex -1.900000e+01 -2.290000e+01  2.300000e+00
      vertex -1.900000e+01 -2.290000e+01  8.000000e-01
      vertex -3.610000e+01 -2.290000e+01  2.300000e+00
    endloop
  endfacet
  facet normal  0.000000e+00  1.000000e+00  0.000000e+00
    outer loop
      vertex -3.610000e+01 -2.290000e+01  2.300000e+00
      vertex -1.900000e+01 -2.290000e+01  8.000000e-01
      vertex -3.610000e+01 -2.290000e+01  8.000000e-01
    endloop
  endfacet
endsolid CATIA STL
